cell_id,batch,cycle,qd,cycle_life,continued
b3c0,Batch 3,1.0,1.0665728,1009.0,False
b3c0,Batch 3,5.0,1.0690936,1009.0,False
b3c0,Batch 3,10.0,1.0704191,1009.0,False
b3c0,Batch 3,14.0,1.0704837,1009.0,False
b3c0,Batch 3,19.0,1.0707641,1009.0,False
b3c0,Batch 3,23.0,1.0708232,1009.0,False
b3c0,Batch 3,28.0,1.0711445,1009.0,False
b3c0,Batch 3,33.0,1.0712545,1009.0,False
b3c0,Batch 3,37.0,1.0710839,1009.0,False
b3c0,Batch 3,42.0,1.0709615,1009.0,False
b3c0,Batch 3,46.0,1.0707922,1009.0,False
b3c0,Batch 3,51.0,1.070883,1009.0,False
b3c0,Batch 3,56.0,1.0707921,1009.0,False
b3c0,Batch 3,60.0,1.0706924,1009.0,False
b3c0,Batch 3,65.0,1.0705276,1009.0,False
b3c0,Batch 3,69.0,1.0704138,1009.0,False
b3c0,Batch 3,74.0,1.0700533,1009.0,False
b3c0,Batch 3,79.0,1.069908,1009.0,False
b3c0,Batch 3,83.0,1.0700898,1009.0,False
b3c0,Batch 3,88.0,1.0701627,1009.0,False
b3c0,Batch 3,92.0,1.0698298,1009.0,False
b3c0,Batch 3,97.0,1.0694718,1009.0,False
b3c0,Batch 3,102.0,1.0694743,1009.0,False
b3c0,Batch 3,106.0,1.0692799,1009.0,False
b3c0,Batch 3,111.0,1.0693922,1009.0,False
b3c0,Batch 3,115.0,1.0694056,1009.0,False
b3c0,Batch 3,120.0,1.0693947,1009.0,False
b3c0,Batch 3,125.0,1.0691085,1009.0,False
b3c0,Batch 3,129.0,1.0688237,1009.0,False
b3c0,Batch 3,134.0,1.0686206,1009.0,False
b3c0,Batch 3,138.0,1.0684352,1009.0,False
b3c0,Batch 3,143.0,1.0682752,1009.0,False
b3c0,Batch 3,148.0,1.0683643,1009.0,False
b3c0,Batch 3,152.0,1.068397,1009.0,False
b3c0,Batch 3,157.0,1.0682954,1009.0,False
b3c0,Batch 3,161.0,1.067958,1009.0,False
b3c0,Batch 3,166.0,1.0675789,1009.0,False
b3c0,Batch 3,171.0,1.0672718,1009.0,False
b3c0,Batch 3,175.0,1.0673282,1009.0,False
b3c0,Batch 3,180.0,1.0670987,1009.0,False
b3c0,Batch 3,184.0,1.0669705,1009.0,False
b3c0,Batch 3,189.0,1.0669096,1009.0,False
b3c0,Batch 3,194.0,1.0665863,1009.0,False
b3c0,Batch 3,198.0,1.0662022,1009.0,False
b3c0,Batch 3,203.0,1.0658298,1009.0,False
b3c0,Batch 3,207.0,1.0658365,1009.0,False
b3c0,Batch 3,212.0,1.0658962,1009.0,False
b3c0,Batch 3,217.0,1.065605,1009.0,False
b3c0,Batch 3,221.0,1.065447,1009.0,False
b3c0,Batch 3,226.0,1.0652953,1009.0,False
b3c0,Batch 3,230.0,1.0653553,1009.0,False
b3c0,Batch 3,235.0,1.0649968,1009.0,False
b3c0,Batch 3,240.0,1.0645994,1009.0,False
b3c0,Batch 3,244.0,1.0645099,1009.0,False
b3c0,Batch 3,249.0,1.0643771,1009.0,False
b3c0,Batch 3,253.0,1.0641145,1009.0,False
b3c0,Batch 3,258.0,1.0639125,1009.0,False
b3c0,Batch 3,263.0,1.0636709,1009.0,False
b3c0,Batch 3,267.0,1.0634826,1009.0,False
b3c0,Batch 3,272.0,1.0633444,1009.0,False
b3c0,Batch 3,276.0,1.0629303,1009.0,False
b3c0,Batch 3,281.0,1.0627674,1009.0,False
b3c0,Batch 3,286.0,1.0626247,1009.0,False
b3c0,Batch 3,290.0,1.0623573,1009.0,False
b3c0,Batch 3,295.0,1.0621734,1009.0,False
b3c0,Batch 3,299.0,1.0617045,1009.0,False
b3c0,Batch 3,304.0,1.0616916,1009.0,False
b3c0,Batch 3,309.0,1.061324,1009.0,False
b3c0,Batch 3,313.0,1.0610216,1009.0,False
b3c0,Batch 3,318.0,1.0607175,1009.0,False
b3c0,Batch 3,322.0,1.0607017,1009.0,False
b3c0,Batch 3,327.0,1.0605065,1009.0,False
b3c0,Batch 3,332.0,1.0600773,1009.0,False
b3c0,Batch 3,336.0,1.0599163,1009.0,False
b3c0,Batch 3,341.0,1.0596372,1009.0,False
b3c0,Batch 3,345.0,1.0594941,1009.0,False
b3c0,Batch 3,350.0,1.0592226,1009.0,False
b3c0,Batch 3,355.0,1.0589755,1009.0,False
b3c0,Batch 3,359.0,1.0587289,1009.0,False
b3c0,Batch 3,364.0,1.058434,1009.0,False
b3c0,Batch 3,368.0,1.0581743,1009.0,False
b3c0,Batch 3,373.0,1.0582402,1009.0,False
b3c0,Batch 3,378.0,1.0579516,1009.0,False
b3c0,Batch 3,382.0,1.0575999,1009.0,False
b3c0,Batch 3,387.0,1.0575522,1009.0,False
b3c0,Batch 3,391.0,1.0572795,1009.0,False
b3c0,Batch 3,396.0,1.0573558,1009.0,False
b3c0,Batch 3,401.0,1.057109,1009.0,False
b3c0,Batch 3,405.0,1.0568066,1009.0,False
b3c0,Batch 3,410.0,1.056934,1009.0,False
b3c0,Batch 3,414.0,1.0564704,1009.0,False
b3c0,Batch 3,419.0,1.0563273,1009.0,False
b3c0,Batch 3,424.0,1.0561522,1009.0,False
b3c0,Batch 3,428.0,1.0559905,1009.0,False
b3c0,Batch 3,433.0,1.0556631,1009.0,False
b3c0,Batch 3,437.0,1.055491,1009.0,False
b3c0,Batch 3,442.0,1.0552121,1009.0,False
b3c0,Batch 3,447.0,1.0549339,1009.0,False
b3c0,Batch 3,451.0,1.0543875,1009.0,False
b3c0,Batch 3,456.0,1.0540138,1009.0,False
b3c0,Batch 3,460.0,1.0537153,1009.0,False
b3c0,Batch 3,465.0,1.0532236,1009.0,False
b3c0,Batch 3,470.0,1.0532626,1009.0,False
b3c0,Batch 3,474.0,1.0532193,1009.0,False
b3c0,Batch 3,479.0,1.0529227,1009.0,False
b3c0,Batch 3,483.0,1.0526152,1009.0,False
b3c0,Batch 3,488.0,1.0520799,1009.0,False
b3c0,Batch 3,493.0,1.0518796,1009.0,False
b3c0,Batch 3,497.0,1.051471,1009.0,False
b3c0,Batch 3,502.0,1.0512819,1009.0,False
b3c0,Batch 3,506.0,1.050907,1009.0,False
b3c0,Batch 3,511.0,1.0505085,1009.0,False
b3c0,Batch 3,515.0,1.0502119,1009.0,False
b3c0,Batch 3,520.0,1.0497506,1009.0,False
b3c0,Batch 3,525.0,1.049104,1009.0,False
b3c0,Batch 3,529.0,1.0491025,1009.0,False
b3c0,Batch 3,534.0,1.0487903,1009.0,False
b3c0,Batch 3,538.0,1.0489286,1009.0,False
b3c0,Batch 3,543.0,1.0485321,1009.0,False
b3c0,Batch 3,548.0,1.0482041,1009.0,False
b3c0,Batch 3,552.0,1.0478821,1009.0,False
b3c0,Batch 3,557.0,1.0474255,1009.0,False
b3c0,Batch 3,561.0,1.0472467,1009.0,False
b3c0,Batch 3,566.0,1.0466859,1009.0,False
b3c0,Batch 3,571.0,1.0461776,1009.0,False
b3c0,Batch 3,575.0,1.0461079,1009.0,False
b3c0,Batch 3,580.0,1.0458765,1009.0,False
b3c0,Batch 3,584.0,1.0455953,1009.0,False
b3c0,Batch 3,589.0,1.0452461,1009.0,False
b3c0,Batch 3,594.0,1.0449407,1009.0,False
b3c0,Batch 3,598.0,1.0445188,1009.0,False
b3c0,Batch 3,603.0,1.0441706,1009.0,False
b3c0,Batch 3,607.0,1.0439115,1009.0,False
b3c0,Batch 3,612.0,1.0435133,1009.0,False
b3c0,Batch 3,617.0,1.0429858,1009.0,False
b3c0,Batch 3,621.0,1.0427368,1009.0,False
b3c0,Batch 3,626.0,1.0423193,1009.0,False
b3c0,Batch 3,630.0,1.0418907,1009.0,False
b3c0,Batch 3,635.0,1.0417349,1009.0,False
b3c0,Batch 3,640.0,1.0411488,1009.0,False
b3c0,Batch 3,644.0,1.0407482,1009.0,False
b3c0,Batch 3,649.0,1.0405352,1009.0,False
b3c0,Batch 3,653.0,1.0401144,1009.0,False
b3c0,Batch 3,658.0,1.039798,1009.0,False
b3c0,Batch 3,663.0,1.0391876,1009.0,False
b3c0,Batch 3,667.0,1.0390164,1009.0,False
b3c0,Batch 3,672.0,1.0384343,1009.0,False
b3c0,Batch 3,676.0,1.0381066,1009.0,False
b3c0,Batch 3,681.0,1.0376278,1009.0,False
b3c0,Batch 3,686.0,1.0370592,1009.0,False
b3c0,Batch 3,690.0,1.0365516,1009.0,False
b3c0,Batch 3,695.0,1.0361158,1009.0,False
b3c0,Batch 3,699.0,1.0356094,1009.0,False
b3c0,Batch 3,704.0,1.0350988,1009.0,False
b3c0,Batch 3,709.0,1.0344466,1009.0,False
b3c0,Batch 3,713.0,1.0339534,1009.0,False
b3c0,Batch 3,718.0,1.0336945,1009.0,False
b3c0,Batch 3,722.0,1.0334038,1009.0,False
b3c0,Batch 3,727.0,1.0327489,1009.0,False
b3c0,Batch 3,732.0,1.0321068,1009.0,False
b3c0,Batch 3,736.0,1.0316796,1009.0,False
b3c0,Batch 3,741.0,1.0309473,1009.0,False
b3c0,Batch 3,745.0,1.0303534,1009.0,False
b3c0,Batch 3,750.0,1.0298121,1009.0,False
b3c0,Batch 3,755.0,1.0290414,1009.0,False
b3c0,Batch 3,759.0,1.0283918,1009.0,False
b3c0,Batch 3,764.0,1.0276107,1009.0,False
b3c0,Batch 3,768.0,1.026965,1009.0,False
b3c0,Batch 3,773.0,1.0263137,1009.0,False
b3c0,Batch 3,778.0,1.0255089,1009.0,False
b3c0,Batch 3,782.0,1.0248629,1009.0,False
b3c0,Batch 3,787.0,1.0237591,1009.0,False
b3c0,Batch 3,791.0,1.0230281,1009.0,False
b3c0,Batch 3,796.0,1.0218275,1009.0,False
b3c0,Batch 3,801.0,1.0207064,1009.0,False
b3c0,Batch 3,805.0,1.0197935,1009.0,False
b3c0,Batch 3,810.0,1.0186269,1009.0,False
b3c0,Batch 3,814.0,1.01782,1009.0,False
b3c0,Batch 3,819.0,1.0168679,1009.0,False
b3c0,Batch 3,824.0,1.0153259,1009.0,False
b3c0,Batch 3,828.0,1.0142919,1009.0,False
b3c0,Batch 3,833.0,1.012894,1009.0,False
b3c0,Batch 3,837.0,1.0116234,1009.0,False
b3c0,Batch 3,842.0,1.0101424,1009.0,False
b3c0,Batch 3,847.0,1.0086331,1009.0,False
b3c0,Batch 3,851.0,1.0074654,1009.0,False
b3c0,Batch 3,856.0,1.0056101,1009.0,False
b3c0,Batch 3,860.0,1.0043126,1009.0,False
b3c0,Batch 3,865.0,1.0024257,1009.0,False
b3c0,Batch 3,870.0,1.0003517,1009.0,False
b3c0,Batch 3,874.0,0.99875301,1009.0,False
b3c0,Batch 3,879.0,0.9965688,1009.0,False
b3c0,Batch 3,883.0,0.99468803,1009.0,False
b3c0,Batch 3,888.0,0.99235648,1009.0,False
b3c0,Batch 3,893.0,0.98974383,1009.0,False
b3c0,Batch 3,897.0,0.98764849,1009.0,False
b3c0,Batch 3,902.0,0.98476034,1009.0,False
b3c0,Batch 3,906.0,0.98244119,1009.0,False
b3c0,Batch 3,911.0,0.97934437,1009.0,False
b3c0,Batch 3,916.0,0.97602981,1009.0,False
b3c0,Batch 3,920.0,0.97330225,1009.0,False
b3c0,Batch 3,925.0,0.96970391,1009.0,False
b3c0,Batch 3,929.0,0.96650743,1009.0,False
b3c0,Batch 3,934.0,0.96236318,1009.0,False
b3c0,Batch 3,939.0,0.95795161,1009.0,False
b3c0,Batch 3,943.0,0.95428163,1009.0,False
b3c0,Batch 3,948.0,0.94930762,1009.0,False
b3c0,Batch 3,952.0,0.94529569,1009.0,False
b3c0,Batch 3,957.0,0.93977422,1009.0,False
b3c0,Batch 3,962.0,0.93416291,1009.0,False
b3c0,Batch 3,966.0,0.92965037,1009.0,False
b3c0,Batch 3,971.0,0.92402869,1009.0,False
b3c0,Batch 3,975.0,0.91929853,1009.0,False
b3c0,Batch 3,980.0,0.91348892,1009.0,False
b3c0,Batch 3,985.0,0.90747499,1009.0,False
b3c0,Batch 3,989.0,0.90276402,1009.0,False
b3c0,Batch 3,994.0,0.89694124,1009.0,False
b3c0,Batch 3,998.0,0.89213598,1009.0,False
b3c0,Batch 3,1003.0,0.88617229,1009.0,False
b3c0,Batch 3,1008.0,0.8804329,1009.0,False
b3c1,Batch 3,1.0,1.0642239,1063.0,False
b3c1,Batch 3,5.0,1.0672238,1063.0,False
b3c1,Batch 3,10.0,1.068262,1063.0,False
b3c1,Batch 3,15.0,1.0683253,1063.0,False
b3c1,Batch 3,20.0,1.0683461,1063.0,False
b3c1,Batch 3,25.0,1.0684471,1063.0,False
b3c1,Batch 3,30.0,1.0687202,1063.0,False
b3c1,Batch 3,34.0,1.068655,1063.0,False
b3c1,Batch 3,39.0,1.0683899,1063.0,False
b3c1,Batch 3,44.0,1.0682036,1063.0,False
b3c1,Batch 3,49.0,1.0680077,1063.0,False
b3c1,Batch 3,54.0,1.0679231,1063.0,False
b3c1,Batch 3,59.0,1.0676265,1063.0,False
b3c1,Batch 3,63.0,1.0676355,1063.0,False
b3c1,Batch 3,68.0,1.0673913,1063.0,False
b3c1,Batch 3,73.0,1.0673059,1063.0,False
b3c1,Batch 3,78.0,1.0672532,1063.0,False
b3c1,Batch 3,83.0,1.0670598,1063.0,False
b3c1,Batch 3,88.0,1.0670657,1063.0,False
b3c1,Batch 3,93.0,1.0667939,1063.0,False
b3c1,Batch 3,97.0,1.0665766,1063.0,False
b3c1,Batch 3,102.0,1.0664922,1063.0,False
b3c1,Batch 3,107.0,1.0662793,1063.0,False
b3c1,Batch 3,112.0,1.0661701,1063.0,False
b3c1,Batch 3,117.0,1.0662987,1063.0,False
b3c1,Batch 3,122.0,1.0662155,1063.0,False
b3c1,Batch 3,126.0,1.0660357,1063.0,False
b3c1,Batch 3,131.0,1.0656722,1063.0,False
b3c1,Batch 3,136.0,1.065468,1063.0,False
b3c1,Batch 3,141.0,1.0654699,1063.0,False
b3c1,Batch 3,146.0,1.065348,1063.0,False
b3c1,Batch 3,151.0,1.0652993,1063.0,False
b3c1,Batch 3,156.0,1.0651336,1063.0,False
b3c1,Batch 3,160.0,1.0649381,1063.0,False
b3c1,Batch 3,165.0,1.0644327,1063.0,False
b3c1,Batch 3,170.0,1.0643998,1063.0,False
b3c1,Batch 3,175.0,1.0641285,1063.0,False
b3c1,Batch 3,180.0,1.0640359,1063.0,False
b3c1,Batch 3,185.0,1.0637786,1063.0,False
b3c1,Batch 3,189.0,1.0635624,1063.0,False
b3c1,Batch 3,194.0,1.0632305,1063.0,False
b3c1,Batch 3,199.0,1.0629807,1063.0,False
b3c1,Batch 3,204.0,1.0625864,1063.0,False
b3c1,Batch 3,209.0,1.062409,1063.0,False
b3c1,Batch 3,214.0,1.0624841,1063.0,False
b3c1,Batch 3,219.0,1.0623976,1063.0,False
b3c1,Batch 3,223.0,1.0619797,1063.0,False
b3c1,Batch 3,228.0,1.0618057,1063.0,False
b3c1,Batch 3,233.0,1.0617421,1063.0,False
b3c1,Batch 3,238.0,1.0613918,1063.0,False
b3c1,Batch 3,243.0,1.060997,1063.0,False
b3c1,Batch 3,248.0,1.0609821,1063.0,False
b3c1,Batch 3,252.0,1.0607418,1063.0,False
b3c1,Batch 3,257.0,1.0604306,1063.0,False
b3c1,Batch 3,262.0,1.06025,1063.0,False
b3c1,Batch 3,267.0,1.0599763,1063.0,False
b3c1,Batch 3,272.0,1.0596707,1063.0,False
b3c1,Batch 3,277.0,1.0596055,1063.0,False
b3c1,Batch 3,281.0,1.0591698,1063.0,False
b3c1,Batch 3,286.0,1.0590639,1063.0,False
b3c1,Batch 3,291.0,1.0588189,1063.0,False
b3c1,Batch 3,296.0,1.05841,1063.0,False
b3c1,Batch 3,301.0,1.0579714,1063.0,False
b3c1,Batch 3,306.0,1.0579425,1063.0,False
b3c1,Batch 3,311.0,1.0576961,1063.0,False
b3c1,Batch 3,315.0,1.0573503,1063.0,False
b3c1,Batch 3,320.0,1.0572945,1063.0,False
b3c1,Batch 3,325.0,1.0568157,1063.0,False
b3c1,Batch 3,330.0,1.0566373,1063.0,False
b3c1,Batch 3,335.0,1.0563756,1063.0,False
b3c1,Batch 3,340.0,1.0561011,1063.0,False
b3c1,Batch 3,344.0,1.0559152,1063.0,False
b3c1,Batch 3,349.0,1.0557251,1063.0,False
b3c1,Batch 3,354.0,1.0555673,1063.0,False
b3c1,Batch 3,359.0,1.0554173,1063.0,False
b3c1,Batch 3,364.0,1.0550451,1063.0,False
b3c1,Batch 3,369.0,1.0546999,1063.0,False
b3c1,Batch 3,374.0,1.0543542,1063.0,False
b3c1,Batch 3,378.0,1.0543243,1063.0,False
b3c1,Batch 3,383.0,1.0542082,1063.0,False
b3c1,Batch 3,388.0,1.0539625,1063.0,False
b3c1,Batch 3,393.0,1.0537641,1063.0,False
b3c1,Batch 3,398.0,1.0536838,1063.0,False
b3c1,Batch 3,403.0,1.0535712,1063.0,False
b3c1,Batch 3,407.0,1.0533637,1063.0,False
b3c1,Batch 3,412.0,1.053071,1063.0,False
b3c1,Batch 3,417.0,1.0530257,1063.0,False
b3c1,Batch 3,422.0,1.0526031,1063.0,False
b3c1,Batch 3,427.0,1.0525601,1063.0,False
b3c1,Batch 3,432.0,1.0523759,1063.0,False
b3c1,Batch 3,437.0,1.052269,1063.0,False
b3c1,Batch 3,441.0,1.0519832,1063.0,False
b3c1,Batch 3,446.0,1.0517343,1063.0,False
b3c1,Batch 3,451.0,1.0514677,1063.0,False
b3c1,Batch 3,456.0,1.0511264,1063.0,False
b3c1,Batch 3,461.0,1.0506868,1063.0,False
b3c1,Batch 3,466.0,1.0501269,1063.0,False
b3c1,Batch 3,470.0,1.0499903,1063.0,False
b3c1,Batch 3,475.0,1.0495842,1063.0,False
b3c1,Batch 3,480.0,1.0497731,1063.0,False
b3c1,Batch 3,485.0,1.0496138,1063.0,False
b3c1,Batch 3,490.0,1.04896,1063.0,False
b3c1,Batch 3,495.0,1.0487061,1063.0,False
b3c1,Batch 3,500.0,1.0484531,1063.0,False
b3c1,Batch 3,504.0,1.0481521,1063.0,False
b3c1,Batch 3,509.0,1.0478204,1063.0,False
b3c1,Batch 3,514.0,1.0473672,1063.0,False
b3c1,Batch 3,519.0,1.0471638,1063.0,False
b3c1,Batch 3,524.0,1.0468686,1063.0,False
b3c1,Batch 3,529.0,1.0465713,1063.0,False
b3c1,Batch 3,533.0,1.0462003,1063.0,False
b3c1,Batch 3,538.0,1.0460796,1063.0,False
b3c1,Batch 3,543.0,1.0455074,1063.0,False
b3c1,Batch 3,548.0,1.0457867,1063.0,False
b3c1,Batch 3,553.0,1.0454692,1063.0,False
b3c1,Batch 3,558.0,1.0451424,1063.0,False
b3c1,Batch 3,562.0,1.0447923,1063.0,False
b3c1,Batch 3,567.0,1.044621,1063.0,False
b3c1,Batch 3,572.0,1.0441902,1063.0,False
b3c1,Batch 3,577.0,1.0438344,1063.0,False
b3c1,Batch 3,582.0,1.0432497,1063.0,False
b3c1,Batch 3,587.0,1.0430501,1063.0,False
b3c1,Batch 3,592.0,1.0427746,1063.0,False
b3c1,Batch 3,596.0,1.042661,1063.0,False
b3c1,Batch 3,601.0,1.0423588,1063.0,False
b3c1,Batch 3,606.0,1.0419835,1063.0,False
b3c1,Batch 3,611.0,1.0416068,1063.0,False
b3c1,Batch 3,616.0,1.0414355,1063.0,False
b3c1,Batch 3,621.0,1.0408368,1063.0,False
b3c1,Batch 3,625.0,1.0407997,1063.0,False
b3c1,Batch 3,630.0,1.0403937,1063.0,False
b3c1,Batch 3,635.0,1.0400842,1063.0,False
b3c1,Batch 3,640.0,1.0398043,1063.0,False
b3c1,Batch 3,645.0,1.039414,1063.0,False
b3c1,Batch 3,650.0,1.039045,1063.0,False
b3c1,Batch 3,655.0,1.0386454,1063.0,False
b3c1,Batch 3,659.0,1.0383649,1063.0,False
b3c1,Batch 3,664.0,1.0379081,1063.0,False
b3c1,Batch 3,669.0,1.0377299,1063.0,False
b3c1,Batch 3,674.0,1.0371084,1063.0,False
b3c1,Batch 3,679.0,1.0367695,1063.0,False
b3c1,Batch 3,684.0,1.0364593,1063.0,False
b3c1,Batch 3,688.0,1.0360075,1063.0,False
b3c1,Batch 3,693.0,1.0357691,1063.0,False
b3c1,Batch 3,698.0,1.0353749,1063.0,False
b3c1,Batch 3,703.0,1.0347862,1063.0,False
b3c1,Batch 3,708.0,1.0342727,1063.0,False
b3c1,Batch 3,713.0,1.0339433,1063.0,False
b3c1,Batch 3,718.0,1.0332733,1063.0,False
b3c1,Batch 3,722.0,1.0329508,1063.0,False
b3c1,Batch 3,727.0,1.032586,1063.0,False
b3c1,Batch 3,732.0,1.032303,1063.0,False
b3c1,Batch 3,737.0,1.0318691,1063.0,False
b3c1,Batch 3,742.0,1.0314257,1063.0,False
b3c1,Batch 3,747.0,1.031008,1063.0,False
b3c1,Batch 3,751.0,1.0304687,1063.0,False
b3c1,Batch 3,756.0,1.0299833,1063.0,False
b3c1,Batch 3,761.0,1.0294414,1063.0,False
b3c1,Batch 3,766.0,1.0291361,1063.0,False
b3c1,Batch 3,771.0,1.028334,1063.0,False
b3c1,Batch 3,776.0,1.0277153,1063.0,False
b3c1,Batch 3,781.0,1.027146,1063.0,False
b3c1,Batch 3,785.0,1.0265918,1063.0,False
b3c1,Batch 3,790.0,1.0261519,1063.0,False
b3c1,Batch 3,795.0,1.0254012,1063.0,False
b3c1,Batch 3,800.0,1.0244026,1063.0,False
b3c1,Batch 3,805.0,1.0236325,1063.0,False
b3c1,Batch 3,810.0,1.0228429,1063.0,False
b3c1,Batch 3,814.0,1.0221533,1063.0,False
b3c1,Batch 3,819.0,1.0213481,1063.0,False
b3c1,Batch 3,824.0,1.0203152,1063.0,False
b3c1,Batch 3,829.0,1.0196153,1063.0,False
b3c1,Batch 3,834.0,1.0186166,1063.0,False
b3c1,Batch 3,839.0,1.0174711,1063.0,False
b3c1,Batch 3,843.0,1.0166414,1063.0,False
b3c1,Batch 3,848.0,1.0153724,1063.0,False
b3c1,Batch 3,853.0,1.014146,1063.0,False
b3c1,Batch 3,858.0,1.012926,1063.0,False
b3c1,Batch 3,863.0,1.0118517,1063.0,False
b3c1,Batch 3,868.0,1.0103515,1063.0,False
b3c1,Batch 3,873.0,1.0090923,1063.0,False
b3c1,Batch 3,877.0,1.007779,1063.0,False
b3c1,Batch 3,882.0,1.0062389,1063.0,False
b3c1,Batch 3,887.0,1.004724,1063.0,False
b3c1,Batch 3,892.0,1.0030627,1063.0,False
b3c1,Batch 3,897.0,1.0011871,1063.0,False
b3c1,Batch 3,902.0,0.99955374,1063.0,False
b3c1,Batch 3,906.0,0.99762785,1063.0,False
b3c1,Batch 3,911.0,0.99592334,1063.0,False
b3c1,Batch 3,916.0,0.9934625,1063.0,False
b3c1,Batch 3,921.0,0.99132121,1063.0,False
b3c1,Batch 3,926.0,0.98861986,1063.0,False
b3c1,Batch 3,931.0,0.98601758,1063.0,False
b3c1,Batch 3,936.0,0.98308188,1063.0,False
b3c1,Batch 3,940.0,0.98030603,1063.0,False
b3c1,Batch 3,945.0,0.97680223,1063.0,False
b3c1,Batch 3,950.0,0.97321576,1063.0,False
b3c1,Batch 3,955.0,0.96946114,1063.0,False
b3c1,Batch 3,960.0,0.96522987,1063.0,False
b3c1,Batch 3,965.0,0.96140683,1063.0,False
b3c1,Batch 3,969.0,0.95793176,1063.0,False
b3c1,Batch 3,974.0,0.95379061,1063.0,False
b3c1,Batch 3,979.0,0.94946063,1063.0,False
b3c1,Batch 3,984.0,0.94550097,1063.0,False
b3c1,Batch 3,989.0,0.94139969,1063.0,False
b3c1,Batch 3,994.0,0.93743253,1063.0,False
b3c1,Batch 3,999.0,0.9333719,1063.0,False
b3c1,Batch 3,1003.0,0.93015879,1063.0,False
b3c1,Batch 3,1008.0,0.92629278,1063.0,False
b3c1,Batch 3,1013.0,0.92238635,1063.0,False
b3c1,Batch 3,1018.0,0.9184348,1063.0,False
b3c1,Batch 3,1023.0,0.91455096,1063.0,False
b3c1,Batch 3,1028.0,0.91035867,1063.0,False
b3c1,Batch 3,1032.0,0.9070459,1063.0,False
b3c1,Batch 3,1037.0,0.90294045,1063.0,False
b3c1,Batch 3,1042.0,0.89857471,1063.0,False
b3c1,Batch 3,1047.0,0.89415634,1063.0,False
b3c1,Batch 3,1052.0,0.88961107,1063.0,False
b3c1,Batch 3,1057.0,0.88467592,1063.0,False
b3c1,Batch 3,1062.0,0.8802734,1063.0,False
b3c3,Batch 3,1.0,1.0622736,1115.0,False
b3c3,Batch 3,6.0,1.0645473,1115.0,False
b3c3,Batch 3,11.0,1.0649564,1115.0,False
b3c3,Batch 3,16.0,1.0650676,1115.0,False
b3c3,Batch 3,21.0,1.0653455,1115.0,False
b3c3,Batch 3,26.0,1.0650327,1115.0,False
b3c3,Batch 3,31.0,1.0655342,1115.0,False
b3c3,Batch 3,36.0,1.0654168,1115.0,False
b3c3,Batch 3,41.0,1.0651567,1115.0,False
b3c3,Batch 3,46.0,1.0651146,1115.0,False
b3c3,Batch 3,51.0,1.064914,1115.0,False
b3c3,Batch 3,56.0,1.0648733,1115.0,False
b3c3,Batch 3,61.0,1.0647161,1115.0,False
b3c3,Batch 3,67.0,1.0646162,1115.0,False
b3c3,Batch 3,72.0,1.0641475,1115.0,False
b3c3,Batch 3,77.0,1.0639616,1115.0,False
b3c3,Batch 3,82.0,1.0640785,1115.0,False
b3c3,Batch 3,87.0,1.0639416,1115.0,False
b3c3,Batch 3,92.0,1.0641297,1115.0,False
b3c3,Batch 3,97.0,1.0636585,1115.0,False
b3c3,Batch 3,102.0,1.0633847,1115.0,False
b3c3,Batch 3,107.0,1.0634143,1115.0,False
b3c3,Batch 3,112.0,1.0632696,1115.0,False
b3c3,Batch 3,117.0,1.0633624,1115.0,False
b3c3,Batch 3,122.0,1.0633162,1115.0,False
b3c3,Batch 3,128.0,1.063086,1115.0,False
b3c3,Batch 3,133.0,1.0628945,1115.0,False
b3c3,Batch 3,138.0,1.0625473,1115.0,False
b3c3,Batch 3,143.0,1.0623804,1115.0,False
b3c3,Batch 3,148.0,1.0621674,1115.0,False
b3c3,Batch 3,153.0,1.062438,1115.0,False
b3c3,Batch 3,158.0,1.0622979,1115.0,False
b3c3,Batch 3,163.0,1.0621681,1115.0,False
b3c3,Batch 3,168.0,1.0617008,1115.0,False
b3c3,Batch 3,173.0,1.0616149,1115.0,False
b3c3,Batch 3,178.0,1.0613953,1115.0,False
b3c3,Batch 3,183.0,1.0612197,1115.0,False
b3c3,Batch 3,189.0,1.0608777,1115.0,False
b3c3,Batch 3,194.0,1.0608212,1115.0,False
b3c3,Batch 3,199.0,1.0604541,1115.0,False
b3c3,Batch 3,204.0,1.0601609,1115.0,False
b3c3,Batch 3,209.0,1.0597967,1115.0,False
b3c3,Batch 3,214.0,1.0599571,1115.0,False
b3c3,Batch 3,219.0,1.05972,1115.0,False
b3c3,Batch 3,224.0,1.0595469,1115.0,False
b3c3,Batch 3,229.0,1.0592933,1115.0,False
b3c3,Batch 3,234.0,1.0591202,1115.0,False
b3c3,Batch 3,239.0,1.0588588,1115.0,False
b3c3,Batch 3,244.0,1.0587249,1115.0,False
b3c3,Batch 3,250.0,1.0583467,1115.0,False
b3c3,Batch 3,255.0,1.0580689,1115.0,False
b3c3,Batch 3,260.0,1.0579114,1115.0,False
b3c3,Batch 3,265.0,1.0576487,1115.0,False
b3c3,Batch 3,270.0,1.0574669,1115.0,False
b3c3,Batch 3,275.0,1.0572333,1115.0,False
b3c3,Batch 3,280.0,1.0571241,1115.0,False
b3c3,Batch 3,285.0,1.0565686,1115.0,False
b3c3,Batch 3,290.0,1.0564854,1115.0,False
b3c3,Batch 3,295.0,1.0562994,1115.0,False
b3c3,Batch 3,300.0,1.0559303,1115.0,False
b3c3,Batch 3,305.0,1.0555917,1115.0,False
b3c3,Batch 3,311.0,1.0554981,1115.0,False
b3c3,Batch 3,316.0,1.0551964,1115.0,False
b3c3,Batch 3,321.0,1.0549493,1115.0,False
b3c3,Batch 3,326.0,1.054698,1115.0,False
b3c3,Batch 3,331.0,1.0544786,1115.0,False
b3c3,Batch 3,336.0,1.0542927,1115.0,False
b3c3,Batch 3,341.0,1.0539924,1115.0,False
b3c3,Batch 3,346.0,1.0537485,1115.0,False
b3c3,Batch 3,351.0,1.0534887,1115.0,False
b3c3,Batch 3,356.0,1.0533115,1115.0,False
b3c3,Batch 3,361.0,1.0532877,1115.0,False
b3c3,Batch 3,366.0,1.0529168,1115.0,False
b3c3,Batch 3,372.0,1.0526386,1115.0,False
b3c3,Batch 3,377.0,1.0523769,1115.0,False
b3c3,Batch 3,382.0,1.0523394,1115.0,False
b3c3,Batch 3,387.0,1.0520382,1115.0,False
b3c3,Batch 3,392.0,1.051795,1115.0,False
b3c3,Batch 3,397.0,1.0517439,1115.0,False
b3c3,Batch 3,402.0,1.0515434,1115.0,False
b3c3,Batch 3,407.0,1.0515517,1115.0,False
b3c3,Batch 3,412.0,1.0511967,1115.0,False
b3c3,Batch 3,417.0,1.0510848,1115.0,False
b3c3,Batch 3,422.0,1.0510082,1115.0,False
b3c3,Batch 3,427.0,1.0509554,1115.0,False
b3c3,Batch 3,432.0,1.0505291,1115.0,False
b3c3,Batch 3,438.0,1.0503113,1115.0,False
b3c3,Batch 3,443.0,1.0501142,1115.0,False
b3c3,Batch 3,448.0,1.0499845,1115.0,False
b3c3,Batch 3,453.0,1.0496175,1115.0,False
b3c3,Batch 3,458.0,1.0494232,1115.0,False
b3c3,Batch 3,463.0,1.0490363,1115.0,False
b3c3,Batch 3,468.0,1.0486552,1115.0,False
b3c3,Batch 3,473.0,1.0482407,1115.0,False
b3c3,Batch 3,478.0,1.0477018,1115.0,False
b3c3,Batch 3,483.0,1.0477459,1115.0,False
b3c3,Batch 3,488.0,1.0478207,1115.0,False
b3c3,Batch 3,493.0,1.0476563,1115.0,False
b3c3,Batch 3,499.0,1.0472137,1115.0,False
b3c3,Batch 3,504.0,1.0467966,1115.0,False
b3c3,Batch 3,509.0,1.0465133,1115.0,False
b3c3,Batch 3,514.0,1.0459814,1115.0,False
b3c3,Batch 3,519.0,1.0459168,1115.0,False
b3c3,Batch 3,524.0,1.045513,1115.0,False
b3c3,Batch 3,529.0,1.0452504,1115.0,False
b3c3,Batch 3,534.0,1.0448446,1115.0,False
b3c3,Batch 3,539.0,1.0447447,1115.0,False
b3c3,Batch 3,544.0,1.0442063,1115.0,False
b3c3,Batch 3,549.0,1.0437535,1115.0,False
b3c3,Batch 3,554.0,1.0439278,1115.0,False
b3c3,Batch 3,560.0,1.0435524,1115.0,False
b3c3,Batch 3,565.0,1.043378,1115.0,False
b3c3,Batch 3,570.0,1.0429653,1115.0,False
b3c3,Batch 3,575.0,1.0426927,1115.0,False
b3c3,Batch 3,580.0,1.0422415,1115.0,False
b3c3,Batch 3,585.0,1.042053,1115.0,False
b3c3,Batch 3,590.0,1.0417037,1115.0,False
b3c3,Batch 3,595.0,1.0415088,1115.0,False
b3c3,Batch 3,600.0,1.0413967,1115.0,False
b3c3,Batch 3,605.0,1.0410508,1115.0,False
b3c3,Batch 3,610.0,1.0407052,1115.0,False
b3c3,Batch 3,615.0,1.0405316,1115.0,False
b3c3,Batch 3,621.0,1.0400743,1115.0,False
b3c3,Batch 3,626.0,1.0397022,1115.0,False
b3c3,Batch 3,631.0,1.0394847,1115.0,False
b3c3,Batch 3,636.0,1.0391995,1115.0,False
b3c3,Batch 3,641.0,1.0386797,1115.0,False
b3c3,Batch 3,646.0,1.0383718,1115.0,False
b3c3,Batch 3,651.0,1.038092,1115.0,False
b3c3,Batch 3,656.0,1.0376012,1115.0,False
b3c3,Batch 3,661.0,1.0373186,1115.0,False
b3c3,Batch 3,666.0,1.0370475,1115.0,False
b3c3,Batch 3,671.0,1.0365613,1115.0,False
b3c3,Batch 3,676.0,1.0361729,1115.0,False
b3c3,Batch 3,682.0,1.0356427,1115.0,False
b3c3,Batch 3,687.0,1.0353882,1115.0,False
b3c3,Batch 3,692.0,1.0349722,1115.0,False
b3c3,Batch 3,697.0,1.034536,1115.0,False
b3c3,Batch 3,702.0,1.0344096,1115.0,False
b3c3,Batch 3,707.0,1.0338423,1115.0,False
b3c3,Batch 3,712.0,1.0332201,1115.0,False
b3c3,Batch 3,717.0,1.0329069,1115.0,False
b3c3,Batch 3,722.0,1.0326593,1115.0,False
b3c3,Batch 3,727.0,1.0320375,1115.0,False
b3c3,Batch 3,732.0,1.0316339,1115.0,False
b3c3,Batch 3,737.0,1.0311605,1115.0,False
b3c3,Batch 3,743.0,1.030844,1115.0,False
b3c3,Batch 3,748.0,1.0304084,1115.0,False
b3c3,Batch 3,753.0,1.0299499,1115.0,False
b3c3,Batch 3,758.0,1.0294733,1115.0,False
b3c3,Batch 3,763.0,1.0292088,1115.0,False
b3c3,Batch 3,768.0,1.0285665,1115.0,False
b3c3,Batch 3,773.0,1.0282273,1115.0,False
b3c3,Batch 3,778.0,1.0277227,1115.0,False
b3c3,Batch 3,783.0,1.0272486,1115.0,False
b3c3,Batch 3,788.0,1.0265088,1115.0,False
b3c3,Batch 3,793.0,1.0259554,1115.0,False
b3c3,Batch 3,798.0,1.0256542,1115.0,False
b3c3,Batch 3,803.0,1.0249282,1115.0,False
b3c3,Batch 3,809.0,1.0244136,1115.0,False
b3c3,Batch 3,814.0,1.0235678,1115.0,False
b3c3,Batch 3,819.0,1.0229193,1115.0,False
b3c3,Batch 3,824.0,1.0223317,1115.0,False
b3c3,Batch 3,829.0,1.0214479,1115.0,False
b3c3,Batch 3,834.0,1.0206596,1115.0,False
b3c3,Batch 3,839.0,1.0199456,1115.0,False
b3c3,Batch 3,844.0,1.0193249,1115.0,False
b3c3,Batch 3,849.0,1.0184923,1115.0,False
b3c3,Batch 3,854.0,1.017608,1115.0,False
b3c3,Batch 3,859.0,1.0167662,1115.0,False
b3c3,Batch 3,864.0,1.0159217,1115.0,False
b3c3,Batch 3,870.0,1.0147049,1115.0,False
b3c3,Batch 3,875.0,1.013954,1115.0,False
b3c3,Batch 3,880.0,1.0129362,1115.0,False
b3c3,Batch 3,885.0,1.012051,1115.0,False
b3c3,Batch 3,890.0,1.010922,1115.0,False
b3c3,Batch 3,895.0,1.0096833,1115.0,False
b3c3,Batch 3,900.0,1.0086082,1115.0,False
b3c3,Batch 3,905.0,1.0073078,1115.0,False
b3c3,Batch 3,910.0,1.0059345,1115.0,False
b3c3,Batch 3,915.0,1.0046449,1115.0,False
b3c3,Batch 3,920.0,1.0031685,1115.0,False
b3c3,Batch 3,925.0,1.0017263,1115.0,False
b3c3,Batch 3,931.0,0.99977309,1115.0,False
b3c3,Batch 3,936.0,0.99811262,1115.0,False
b3c3,Batch 3,941.0,0.99649286,1115.0,False
b3c3,Batch 3,946.0,0.99464285,1115.0,False
b3c3,Batch 3,951.0,0.99289846,1115.0,False
b3c3,Batch 3,956.0,0.99097741,1115.0,False
b3c3,Batch 3,961.0,0.98872012,1115.0,False
b3c3,Batch 3,966.0,0.98664862,1115.0,False
b3c3,Batch 3,971.0,0.98421812,1115.0,False
b3c3,Batch 3,976.0,0.98159146,1115.0,False
b3c3,Batch 3,981.0,0.97881049,1115.0,False
b3c3,Batch 3,986.0,0.97580719,1115.0,False
b3c3,Batch 3,992.0,0.97177625,1115.0,False
b3c3,Batch 3,997.0,0.96866184,1115.0,False
b3c3,Batch 3,1002.0,0.96528935,1115.0,False
b3c3,Batch 3,1007.0,0.96197671,1115.0,False
b3c3,Batch 3,1012.0,0.95868981,1115.0,False
b3c3,Batch 3,1017.0,0.95539814,1115.0,False
b3c3,Batch 3,1022.0,0.95198369,1115.0,False
b3c3,Batch 3,1027.0,0.94824523,1115.0,False
b3c3,Batch 3,1032.0,0.9446345,1115.0,False
b3c3,Batch 3,1037.0,0.94109219,1115.0,False
b3c3,Batch 3,1042.0,0.9372741,1115.0,False
b3c3,Batch 3,1047.0,0.93329871,1115.0,False
b3c3,Batch 3,1053.0,0.92857122,1115.0,False
b3c3,Batch 3,1058.0,0.92461944,1115.0,False
b3c3,Batch 3,1063.0,0.92068315,1115.0,False
b3c3,Batch 3,1068.0,0.91636229,1115.0,False
b3c3,Batch 3,1073.0,0.91224027,1115.0,False
b3c3,Batch 3,1078.0,0.90817487,1115.0,False
b3c3,Batch 3,1083.0,0.90435529,1115.0,False
b3c3,Batch 3,1088.0,0.90035021,1115.0,False
b3c3,Batch 3,1093.0,0.89649594,1115.0,False
b3c3,Batch 3,1098.0,0.89258909,1115.0,False
b3c3,Batch 3,1103.0,0.88868839,1115.0,False
b3c3,Batch 3,1108.0,0.88474792,1115.0,False
b3c3,Batch 3,1114.0,0.88058406,1115.0,False
b3c4,Batch 3,1.0,1.0717411,1048.0,False
b3c4,Batch 3,5.0,1.0737818,1048.0,False
b3c4,Batch 3,10.0,1.0745391,1048.0,False
b3c4,Batch 3,15.0,1.074818,1048.0,False
b3c4,Batch 3,20.0,1.0747868,1048.0,False
b3c4,Batch 3,24.0,1.074808,1048.0,False
b3c4,Batch 3,29.0,1.0751652,1048.0,False
b3c4,Batch 3,34.0,1.0751219,1048.0,False
b3c4,Batch 3,39.0,1.0750431,1048.0,False
b3c4,Batch 3,43.0,1.0750574,1048.0,False
b3c4,Batch 3,48.0,1.0750053,1048.0,False
b3c4,Batch 3,53.0,1.0748757,1048.0,False
b3c4,Batch 3,58.0,1.0747242,1048.0,False
b3c4,Batch 3,63.0,1.0746464,1048.0,False
b3c4,Batch 3,67.0,1.0743228,1048.0,False
b3c4,Batch 3,72.0,1.0741651,1048.0,False
b3c4,Batch 3,77.0,1.0742315,1048.0,False
b3c4,Batch 3,82.0,1.0743062,1048.0,False
b3c4,Batch 3,86.0,1.0743626,1048.0,False
b3c4,Batch 3,91.0,1.0740381,1048.0,False
b3c4,Batch 3,96.0,1.0739065,1048.0,False
b3c4,Batch 3,101.0,1.0737792,1048.0,False
b3c4,Batch 3,106.0,1.0735636,1048.0,False
b3c4,Batch 3,110.0,1.0737382,1048.0,False
b3c4,Batch 3,115.0,1.0735549,1048.0,False
b3c4,Batch 3,120.0,1.0734956,1048.0,False
b3c4,Batch 3,125.0,1.0733114,1048.0,False
b3c4,Batch 3,129.0,1.0730317,1048.0,False
b3c4,Batch 3,134.0,1.0728505,1048.0,False
b3c4,Batch 3,139.0,1.0725374,1048.0,False
b3c4,Batch 3,144.0,1.0727347,1048.0,False
b3c4,Batch 3,149.0,1.0728412,1048.0,False
b3c4,Batch 3,153.0,1.0726519,1048.0,False
b3c4,Batch 3,158.0,1.0723777,1048.0,False
b3c4,Batch 3,163.0,1.0718728,1048.0,False
b3c4,Batch 3,168.0,1.0715302,1048.0,False
b3c4,Batch 3,172.0,1.0717156,1048.0,False
b3c4,Batch 3,177.0,1.0714051,1048.0,False
b3c4,Batch 3,182.0,1.0712169,1048.0,False
b3c4,Batch 3,187.0,1.0710789,1048.0,False
b3c4,Batch 3,192.0,1.0707309,1048.0,False
b3c4,Batch 3,196.0,1.0705589,1048.0,False
b3c4,Batch 3,201.0,1.0702162,1048.0,False
b3c4,Batch 3,206.0,1.0702827,1048.0,False
b3c4,Batch 3,211.0,1.0700675,1048.0,False
b3c4,Batch 3,215.0,1.0699148,1048.0,False
b3c4,Batch 3,220.0,1.0695647,1048.0,False
b3c4,Batch 3,225.0,1.0694226,1048.0,False
b3c4,Batch 3,230.0,1.0690867,1048.0,False
b3c4,Batch 3,235.0,1.0690476,1048.0,False
b3c4,Batch 3,239.0,1.0688229,1048.0,False
b3c4,Batch 3,244.0,1.0686784,1048.0,False
b3c4,Batch 3,249.0,1.0682985,1048.0,False
b3c4,Batch 3,254.0,1.068046,1048.0,False
b3c4,Batch 3,258.0,1.0680561,1048.0,False
b3c4,Batch 3,263.0,1.067632,1048.0,False
b3c4,Batch 3,268.0,1.0674,1048.0,False
b3c4,Batch 3,273.0,1.067031,1048.0,False
b3c4,Batch 3,278.0,1.0669553,1048.0,False
b3c4,Batch 3,282.0,1.0667115,1048.0,False
b3c4,Batch 3,287.0,1.06644,1048.0,False
b3c4,Batch 3,292.0,1.0662013,1048.0,False
b3c4,Batch 3,297.0,1.0657816,1048.0,False
b3c4,Batch 3,301.0,1.0657315,1048.0,False
b3c4,Batch 3,306.0,1.0653673,1048.0,False
b3c4,Batch 3,311.0,1.0653497,1048.0,False
b3c4,Batch 3,316.0,1.0647906,1048.0,False
b3c4,Batch 3,321.0,1.0647627,1048.0,False
b3c4,Batch 3,325.0,1.0644702,1048.0,False
b3c4,Batch 3,330.0,1.0640687,1048.0,False
b3c4,Batch 3,335.0,1.0639466,1048.0,False
b3c4,Batch 3,340.0,1.0637425,1048.0,False
b3c4,Batch 3,344.0,1.0635674,1048.0,False
b3c4,Batch 3,349.0,1.0632886,1048.0,False
b3c4,Batch 3,354.0,1.0629705,1048.0,False
b3c4,Batch 3,359.0,1.062649,1048.0,False
b3c4,Batch 3,363.0,1.0625559,1048.0,False
b3c4,Batch 3,368.0,1.0622206,1048.0,False
b3c4,Batch 3,373.0,1.0622836,1048.0,False
b3c4,Batch 3,378.0,1.0618941,1048.0,False
b3c4,Batch 3,383.0,1.0617806,1048.0,False
b3c4,Batch 3,387.0,1.0614488,1048.0,False
b3c4,Batch 3,392.0,1.0614749,1048.0,False
b3c4,Batch 3,397.0,1.0611811,1048.0,False
b3c4,Batch 3,402.0,1.0610383,1048.0,False
b3c4,Batch 3,406.0,1.0609133,1048.0,False
b3c4,Batch 3,411.0,1.0605626,1048.0,False
b3c4,Batch 3,416.0,1.0604285,1048.0,False
b3c4,Batch 3,421.0,1.0601466,1048.0,False
b3c4,Batch 3,426.0,1.060052,1048.0,False
b3c4,Batch 3,430.0,1.0597688,1048.0,False
b3c4,Batch 3,435.0,1.0594492,1048.0,False
b3c4,Batch 3,440.0,1.0593441,1048.0,False
b3c4,Batch 3,445.0,1.0587767,1048.0,False
b3c4,Batch 3,449.0,1.058449,1048.0,False
b3c4,Batch 3,454.0,1.058105,1048.0,False
b3c4,Batch 3,459.0,1.0577621,1048.0,False
b3c4,Batch 3,464.0,1.057443,1048.0,False
b3c4,Batch 3,469.0,1.057399,1048.0,False
b3c4,Batch 3,473.0,1.0574112,1048.0,False
b3c4,Batch 3,478.0,1.0569733,1048.0,False
b3c4,Batch 3,483.0,1.0564207,1048.0,False
b3c4,Batch 3,488.0,1.0561172,1048.0,False
b3c4,Batch 3,492.0,1.0558573,1048.0,False
b3c4,Batch 3,497.0,1.0554568,1048.0,False
b3c4,Batch 3,502.0,1.0550497,1048.0,False
b3c4,Batch 3,507.0,1.054796,1048.0,False
b3c4,Batch 3,512.0,1.0543069,1048.0,False
b3c4,Batch 3,516.0,1.0540897,1048.0,False
b3c4,Batch 3,521.0,1.0538305,1048.0,False
b3c4,Batch 3,526.0,1.0532796,1048.0,False
b3c4,Batch 3,531.0,1.0527903,1048.0,False
b3c4,Batch 3,535.0,1.0529817,1048.0,False
b3c4,Batch 3,540.0,1.0525982,1048.0,False
b3c4,Batch 3,545.0,1.052314,1048.0,False
b3c4,Batch 3,550.0,1.0518641,1048.0,False
b3c4,Batch 3,555.0,1.0515156,1048.0,False
b3c4,Batch 3,559.0,1.0510764,1048.0,False
b3c4,Batch 3,564.0,1.0507407,1048.0,False
b3c4,Batch 3,569.0,1.0502939,1048.0,False
b3c4,Batch 3,574.0,1.0501461,1048.0,False
b3c4,Batch 3,578.0,1.0500028,1048.0,False
b3c4,Batch 3,583.0,1.0496148,1048.0,False
b3c4,Batch 3,588.0,1.0491741,1048.0,False
b3c4,Batch 3,593.0,1.0488833,1048.0,False
b3c4,Batch 3,598.0,1.0484494,1048.0,False
b3c4,Batch 3,602.0,1.0481949,1048.0,False
b3c4,Batch 3,607.0,1.0478535,1048.0,False
b3c4,Batch 3,612.0,1.0472637,1048.0,False
b3c4,Batch 3,617.0,1.046864,1048.0,False
b3c4,Batch 3,621.0,1.0466369,1048.0,False
b3c4,Batch 3,626.0,1.0461907,1048.0,False
b3c4,Batch 3,631.0,1.0457128,1048.0,False
b3c4,Batch 3,636.0,1.0453106,1048.0,False
b3c4,Batch 3,641.0,1.0449448,1048.0,False
b3c4,Batch 3,645.0,1.0443301,1048.0,False
b3c4,Batch 3,650.0,1.0439507,1048.0,False
b3c4,Batch 3,655.0,1.0434529,1048.0,False
b3c4,Batch 3,660.0,1.0428333,1048.0,False
b3c4,Batch 3,664.0,1.0424613,1048.0,False
b3c4,Batch 3,669.0,1.0419657,1048.0,False
b3c4,Batch 3,674.0,1.0414236,1048.0,False
b3c4,Batch 3,679.0,1.0408852,1048.0,False
b3c4,Batch 3,684.0,1.0402247,1048.0,False
b3c4,Batch 3,688.0,1.0395913,1048.0,False
b3c4,Batch 3,693.0,1.039117,1048.0,False
b3c4,Batch 3,698.0,1.0383788,1048.0,False
b3c4,Batch 3,703.0,1.0376145,1048.0,False
b3c4,Batch 3,707.0,1.0371107,1048.0,False
b3c4,Batch 3,712.0,1.0364079,1048.0,False
b3c4,Batch 3,717.0,1.0358914,1048.0,False
b3c4,Batch 3,722.0,1.0351924,1048.0,False
b3c4,Batch 3,726.0,1.034626,1048.0,False
b3c4,Batch 3,731.0,1.0338683,1048.0,False
b3c4,Batch 3,736.0,1.0333594,1048.0,False
b3c4,Batch 3,741.0,1.0324804,1048.0,False
b3c4,Batch 3,746.0,1.0315993,1048.0,False
b3c4,Batch 3,750.0,1.0309134,1048.0,False
b3c4,Batch 3,755.0,1.0300672,1048.0,False
b3c4,Batch 3,760.0,1.0292046,1048.0,False
b3c4,Batch 3,765.0,1.028211,1048.0,False
b3c4,Batch 3,769.0,1.0274669,1048.0,False
b3c4,Batch 3,774.0,1.0266863,1048.0,False
b3c4,Batch 3,779.0,1.0257174,1048.0,False
b3c4,Batch 3,784.0,1.0247179,1048.0,False
b3c4,Batch 3,789.0,1.0233934,1048.0,False
b3c4,Batch 3,793.0,1.0225397,1048.0,False
b3c4,Batch 3,798.0,1.0213131,1048.0,False
b3c4,Batch 3,803.0,1.0199975,1048.0,False
b3c4,Batch 3,808.0,1.0188031,1048.0,False
b3c4,Batch 3,812.0,1.017643,1048.0,False
b3c4,Batch 3,817.0,1.0164474,1048.0,False
b3c4,Batch 3,822.0,1.0154419,1048.0,False
b3c4,Batch 3,827.0,1.0139031,1048.0,False
b3c4,Batch 3,832.0,1.0123134,1048.0,False
b3c4,Batch 3,836.0,1.0110178,1048.0,False
b3c4,Batch 3,841.0,1.0094128,1048.0,False
b3c4,Batch 3,846.0,1.007762,1048.0,False
b3c4,Batch 3,851.0,1.0064501,1048.0,False
b3c4,Batch 3,855.0,1.0048709,1048.0,False
b3c4,Batch 3,860.0,1.0031914,1048.0,False
b3c4,Batch 3,865.0,1.0013174,1048.0,False
b3c4,Batch 3,870.0,0.99954021,1048.0,False
b3c4,Batch 3,875.0,0.99767047,1048.0,False
b3c4,Batch 3,879.0,0.99602711,1048.0,False
b3c4,Batch 3,884.0,0.9938426,1048.0,False
b3c4,Batch 3,889.0,0.99172843,1048.0,False
b3c4,Batch 3,894.0,0.9894684,1048.0,False
b3c4,Batch 3,898.0,0.98761851,1048.0,False
b3c4,Batch 3,903.0,0.98533601,1048.0,False
b3c4,Batch 3,908.0,0.9828245,1048.0,False
b3c4,Batch 3,913.0,0.9801532,1048.0,False
b3c4,Batch 3,918.0,0.9772833,1048.0,False
b3c4,Batch 3,922.0,0.9751159,1048.0,False
b3c4,Batch 3,927.0,0.97222108,1048.0,False
b3c4,Batch 3,932.0,0.96918404,1048.0,False
b3c4,Batch 3,937.0,0.9656266,1048.0,False
b3c4,Batch 3,941.0,0.96320349,1048.0,False
b3c4,Batch 3,946.0,0.95981407,1048.0,False
b3c4,Batch 3,951.0,0.95603478,1048.0,False
b3c4,Batch 3,956.0,0.95235026,1048.0,False
b3c4,Batch 3,961.0,0.94821715,1048.0,False
b3c4,Batch 3,965.0,0.94500697,1048.0,False
b3c4,Batch 3,970.0,0.94095176,1048.0,False
b3c4,Batch 3,975.0,0.93696469,1048.0,False
b3c4,Batch 3,980.0,0.93297917,1048.0,False
b3c4,Batch 3,984.0,0.92969531,1048.0,False
b3c4,Batch 3,989.0,0.92570955,1048.0,False
b3c4,Batch 3,994.0,0.92154199,1048.0,False
b3c4,Batch 3,999.0,0.91758358,1048.0,False
b3c4,Batch 3,1004.0,0.91352409,1048.0,False
b3c4,Batch 3,1008.0,0.91027564,1048.0,False
b3c4,Batch 3,1013.0,0.90630603,1048.0,False
b3c4,Batch 3,1018.0,0.90218735,1048.0,False
b3c4,Batch 3,1023.0,0.89824092,1048.0,False
b3c4,Batch 3,1027.0,0.89521563,1048.0,False
b3c4,Batch 3,1032.0,0.891146,1048.0,False
b3c4,Batch 3,1037.0,0.88730437,1048.0,False
b3c4,Batch 3,1042.0,0.88343501,1048.0,False
b3c4,Batch 3,1047.0,0.88001466,1048.0,False
b3c5,Batch 3,1.0,1.0500579,828.0,False
b3c5,Batch 3,4.0,1.0526897,828.0,False
b3c5,Batch 3,8.0,1.0535768,828.0,False
b3c5,Batch 3,12.0,1.0536388,828.0,False
b3c5,Batch 3,16.0,1.0537403,828.0,False
b3c5,Batch 3,19.0,1.0537512,828.0,False
b3c5,Batch 3,23.0,1.0537179,828.0,False
b3c5,Batch 3,27.0,1.0536721,828.0,False
b3c5,Batch 3,31.0,1.053897,828.0,False
b3c5,Batch 3,34.0,1.0539687,828.0,False
b3c5,Batch 3,38.0,1.053571,828.0,False
b3c5,Batch 3,42.0,1.0538222,828.0,False
b3c5,Batch 3,46.0,1.0534722,828.0,False
b3c5,Batch 3,50.0,1.0534708,828.0,False
b3c5,Batch 3,53.0,1.053605,828.0,False
b3c5,Batch 3,57.0,1.0533998,828.0,False
b3c5,Batch 3,61.0,1.0531751,828.0,False
b3c5,Batch 3,65.0,1.0531411,828.0,False
b3c5,Batch 3,68.0,1.0528153,828.0,False
b3c5,Batch 3,72.0,1.052591,828.0,False
b3c5,Batch 3,76.0,1.052524,828.0,False
b3c5,Batch 3,80.0,1.0524787,828.0,False
b3c5,Batch 3,83.0,1.0526227,828.0,False
b3c5,Batch 3,87.0,1.0523865,828.0,False
b3c5,Batch 3,91.0,1.0524834,828.0,False
b3c5,Batch 3,95.0,1.0520326,828.0,False
b3c5,Batch 3,99.0,1.0519078,828.0,False
b3c5,Batch 3,102.0,1.0519266,828.0,False
b3c5,Batch 3,106.0,1.051682,828.0,False
b3c5,Batch 3,110.0,1.0514834,828.0,False
b3c5,Batch 3,114.0,1.0514742,828.0,False
b3c5,Batch 3,117.0,1.0515778,828.0,False
b3c5,Batch 3,121.0,1.05155,828.0,False
b3c5,Batch 3,125.0,1.0513089,828.0,False
b3c5,Batch 3,129.0,1.0510217,828.0,False
b3c5,Batch 3,133.0,1.0508101,828.0,False
b3c5,Batch 3,136.0,1.0505364,828.0,False
b3c5,Batch 3,140.0,1.0504223,828.0,False
b3c5,Batch 3,144.0,1.0499713,828.0,False
b3c5,Batch 3,148.0,1.049938,828.0,False
b3c5,Batch 3,151.0,1.0500427,828.0,False
b3c5,Batch 3,155.0,1.0500076,828.0,False
b3c5,Batch 3,159.0,1.0498706,828.0,False
b3c5,Batch 3,163.0,1.0494721,828.0,False
b3c5,Batch 3,166.0,1.04915,828.0,False
b3c5,Batch 3,170.0,1.0491595,828.0,False
b3c5,Batch 3,174.0,1.0488093,828.0,False
b3c5,Batch 3,178.0,1.0487593,828.0,False
b3c5,Batch 3,182.0,1.0484616,828.0,False
b3c5,Batch 3,185.0,1.0481446,828.0,False
b3c5,Batch 3,189.0,1.0479625,828.0,False
b3c5,Batch 3,193.0,1.0476887,828.0,False
b3c5,Batch 3,197.0,1.0474439,828.0,False
b3c5,Batch 3,200.0,1.0472606,828.0,False
b3c5,Batch 3,204.0,1.0469772,828.0,False
b3c5,Batch 3,208.0,1.0466419,828.0,False
b3c5,Batch 3,212.0,1.0465879,828.0,False
b3c5,Batch 3,215.0,1.0464746,828.0,False
b3c5,Batch 3,219.0,1.0464225,828.0,False
b3c5,Batch 3,223.0,1.0459511,828.0,False
b3c5,Batch 3,227.0,1.0458889,828.0,False
b3c5,Batch 3,231.0,1.0456349,828.0,False
b3c5,Batch 3,234.0,1.0454049,828.0,False
b3c5,Batch 3,238.0,1.0450581,828.0,False
b3c5,Batch 3,242.0,1.0448246,828.0,False
b3c5,Batch 3,246.0,1.0444664,828.0,False
b3c5,Batch 3,249.0,1.0443991,828.0,False
b3c5,Batch 3,253.0,1.0442218,828.0,False
b3c5,Batch 3,257.0,1.0439831,828.0,False
b3c5,Batch 3,261.0,1.0435501,828.0,False
b3c5,Batch 3,265.0,1.0434736,828.0,False
b3c5,Batch 3,268.0,1.0432215,828.0,False
b3c5,Batch 3,272.0,1.042961,828.0,False
b3c5,Batch 3,276.0,1.0427223,828.0,False
b3c5,Batch 3,280.0,1.0424885,828.0,False
b3c5,Batch 3,283.0,1.0423008,828.0,False
b3c5,Batch 3,287.0,1.0419817,828.0,False
b3c5,Batch 3,291.0,1.0417255,828.0,False
b3c5,Batch 3,295.0,1.041226,828.0,False
b3c5,Batch 3,298.0,1.0409884,828.0,False
b3c5,Batch 3,302.0,1.0409032,828.0,False
b3c5,Batch 3,306.0,1.0404111,828.0,False
b3c5,Batch 3,310.0,1.04008,828.0,False
b3c5,Batch 3,314.0,1.0398651,828.0,False
b3c5,Batch 3,317.0,1.0396506,828.0,False
b3c5,Batch 3,321.0,1.0394342,828.0,False
b3c5,Batch 3,325.0,1.0390939,828.0,False
b3c5,Batch 3,329.0,1.0390627,828.0,False
b3c5,Batch 3,332.0,1.0385523,828.0,False
b3c5,Batch 3,336.0,1.0383607,828.0,False
b3c5,Batch 3,340.0,1.0379682,828.0,False
b3c5,Batch 3,344.0,1.0376675,828.0,False
b3c5,Batch 3,347.0,1.0375038,828.0,False
b3c5,Batch 3,351.0,1.0372517,828.0,False
b3c5,Batch 3,355.0,1.0369741,828.0,False
b3c5,Batch 3,359.0,1.0367101,828.0,False
b3c5,Batch 3,363.0,1.0363586,828.0,False
b3c5,Batch 3,366.0,1.0360841,828.0,False
b3c5,Batch 3,370.0,1.035784,828.0,False
b3c5,Batch 3,374.0,1.0354892,828.0,False
b3c5,Batch 3,378.0,1.0349649,828.0,False
b3c5,Batch 3,381.0,1.0348446,828.0,False
b3c5,Batch 3,385.0,1.0346677,828.0,False
b3c5,Batch 3,389.0,1.0344738,828.0,False
b3c5,Batch 3,393.0,1.0341263,828.0,False
b3c5,Batch 3,397.0,1.0339719,828.0,False
b3c5,Batch 3,400.0,1.0336102,828.0,False
b3c5,Batch 3,404.0,1.0335686,828.0,False
b3c5,Batch 3,408.0,1.0331031,828.0,False
b3c5,Batch 3,412.0,1.0328739,828.0,False
b3c5,Batch 3,415.0,1.0327895,828.0,False
b3c5,Batch 3,419.0,1.0323739,828.0,False
b3c5,Batch 3,423.0,1.0321453,828.0,False
b3c5,Batch 3,427.0,1.0317847,828.0,False
b3c5,Batch 3,430.0,1.0316216,828.0,False
b3c5,Batch 3,434.0,1.0311931,828.0,False
b3c5,Batch 3,438.0,1.0310134,828.0,False
b3c5,Batch 3,442.0,1.0306822,828.0,False
b3c5,Batch 3,446.0,1.030239,828.0,False
b3c5,Batch 3,449.0,1.0299937,828.0,False
b3c5,Batch 3,453.0,1.029431,828.0,False
b3c5,Batch 3,457.0,1.0293301,828.0,False
b3c5,Batch 3,461.0,1.0288545,828.0,False
b3c5,Batch 3,464.0,1.0283616,828.0,False
b3c5,Batch 3,468.0,1.0278893,828.0,False
b3c5,Batch 3,472.0,1.0273712,828.0,False
b3c5,Batch 3,476.0,1.026668,828.0,False
b3c5,Batch 3,480.0,1.0265076,828.0,False
b3c5,Batch 3,483.0,1.0263712,828.0,False
b3c5,Batch 3,487.0,1.0261606,828.0,False
b3c5,Batch 3,491.0,1.0257423,828.0,False
b3c5,Batch 3,495.0,1.025245,828.0,False
b3c5,Batch 3,498.0,1.0248156,828.0,False
b3c5,Batch 3,502.0,1.0243856,828.0,False
b3c5,Batch 3,506.0,1.0239463,828.0,False
b3c5,Batch 3,510.0,1.0235255,828.0,False
b3c5,Batch 3,513.0,1.0231493,828.0,False
b3c5,Batch 3,517.0,1.022647,828.0,False
b3c5,Batch 3,521.0,1.0220284,828.0,False
b3c5,Batch 3,525.0,1.0214218,828.0,False
b3c5,Batch 3,529.0,1.021035,828.0,False
b3c5,Batch 3,532.0,1.0205523,828.0,False
b3c5,Batch 3,536.0,1.0201443,828.0,False
b3c5,Batch 3,540.0,1.0194757,828.0,False
b3c5,Batch 3,544.0,1.0188594,828.0,False
b3c5,Batch 3,547.0,1.0182768,828.0,False
b3c5,Batch 3,551.0,1.0180098,828.0,False
b3c5,Batch 3,555.0,1.0177578,828.0,False
b3c5,Batch 3,559.0,1.0171474,828.0,False
b3c5,Batch 3,562.0,1.0166967,828.0,False
b3c5,Batch 3,566.0,1.0160249,828.0,False
b3c5,Batch 3,570.0,1.0154196,828.0,False
b3c5,Batch 3,574.0,1.0147638,828.0,False
b3c5,Batch 3,578.0,1.013986,828.0,False
b3c5,Batch 3,581.0,1.0135491,828.0,False
b3c5,Batch 3,585.0,1.0127658,828.0,False
b3c5,Batch 3,589.0,1.0119671,828.0,False
b3c5,Batch 3,593.0,1.0115157,828.0,False
b3c5,Batch 3,596.0,1.0110567,828.0,False
b3c5,Batch 3,600.0,1.0105088,828.0,False
b3c5,Batch 3,604.0,1.0096867,828.0,False
b3c5,Batch 3,608.0,1.0091513,828.0,False
b3c5,Batch 3,612.0,1.0083307,828.0,False
b3c5,Batch 3,615.0,1.0076797,828.0,False
b3c5,Batch 3,619.0,1.0069648,828.0,False
b3c5,Batch 3,623.0,1.0061262,828.0,False
b3c5,Batch 3,627.0,1.0055394,828.0,False
b3c5,Batch 3,630.0,1.0047325,828.0,False
b3c5,Batch 3,634.0,1.0037161,828.0,False
b3c5,Batch 3,638.0,1.002833,828.0,False
b3c5,Batch 3,642.0,1.0021731,828.0,False
b3c5,Batch 3,645.0,1.001534,828.0,False
b3c5,Batch 3,649.0,1.0005252,828.0,False
b3c5,Batch 3,653.0,0.99949509,828.0,False
b3c5,Batch 3,657.0,0.99852973,828.0,False
b3c5,Batch 3,661.0,0.99749988,828.0,False
b3c5,Batch 3,664.0,0.996768,828.0,False
b3c5,Batch 3,668.0,0.9956575,828.0,False
b3c5,Batch 3,672.0,0.99468958,828.0,False
b3c5,Batch 3,676.0,0.99341917,828.0,False
b3c5,Batch 3,679.0,0.99271667,828.0,False
b3c5,Batch 3,683.0,0.99165207,828.0,False
b3c5,Batch 3,687.0,0.99017143,828.0,False
b3c5,Batch 3,691.0,0.98904747,828.0,False
b3c5,Batch 3,694.0,0.98809165,828.0,False
b3c5,Batch 3,698.0,0.98660249,828.0,False
b3c5,Batch 3,702.0,0.98528832,828.0,False
b3c5,Batch 3,706.0,0.9839651,828.0,False
b3c5,Batch 3,710.0,0.9822309,828.0,False
b3c5,Batch 3,713.0,0.98093826,828.0,False
b3c5,Batch 3,717.0,0.97922564,828.0,False
b3c5,Batch 3,721.0,0.97769773,828.0,False
b3c5,Batch 3,725.0,0.97582668,828.0,False
b3c5,Batch 3,728.0,0.97442681,828.0,False
b3c5,Batch 3,732.0,0.97237808,828.0,False
b3c5,Batch 3,736.0,0.9702242,828.0,False
b3c5,Batch 3,740.0,0.96798193,828.0,False
b3c5,Batch 3,744.0,0.96557009,828.0,False
b3c5,Batch 3,747.0,0.96360463,828.0,False
b3c5,Batch 3,751.0,0.96098804,828.0,False
b3c5,Batch 3,755.0,0.95813787,828.0,False
b3c5,Batch 3,759.0,0.95488244,828.0,False
b3c5,Batch 3,762.0,0.95239192,828.0,False
b3c5,Batch 3,766.0,0.94880432,828.0,False
b3c5,Batch 3,770.0,0.94504982,828.0,False
b3c5,Batch 3,774.0,0.94096941,828.0,False
b3c5,Batch 3,777.0,0.93766028,828.0,False
b3c5,Batch 3,781.0,0.93332821,828.0,False
b3c5,Batch 3,785.0,0.92897356,828.0,False
b3c5,Batch 3,789.0,0.92453933,828.0,False
b3c5,Batch 3,793.0,0.91991657,828.0,False
b3c5,Batch 3,796.0,0.91646624,828.0,False
b3c5,Batch 3,800.0,0.91182518,828.0,False
b3c5,Batch 3,804.0,0.90708148,828.0,False
b3c5,Batch 3,808.0,0.90252346,828.0,False
b3c5,Batch 3,811.0,0.89903015,828.0,False
b3c5,Batch 3,815.0,0.89429545,828.0,False
b3c5,Batch 3,819.0,0.88983768,828.0,False
b3c5,Batch 3,823.0,0.8850131,828.0,False
b3c5,Batch 3,827.0,0.88066918,828.0,False
b3c6,Batch 3,1.0,1.0620248,667.0,False
b3c6,Batch 3,4.0,1.0630591,667.0,False
b3c6,Batch 3,7.0,1.0629483,667.0,False
b3c6,Batch 3,10.0,1.0624539,667.0,False
b3c6,Batch 3,13.0,1.0616318,667.0,False
b3c6,Batch 3,16.0,1.0609072,667.0,False
b3c6,Batch 3,19.0,1.0602862,667.0,False
b3c6,Batch 3,22.0,1.0595942,667.0,False
b3c6,Batch 3,25.0,1.0587656,667.0,False
b3c6,Batch 3,28.0,1.0583693,667.0,False
b3c6,Batch 3,31.0,1.0579997,667.0,False
b3c6,Batch 3,34.0,1.0573143,667.0,False
b3c6,Batch 3,37.0,1.0565403,667.0,False
b3c6,Batch 3,40.0,1.0559384,667.0,False
b3c6,Batch 3,43.0,1.0554632,667.0,False
b3c6,Batch 3,46.0,1.0545297,667.0,False
b3c6,Batch 3,49.0,1.0539025,667.0,False
b3c6,Batch 3,52.0,1.0536891,667.0,False
b3c6,Batch 3,55.0,1.0526658,667.0,False
b3c6,Batch 3,58.0,1.0524204,667.0,False
b3c6,Batch 3,61.0,1.0518051,667.0,False
b3c6,Batch 3,64.0,1.0511122,667.0,False
b3c6,Batch 3,67.0,1.0505836,667.0,False
b3c6,Batch 3,70.0,1.0499737,667.0,False
b3c6,Batch 3,73.0,1.0492488,667.0,False
b3c6,Batch 3,76.0,1.0484586,667.0,False
b3c6,Batch 3,79.0,1.0479255,667.0,False
b3c6,Batch 3,82.0,1.0473623,667.0,False
b3c6,Batch 3,86.0,1.0467993,667.0,False
b3c6,Batch 3,89.0,1.0461752,667.0,False
b3c6,Batch 3,92.0,1.0457288,667.0,False
b3c6,Batch 3,95.0,1.044857,667.0,False
b3c6,Batch 3,98.0,1.0441024,667.0,False
b3c6,Batch 3,101.0,1.0435516,667.0,False
b3c6,Batch 3,104.0,1.0430702,667.0,False
b3c6,Batch 3,107.0,1.0423266,667.0,False
b3c6,Batch 3,110.0,1.0416248,667.0,False
b3c6,Batch 3,113.0,1.040987,667.0,False
b3c6,Batch 3,116.0,1.0404315,667.0,False
b3c6,Batch 3,119.0,1.0399466,667.0,False
b3c6,Batch 3,122.0,1.0396426,667.0,False
b3c6,Batch 3,125.0,1.038896,667.0,False
b3c6,Batch 3,128.0,1.0382986,667.0,False
b3c6,Batch 3,131.0,1.0375196,667.0,False
b3c6,Batch 3,134.0,1.0368813,667.0,False
b3c6,Batch 3,137.0,1.036209,667.0,False
b3c6,Batch 3,140.0,1.0354168,667.0,False
b3c6,Batch 3,143.0,1.0347289,667.0,False
b3c6,Batch 3,146.0,1.0339292,667.0,False
b3c6,Batch 3,149.0,1.0334083,667.0,False
b3c6,Batch 3,152.0,1.0330302,667.0,False
b3c6,Batch 3,155.0,1.0326387,667.0,False
b3c6,Batch 3,158.0,1.032095,667.0,False
b3c6,Batch 3,161.0,1.0314426,667.0,False
b3c6,Batch 3,164.0,1.03083,667.0,False
b3c6,Batch 3,168.0,1.0298355,667.0,False
b3c6,Batch 3,171.0,1.0289726,667.0,False
b3c6,Batch 3,174.0,1.0282551,667.0,False
b3c6,Batch 3,177.0,1.0277317,667.0,False
b3c6,Batch 3,180.0,1.0269355,667.0,False
b3c6,Batch 3,183.0,1.026381,667.0,False
b3c6,Batch 3,186.0,1.0257797,667.0,False
b3c6,Batch 3,189.0,1.0247908,667.0,False
b3c6,Batch 3,192.0,1.0243961,667.0,False
b3c6,Batch 3,195.0,1.023756,667.0,False
b3c6,Batch 3,198.0,1.0230893,667.0,False
b3c6,Batch 3,201.0,1.0224099,667.0,False
b3c6,Batch 3,204.0,1.0216702,667.0,False
b3c6,Batch 3,207.0,1.0210811,667.0,False
b3c6,Batch 3,210.0,1.020067,667.0,False
b3c6,Batch 3,213.0,1.0195271,667.0,False
b3c6,Batch 3,216.0,1.0188621,667.0,False
b3c6,Batch 3,219.0,1.0184039,667.0,False
b3c6,Batch 3,222.0,1.0178096,667.0,False
b3c6,Batch 3,225.0,1.0170577,667.0,False
b3c6,Batch 3,228.0,1.0164771,667.0,False
b3c6,Batch 3,231.0,1.0159893,667.0,False
b3c6,Batch 3,234.0,1.0153766,667.0,False
b3c6,Batch 3,237.0,1.0146568,667.0,False
b3c6,Batch 3,240.0,1.0143162,667.0,False
b3c6,Batch 3,243.0,1.013793,667.0,False
b3c6,Batch 3,246.0,1.0130529,667.0,False
b3c6,Batch 3,249.0,1.0124766,667.0,False
b3c6,Batch 3,253.0,1.0116303,667.0,False
b3c6,Batch 3,256.0,1.0110137,667.0,False
b3c6,Batch 3,259.0,1.0104642,667.0,False
b3c6,Batch 3,262.0,1.0098914,667.0,False
b3c6,Batch 3,265.0,1.009034,667.0,False
b3c6,Batch 3,268.0,1.0083995,667.0,False
b3c6,Batch 3,271.0,1.00796,667.0,False
b3c6,Batch 3,274.0,1.007471,667.0,False
b3c6,Batch 3,277.0,1.0067345,667.0,False
b3c6,Batch 3,280.0,1.0060682,667.0,False
b3c6,Batch 3,283.0,1.0056629,667.0,False
b3c6,Batch 3,286.0,1.0050805,667.0,False
b3c6,Batch 3,289.0,1.0045433,667.0,False
b3c6,Batch 3,292.0,1.0039777,667.0,False
b3c6,Batch 3,295.0,1.003074,667.0,False
b3c6,Batch 3,298.0,1.002717,667.0,False
b3c6,Batch 3,301.0,1.0022633,667.0,False
b3c6,Batch 3,304.0,1.0014637,667.0,False
b3c6,Batch 3,307.0,1.0009487,667.0,False
b3c6,Batch 3,310.0,1.0002213,667.0,False
b3c6,Batch 3,313.0,0.99980533,667.0,False
b3c6,Batch 3,316.0,0.9991104,667.0,False
b3c6,Batch 3,319.0,0.99865377,667.0,False
b3c6,Batch 3,322.0,0.99790645,667.0,False
b3c6,Batch 3,325.0,0.99720776,667.0,False
b3c6,Batch 3,328.0,0.99667352,667.0,False
b3c6,Batch 3,331.0,0.99590939,667.0,False
b3c6,Batch 3,335.0,0.99505001,667.0,False
b3c6,Batch 3,338.0,0.99438655,667.0,False
b3c6,Batch 3,341.0,0.99372482,667.0,False
b3c6,Batch 3,344.0,0.99344009,667.0,False
b3c6,Batch 3,347.0,0.99282163,667.0,False
b3c6,Batch 3,350.0,0.99213278,667.0,False
b3c6,Batch 3,353.0,0.99134701,667.0,False
b3c6,Batch 3,356.0,0.99069786,667.0,False
b3c6,Batch 3,359.0,0.98988992,667.0,False
b3c6,Batch 3,362.0,0.98946255,667.0,False
b3c6,Batch 3,365.0,0.98891878,667.0,False
b3c6,Batch 3,368.0,0.98835796,667.0,False
b3c6,Batch 3,371.0,0.98751199,667.0,False
b3c6,Batch 3,374.0,0.98709172,667.0,False
b3c6,Batch 3,377.0,0.98652637,667.0,False
b3c6,Batch 3,380.0,0.98583633,667.0,False
b3c6,Batch 3,383.0,0.98509377,667.0,False
b3c6,Batch 3,386.0,0.98447227,667.0,False
b3c6,Batch 3,389.0,0.98351723,667.0,False
b3c6,Batch 3,392.0,0.98297912,667.0,False
b3c6,Batch 3,395.0,0.98238337,667.0,False
b3c6,Batch 3,398.0,0.98153013,667.0,False
b3c6,Batch 3,401.0,0.98076522,667.0,False
b3c6,Batch 3,404.0,0.98030925,667.0,False
b3c6,Batch 3,407.0,0.97958142,667.0,False
b3c6,Batch 3,410.0,0.97881866,667.0,False
b3c6,Batch 3,413.0,0.9780342,667.0,False
b3c6,Batch 3,417.0,0.97715187,667.0,False
b3c6,Batch 3,420.0,0.97663659,667.0,False
b3c6,Batch 3,423.0,0.97583914,667.0,False
b3c6,Batch 3,426.0,0.97508836,667.0,False
b3c6,Batch 3,429.0,0.97450727,667.0,False
b3c6,Batch 3,432.0,0.97366303,667.0,False
b3c6,Batch 3,435.0,0.97296226,667.0,False
b3c6,Batch 3,438.0,0.97225517,667.0,False
b3c6,Batch 3,441.0,0.97130567,667.0,False
b3c6,Batch 3,444.0,0.97059149,667.0,False
b3c6,Batch 3,447.0,0.96984112,667.0,False
b3c6,Batch 3,450.0,0.96888655,667.0,False
b3c6,Batch 3,453.0,0.96807921,667.0,False
b3c6,Batch 3,456.0,0.96724194,667.0,False
b3c6,Batch 3,459.0,0.9663443,667.0,False
b3c6,Batch 3,462.0,0.96551085,667.0,False
b3c6,Batch 3,465.0,0.96454901,667.0,False
b3c6,Batch 3,468.0,0.96358174,667.0,False
b3c6,Batch 3,471.0,0.96265239,667.0,False
b3c6,Batch 3,474.0,0.96174449,667.0,False
b3c6,Batch 3,477.0,0.96076912,667.0,False
b3c6,Batch 3,480.0,0.95963526,667.0,False
b3c6,Batch 3,483.0,0.95880759,667.0,False
b3c6,Batch 3,486.0,0.95788997,667.0,False
b3c6,Batch 3,489.0,0.95686352,667.0,False
b3c6,Batch 3,492.0,0.95578206,667.0,False
b3c6,Batch 3,495.0,0.95472491,667.0,False
b3c6,Batch 3,498.0,0.95376587,667.0,False
b3c6,Batch 3,502.0,0.95228016,667.0,False
b3c6,Batch 3,505.0,0.95106339,667.0,False
b3c6,Batch 3,508.0,0.95009834,667.0,False
b3c6,Batch 3,511.0,0.94906366,667.0,False
b3c6,Batch 3,514.0,0.94821322,667.0,False
b3c6,Batch 3,517.0,0.94727844,667.0,False
b3c6,Batch 3,520.0,0.94641566,667.0,False
b3c6,Batch 3,523.0,0.945171,667.0,False
b3c6,Batch 3,526.0,0.94420391,667.0,False
b3c6,Batch 3,529.0,0.9430899,667.0,False
b3c6,Batch 3,532.0,0.94185382,667.0,False
b3c6,Batch 3,535.0,0.94088864,667.0,False
b3c6,Batch 3,538.0,0.93980646,667.0,False
b3c6,Batch 3,541.0,0.93874085,667.0,False
b3c6,Batch 3,544.0,0.93756068,667.0,False
b3c6,Batch 3,547.0,0.93643224,667.0,False
b3c6,Batch 3,550.0,0.93526,667.0,False
b3c6,Batch 3,553.0,0.92795908,667.0,False
b3c6,Batch 3,556.0,0.92853564,667.0,False
b3c6,Batch 3,559.0,0.92826194,667.0,False
b3c6,Batch 3,562.0,0.92778403,667.0,False
b3c6,Batch 3,565.0,0.92715514,667.0,False
b3c6,Batch 3,568.0,0.92630202,667.0,False
b3c6,Batch 3,571.0,0.92557806,667.0,False
b3c6,Batch 3,574.0,0.92489713,667.0,False
b3c6,Batch 3,577.0,0.924218,667.0,False
b3c6,Batch 3,580.0,0.92321962,667.0,False
b3c6,Batch 3,584.0,0.92203701,667.0,False
b3c6,Batch 3,587.0,0.92121762,667.0,False
b3c6,Batch 3,590.0,0.92021632,667.0,False
b3c6,Batch 3,593.0,0.91916722,667.0,False
b3c6,Batch 3,596.0,0.91815758,667.0,False
b3c6,Batch 3,599.0,0.91705161,667.0,False
b3c6,Batch 3,602.0,0.91584224,667.0,False
b3c6,Batch 3,605.0,0.91475934,667.0,False
b3c6,Batch 3,608.0,0.91348559,667.0,False
b3c6,Batch 3,611.0,0.91228896,667.0,False
b3c6,Batch 3,614.0,0.91094619,667.0,False
b3c6,Batch 3,617.0,0.90973639,667.0,False
b3c6,Batch 3,620.0,0.90819937,667.0,False
b3c6,Batch 3,623.0,0.90693158,667.0,False
b3c6,Batch 3,626.0,0.90534419,667.0,False
b3c6,Batch 3,629.0,0.90379345,667.0,False
b3c6,Batch 3,632.0,0.90216815,667.0,False
b3c6,Batch 3,635.0,0.90064543,667.0,False
b3c6,Batch 3,638.0,0.8989079,667.0,False
b3c6,Batch 3,641.0,0.8971566,667.0,False
b3c6,Batch 3,644.0,0.89522868,667.0,False
b3c6,Batch 3,647.0,0.89345318,667.0,False
b3c6,Batch 3,650.0,0.89147431,667.0,False
b3c6,Batch 3,653.0,0.88954592,667.0,False
b3c6,Batch 3,656.0,0.88738608,667.0,False
b3c6,Batch 3,659.0,0.88520569,667.0,False
b3c6,Batch 3,662.0,0.88290739,667.0,False
b3c6,Batch 3,666.0,0.88052577,667.0,False
b3c7,Batch 3,1.0,1.0664694,1836.0,False
b3c7,Batch 3,9.0,1.0702367,1836.0,False
b3c7,Batch 3,17.0,1.0708863,1836.0,False
b3c7,Batch 3,26.0,1.0706769,1836.0,False
b3c7,Batch 3,34.0,1.0707386,1836.0,False
b3c7,Batch 3,42.0,1.0705273,1836.0,False
b3c7,Batch 3,51.0,1.0703938,1836.0,False
b3c7,Batch 3,59.0,1.0704552,1836.0,False
b3c7,Batch 3,67.0,1.0702479,1836.0,False
b3c7,Batch 3,76.0,1.0701083,1836.0,False
b3c7,Batch 3,84.0,1.0701433,1836.0,False
b3c7,Batch 3,93.0,1.0698048,1836.0,False
b3c7,Batch 3,101.0,1.0694302,1836.0,False
b3c7,Batch 3,109.0,1.0699046,1836.0,False
b3c7,Batch 3,118.0,1.0697056,1836.0,False
b3c7,Batch 3,126.0,1.069402,1836.0,False
b3c7,Batch 3,134.0,1.0692532,1836.0,False
b3c7,Batch 3,143.0,1.0693305,1836.0,False
b3c7,Batch 3,151.0,1.0690708,1836.0,False
b3c7,Batch 3,160.0,1.0687343,1836.0,False
b3c7,Batch 3,168.0,1.0688219,1836.0,False
b3c7,Batch 3,176.0,1.0687827,1836.0,False
b3c7,Batch 3,185.0,1.0685272,1836.0,False
b3c7,Batch 3,193.0,1.0681741,1836.0,False
b3c7,Batch 3,201.0,1.0681632,1836.0,False
b3c7,Batch 3,210.0,1.0681289,1836.0,False
b3c7,Batch 3,218.0,1.0679841,1836.0,False
b3c7,Batch 3,227.0,1.0676271,1836.0,False
b3c7,Batch 3,235.0,1.0672452,1836.0,False
b3c7,Batch 3,243.0,1.0672072,1836.0,False
b3c7,Batch 3,252.0,1.0668241,1836.0,False
b3c7,Batch 3,260.0,1.0666723,1836.0,False
b3c7,Batch 3,268.0,1.0665243,1836.0,False
b3c7,Batch 3,277.0,1.0663818,1836.0,False
b3c7,Batch 3,285.0,1.0659699,1836.0,False
b3c7,Batch 3,294.0,1.0657061,1836.0,False
b3c7,Batch 3,302.0,1.0655193,1836.0,False
b3c7,Batch 3,310.0,1.0652055,1836.0,False
b3c7,Batch 3,319.0,1.0649567,1836.0,False
b3c7,Batch 3,327.0,1.0648123,1836.0,False
b3c7,Batch 3,335.0,1.0645988,1836.0,False
b3c7,Batch 3,344.0,1.0642648,1836.0,False
b3c7,Batch 3,352.0,1.0640892,1836.0,False
b3c7,Batch 3,361.0,1.063925,1836.0,False
b3c7,Batch 3,369.0,1.0624764,1836.0,False
b3c7,Batch 3,377.0,1.0632851,1836.0,False
b3c7,Batch 3,386.0,1.063271,1836.0,False
b3c7,Batch 3,394.0,1.0629466,1836.0,False
b3c7,Batch 3,402.0,1.0626301,1836.0,False
b3c7,Batch 3,411.0,1.0623701,1836.0,False
b3c7,Batch 3,419.0,1.0622262,1836.0,False
b3c7,Batch 3,428.0,1.0619706,1836.0,False
b3c7,Batch 3,436.0,1.0615278,1836.0,False
b3c7,Batch 3,444.0,1.0612875,1836.0,False
b3c7,Batch 3,453.0,1.0611343,1836.0,False
b3c7,Batch 3,461.0,1.0595944,1836.0,False
b3c7,Batch 3,469.0,1.060549,1836.0,False
b3c7,Batch 3,478.0,1.0601962,1836.0,False
b3c7,Batch 3,486.0,1.0598882,1836.0,False
b3c7,Batch 3,495.0,1.0593348,1836.0,False
b3c7,Batch 3,503.0,1.0588808,1836.0,False
b3c7,Batch 3,511.0,1.0589483,1836.0,False
b3c7,Batch 3,520.0,1.0586493,1836.0,False
b3c7,Batch 3,528.0,1.0582378,1836.0,False
b3c7,Batch 3,536.0,1.0578561,1836.0,False
b3c7,Batch 3,545.0,1.055264,1836.0,False
b3c7,Batch 3,553.0,1.0574969,1836.0,False
b3c7,Batch 3,562.0,1.0572811,1836.0,False
b3c7,Batch 3,570.0,1.0569571,1836.0,False
b3c7,Batch 3,578.0,1.0566767,1836.0,False
b3c7,Batch 3,587.0,1.0564203,1836.0,False
b3c7,Batch 3,595.0,1.0560094,1836.0,False
b3c7,Batch 3,603.0,1.0553551,1836.0,False
b3c7,Batch 3,612.0,1.0543438,1836.0,False
b3c7,Batch 3,620.0,1.0551581,1836.0,False
b3c7,Batch 3,629.0,1.0546172,1836.0,False
b3c7,Batch 3,637.0,1.0545799,1836.0,False
b3c7,Batch 3,645.0,1.0541946,1836.0,False
b3c7,Batch 3,654.0,1.0537027,1836.0,False
b3c7,Batch 3,662.0,1.0533575,1836.0,False
b3c7,Batch 3,670.0,1.0530547,1836.0,False
b3c7,Batch 3,679.0,1.0524238,1836.0,False
b3c7,Batch 3,687.0,1.0524027,1836.0,False
b3c7,Batch 3,696.0,1.0520387,1836.0,False
b3c7,Batch 3,704.0,1.0516661,1836.0,False
b3c7,Batch 3,712.0,1.0514842,1836.0,False
b3c7,Batch 3,721.0,1.0512556,1836.0,False
b3c7,Batch 3,729.0,1.049625,1836.0,False
b3c7,Batch 3,737.0,1.0505306,1836.0,False
b3c7,Batch 3,746.0,1.0500939,1836.0,False
b3c7,Batch 3,754.0,1.0496826,1836.0,False
b3c7,Batch 3,763.0,1.048124,1836.0,False
b3c7,Batch 3,771.0,1.0490835,1836.0,False
b3c7,Batch 3,779.0,1.0486352,1836.0,False
b3c7,Batch 3,788.0,1.0481762,1836.0,False
b3c7,Batch 3,796.0,1.0477611,1836.0,False
b3c7,Batch 3,804.0,1.0474119,1836.0,False
b3c7,Batch 3,813.0,1.0470148,1836.0,False
b3c7,Batch 3,821.0,1.0467412,1836.0,False
b3c7,Batch 3,830.0,1.0463904,1836.0,False
b3c7,Batch 3,838.0,1.0459116,1836.0,False
b3c7,Batch 3,846.0,1.0455334,1836.0,False
b3c7,Batch 3,855.0,1.0451035,1836.0,False
b3c7,Batch 3,863.0,1.0446997,1836.0,False
b3c7,Batch 3,871.0,1.0443553,1836.0,False
b3c7,Batch 3,880.0,1.0440294,1836.0,False
b3c7,Batch 3,888.0,1.043678,1836.0,False
b3c7,Batch 3,897.0,1.0432267,1836.0,False
b3c7,Batch 3,905.0,1.0429248,1836.0,False
b3c7,Batch 3,913.0,1.0425379,1836.0,False
b3c7,Batch 3,922.0,1.0420908,1836.0,False
b3c7,Batch 3,930.0,1.0417768,1836.0,False
b3c7,Batch 3,938.0,1.0414165,1836.0,False
b3c7,Batch 3,947.0,1.0409869,1836.0,False
b3c7,Batch 3,955.0,1.0406332,1836.0,False
b3c7,Batch 3,964.0,1.040107,1836.0,False
b3c7,Batch 3,972.0,1.0398498,1836.0,False
b3c7,Batch 3,980.0,1.0395265,1836.0,False
b3c7,Batch 3,989.0,1.0390716,1836.0,False
b3c7,Batch 3,997.0,1.0387096,1836.0,False
b3c7,Batch 3,1005.0,1.0383106,1836.0,False
b3c7,Batch 3,1014.0,1.0379146,1836.0,False
b3c7,Batch 3,1022.0,1.0375633,1836.0,False
b3c7,Batch 3,1031.0,1.037125,1836.0,False
b3c7,Batch 3,1039.0,1.0366963,1836.0,False
b3c7,Batch 3,1047.0,1.0362365,1836.0,False
b3c7,Batch 3,1056.0,1.0358168,1836.0,False
b3c7,Batch 3,1064.0,1.0353544,1836.0,False
b3c7,Batch 3,1072.0,1.0349519,1836.0,False
b3c7,Batch 3,1081.0,1.0344913,1836.0,False
b3c7,Batch 3,1089.0,1.0340189,1836.0,False
b3c7,Batch 3,1098.0,1.0335286,1836.0,False
b3c7,Batch 3,1106.0,1.0330821,1836.0,False
b3c7,Batch 3,1114.0,1.0326623,1836.0,False
b3c7,Batch 3,1123.0,1.0321369,1836.0,False
b3c7,Batch 3,1131.0,1.031684,1836.0,False
b3c7,Batch 3,1139.0,1.0311468,1836.0,False
b3c7,Batch 3,1148.0,1.0306743,1836.0,False
b3c7,Batch 3,1156.0,1.0302082,1836.0,False
b3c7,Batch 3,1165.0,1.0296433,1836.0,False
b3c7,Batch 3,1173.0,1.0292071,1836.0,False
b3c7,Batch 3,1181.0,1.0287639,1836.0,False
b3c7,Batch 3,1190.0,1.028119,1836.0,False
b3c7,Batch 3,1198.0,1.0279554,1836.0,False
b3c7,Batch 3,1206.0,1.0276728,1836.0,False
b3c7,Batch 3,1215.0,1.0271891,1836.0,False
b3c7,Batch 3,1223.0,1.0266647,1836.0,False
b3c7,Batch 3,1232.0,1.0260975,1836.0,False
b3c7,Batch 3,1240.0,1.0256566,1836.0,False
b3c7,Batch 3,1248.0,1.0251034,1836.0,False
b3c7,Batch 3,1257.0,1.0245074,1836.0,False
b3c7,Batch 3,1265.0,1.0240198,1836.0,False
b3c7,Batch 3,1273.0,1.0234427,1836.0,False
b3c7,Batch 3,1282.0,1.0228649,1836.0,False
b3c7,Batch 3,1290.0,1.0222994,1836.0,False
b3c7,Batch 3,1299.0,1.0216681,1836.0,False
b3c7,Batch 3,1307.0,1.0210656,1836.0,False
b3c7,Batch 3,1315.0,1.0204383,1836.0,False
b3c7,Batch 3,1324.0,1.019641,1836.0,False
b3c7,Batch 3,1332.0,1.0189754,1836.0,False
b3c7,Batch 3,1340.0,1.0183383,1836.0,False
b3c7,Batch 3,1349.0,1.0173088,1836.0,False
b3c7,Batch 3,1357.0,1.0164362,1836.0,False
b3c7,Batch 3,1366.0,1.0153459,1836.0,False
b3c7,Batch 3,1374.0,1.0144613,1836.0,False
b3c7,Batch 3,1382.0,1.0134234,1836.0,False
b3c7,Batch 3,1391.0,1.0123285,1836.0,False
b3c7,Batch 3,1399.0,1.0112841,1836.0,False
b3c7,Batch 3,1407.0,1.0101565,1836.0,False
b3c7,Batch 3,1416.0,1.0088601,1836.0,False
b3c7,Batch 3,1424.0,1.0077586,1836.0,False
b3c7,Batch 3,1433.0,1.0063081,1836.0,False
b3c7,Batch 3,1441.0,1.0049993,1836.0,False
b3c7,Batch 3,1449.0,1.0037122,1836.0,False
b3c7,Batch 3,1458.0,1.0022224,1836.0,False
b3c7,Batch 3,1466.0,1.0007341,1836.0,False
b3c7,Batch 3,1474.0,0.99920058,1836.0,False
b3c7,Batch 3,1483.0,0.99751663,1836.0,False
b3c7,Batch 3,1491.0,0.99600697,1836.0,False
b3c7,Batch 3,1500.0,0.99410671,1836.0,False
b3c7,Batch 3,1508.0,0.99237925,1836.0,False
b3c7,Batch 3,1516.0,0.99063021,1836.0,False
b3c7,Batch 3,1525.0,0.98873419,1836.0,False
b3c7,Batch 3,1533.0,0.98694056,1836.0,False
b3c7,Batch 3,1541.0,0.98468816,1836.0,False
b3c7,Batch 3,1550.0,0.98253852,1836.0,False
b3c7,Batch 3,1558.0,0.98073769,1836.0,False
b3c7,Batch 3,1567.0,0.97852123,1836.0,False
b3c7,Batch 3,1575.0,0.97643453,1836.0,False
b3c7,Batch 3,1583.0,0.97438931,1836.0,False
b3c7,Batch 3,1592.0,0.97219926,1836.0,False
b3c7,Batch 3,1600.0,0.97008616,1836.0,False
b3c7,Batch 3,1608.0,0.96798706,1836.0,False
b3c7,Batch 3,1617.0,0.96513999,1836.0,False
b3c7,Batch 3,1625.0,0.96235472,1836.0,False
b3c7,Batch 3,1634.0,0.95967311,1836.0,False
b3c7,Batch 3,1642.0,0.95705873,1836.0,False
b3c7,Batch 3,1650.0,0.95459026,1836.0,False
b3c7,Batch 3,1659.0,0.95163262,1836.0,False
b3c7,Batch 3,1667.0,0.94965839,1836.0,False
b3c7,Batch 3,1675.0,0.9471674,1836.0,False
b3c7,Batch 3,1684.0,0.94397014,1836.0,False
b3c7,Batch 3,1692.0,0.94105744,1836.0,False
b3c7,Batch 3,1701.0,0.93749273,1836.0,False
b3c7,Batch 3,1709.0,0.9345594,1836.0,False
b3c7,Batch 3,1717.0,0.93164659,1836.0,False
b3c7,Batch 3,1726.0,0.92865944,1836.0,False
b3c7,Batch 3,1734.0,0.92524308,1836.0,False
b3c7,Batch 3,1742.0,0.92191261,1836.0,False
b3c7,Batch 3,1751.0,0.91827571,1836.0,False
b3c7,Batch 3,1759.0,0.91484827,1836.0,False
b3c7,Batch 3,1768.0,0.91083711,1836.0,False
b3c7,Batch 3,1776.0,0.90735108,1836.0,False
b3c7,Batch 3,1784.0,0.90300059,1836.0,False
b3c7,Batch 3,1793.0,0.89898735,1836.0,False
b3c7,Batch 3,1801.0,0.89536536,1836.0,False
b3c7,Batch 3,1809.0,0.89185643,1836.0,False
b3c7,Batch 3,1818.0,0.88762176,1836.0,False
b3c7,Batch 3,1826.0,0.88425457,1836.0,False
b3c7,Batch 3,1835.0,0.88036358,1836.0,False
b3c8,Batch 3,1.0,1.0636606,828.0,False
b3c8,Batch 3,4.0,1.0662173,828.0,False
b3c8,Batch 3,8.0,1.0675483,828.0,False
b3c8,Batch 3,12.0,1.0679934,828.0,False
b3c8,Batch 3,16.0,1.0684052,828.0,False
b3c8,Batch 3,19.0,1.0684555,828.0,False
b3c8,Batch 3,23.0,1.0685199,828.0,False
b3c8,Batch 3,27.0,1.068436,828.0,False
b3c8,Batch 3,31.0,1.0686032,828.0,False
b3c8,Batch 3,34.0,1.0687144,828.0,False
b3c8,Batch 3,38.0,1.0685281,828.0,False
b3c8,Batch 3,42.0,1.0685564,828.0,False
b3c8,Batch 3,46.0,1.068534,828.0,False
b3c8,Batch 3,50.0,1.0685687,828.0,False
b3c8,Batch 3,53.0,1.0685833,828.0,False
b3c8,Batch 3,57.0,1.0684069,828.0,False
b3c8,Batch 3,61.0,1.0683568,828.0,False
b3c8,Batch 3,65.0,1.0682427,828.0,False
b3c8,Batch 3,68.0,1.0680449,828.0,False
b3c8,Batch 3,72.0,1.0679014,828.0,False
b3c8,Batch 3,76.0,1.0677494,828.0,False
b3c8,Batch 3,80.0,1.0677133,828.0,False
b3c8,Batch 3,83.0,1.0676322,828.0,False
b3c8,Batch 3,87.0,1.0677521,828.0,False
b3c8,Batch 3,91.0,1.0673678,828.0,False
b3c8,Batch 3,95.0,1.0673332,828.0,False
b3c8,Batch 3,99.0,1.0671253,828.0,False
b3c8,Batch 3,102.0,1.0669307,828.0,False
b3c8,Batch 3,106.0,1.0668057,828.0,False
b3c8,Batch 3,110.0,1.0668604,828.0,False
b3c8,Batch 3,114.0,1.0668457,828.0,False
b3c8,Batch 3,117.0,1.0667652,828.0,False
b3c8,Batch 3,121.0,1.0664834,828.0,False
b3c8,Batch 3,125.0,1.066331,828.0,False
b3c8,Batch 3,129.0,1.0661418,828.0,False
b3c8,Batch 3,133.0,1.0659556,828.0,False
b3c8,Batch 3,136.0,1.0659615,828.0,False
b3c8,Batch 3,140.0,1.0657946,828.0,False
b3c8,Batch 3,144.0,1.0656825,828.0,False
b3c8,Batch 3,148.0,1.0655913,828.0,False
b3c8,Batch 3,151.0,1.0652314,828.0,False
b3c8,Batch 3,155.0,1.0651072,828.0,False
b3c8,Batch 3,159.0,1.0649271,828.0,False
b3c8,Batch 3,163.0,1.0646394,828.0,False
b3c8,Batch 3,166.0,1.0645343,828.0,False
b3c8,Batch 3,170.0,1.064649,828.0,False
b3c8,Batch 3,174.0,1.0644544,828.0,False
b3c8,Batch 3,178.0,1.0643637,828.0,False
b3c8,Batch 3,182.0,1.0641603,828.0,False
b3c8,Batch 3,185.0,1.0640481,828.0,False
b3c8,Batch 3,189.0,1.063839,828.0,False
b3c8,Batch 3,193.0,1.0635819,828.0,False
b3c8,Batch 3,197.0,1.0632987,828.0,False
b3c8,Batch 3,200.0,1.0634203,828.0,False
b3c8,Batch 3,204.0,1.0632221,828.0,False
b3c8,Batch 3,208.0,1.0632565,828.0,False
b3c8,Batch 3,212.0,1.063055,828.0,False
b3c8,Batch 3,215.0,1.0628535,828.0,False
b3c8,Batch 3,219.0,1.0627742,828.0,False
b3c8,Batch 3,223.0,1.0625979,828.0,False
b3c8,Batch 3,227.0,1.0623564,828.0,False
b3c8,Batch 3,231.0,1.0622344,828.0,False
b3c8,Batch 3,234.0,1.0620366,828.0,False
b3c8,Batch 3,238.0,1.0619273,828.0,False
b3c8,Batch 3,242.0,1.0616021,828.0,False
b3c8,Batch 3,246.0,1.0614624,828.0,False
b3c8,Batch 3,249.0,1.0613912,828.0,False
b3c8,Batch 3,253.0,1.0612046,828.0,False
b3c8,Batch 3,257.0,1.0609528,828.0,False
b3c8,Batch 3,261.0,1.0607071,828.0,False
b3c8,Batch 3,265.0,1.06056,828.0,False
b3c8,Batch 3,268.0,1.0604317,828.0,False
b3c8,Batch 3,272.0,1.0601102,828.0,False
b3c8,Batch 3,276.0,1.0600116,828.0,False
b3c8,Batch 3,280.0,1.0596358,828.0,False
b3c8,Batch 3,283.0,1.058305,828.0,False
b3c8,Batch 3,287.0,1.0593269,828.0,False
b3c8,Batch 3,291.0,1.0590605,828.0,False
b3c8,Batch 3,295.0,1.0588342,828.0,False
b3c8,Batch 3,298.0,1.0587409,828.0,False
b3c8,Batch 3,302.0,1.0584346,828.0,False
b3c8,Batch 3,306.0,1.0583277,828.0,False
b3c8,Batch 3,310.0,1.0580653,828.0,False
b3c8,Batch 3,314.0,1.0577244,828.0,False
b3c8,Batch 3,317.0,1.0576741,828.0,False
b3c8,Batch 3,321.0,1.0573944,828.0,False
b3c8,Batch 3,325.0,1.0571525,828.0,False
b3c8,Batch 3,329.0,1.0569096,828.0,False
b3c8,Batch 3,332.0,1.0567389,828.0,False
b3c8,Batch 3,336.0,1.0564746,828.0,False
b3c8,Batch 3,340.0,1.056155,828.0,False
b3c8,Batch 3,344.0,1.0557438,828.0,False
b3c8,Batch 3,347.0,1.0555261,828.0,False
b3c8,Batch 3,351.0,1.0554147,828.0,False
b3c8,Batch 3,355.0,1.0552171,828.0,False
b3c8,Batch 3,359.0,1.0549287,828.0,False
b3c8,Batch 3,363.0,1.0549057,828.0,False
b3c8,Batch 3,366.0,1.0547309,828.0,False
b3c8,Batch 3,370.0,1.0543268,828.0,False
b3c8,Batch 3,374.0,1.0541786,828.0,False
b3c8,Batch 3,378.0,1.0539224,828.0,False
b3c8,Batch 3,381.0,1.0537224,828.0,False
b3c8,Batch 3,385.0,1.0534769,828.0,False
b3c8,Batch 3,389.0,1.0531044,828.0,False
b3c8,Batch 3,393.0,1.0528764,828.0,False
b3c8,Batch 3,397.0,1.0526143,828.0,False
b3c8,Batch 3,400.0,1.0524002,828.0,False
b3c8,Batch 3,404.0,1.0520765,828.0,False
b3c8,Batch 3,408.0,1.0517833,828.0,False
b3c8,Batch 3,412.0,1.0514814,828.0,False
b3c8,Batch 3,415.0,1.0512407,828.0,False
b3c8,Batch 3,419.0,1.051,828.0,False
b3c8,Batch 3,423.0,1.0507177,828.0,False
b3c8,Batch 3,427.0,1.0504797,828.0,False
b3c8,Batch 3,430.0,1.0501564,828.0,False
b3c8,Batch 3,434.0,1.0497949,828.0,False
b3c8,Batch 3,438.0,1.049572,828.0,False
b3c8,Batch 3,442.0,1.0491298,828.0,False
b3c8,Batch 3,446.0,1.0487765,828.0,False
b3c8,Batch 3,449.0,1.0484189,828.0,False
b3c8,Batch 3,453.0,1.0483087,828.0,False
b3c8,Batch 3,457.0,1.0480475,828.0,False
b3c8,Batch 3,461.0,1.0477918,828.0,False
b3c8,Batch 3,464.0,1.047515,828.0,False
b3c8,Batch 3,468.0,1.0471206,828.0,False
b3c8,Batch 3,472.0,1.0467576,828.0,False
b3c8,Batch 3,476.0,1.0463535,828.0,False
b3c8,Batch 3,480.0,1.0459572,828.0,False
b3c8,Batch 3,483.0,1.045595,828.0,False
b3c8,Batch 3,487.0,1.0452609,828.0,False
b3c8,Batch 3,491.0,1.0449179,828.0,False
b3c8,Batch 3,495.0,1.0444578,828.0,False
b3c8,Batch 3,498.0,1.0442201,828.0,False
b3c8,Batch 3,502.0,1.043767,828.0,False
b3c8,Batch 3,506.0,1.0432985,828.0,False
b3c8,Batch 3,510.0,1.0425981,828.0,False
b3c8,Batch 3,513.0,1.042232,828.0,False
b3c8,Batch 3,517.0,1.0419838,828.0,False
b3c8,Batch 3,521.0,1.0415614,828.0,False
b3c8,Batch 3,525.0,1.0411525,828.0,False
b3c8,Batch 3,529.0,1.0406865,828.0,False
b3c8,Batch 3,532.0,1.0404533,828.0,False
b3c8,Batch 3,536.0,1.039854,828.0,False
b3c8,Batch 3,540.0,1.039287,828.0,False
b3c8,Batch 3,544.0,1.0387741,828.0,False
b3c8,Batch 3,547.0,1.0383908,828.0,False
b3c8,Batch 3,551.0,1.0379453,828.0,False
b3c8,Batch 3,555.0,1.0375279,828.0,False
b3c8,Batch 3,559.0,1.0371283,828.0,False
b3c8,Batch 3,562.0,1.0367088,828.0,False
b3c8,Batch 3,566.0,1.0363698,828.0,False
b3c8,Batch 3,570.0,1.0358886,828.0,False
b3c8,Batch 3,574.0,1.0354375,828.0,False
b3c8,Batch 3,578.0,1.0349509,828.0,False
b3c8,Batch 3,581.0,1.0344765,828.0,False
b3c8,Batch 3,585.0,1.0340651,828.0,False
b3c8,Batch 3,589.0,1.033578,828.0,False
b3c8,Batch 3,593.0,1.0328543,828.0,False
b3c8,Batch 3,596.0,1.0324423,828.0,False
b3c8,Batch 3,600.0,1.0318854,828.0,False
b3c8,Batch 3,604.0,1.0313314,828.0,False
b3c8,Batch 3,608.0,1.0306143,828.0,False
b3c8,Batch 3,612.0,1.0299971,828.0,False
b3c8,Batch 3,615.0,1.0295299,828.0,False
b3c8,Batch 3,619.0,1.0287975,828.0,False
b3c8,Batch 3,623.0,1.0280886,828.0,False
b3c8,Batch 3,627.0,1.027389,828.0,False
b3c8,Batch 3,630.0,1.0267792,828.0,False
b3c8,Batch 3,634.0,1.026055,828.0,False
b3c8,Batch 3,638.0,1.025175,828.0,False
b3c8,Batch 3,642.0,1.0243152,828.0,False
b3c8,Batch 3,645.0,1.0235691,828.0,False
b3c8,Batch 3,649.0,1.0226865,828.0,False
b3c8,Batch 3,653.0,1.0217509,828.0,False
b3c8,Batch 3,657.0,1.0206707,828.0,False
b3c8,Batch 3,661.0,1.0196309,828.0,False
b3c8,Batch 3,664.0,1.0187041,828.0,False
b3c8,Batch 3,668.0,1.0174887,828.0,False
b3c8,Batch 3,672.0,1.0163318,828.0,False
b3c8,Batch 3,676.0,1.0150214,828.0,False
b3c8,Batch 3,679.0,1.0140041,828.0,False
b3c8,Batch 3,683.0,1.0125736,828.0,False
b3c8,Batch 3,687.0,1.0110694,828.0,False
b3c8,Batch 3,691.0,1.0095528,828.0,False
b3c8,Batch 3,694.0,1.0085183,828.0,False
b3c8,Batch 3,698.0,1.0068682,828.0,False
b3c8,Batch 3,702.0,1.005067,828.0,False
b3c8,Batch 3,706.0,1.003257,828.0,False
b3c8,Batch 3,710.0,1.001323,828.0,False
b3c8,Batch 3,713.0,0.99986142,828.0,False
b3c8,Batch 3,717.0,0.99778664,828.0,False
b3c8,Batch 3,721.0,0.99561656,828.0,False
b3c8,Batch 3,725.0,0.9933545,828.0,False
b3c8,Batch 3,728.0,0.99166501,828.0,False
b3c8,Batch 3,732.0,0.98929542,828.0,False
b3c8,Batch 3,736.0,0.98677236,828.0,False
b3c8,Batch 3,740.0,0.98415637,828.0,False
b3c8,Batch 3,744.0,0.9813416,828.0,False
b3c8,Batch 3,747.0,0.979002,828.0,False
b3c8,Batch 3,751.0,0.97595483,828.0,False
b3c8,Batch 3,755.0,0.97272265,828.0,False
b3c8,Batch 3,759.0,0.96936709,828.0,False
b3c8,Batch 3,762.0,0.96653193,828.0,False
b3c8,Batch 3,766.0,0.96266884,828.0,False
b3c8,Batch 3,770.0,0.95838147,828.0,False
b3c8,Batch 3,774.0,0.95402902,828.0,False
b3c8,Batch 3,777.0,0.95055085,828.0,False
b3c8,Batch 3,781.0,0.94574237,828.0,False
b3c8,Batch 3,785.0,0.94062203,828.0,False
b3c8,Batch 3,789.0,0.93547213,828.0,False
b3c8,Batch 3,793.0,0.92999721,828.0,False
b3c8,Batch 3,796.0,0.92585629,828.0,False
b3c8,Batch 3,800.0,0.92040575,828.0,False
b3c8,Batch 3,804.0,0.91469496,828.0,False
b3c8,Batch 3,808.0,0.9087562,828.0,False
b3c8,Batch 3,811.0,0.90432686,828.0,False
b3c8,Batch 3,815.0,0.89864147,828.0,False
b3c8,Batch 3,819.0,0.89275819,828.0,False
b3c8,Batch 3,823.0,0.88673639,828.0,False
b3c8,Batch 3,827.0,0.88094097,828.0,False
b3c9,Batch 3,1.0,1.0683683,1039.0,False
b3c9,Batch 3,5.0,1.0714244,1039.0,False
b3c9,Batch 3,10.0,1.0727774,1039.0,False
b3c9,Batch 3,15.0,1.0732448,1039.0,False
b3c9,Batch 3,19.0,1.0732032,1039.0,False
b3c9,Batch 3,24.0,1.0732069,1039.0,False
b3c9,Batch 3,29.0,1.073355,1039.0,False
b3c9,Batch 3,34.0,1.0732865,1039.0,False
b3c9,Batch 3,38.0,1.0731657,1039.0,False
b3c9,Batch 3,43.0,1.0731165,1039.0,False
b3c9,Batch 3,48.0,1.073333,1039.0,False
b3c9,Batch 3,53.0,1.0732331,1039.0,False
b3c9,Batch 3,57.0,1.0731769,1039.0,False
b3c9,Batch 3,62.0,1.0729676,1039.0,False
b3c9,Batch 3,67.0,1.0729285,1039.0,False
b3c9,Batch 3,72.0,1.0728135,1039.0,False
b3c9,Batch 3,76.0,1.0728097,1039.0,False
b3c9,Batch 3,81.0,1.0727401,1039.0,False
b3c9,Batch 3,86.0,1.0727814,1039.0,False
b3c9,Batch 3,90.0,1.0724733,1039.0,False
b3c9,Batch 3,95.0,1.0724339,1039.0,False
b3c9,Batch 3,100.0,1.0724456,1039.0,False
b3c9,Batch 3,105.0,1.0723774,1039.0,False
b3c9,Batch 3,109.0,1.0723981,1039.0,False
b3c9,Batch 3,114.0,1.0723492,1039.0,False
b3c9,Batch 3,119.0,1.0722171,1039.0,False
b3c9,Batch 3,124.0,1.0721397,1039.0,False
b3c9,Batch 3,128.0,1.0719769,1039.0,False
b3c9,Batch 3,133.0,1.0717821,1039.0,False
b3c9,Batch 3,138.0,1.0717707,1039.0,False
b3c9,Batch 3,143.0,1.0706832,1039.0,False
b3c9,Batch 3,147.0,1.071869,1039.0,False
b3c9,Batch 3,152.0,1.0716428,1039.0,False
b3c9,Batch 3,157.0,1.0714304,1039.0,False
b3c9,Batch 3,161.0,1.0713334,1039.0,False
b3c9,Batch 3,166.0,1.0711379,1039.0,False
b3c9,Batch 3,171.0,1.0711663,1039.0,False
b3c9,Batch 3,176.0,1.0711886,1039.0,False
b3c9,Batch 3,180.0,1.0710977,1039.0,False
b3c9,Batch 3,185.0,1.0709612,1039.0,False
b3c9,Batch 3,190.0,1.0705886,1039.0,False
b3c9,Batch 3,195.0,1.0703775,1039.0,False
b3c9,Batch 3,199.0,1.0704594,1039.0,False
b3c9,Batch 3,204.0,1.0704286,1039.0,False
b3c9,Batch 3,209.0,1.070394,1039.0,False
b3c9,Batch 3,214.0,1.070325,1039.0,False
b3c9,Batch 3,218.0,1.0702214,1039.0,False
b3c9,Batch 3,223.0,1.0700852,1039.0,False
b3c9,Batch 3,228.0,1.0699649,1039.0,False
b3c9,Batch 3,233.0,1.0699356,1039.0,False
b3c9,Batch 3,237.0,1.0696733,1039.0,False
b3c9,Batch 3,242.0,1.0694618,1039.0,False
b3c9,Batch 3,247.0,1.0693773,1039.0,False
b3c9,Batch 3,251.0,1.0692356,1039.0,False
b3c9,Batch 3,256.0,1.0690475,1039.0,False
b3c9,Batch 3,261.0,1.0689849,1039.0,False
b3c9,Batch 3,266.0,1.0689027,1039.0,False
b3c9,Batch 3,270.0,1.0687025,1039.0,False
b3c9,Batch 3,275.0,1.068619,1039.0,False
b3c9,Batch 3,280.0,1.0684658,1039.0,False
b3c9,Batch 3,285.0,1.0681736,1039.0,False
b3c9,Batch 3,289.0,1.0680928,1039.0,False
b3c9,Batch 3,294.0,1.0679929,1039.0,False
b3c9,Batch 3,299.0,1.0679034,1039.0,False
b3c9,Batch 3,304.0,1.0677679,1039.0,False
b3c9,Batch 3,308.0,1.0675335,1039.0,False
b3c9,Batch 3,313.0,1.0673919,1039.0,False
b3c9,Batch 3,318.0,1.0672255,1039.0,False
b3c9,Batch 3,322.0,1.0671314,1039.0,False
b3c9,Batch 3,327.0,1.0669566,1039.0,False
b3c9,Batch 3,332.0,1.0668699,1039.0,False
b3c9,Batch 3,337.0,1.0665213,1039.0,False
b3c9,Batch 3,341.0,1.066448,1039.0,False
b3c9,Batch 3,346.0,1.0662454,1039.0,False
b3c9,Batch 3,351.0,1.0659776,1039.0,False
b3c9,Batch 3,356.0,1.0659249,1039.0,False
b3c9,Batch 3,360.0,1.0659066,1039.0,False
b3c9,Batch 3,365.0,1.0656652,1039.0,False
b3c9,Batch 3,370.0,1.0655345,1039.0,False
b3c9,Batch 3,375.0,1.0652792,1039.0,False
b3c9,Batch 3,379.0,1.0651648,1039.0,False
b3c9,Batch 3,384.0,1.0648968,1039.0,False
b3c9,Batch 3,389.0,1.0646981,1039.0,False
b3c9,Batch 3,394.0,1.0643957,1039.0,False
b3c9,Batch 3,398.0,1.0641786,1039.0,False
b3c9,Batch 3,403.0,1.0640211,1039.0,False
b3c9,Batch 3,408.0,1.0637708,1039.0,False
b3c9,Batch 3,412.0,1.0636019,1039.0,False
b3c9,Batch 3,417.0,1.0635234,1039.0,False
b3c9,Batch 3,422.0,1.063323,1039.0,False
b3c9,Batch 3,427.0,1.0629803,1039.0,False
b3c9,Batch 3,431.0,1.0627359,1039.0,False
b3c9,Batch 3,436.0,1.0625457,1039.0,False
b3c9,Batch 3,441.0,1.0622534,1039.0,False
b3c9,Batch 3,446.0,1.0619848,1039.0,False
b3c9,Batch 3,450.0,1.0618688,1039.0,False
b3c9,Batch 3,455.0,1.0617379,1039.0,False
b3c9,Batch 3,460.0,1.0614613,1039.0,False
b3c9,Batch 3,465.0,1.0611827,1039.0,False
b3c9,Batch 3,469.0,1.0610002,1039.0,False
b3c9,Batch 3,474.0,1.0607377,1039.0,False
b3c9,Batch 3,479.0,1.0604924,1039.0,False
b3c9,Batch 3,483.0,1.0603154,1039.0,False
b3c9,Batch 3,488.0,1.0600278,1039.0,False
b3c9,Batch 3,493.0,1.059629,1039.0,False
b3c9,Batch 3,498.0,1.0593625,1039.0,False
b3c9,Batch 3,502.0,1.0590329,1039.0,False
b3c9,Batch 3,507.0,1.0586479,1039.0,False
b3c9,Batch 3,512.0,1.0585365,1039.0,False
b3c9,Batch 3,517.0,1.0583756,1039.0,False
b3c9,Batch 3,521.0,1.0581269,1039.0,False
b3c9,Batch 3,526.0,1.0577706,1039.0,False
b3c9,Batch 3,531.0,1.0574814,1039.0,False
b3c9,Batch 3,536.0,1.0571101,1039.0,False
b3c9,Batch 3,540.0,1.0569186,1039.0,False
b3c9,Batch 3,545.0,1.0566216,1039.0,False
b3c9,Batch 3,550.0,1.0564562,1039.0,False
b3c9,Batch 3,555.0,1.0561649,1039.0,False
b3c9,Batch 3,559.0,1.0560399,1039.0,False
b3c9,Batch 3,564.0,1.0556232,1039.0,False
b3c9,Batch 3,569.0,1.0552822,1039.0,False
b3c9,Batch 3,573.0,1.0550821,1039.0,False
b3c9,Batch 3,578.0,1.0547903,1039.0,False
b3c9,Batch 3,583.0,1.054466,1039.0,False
b3c9,Batch 3,588.0,1.054124,1039.0,False
b3c9,Batch 3,592.0,1.0538476,1039.0,False
b3c9,Batch 3,597.0,1.0535264,1039.0,False
b3c9,Batch 3,602.0,1.0531147,1039.0,False
b3c9,Batch 3,607.0,1.0527484,1039.0,False
b3c9,Batch 3,611.0,1.0524249,1039.0,False
b3c9,Batch 3,616.0,1.0520524,1039.0,False
b3c9,Batch 3,621.0,1.0516623,1039.0,False
b3c9,Batch 3,626.0,1.0512367,1039.0,False
b3c9,Batch 3,630.0,1.0509681,1039.0,False
b3c9,Batch 3,635.0,1.050595,1039.0,False
b3c9,Batch 3,640.0,1.0501206,1039.0,False
b3c9,Batch 3,644.0,1.0497681,1039.0,False
b3c9,Batch 3,649.0,1.0493793,1039.0,False
b3c9,Batch 3,654.0,1.0488309,1039.0,False
b3c9,Batch 3,659.0,1.0483088,1039.0,False
b3c9,Batch 3,663.0,1.0478703,1039.0,False
b3c9,Batch 3,668.0,1.0474082,1039.0,False
b3c9,Batch 3,673.0,1.0469787,1039.0,False
b3c9,Batch 3,678.0,1.0465373,1039.0,False
b3c9,Batch 3,682.0,1.0461553,1039.0,False
b3c9,Batch 3,687.0,1.0456595,1039.0,False
b3c9,Batch 3,692.0,1.0450284,1039.0,False
b3c9,Batch 3,697.0,1.0445583,1039.0,False
b3c9,Batch 3,701.0,1.0441257,1039.0,False
b3c9,Batch 3,706.0,1.0436226,1039.0,False
b3c9,Batch 3,711.0,1.0430914,1039.0,False
b3c9,Batch 3,716.0,1.0425828,1039.0,False
b3c9,Batch 3,720.0,1.0421156,1039.0,False
b3c9,Batch 3,725.0,1.0414703,1039.0,False
b3c9,Batch 3,730.0,1.0408485,1039.0,False
b3c9,Batch 3,734.0,1.0403143,1039.0,False
b3c9,Batch 3,739.0,1.0397792,1039.0,False
b3c9,Batch 3,744.0,1.0389977,1039.0,False
b3c9,Batch 3,749.0,1.0382408,1039.0,False
b3c9,Batch 3,753.0,1.0375421,1039.0,False
b3c9,Batch 3,758.0,1.0368072,1039.0,False
b3c9,Batch 3,763.0,1.0359372,1039.0,False
b3c9,Batch 3,768.0,1.0352608,1039.0,False
b3c9,Batch 3,772.0,1.0346081,1039.0,False
b3c9,Batch 3,777.0,1.0337944,1039.0,False
b3c9,Batch 3,782.0,1.0329561,1039.0,False
b3c9,Batch 3,787.0,1.0320048,1039.0,False
b3c9,Batch 3,791.0,1.0312403,1039.0,False
b3c9,Batch 3,796.0,1.0302554,1039.0,False
b3c9,Batch 3,801.0,1.029232,1039.0,False
b3c9,Batch 3,805.0,1.0284603,1039.0,False
b3c9,Batch 3,810.0,1.0273885,1039.0,False
b3c9,Batch 3,815.0,1.0263234,1039.0,False
b3c9,Batch 3,820.0,1.0252757,1039.0,False
b3c9,Batch 3,824.0,1.0243735,1039.0,False
b3c9,Batch 3,829.0,1.0231768,1039.0,False
b3c9,Batch 3,834.0,1.0219402,1039.0,False
b3c9,Batch 3,839.0,1.0207151,1039.0,False
b3c9,Batch 3,843.0,1.0196973,1039.0,False
b3c9,Batch 3,848.0,1.0183072,1039.0,False
b3c9,Batch 3,853.0,1.0168926,1039.0,False
b3c9,Batch 3,858.0,1.0153801,1039.0,False
b3c9,Batch 3,862.0,1.0141386,1039.0,False
b3c9,Batch 3,867.0,1.0125568,1039.0,False
b3c9,Batch 3,872.0,1.0108414,1039.0,False
b3c9,Batch 3,877.0,1.0092012,1039.0,False
b3c9,Batch 3,881.0,1.0076829,1039.0,False
b3c9,Batch 3,886.0,1.0058073,1039.0,False
b3c9,Batch 3,891.0,1.0037029,1039.0,False
b3c9,Batch 3,895.0,1.00204,1039.0,False
b3c9,Batch 3,900.0,0.99965239,1039.0,False
b3c9,Batch 3,905.0,0.99722463,1039.0,False
b3c9,Batch 3,910.0,0.99461752,1039.0,False
b3c9,Batch 3,914.0,0.99245238,1039.0,False
b3c9,Batch 3,919.0,0.98954028,1039.0,False
b3c9,Batch 3,924.0,0.98637444,1039.0,False
b3c9,Batch 3,929.0,0.98311758,1039.0,False
b3c9,Batch 3,933.0,0.98042357,1039.0,False
b3c9,Batch 3,938.0,0.97674823,1039.0,False
b3c9,Batch 3,943.0,0.97309828,1039.0,False
b3c9,Batch 3,948.0,0.96924245,1039.0,False
b3c9,Batch 3,952.0,0.96604592,1039.0,False
b3c9,Batch 3,957.0,0.96173894,1039.0,False
b3c9,Batch 3,962.0,0.95735115,1039.0,False
b3c9,Batch 3,966.0,0.95369065,1039.0,False
b3c9,Batch 3,971.0,0.94907057,1039.0,False
b3c9,Batch 3,976.0,0.94426733,1039.0,False
b3c9,Batch 3,981.0,0.93931586,1039.0,False
b3c9,Batch 3,985.0,0.93524617,1039.0,False
b3c9,Batch 3,990.0,0.93023705,1039.0,False
b3c9,Batch 3,995.0,0.92522758,1039.0,False
b3c9,Batch 3,1000.0,0.92012954,1039.0,False
b3c9,Batch 3,1004.0,0.91590995,1039.0,False
b3c9,Batch 3,1009.0,0.91078377,1039.0,False
b3c9,Batch 3,1014.0,0.9055779,1039.0,False
b3c9,Batch 3,1019.0,0.90027624,1039.0,False
b3c9,Batch 3,1023.0,0.89592767,1039.0,False
b3c9,Batch 3,1028.0,0.89049917,1039.0,False
b3c9,Batch 3,1033.0,0.88505197,1039.0,False
b3c9,Batch 3,1038.0,0.8801114,1039.0,False
b3c10,Batch 3,1.0,1.0608749,1078.0,False
b3c10,Batch 3,5.0,1.0632553,1078.0,False
b3c10,Batch 3,10.0,1.0643069,1078.0,False
b3c10,Batch 3,15.0,1.0645781,1078.0,False
b3c10,Batch 3,20.0,1.0647759,1078.0,False
b3c10,Batch 3,25.0,1.0647819,1078.0,False
b3c10,Batch 3,30.0,1.0648808,1078.0,False
b3c10,Batch 3,35.0,1.0648178,1078.0,False
b3c10,Batch 3,40.0,1.0649499,1078.0,False
b3c10,Batch 3,45.0,1.0650008,1078.0,False
b3c10,Batch 3,50.0,1.0649273,1078.0,False
b3c10,Batch 3,55.0,1.06488,1078.0,False
b3c10,Batch 3,59.0,1.0647954,1078.0,False
b3c10,Batch 3,64.0,1.0646684,1078.0,False
b3c10,Batch 3,69.0,1.0631335,1078.0,False
b3c10,Batch 3,74.0,1.0644875,1078.0,False
b3c10,Batch 3,79.0,1.0642042,1078.0,False
b3c10,Batch 3,84.0,1.0641795,1078.0,False
b3c10,Batch 3,89.0,1.0640713,1078.0,False
b3c10,Batch 3,94.0,1.0638726,1078.0,False
b3c10,Batch 3,99.0,1.0637165,1078.0,False
b3c10,Batch 3,104.0,1.0623376,1078.0,False
b3c10,Batch 3,109.0,1.0623468,1078.0,False
b3c10,Batch 3,114.0,1.0634422,1078.0,False
b3c10,Batch 3,118.0,1.0634915,1078.0,False
b3c10,Batch 3,123.0,1.0631568,1078.0,False
b3c10,Batch 3,128.0,1.0628942,1078.0,False
b3c10,Batch 3,133.0,1.062784,1078.0,False
b3c10,Batch 3,138.0,1.0625196,1078.0,False
b3c10,Batch 3,143.0,1.0626762,1078.0,False
b3c10,Batch 3,148.0,1.0625057,1078.0,False
b3c10,Batch 3,153.0,1.062219,1078.0,False
b3c10,Batch 3,158.0,1.0619251,1078.0,False
b3c10,Batch 3,163.0,1.0616808,1078.0,False
b3c10,Batch 3,168.0,1.0617077,1078.0,False
b3c10,Batch 3,172.0,1.0616785,1078.0,False
b3c10,Batch 3,177.0,1.0616139,1078.0,False
b3c10,Batch 3,182.0,1.061357,1078.0,False
b3c10,Batch 3,187.0,1.0610553,1078.0,False
b3c10,Batch 3,192.0,1.060806,1078.0,False
b3c10,Batch 3,197.0,1.060611,1078.0,False
b3c10,Batch 3,202.0,1.060725,1078.0,False
b3c10,Batch 3,207.0,1.0605874,1078.0,False
b3c10,Batch 3,212.0,1.0604138,1078.0,False
b3c10,Batch 3,217.0,1.0603206,1078.0,False
b3c10,Batch 3,222.0,1.0602092,1078.0,False
b3c10,Batch 3,227.0,1.0599296,1078.0,False
b3c10,Batch 3,231.0,1.0597104,1078.0,False
b3c10,Batch 3,236.0,1.0596385,1078.0,False
b3c10,Batch 3,241.0,1.0593301,1078.0,False
b3c10,Batch 3,246.0,1.0590408,1078.0,False
b3c10,Batch 3,251.0,1.0589451,1078.0,False
b3c10,Batch 3,256.0,1.0584861,1078.0,False
b3c10,Batch 3,261.0,1.0585703,1078.0,False
b3c10,Batch 3,266.0,1.0583036,1078.0,False
b3c10,Batch 3,271.0,1.0579658,1078.0,False
b3c10,Batch 3,276.0,1.0576841,1078.0,False
b3c10,Batch 3,281.0,1.0576752,1078.0,False
b3c10,Batch 3,285.0,1.057353,1078.0,False
b3c10,Batch 3,290.0,1.0573319,1078.0,False
b3c10,Batch 3,295.0,1.0570192,1078.0,False
b3c10,Batch 3,300.0,1.0569903,1078.0,False
b3c10,Batch 3,305.0,1.0567464,1078.0,False
b3c10,Batch 3,310.0,1.0564255,1078.0,False
b3c10,Batch 3,315.0,1.0562061,1078.0,False
b3c10,Batch 3,320.0,1.0560858,1078.0,False
b3c10,Batch 3,325.0,1.0557052,1078.0,False
b3c10,Batch 3,330.0,1.0556456,1078.0,False
b3c10,Batch 3,335.0,1.055456,1078.0,False
b3c10,Batch 3,340.0,1.055223,1078.0,False
b3c10,Batch 3,344.0,1.0551502,1078.0,False
b3c10,Batch 3,349.0,1.0548035,1078.0,False
b3c10,Batch 3,354.0,1.0546509,1078.0,False
b3c10,Batch 3,359.0,1.0544589,1078.0,False
b3c10,Batch 3,364.0,1.0543139,1078.0,False
b3c10,Batch 3,369.0,1.0539528,1078.0,False
b3c10,Batch 3,374.0,1.0539014,1078.0,False
b3c10,Batch 3,379.0,1.0537332,1078.0,False
b3c10,Batch 3,384.0,1.0534642,1078.0,False
b3c10,Batch 3,389.0,1.0533109,1078.0,False
b3c10,Batch 3,394.0,1.0519142,1078.0,False
b3c10,Batch 3,398.0,1.052774,1078.0,False
b3c10,Batch 3,403.0,1.0527307,1078.0,False
b3c10,Batch 3,408.0,1.0524122,1078.0,False
b3c10,Batch 3,413.0,1.0522345,1078.0,False
b3c10,Batch 3,418.0,1.0520172,1078.0,False
b3c10,Batch 3,423.0,1.0517647,1078.0,False
b3c10,Batch 3,428.0,1.0514601,1078.0,False
b3c10,Batch 3,433.0,1.0511785,1078.0,False
b3c10,Batch 3,438.0,1.0508504,1078.0,False
b3c10,Batch 3,443.0,1.0502775,1078.0,False
b3c10,Batch 3,448.0,1.0502043,1078.0,False
b3c10,Batch 3,453.0,1.0502001,1078.0,False
b3c10,Batch 3,457.0,1.0500827,1078.0,False
b3c10,Batch 3,462.0,1.0498761,1078.0,False
b3c10,Batch 3,467.0,1.0484138,1078.0,False
b3c10,Batch 3,472.0,1.0480725,1078.0,False
b3c10,Batch 3,477.0,1.0490086,1078.0,False
b3c10,Batch 3,482.0,1.0488503,1078.0,False
b3c10,Batch 3,487.0,1.0485598,1078.0,False
b3c10,Batch 3,492.0,1.0482129,1078.0,False
b3c10,Batch 3,497.0,1.0479285,1078.0,False
b3c10,Batch 3,502.0,1.0475039,1078.0,False
b3c10,Batch 3,507.0,1.0470661,1078.0,False
b3c10,Batch 3,511.0,1.046864,1078.0,False
b3c10,Batch 3,516.0,1.0467165,1078.0,False
b3c10,Batch 3,521.0,1.0465785,1078.0,False
b3c10,Batch 3,526.0,1.0461814,1078.0,False
b3c10,Batch 3,531.0,1.0446607,1078.0,False
b3c10,Batch 3,536.0,1.0455325,1078.0,False
b3c10,Batch 3,541.0,1.0452385,1078.0,False
b3c10,Batch 3,546.0,1.0448935,1078.0,False
b3c10,Batch 3,551.0,1.0435823,1078.0,False
b3c10,Batch 3,556.0,1.0443754,1078.0,False
b3c10,Batch 3,561.0,1.0429549,1078.0,False
b3c10,Batch 3,566.0,1.0441287,1078.0,False
b3c10,Batch 3,570.0,1.043792,1078.0,False
b3c10,Batch 3,575.0,1.0422012,1078.0,False
b3c10,Batch 3,580.0,1.0432305,1078.0,False
b3c10,Batch 3,585.0,1.0429088,1078.0,False
b3c10,Batch 3,590.0,1.0425296,1078.0,False
b3c10,Batch 3,595.0,1.0423021,1078.0,False
b3c10,Batch 3,600.0,1.0407808,1078.0,False
b3c10,Batch 3,605.0,1.0416739,1078.0,False
b3c10,Batch 3,610.0,1.0414059,1078.0,False
b3c10,Batch 3,615.0,1.0410184,1078.0,False
b3c10,Batch 3,620.0,1.0406774,1078.0,False
b3c10,Batch 3,624.0,1.0403098,1078.0,False
b3c10,Batch 3,629.0,1.0401075,1078.0,False
b3c10,Batch 3,634.0,1.0397143,1078.0,False
b3c10,Batch 3,639.0,1.0395143,1078.0,False
b3c10,Batch 3,644.0,1.0390682,1078.0,False
b3c10,Batch 3,649.0,1.0386198,1078.0,False
b3c10,Batch 3,654.0,1.0383365,1078.0,False
b3c10,Batch 3,659.0,1.037811,1078.0,False
b3c10,Batch 3,664.0,1.0374476,1078.0,False
b3c10,Batch 3,669.0,1.0369598,1078.0,False
b3c10,Batch 3,674.0,1.0365565,1078.0,False
b3c10,Batch 3,679.0,1.0361323,1078.0,False
b3c10,Batch 3,683.0,1.0358229,1078.0,False
b3c10,Batch 3,688.0,1.0353608,1078.0,False
b3c10,Batch 3,693.0,1.0350358,1078.0,False
b3c10,Batch 3,698.0,1.03443,1078.0,False
b3c10,Batch 3,703.0,1.0340315,1078.0,False
b3c10,Batch 3,708.0,1.0322551,1078.0,False
b3c10,Batch 3,713.0,1.0330904,1078.0,False
b3c10,Batch 3,718.0,1.0327662,1078.0,False
b3c10,Batch 3,723.0,1.0322056,1078.0,False
b3c10,Batch 3,728.0,1.0317326,1078.0,False
b3c10,Batch 3,733.0,1.0311582,1078.0,False
b3c10,Batch 3,737.0,1.0308614,1078.0,False
b3c10,Batch 3,742.0,1.030357,1078.0,False
b3c10,Batch 3,747.0,1.0299971,1078.0,False
b3c10,Batch 3,752.0,1.0293132,1078.0,False
b3c10,Batch 3,757.0,1.0287602,1078.0,False
b3c10,Batch 3,762.0,1.0281961,1078.0,False
b3c10,Batch 3,767.0,1.0276614,1078.0,False
b3c10,Batch 3,772.0,1.0258713,1078.0,False
b3c10,Batch 3,777.0,1.0263993,1078.0,False
b3c10,Batch 3,782.0,1.026013,1078.0,False
b3c10,Batch 3,787.0,1.0252867,1078.0,False
b3c10,Batch 3,792.0,1.0246222,1078.0,False
b3c10,Batch 3,796.0,1.0239992,1078.0,False
b3c10,Batch 3,801.0,1.0231981,1078.0,False
b3c10,Batch 3,806.0,1.0225197,1078.0,False
b3c10,Batch 3,811.0,1.0218133,1078.0,False
b3c10,Batch 3,816.0,1.0209843,1078.0,False
b3c10,Batch 3,821.0,1.0203884,1078.0,False
b3c10,Batch 3,826.0,1.0195916,1078.0,False
b3c10,Batch 3,831.0,1.0187877,1078.0,False
b3c10,Batch 3,836.0,1.0178574,1078.0,False
b3c10,Batch 3,841.0,1.0170003,1078.0,False
b3c10,Batch 3,846.0,1.0162475,1078.0,False
b3c10,Batch 3,850.0,1.0153849,1078.0,False
b3c10,Batch 3,855.0,1.0144093,1078.0,False
b3c10,Batch 3,860.0,1.0133132,1078.0,False
b3c10,Batch 3,865.0,1.0122899,1078.0,False
b3c10,Batch 3,870.0,1.0111351,1078.0,False
b3c10,Batch 3,875.0,1.0098758,1078.0,False
b3c10,Batch 3,880.0,1.0087725,1078.0,False
b3c10,Batch 3,885.0,1.0073587,1078.0,False
b3c10,Batch 3,890.0,1.0060967,1078.0,False
b3c10,Batch 3,895.0,1.0044255,1078.0,False
b3c10,Batch 3,900.0,1.0029306,1078.0,False
b3c10,Batch 3,905.0,1.0011501,1078.0,False
b3c10,Batch 3,909.0,0.99971777,1078.0,False
b3c10,Batch 3,914.0,0.99760514,1078.0,False
b3c10,Batch 3,919.0,0.99545139,1078.0,False
b3c10,Batch 3,924.0,0.99304187,1078.0,False
b3c10,Batch 3,929.0,0.99051625,1078.0,False
b3c10,Batch 3,934.0,0.98759264,1078.0,False
b3c10,Batch 3,939.0,0.98442495,1078.0,False
b3c10,Batch 3,944.0,0.98099178,1078.0,False
b3c10,Batch 3,949.0,0.97734267,1078.0,False
b3c10,Batch 3,954.0,0.97364455,1078.0,False
b3c10,Batch 3,959.0,0.96987581,1078.0,False
b3c10,Batch 3,963.0,0.96682435,1078.0,False
b3c10,Batch 3,968.0,0.96298081,1078.0,False
b3c10,Batch 3,973.0,0.95912594,1078.0,False
b3c10,Batch 3,978.0,0.95519453,1078.0,False
b3c10,Batch 3,983.0,0.9513604,1078.0,False
b3c10,Batch 3,988.0,0.94762105,1078.0,False
b3c10,Batch 3,993.0,0.94379228,1078.0,False
b3c10,Batch 3,998.0,0.93980885,1078.0,False
b3c10,Batch 3,1003.0,0.93610239,1078.0,False
b3c10,Batch 3,1008.0,0.93230015,1078.0,False
b3c10,Batch 3,1013.0,0.92858499,1078.0,False
b3c10,Batch 3,1018.0,0.92476779,1078.0,False
b3c10,Batch 3,1022.0,0.92175257,1078.0,False
b3c10,Batch 3,1027.0,0.91791469,1078.0,False
b3c10,Batch 3,1032.0,0.91398156,1078.0,False
b3c10,Batch 3,1037.0,0.91026521,1078.0,False
b3c10,Batch 3,1042.0,0.90641981,1078.0,False
b3c10,Batch 3,1047.0,0.90252906,1078.0,False
b3c10,Batch 3,1052.0,0.89860803,1078.0,False
b3c10,Batch 3,1057.0,0.89472824,1078.0,False
b3c10,Batch 3,1062.0,0.89093977,1078.0,False
b3c10,Batch 3,1067.0,0.88727701,1078.0,False
b3c10,Batch 3,1072.0,0.88365775,1078.0,False
b3c10,Batch 3,1077.0,0.88064086,1078.0,False
b3c11,Batch 3,1.0,1.0673251,817.0,False
b3c11,Batch 3,4.0,1.0690908,817.0,False
b3c11,Batch 3,8.0,1.0690362,817.0,False
b3c11,Batch 3,12.0,1.0704181,817.0,False
b3c11,Batch 3,15.0,1.0705639,817.0,False
b3c11,Batch 3,19.0,1.0707055,817.0,False
b3c11,Batch 3,23.0,1.0705918,817.0,False
b3c11,Batch 3,27.0,1.0705616,817.0,False
b3c11,Batch 3,30.0,1.0705856,817.0,False
b3c11,Batch 3,34.0,1.070603,817.0,False
b3c11,Batch 3,38.0,1.0704347,817.0,False
b3c11,Batch 3,41.0,1.0703399,817.0,False
b3c11,Batch 3,45.0,1.0703039,817.0,False
b3c11,Batch 3,49.0,1.0702119,817.0,False
b3c11,Batch 3,53.0,1.0701998,817.0,False
b3c11,Batch 3,56.0,1.0700663,817.0,False
b3c11,Batch 3,60.0,1.0699824,817.0,False
b3c11,Batch 3,64.0,1.0697865,817.0,False
b3c11,Batch 3,67.0,1.0696206,817.0,False
b3c11,Batch 3,71.0,1.069546,817.0,False
b3c11,Batch 3,75.0,1.0693966,817.0,False
b3c11,Batch 3,79.0,1.0692158,817.0,False
b3c11,Batch 3,82.0,1.0690614,817.0,False
b3c11,Batch 3,86.0,1.0691074,817.0,False
b3c11,Batch 3,90.0,1.068763,817.0,False
b3c11,Batch 3,94.0,1.0686289,817.0,False
b3c11,Batch 3,97.0,1.0684577,817.0,False
b3c11,Batch 3,101.0,1.0682771,817.0,False
b3c11,Batch 3,105.0,1.0680051,817.0,False
b3c11,Batch 3,108.0,1.0679946,817.0,False
b3c11,Batch 3,112.0,1.0680001,817.0,False
b3c11,Batch 3,116.0,1.0679324,817.0,False
b3c11,Batch 3,120.0,1.0676125,817.0,False
b3c11,Batch 3,123.0,1.067487,817.0,False
b3c11,Batch 3,127.0,1.0671276,817.0,False
b3c11,Batch 3,131.0,1.0669402,817.0,False
b3c11,Batch 3,134.0,1.0668268,817.0,False
b3c11,Batch 3,138.0,1.0665905,817.0,False
b3c11,Batch 3,142.0,1.0666071,817.0,False
b3c11,Batch 3,146.0,1.0664375,817.0,False
b3c11,Batch 3,149.0,1.0661755,817.0,False
b3c11,Batch 3,153.0,1.066044,817.0,False
b3c11,Batch 3,157.0,1.0656849,817.0,False
b3c11,Batch 3,161.0,1.0653826,817.0,False
b3c11,Batch 3,164.0,1.0651668,817.0,False
b3c11,Batch 3,168.0,1.0653044,817.0,False
b3c11,Batch 3,172.0,1.0651958,817.0,False
b3c11,Batch 3,175.0,1.064908,817.0,False
b3c11,Batch 3,179.0,1.0647475,817.0,False
b3c11,Batch 3,183.0,1.0645055,817.0,False
b3c11,Batch 3,187.0,1.0642591,817.0,False
b3c11,Batch 3,190.0,1.0640182,817.0,False
b3c11,Batch 3,194.0,1.0635648,817.0,False
b3c11,Batch 3,198.0,1.0636797,817.0,False
b3c11,Batch 3,201.0,1.0634885,817.0,False
b3c11,Batch 3,205.0,1.0634061,817.0,False
b3c11,Batch 3,209.0,1.0632454,817.0,False
b3c11,Batch 3,213.0,1.0630385,817.0,False
b3c11,Batch 3,216.0,1.0629473,817.0,False
b3c11,Batch 3,220.0,1.0626726,817.0,False
b3c11,Batch 3,224.0,1.0623996,817.0,False
b3c11,Batch 3,228.0,1.0622176,817.0,False
b3c11,Batch 3,231.0,1.062121,817.0,False
b3c11,Batch 3,235.0,1.0619215,817.0,False
b3c11,Batch 3,239.0,1.0615563,817.0,False
b3c11,Batch 3,242.0,1.0613717,817.0,False
b3c11,Batch 3,246.0,1.0613263,817.0,False
b3c11,Batch 3,250.0,1.0611527,817.0,False
b3c11,Batch 3,254.0,1.0608246,817.0,False
b3c11,Batch 3,257.0,1.0606509,817.0,False
b3c11,Batch 3,261.0,1.0604074,817.0,False
b3c11,Batch 3,265.0,1.0601901,817.0,False
b3c11,Batch 3,268.0,1.0599539,817.0,False
b3c11,Batch 3,272.0,1.0597825,817.0,False
b3c11,Batch 3,276.0,1.0594907,817.0,False
b3c11,Batch 3,280.0,1.0592394,817.0,False
b3c11,Batch 3,283.0,1.0589976,817.0,False
b3c11,Batch 3,287.0,1.0587577,817.0,False
b3c11,Batch 3,291.0,1.0585155,817.0,False
b3c11,Batch 3,294.0,1.0583366,817.0,False
b3c11,Batch 3,298.0,1.0579929,817.0,False
b3c11,Batch 3,302.0,1.0577917,817.0,False
b3c11,Batch 3,306.0,1.0573642,817.0,False
b3c11,Batch 3,309.0,1.0572034,817.0,False
b3c11,Batch 3,313.0,1.0569197,817.0,False
b3c11,Batch 3,317.0,1.0566013,817.0,False
b3c11,Batch 3,321.0,1.0562901,817.0,False
b3c11,Batch 3,324.0,1.0559403,817.0,False
b3c11,Batch 3,328.0,1.0557227,817.0,False
b3c11,Batch 3,332.0,1.055437,817.0,False
b3c11,Batch 3,335.0,1.0551255,817.0,False
b3c11,Batch 3,339.0,1.0547972,817.0,False
b3c11,Batch 3,343.0,1.0544811,817.0,False
b3c11,Batch 3,347.0,1.0541803,817.0,False
b3c11,Batch 3,350.0,1.0539299,817.0,False
b3c11,Batch 3,354.0,1.0535198,817.0,False
b3c11,Batch 3,358.0,1.0532902,817.0,False
b3c11,Batch 3,361.0,1.0531573,817.0,False
b3c11,Batch 3,365.0,1.0527563,817.0,False
b3c11,Batch 3,369.0,1.0524501,817.0,False
b3c11,Batch 3,373.0,1.0509865,817.0,False
b3c11,Batch 3,376.0,1.0519062,817.0,False
b3c11,Batch 3,380.0,1.0516086,817.0,False
b3c11,Batch 3,384.0,1.0513089,817.0,False
b3c11,Batch 3,388.0,1.0508831,817.0,False
b3c11,Batch 3,391.0,1.0506452,817.0,False
b3c11,Batch 3,395.0,1.0502948,817.0,False
b3c11,Batch 3,399.0,1.0499876,817.0,False
b3c11,Batch 3,402.0,1.0497576,817.0,False
b3c11,Batch 3,406.0,1.0493498,817.0,False
b3c11,Batch 3,410.0,1.0489881,817.0,False
b3c11,Batch 3,414.0,1.0485426,817.0,False
b3c11,Batch 3,417.0,1.0483437,817.0,False
b3c11,Batch 3,421.0,1.047999,817.0,False
b3c11,Batch 3,425.0,1.0476731,817.0,False
b3c11,Batch 3,428.0,1.0473582,817.0,False
b3c11,Batch 3,432.0,1.0469356,817.0,False
b3c11,Batch 3,436.0,1.0465065,817.0,False
b3c11,Batch 3,440.0,1.0459137,817.0,False
b3c11,Batch 3,443.0,1.0455805,817.0,False
b3c11,Batch 3,447.0,1.0451859,817.0,False
b3c11,Batch 3,451.0,1.0448843,817.0,False
b3c11,Batch 3,455.0,1.0445529,817.0,False
b3c11,Batch 3,458.0,1.0442088,817.0,False
b3c11,Batch 3,462.0,1.0437376,817.0,False
b3c11,Batch 3,466.0,1.0432178,817.0,False
b3c11,Batch 3,469.0,1.0429162,817.0,False
b3c11,Batch 3,473.0,1.0424541,817.0,False
b3c11,Batch 3,477.0,1.0419267,817.0,False
b3c11,Batch 3,481.0,1.0414951,817.0,False
b3c11,Batch 3,484.0,1.0411223,817.0,False
b3c11,Batch 3,488.0,1.0406735,817.0,False
b3c11,Batch 3,492.0,1.0400583,817.0,False
b3c11,Batch 3,495.0,1.0396664,817.0,False
b3c11,Batch 3,499.0,1.039091,817.0,False
b3c11,Batch 3,503.0,1.0384108,817.0,False
b3c11,Batch 3,507.0,1.0377393,817.0,False
b3c11,Batch 3,510.0,1.0373302,817.0,False
b3c11,Batch 3,514.0,1.0368907,817.0,False
b3c11,Batch 3,518.0,1.0362734,817.0,False
b3c11,Batch 3,522.0,1.0356935,817.0,False
b3c11,Batch 3,525.0,1.035221,817.0,False
b3c11,Batch 3,529.0,1.0345981,817.0,False
b3c11,Batch 3,533.0,1.0338863,817.0,False
b3c11,Batch 3,536.0,1.0333334,817.0,False
b3c11,Batch 3,540.0,1.0325979,817.0,False
b3c11,Batch 3,544.0,1.0319163,817.0,False
b3c11,Batch 3,548.0,1.0311413,817.0,False
b3c11,Batch 3,551.0,1.0306435,817.0,False
b3c11,Batch 3,555.0,1.0299712,817.0,False
b3c11,Batch 3,559.0,1.0292542,817.0,False
b3c11,Batch 3,562.0,1.028828,817.0,False
b3c11,Batch 3,566.0,1.0280268,817.0,False
b3c11,Batch 3,570.0,1.0271881,817.0,False
b3c11,Batch 3,574.0,1.026413,817.0,False
b3c11,Batch 3,577.0,1.0256945,817.0,False
b3c11,Batch 3,581.0,1.0249807,817.0,False
b3c11,Batch 3,585.0,1.0241557,817.0,False
b3c11,Batch 3,588.0,1.0235604,817.0,False
b3c11,Batch 3,592.0,1.0226152,817.0,False
b3c11,Batch 3,596.0,1.0217576,817.0,False
b3c11,Batch 3,600.0,1.020764,817.0,False
b3c11,Batch 3,603.0,1.0200448,817.0,False
b3c11,Batch 3,607.0,1.0190808,817.0,False
b3c11,Batch 3,611.0,1.0181485,817.0,False
b3c11,Batch 3,615.0,1.0171069,817.0,False
b3c11,Batch 3,618.0,1.0163585,817.0,False
b3c11,Batch 3,622.0,1.0152787,817.0,False
b3c11,Batch 3,626.0,1.0141997,817.0,False
b3c11,Batch 3,629.0,1.0134428,817.0,False
b3c11,Batch 3,633.0,1.0122476,817.0,False
b3c11,Batch 3,637.0,1.0111693,817.0,False
b3c11,Batch 3,641.0,1.0100473,817.0,False
b3c11,Batch 3,644.0,1.0090938,817.0,False
b3c11,Batch 3,648.0,1.0078527,817.0,False
b3c11,Batch 3,652.0,1.0065441,817.0,False
b3c11,Batch 3,655.0,1.0055611,817.0,False
b3c11,Batch 3,659.0,1.0041013,817.0,False
b3c11,Batch 3,663.0,1.0027511,817.0,False
b3c11,Batch 3,667.0,1.0012892,817.0,False
b3c11,Batch 3,670.0,1.0000972,817.0,False
b3c11,Batch 3,674.0,0.99858582,817.0,False
b3c11,Batch 3,678.0,0.99699283,817.0,False
b3c11,Batch 3,682.0,0.99542761,817.0,False
b3c11,Batch 3,685.0,0.99411148,817.0,False
b3c11,Batch 3,689.0,0.99231005,817.0,False
b3c11,Batch 3,693.0,0.99048489,817.0,False
b3c11,Batch 3,696.0,0.98898625,817.0,False
b3c11,Batch 3,700.0,0.98686785,817.0,False
b3c11,Batch 3,704.0,0.98468441,817.0,False
b3c11,Batch 3,708.0,0.98236287,817.0,False
b3c11,Batch 3,711.0,0.98056644,817.0,False
b3c11,Batch 3,715.0,0.97803813,817.0,False
b3c11,Batch 3,719.0,0.97550035,817.0,False
b3c11,Batch 3,722.0,0.97352433,817.0,False
b3c11,Batch 3,726.0,0.97067416,817.0,False
b3c11,Batch 3,730.0,0.96775126,817.0,False
b3c11,Batch 3,734.0,0.96470231,817.0,False
b3c11,Batch 3,737.0,0.96239299,817.0,False
b3c11,Batch 3,741.0,0.95911354,817.0,False
b3c11,Batch 3,745.0,0.95580482,817.0,False
b3c11,Batch 3,749.0,0.95242071,817.0,False
b3c11,Batch 3,752.0,0.94981265,817.0,False
b3c11,Batch 3,756.0,0.94611067,817.0,False
b3c11,Batch 3,760.0,0.9423514,817.0,False
b3c11,Batch 3,763.0,0.93937087,817.0,False
b3c11,Batch 3,767.0,0.9353599,817.0,False
b3c11,Batch 3,771.0,0.93126392,817.0,False
b3c11,Batch 3,775.0,0.92702395,817.0,False
b3c11,Batch 3,778.0,0.92384112,817.0,False
b3c11,Batch 3,782.0,0.91945678,817.0,False
b3c11,Batch 3,786.0,0.91507632,817.0,False
b3c11,Batch 3,789.0,0.9117102,817.0,False
b3c11,Batch 3,793.0,0.90725452,817.0,False
b3c11,Batch 3,797.0,0.90263796,817.0,False
b3c11,Batch 3,801.0,0.89812267,817.0,False
b3c11,Batch 3,804.0,0.89461172,817.0,False
b3c11,Batch 3,808.0,0.88999772,817.0,False
b3c11,Batch 3,812.0,0.88544017,817.0,False
b3c11,Batch 3,816.0,0.88113368,817.0,False
b3c12,Batch 3,1.0,1.0731678,932.0,False
b3c12,Batch 3,5.0,1.0758239,932.0,False
b3c12,Batch 3,9.0,1.0765018,932.0,False
b3c12,Batch 3,13.0,1.0767156,932.0,False
b3c12,Batch 3,17.0,1.0768569,932.0,False
b3c12,Batch 3,22.0,1.0768197,932.0,False
b3c12,Batch 3,26.0,1.0768077,932.0,False
b3c12,Batch 3,30.0,1.0769298,932.0,False
b3c12,Batch 3,34.0,1.076942,932.0,False
b3c12,Batch 3,39.0,1.0767915,932.0,False
b3c12,Batch 3,43.0,1.0765955,932.0,False
b3c12,Batch 3,47.0,1.0765876,932.0,False
b3c12,Batch 3,51.0,1.0766205,932.0,False
b3c12,Batch 3,56.0,1.0765697,932.0,False
b3c12,Batch 3,60.0,1.0764216,932.0,False
b3c12,Batch 3,64.0,1.0763391,932.0,False
b3c12,Batch 3,68.0,1.0761939,932.0,False
b3c12,Batch 3,73.0,1.0761313,932.0,False
b3c12,Batch 3,77.0,1.0760517,932.0,False
b3c12,Batch 3,81.0,1.0759724,932.0,False
b3c12,Batch 3,85.0,1.0760354,932.0,False
b3c12,Batch 3,90.0,1.0757703,932.0,False
b3c12,Batch 3,94.0,1.0757594,932.0,False
b3c12,Batch 3,98.0,1.0756246,932.0,False
b3c12,Batch 3,102.0,1.0755204,932.0,False
b3c12,Batch 3,107.0,1.075498,932.0,False
b3c12,Batch 3,111.0,1.075533,932.0,False
b3c12,Batch 3,115.0,1.0756106,932.0,False
b3c12,Batch 3,119.0,1.075532,932.0,False
b3c12,Batch 3,124.0,1.0753665,932.0,False
b3c12,Batch 3,128.0,1.0751605,932.0,False
b3c12,Batch 3,132.0,1.0750087,932.0,False
b3c12,Batch 3,136.0,1.0748434,932.0,False
b3c12,Batch 3,141.0,1.0749561,932.0,False
b3c12,Batch 3,145.0,1.0749474,932.0,False
b3c12,Batch 3,149.0,1.0747815,932.0,False
b3c12,Batch 3,153.0,1.0746722,932.0,False
b3c12,Batch 3,158.0,1.0743388,932.0,False
b3c12,Batch 3,162.0,1.0743057,932.0,False
b3c12,Batch 3,166.0,1.07416,932.0,False
b3c12,Batch 3,170.0,1.0742949,932.0,False
b3c12,Batch 3,175.0,1.074142,932.0,False
b3c12,Batch 3,179.0,1.074071,932.0,False
b3c12,Batch 3,183.0,1.0739439,932.0,False
b3c12,Batch 3,187.0,1.0737953,932.0,False
b3c12,Batch 3,192.0,1.0734705,932.0,False
b3c12,Batch 3,196.0,1.073341,932.0,False
b3c12,Batch 3,200.0,1.0734786,932.0,False
b3c12,Batch 3,204.0,1.0734506,932.0,False
b3c12,Batch 3,209.0,1.0732771,932.0,False
b3c12,Batch 3,213.0,1.0732431,932.0,False
b3c12,Batch 3,217.0,1.0731701,932.0,False
b3c12,Batch 3,221.0,1.0729762,932.0,False
b3c12,Batch 3,226.0,1.0727611,932.0,False
b3c12,Batch 3,230.0,1.0726504,932.0,False
b3c12,Batch 3,234.0,1.0725499,932.0,False
b3c12,Batch 3,238.0,1.0723858,932.0,False
b3c12,Batch 3,243.0,1.0722432,932.0,False
b3c12,Batch 3,247.0,1.0721872,932.0,False
b3c12,Batch 3,251.0,1.0720916,932.0,False
b3c12,Batch 3,255.0,1.0719026,932.0,False
b3c12,Batch 3,260.0,1.0717958,932.0,False
b3c12,Batch 3,264.0,1.0717001,932.0,False
b3c12,Batch 3,268.0,1.0715786,932.0,False
b3c12,Batch 3,272.0,1.071427,932.0,False
b3c12,Batch 3,277.0,1.0712714,932.0,False
b3c12,Batch 3,281.0,1.0711616,932.0,False
b3c12,Batch 3,285.0,1.0708942,932.0,False
b3c12,Batch 3,289.0,1.0707393,932.0,False
b3c12,Batch 3,294.0,1.0705796,932.0,False
b3c12,Batch 3,298.0,1.0704229,932.0,False
b3c12,Batch 3,302.0,1.0704029,932.0,False
b3c12,Batch 3,306.0,1.0701334,932.0,False
b3c12,Batch 3,311.0,1.0699177,932.0,False
b3c12,Batch 3,315.0,1.0697559,932.0,False
b3c12,Batch 3,319.0,1.0695506,932.0,False
b3c12,Batch 3,323.0,1.0694439,932.0,False
b3c12,Batch 3,327.0,1.0692989,932.0,False
b3c12,Batch 3,332.0,1.0691272,932.0,False
b3c12,Batch 3,336.0,1.068869,932.0,False
b3c12,Batch 3,340.0,1.0686731,932.0,False
b3c12,Batch 3,344.0,1.0685158,932.0,False
b3c12,Batch 3,349.0,1.0682293,932.0,False
b3c12,Batch 3,353.0,1.0680927,932.0,False
b3c12,Batch 3,357.0,1.0680194,932.0,False
b3c12,Batch 3,361.0,1.0679264,932.0,False
b3c12,Batch 3,366.0,1.0676706,932.0,False
b3c12,Batch 3,370.0,1.0674118,932.0,False
b3c12,Batch 3,374.0,1.0673584,932.0,False
b3c12,Batch 3,378.0,1.0670834,932.0,False
b3c12,Batch 3,383.0,1.0668159,932.0,False
b3c12,Batch 3,387.0,1.066678,932.0,False
b3c12,Batch 3,391.0,1.0665454,932.0,False
b3c12,Batch 3,395.0,1.0661985,932.0,False
b3c12,Batch 3,400.0,1.0658596,932.0,False
b3c12,Batch 3,404.0,1.0656773,932.0,False
b3c12,Batch 3,408.0,1.0654708,932.0,False
b3c12,Batch 3,412.0,1.0652392,932.0,False
b3c12,Batch 3,417.0,1.0650144,932.0,False
b3c12,Batch 3,421.0,1.0648212,932.0,False
b3c12,Batch 3,425.0,1.0646704,932.0,False
b3c12,Batch 3,429.0,1.0643433,932.0,False
b3c12,Batch 3,434.0,1.0640888,932.0,False
b3c12,Batch 3,438.0,1.0636746,932.0,False
b3c12,Batch 3,442.0,1.0633599,932.0,False
b3c12,Batch 3,446.0,1.0632355,932.0,False
b3c12,Batch 3,451.0,1.0630608,932.0,False
b3c12,Batch 3,455.0,1.0627874,932.0,False
b3c12,Batch 3,459.0,1.0624715,932.0,False
b3c12,Batch 3,463.0,1.0623591,932.0,False
b3c12,Batch 3,468.0,1.0619071,932.0,False
b3c12,Batch 3,472.0,1.0615624,932.0,False
b3c12,Batch 3,476.0,1.0612853,932.0,False
b3c12,Batch 3,480.0,1.0609751,932.0,False
b3c12,Batch 3,485.0,1.0606244,932.0,False
b3c12,Batch 3,489.0,1.0602766,932.0,False
b3c12,Batch 3,493.0,1.0600003,932.0,False
b3c12,Batch 3,497.0,1.059616,932.0,False
b3c12,Batch 3,502.0,1.0590587,932.0,False
b3c12,Batch 3,506.0,1.0586684,932.0,False
b3c12,Batch 3,510.0,1.0584918,932.0,False
b3c12,Batch 3,514.0,1.0583304,932.0,False
b3c12,Batch 3,519.0,1.0579237,932.0,False
b3c12,Batch 3,523.0,1.057462,932.0,False
b3c12,Batch 3,527.0,1.0570921,932.0,False
b3c12,Batch 3,531.0,1.0567147,932.0,False
b3c12,Batch 3,536.0,1.0562346,932.0,False
b3c12,Batch 3,540.0,1.0559288,932.0,False
b3c12,Batch 3,544.0,1.0556309,932.0,False
b3c12,Batch 3,548.0,1.0553505,932.0,False
b3c12,Batch 3,553.0,1.0550355,932.0,False
b3c12,Batch 3,557.0,1.0547007,932.0,False
b3c12,Batch 3,561.0,1.0543104,932.0,False
b3c12,Batch 3,565.0,1.0539426,932.0,False
b3c12,Batch 3,570.0,1.0534444,932.0,False
b3c12,Batch 3,574.0,1.0531018,932.0,False
b3c12,Batch 3,578.0,1.0527295,932.0,False
b3c12,Batch 3,582.0,1.0523218,932.0,False
b3c12,Batch 3,587.0,1.0517784,932.0,False
b3c12,Batch 3,591.0,1.0513514,932.0,False
b3c12,Batch 3,595.0,1.0509548,932.0,False
b3c12,Batch 3,599.0,1.0505385,932.0,False
b3c12,Batch 3,604.0,1.0499233,932.0,False
b3c12,Batch 3,608.0,1.0495331,932.0,False
b3c12,Batch 3,612.0,1.0490911,932.0,False
b3c12,Batch 3,616.0,1.048556,932.0,False
b3c12,Batch 3,621.0,1.0478764,932.0,False
b3c12,Batch 3,625.0,1.0473716,932.0,False
b3c12,Batch 3,629.0,1.0468291,932.0,False
b3c12,Batch 3,633.0,1.0463351,932.0,False
b3c12,Batch 3,637.0,1.04584,932.0,False
b3c12,Batch 3,642.0,1.0450612,932.0,False
b3c12,Batch 3,646.0,1.0444156,932.0,False
b3c12,Batch 3,650.0,1.0437711,932.0,False
b3c12,Batch 3,654.0,1.0431641,932.0,False
b3c12,Batch 3,659.0,1.0422674,932.0,False
b3c12,Batch 3,663.0,1.0416032,932.0,False
b3c12,Batch 3,667.0,1.0409197,932.0,False
b3c12,Batch 3,671.0,1.040204,932.0,False
b3c12,Batch 3,676.0,1.0394012,932.0,False
b3c12,Batch 3,680.0,1.0386902,932.0,False
b3c12,Batch 3,684.0,1.0379801,932.0,False
b3c12,Batch 3,688.0,1.0371579,932.0,False
b3c12,Batch 3,693.0,1.0361587,932.0,False
b3c12,Batch 3,697.0,1.0352871,932.0,False
b3c12,Batch 3,701.0,1.0344585,932.0,False
b3c12,Batch 3,705.0,1.0336666,932.0,False
b3c12,Batch 3,710.0,1.0326309,932.0,False
b3c12,Batch 3,714.0,1.0318139,932.0,False
b3c12,Batch 3,718.0,1.030937,932.0,False
b3c12,Batch 3,722.0,1.0299456,932.0,False
b3c12,Batch 3,727.0,1.0287664,932.0,False
b3c12,Batch 3,731.0,1.027776,932.0,False
b3c12,Batch 3,735.0,1.0267175,932.0,False
b3c12,Batch 3,739.0,1.0256907,932.0,False
b3c12,Batch 3,744.0,1.0243734,932.0,False
b3c12,Batch 3,748.0,1.0231874,932.0,False
b3c12,Batch 3,752.0,1.021947,932.0,False
b3c12,Batch 3,756.0,1.0207013,932.0,False
b3c12,Batch 3,761.0,1.0190927,932.0,False
b3c12,Batch 3,765.0,1.0177592,932.0,False
b3c12,Batch 3,769.0,1.0164591,932.0,False
b3c12,Batch 3,773.0,1.0150346,932.0,False
b3c12,Batch 3,778.0,1.0133425,932.0,False
b3c12,Batch 3,782.0,1.0117178,932.0,False
b3c12,Batch 3,786.0,1.0101613,932.0,False
b3c12,Batch 3,790.0,1.0084536,932.0,False
b3c12,Batch 3,795.0,1.0062042,932.0,False
b3c12,Batch 3,799.0,1.0043243,932.0,False
b3c12,Batch 3,803.0,1.0023369,932.0,False
b3c12,Batch 3,807.0,1.0004135,932.0,False
b3c12,Batch 3,812.0,0.99770606,932.0,False
b3c12,Batch 3,816.0,0.99548292,932.0,False
b3c12,Batch 3,820.0,0.99315572,932.0,False
b3c12,Batch 3,824.0,0.99077713,932.0,False
b3c12,Batch 3,829.0,0.98745042,932.0,False
b3c12,Batch 3,833.0,0.98463553,932.0,False
b3c12,Batch 3,837.0,0.98168445,932.0,False
b3c12,Batch 3,841.0,0.97857082,932.0,False
b3c12,Batch 3,846.0,0.97441816,932.0,False
b3c12,Batch 3,850.0,0.97095507,932.0,False
b3c12,Batch 3,854.0,0.96719235,932.0,False
b3c12,Batch 3,858.0,0.96333033,932.0,False
b3c12,Batch 3,863.0,0.95838487,932.0,False
b3c12,Batch 3,867.0,0.95423609,932.0,False
b3c12,Batch 3,871.0,0.94987512,932.0,False
b3c12,Batch 3,875.0,0.94545168,932.0,False
b3c12,Batch 3,880.0,0.93986022,932.0,False
b3c12,Batch 3,884.0,0.93526161,932.0,False
b3c12,Batch 3,888.0,0.9306007,932.0,False
b3c12,Batch 3,892.0,0.92603809,932.0,False
b3c12,Batch 3,897.0,0.92024994,932.0,False
b3c12,Batch 3,901.0,0.91557223,932.0,False
b3c12,Batch 3,905.0,0.9109233,932.0,False
b3c12,Batch 3,909.0,0.90617466,932.0,False
b3c12,Batch 3,914.0,0.90033937,932.0,False
b3c12,Batch 3,918.0,0.89557689,932.0,False
b3c12,Batch 3,922.0,0.89091545,932.0,False
b3c12,Batch 3,926.0,0.88620585,932.0,False
b3c12,Batch 3,931.0,0.88080788,932.0,False
b3c13,Batch 3,1.0,1.0642039,816.0,False
b3c13,Batch 3,4.0,1.0671138,816.0,False
b3c13,Batch 3,8.0,1.068422,816.0,False
b3c13,Batch 3,12.0,1.0691273,816.0,False
b3c13,Batch 3,15.0,1.0694506,816.0,False
b3c13,Batch 3,19.0,1.0695611,816.0,False
b3c13,Batch 3,23.0,1.0695587,816.0,False
b3c13,Batch 3,27.0,1.0694423,816.0,False
b3c13,Batch 3,30.0,1.0695565,816.0,False
b3c13,Batch 3,34.0,1.0694629,816.0,False
b3c13,Batch 3,38.0,1.0693597,816.0,False
b3c13,Batch 3,41.0,1.0693408,816.0,False
b3c13,Batch 3,45.0,1.0692797,816.0,False
b3c13,Batch 3,49.0,1.0693117,816.0,False
b3c13,Batch 3,53.0,1.0680228,816.0,False
b3c13,Batch 3,56.0,1.0691832,816.0,False
b3c13,Batch 3,60.0,1.0689275,816.0,False
b3c13,Batch 3,64.0,1.068786,816.0,False
b3c13,Batch 3,67.0,1.0686909,816.0,False
b3c13,Batch 3,71.0,1.0685049,816.0,False
b3c13,Batch 3,75.0,1.0682956,816.0,False
b3c13,Batch 3,79.0,1.068285,816.0,False
b3c13,Batch 3,82.0,1.0680968,816.0,False
b3c13,Batch 3,86.0,1.0681244,816.0,False
b3c13,Batch 3,90.0,1.0678071,816.0,False
b3c13,Batch 3,93.0,1.0676038,816.0,False
b3c13,Batch 3,97.0,1.0674598,816.0,False
b3c13,Batch 3,101.0,1.0672057,816.0,False
b3c13,Batch 3,105.0,1.0670533,816.0,False
b3c13,Batch 3,108.0,1.067049,816.0,False
b3c13,Batch 3,112.0,1.0668793,816.0,False
b3c13,Batch 3,116.0,1.0668322,816.0,False
b3c13,Batch 3,119.0,1.0666221,816.0,False
b3c13,Batch 3,123.0,1.0664172,816.0,False
b3c13,Batch 3,127.0,1.0662169,816.0,False
b3c13,Batch 3,131.0,1.0659405,816.0,False
b3c13,Batch 3,134.0,1.0658276,816.0,False
b3c13,Batch 3,138.0,1.0655698,816.0,False
b3c13,Batch 3,142.0,1.065586,816.0,False
b3c13,Batch 3,145.0,1.0653795,816.0,False
b3c13,Batch 3,149.0,1.0651629,816.0,False
b3c13,Batch 3,153.0,1.0649369,816.0,False
b3c13,Batch 3,157.0,1.0645665,816.0,False
b3c13,Batch 3,160.0,1.0643814,816.0,False
b3c13,Batch 3,164.0,1.0640904,816.0,False
b3c13,Batch 3,168.0,1.0640614,816.0,False
b3c13,Batch 3,171.0,1.0640563,816.0,False
b3c13,Batch 3,175.0,1.0638092,816.0,False
b3c13,Batch 3,179.0,1.0636784,816.0,False
b3c13,Batch 3,183.0,1.0634252,816.0,False
b3c13,Batch 3,186.0,1.0632561,816.0,False
b3c13,Batch 3,190.0,1.0628604,816.0,False
b3c13,Batch 3,194.0,1.0625671,816.0,False
b3c13,Batch 3,197.0,1.0624065,816.0,False
b3c13,Batch 3,201.0,1.0624193,816.0,False
b3c13,Batch 3,205.0,1.0622461,816.0,False
b3c13,Batch 3,209.0,1.062054,816.0,False
b3c13,Batch 3,212.0,1.0619066,816.0,False
b3c13,Batch 3,216.0,1.0617144,816.0,False
b3c13,Batch 3,220.0,1.0615185,816.0,False
b3c13,Batch 3,224.0,1.0612576,816.0,False
b3c13,Batch 3,227.0,1.0610788,816.0,False
b3c13,Batch 3,231.0,1.0608879,816.0,False
b3c13,Batch 3,235.0,1.0606061,816.0,False
b3c13,Batch 3,238.0,1.0604711,816.0,False
b3c13,Batch 3,242.0,1.0601947,816.0,False
b3c13,Batch 3,246.0,1.0600137,816.0,False
b3c13,Batch 3,250.0,1.0597827,816.0,False
b3c13,Batch 3,253.0,1.0595409,816.0,False
b3c13,Batch 3,257.0,1.0592778,816.0,False
b3c13,Batch 3,261.0,1.0589989,816.0,False
b3c13,Batch 3,264.0,1.0589138,816.0,False
b3c13,Batch 3,268.0,1.0586491,816.0,False
b3c13,Batch 3,272.0,1.0583048,816.0,False
b3c13,Batch 3,276.0,1.0581591,816.0,False
b3c13,Batch 3,279.0,1.0579114,816.0,False
b3c13,Batch 3,283.0,1.0575693,816.0,False
b3c13,Batch 3,287.0,1.0572305,816.0,False
b3c13,Batch 3,290.0,1.0570115,816.0,False
b3c13,Batch 3,294.0,1.0568281,816.0,False
b3c13,Batch 3,298.0,1.056456,816.0,False
b3c13,Batch 3,302.0,1.0561963,816.0,False
b3c13,Batch 3,305.0,1.0559264,816.0,False
b3c13,Batch 3,309.0,1.0555668,816.0,False
b3c13,Batch 3,313.0,1.0552806,816.0,False
b3c13,Batch 3,316.0,1.0551382,816.0,False
b3c13,Batch 3,320.0,1.0547856,816.0,False
b3c13,Batch 3,324.0,1.0544846,816.0,False
b3c13,Batch 3,328.0,1.053002,816.0,False
b3c13,Batch 3,331.0,1.0539683,816.0,False
b3c13,Batch 3,335.0,1.0536598,816.0,False
b3c13,Batch 3,339.0,1.0532591,816.0,False
b3c13,Batch 3,342.0,1.0530459,816.0,False
b3c13,Batch 3,346.0,1.0527542,816.0,False
b3c13,Batch 3,350.0,1.0523195,816.0,False
b3c13,Batch 3,354.0,1.0519246,816.0,False
b3c13,Batch 3,357.0,1.0517139,816.0,False
b3c13,Batch 3,361.0,1.051478,816.0,False
b3c13,Batch 3,365.0,1.0511814,816.0,False
b3c13,Batch 3,368.0,1.0508925,816.0,False
b3c13,Batch 3,372.0,1.0505544,816.0,False
b3c13,Batch 3,376.0,1.0502745,816.0,False
b3c13,Batch 3,380.0,1.0498406,816.0,False
b3c13,Batch 3,383.0,1.0495811,816.0,False
b3c13,Batch 3,387.0,1.0492738,816.0,False
b3c13,Batch 3,391.0,1.0488938,816.0,False
b3c13,Batch 3,394.0,1.0486434,816.0,False
b3c13,Batch 3,398.0,1.0482748,816.0,False
b3c13,Batch 3,402.0,1.0478653,816.0,False
b3c13,Batch 3,406.0,1.0475147,816.0,False
b3c13,Batch 3,409.0,1.0472933,816.0,False
b3c13,Batch 3,413.0,1.0468676,816.0,False
b3c13,Batch 3,417.0,1.0465008,816.0,False
b3c13,Batch 3,421.0,1.0461493,816.0,False
b3c13,Batch 3,424.0,1.045784,816.0,False
b3c13,Batch 3,428.0,1.0453942,816.0,False
b3c13,Batch 3,432.0,1.0448993,816.0,False
b3c13,Batch 3,435.0,1.0445616,816.0,False
b3c13,Batch 3,439.0,1.0441179,816.0,False
b3c13,Batch 3,443.0,1.043565,816.0,False
b3c13,Batch 3,447.0,1.0431368,816.0,False
b3c13,Batch 3,450.0,1.0428648,816.0,False
b3c13,Batch 3,454.0,1.0425968,816.0,False
b3c13,Batch 3,458.0,1.0421735,816.0,False
b3c13,Batch 3,461.0,1.0418421,816.0,False
b3c13,Batch 3,465.0,1.0413082,816.0,False
b3c13,Batch 3,469.0,1.0408806,816.0,False
b3c13,Batch 3,473.0,1.0403733,816.0,False
b3c13,Batch 3,476.0,1.0399308,816.0,False
b3c13,Batch 3,480.0,1.0394469,816.0,False
b3c13,Batch 3,484.0,1.0389484,816.0,False
b3c13,Batch 3,487.0,1.0385786,816.0,False
b3c13,Batch 3,491.0,1.0380437,816.0,False
b3c13,Batch 3,495.0,1.0373987,816.0,False
b3c13,Batch 3,499.0,1.0368422,816.0,False
b3c13,Batch 3,502.0,1.0363706,816.0,False
b3c13,Batch 3,506.0,1.0356849,816.0,False
b3c13,Batch 3,510.0,1.0349133,816.0,False
b3c13,Batch 3,513.0,1.0344301,816.0,False
b3c13,Batch 3,517.0,1.0339688,816.0,False
b3c13,Batch 3,521.0,1.0333886,816.0,False
b3c13,Batch 3,525.0,1.0327939,816.0,False
b3c13,Batch 3,528.0,1.0322014,816.0,False
b3c13,Batch 3,532.0,1.0315319,816.0,False
b3c13,Batch 3,536.0,1.0308889,816.0,False
b3c13,Batch 3,539.0,1.0302479,816.0,False
b3c13,Batch 3,543.0,1.0295538,816.0,False
b3c13,Batch 3,547.0,1.0288543,816.0,False
b3c13,Batch 3,551.0,1.028067,816.0,False
b3c13,Batch 3,554.0,1.0275818,816.0,False
b3c13,Batch 3,558.0,1.0269532,816.0,False
b3c13,Batch 3,562.0,1.0262191,816.0,False
b3c13,Batch 3,565.0,1.0257431,816.0,False
b3c13,Batch 3,569.0,1.0249789,816.0,False
b3c13,Batch 3,573.0,1.0241754,816.0,False
b3c13,Batch 3,577.0,1.0232176,816.0,False
b3c13,Batch 3,580.0,1.0225698,816.0,False
b3c13,Batch 3,584.0,1.0217931,816.0,False
b3c13,Batch 3,588.0,1.0209596,816.0,False
b3c13,Batch 3,591.0,1.0203085,816.0,False
b3c13,Batch 3,595.0,1.0194342,816.0,False
b3c13,Batch 3,599.0,1.0184126,816.0,False
b3c13,Batch 3,603.0,1.0174195,816.0,False
b3c13,Batch 3,606.0,1.0166403,816.0,False
b3c13,Batch 3,610.0,1.0155492,816.0,False
b3c13,Batch 3,614.0,1.0145323,816.0,False
b3c13,Batch 3,618.0,1.0134767,816.0,False
b3c13,Batch 3,621.0,1.0126256,816.0,False
b3c13,Batch 3,625.0,1.0115279,816.0,False
b3c13,Batch 3,629.0,1.0103116,816.0,False
b3c13,Batch 3,632.0,1.0094295,816.0,False
b3c13,Batch 3,636.0,1.0081167,816.0,False
b3c13,Batch 3,640.0,1.0068187,816.0,False
b3c13,Batch 3,644.0,1.0055498,816.0,False
b3c13,Batch 3,647.0,1.0045729,816.0,False
b3c13,Batch 3,651.0,1.0031922,816.0,False
b3c13,Batch 3,655.0,1.00164,816.0,False
b3c13,Batch 3,658.0,1.0005728,816.0,False
b3c13,Batch 3,662.0,0.99903917,816.0,False
b3c13,Batch 3,666.0,0.99737871,816.0,False
b3c13,Batch 3,670.0,0.99572492,816.0,False
b3c13,Batch 3,673.0,0.99445003,816.0,False
b3c13,Batch 3,677.0,0.99282497,816.0,False
b3c13,Batch 3,681.0,0.99102557,816.0,False
b3c13,Batch 3,684.0,0.98962367,816.0,False
b3c13,Batch 3,688.0,0.98774779,816.0,False
b3c13,Batch 3,692.0,0.98589212,816.0,False
b3c13,Batch 3,696.0,0.98401618,816.0,False
b3c13,Batch 3,699.0,0.98236072,816.0,False
b3c13,Batch 3,703.0,0.98033315,816.0,False
b3c13,Batch 3,707.0,0.97816145,816.0,False
b3c13,Batch 3,710.0,0.97648573,816.0,False
b3c13,Batch 3,714.0,0.97419709,816.0,False
b3c13,Batch 3,718.0,0.97181755,816.0,False
b3c13,Batch 3,722.0,0.96938157,816.0,False
b3c13,Batch 3,725.0,0.96757364,816.0,False
b3c13,Batch 3,729.0,0.9650206,816.0,False
b3c13,Batch 3,733.0,0.96239305,816.0,False
b3c13,Batch 3,736.0,0.96034473,816.0,False
b3c13,Batch 3,740.0,0.9574517,816.0,False
b3c13,Batch 3,744.0,0.95457339,816.0,False
b3c13,Batch 3,748.0,0.95144075,816.0,False
b3c13,Batch 3,751.0,0.94914895,816.0,False
b3c13,Batch 3,755.0,0.94597173,816.0,False
b3c13,Batch 3,759.0,0.9426266,816.0,False
b3c13,Batch 3,762.0,0.94001251,816.0,False
b3c13,Batch 3,766.0,0.93641812,816.0,False
b3c13,Batch 3,770.0,0.93255144,816.0,False
b3c13,Batch 3,774.0,0.92854357,816.0,False
b3c13,Batch 3,777.0,0.92530751,816.0,False
b3c13,Batch 3,781.0,0.9209978,816.0,False
b3c13,Batch 3,785.0,0.91650212,816.0,False
b3c13,Batch 3,788.0,0.91308314,816.0,False
b3c13,Batch 3,792.0,0.9083426,816.0,False
b3c13,Batch 3,796.0,0.90358663,816.0,False
b3c13,Batch 3,800.0,0.89878929,816.0,False
b3c13,Batch 3,803.0,0.89519656,816.0,False
b3c13,Batch 3,807.0,0.89013952,816.0,False
b3c13,Batch 3,811.0,0.88507134,816.0,False
b3c13,Batch 3,815.0,0.88024569,816.0,False
b3c14,Batch 3,1.0,1.0716274,858.0,False
b3c14,Batch 3,4.0,1.0748252,858.0,False
b3c14,Batch 3,8.0,1.0749184,858.0,False
b3c14,Batch 3,12.0,1.0766684,858.0,False
b3c14,Batch 3,16.0,1.0771286,858.0,False
b3c14,Batch 3,20.0,1.0771823,858.0,False
b3c14,Batch 3,24.0,1.0774468,858.0,False
b3c14,Batch 3,28.0,1.0774307,858.0,False
b3c14,Batch 3,32.0,1.0776217,858.0,False
b3c14,Batch 3,36.0,1.0775311,858.0,False
b3c14,Batch 3,40.0,1.0774063,858.0,False
b3c14,Batch 3,43.0,1.0774307,858.0,False
b3c14,Batch 3,47.0,1.0775838,858.0,False
b3c14,Batch 3,51.0,1.0776124,858.0,False
b3c14,Batch 3,55.0,1.0776132,858.0,False
b3c14,Batch 3,59.0,1.0775231,858.0,False
b3c14,Batch 3,63.0,1.0773369,858.0,False
b3c14,Batch 3,67.0,1.0772123,858.0,False
b3c14,Batch 3,71.0,1.0771581,858.0,False
b3c14,Batch 3,75.0,1.0771011,858.0,False
b3c14,Batch 3,79.0,1.0770459,858.0,False
b3c14,Batch 3,83.0,1.0770643,858.0,False
b3c14,Batch 3,86.0,1.0769718,858.0,False
b3c14,Batch 3,90.0,1.0764735,858.0,False
b3c14,Batch 3,94.0,1.0764502,858.0,False
b3c14,Batch 3,98.0,1.0764287,858.0,False
b3c14,Batch 3,102.0,1.0764312,858.0,False
b3c14,Batch 3,106.0,1.0764376,858.0,False
b3c14,Batch 3,110.0,1.0763974,858.0,False
b3c14,Batch 3,114.0,1.0764098,858.0,False
b3c14,Batch 3,118.0,1.0761749,858.0,False
b3c14,Batch 3,122.0,1.0759994,858.0,False
b3c14,Batch 3,126.0,1.0757791,858.0,False
b3c14,Batch 3,129.0,1.0755048,858.0,False
b3c14,Batch 3,133.0,1.0755208,858.0,False
b3c14,Batch 3,137.0,1.075434,858.0,False
b3c14,Batch 3,141.0,1.0741577,858.0,False
b3c14,Batch 3,145.0,1.075362,858.0,False
b3c14,Batch 3,149.0,1.0751859,858.0,False
b3c14,Batch 3,153.0,1.0750829,858.0,False
b3c14,Batch 3,157.0,1.0747639,858.0,False
b3c14,Batch 3,161.0,1.0744842,858.0,False
b3c14,Batch 3,165.0,1.0745921,858.0,False
b3c14,Batch 3,169.0,1.0744853,858.0,False
b3c14,Batch 3,172.0,1.0743986,858.0,False
b3c14,Batch 3,176.0,1.0742253,858.0,False
b3c14,Batch 3,180.0,1.0741106,858.0,False
b3c14,Batch 3,184.0,1.0739135,858.0,False
b3c14,Batch 3,188.0,1.0735258,858.0,False
b3c14,Batch 3,192.0,1.0732807,858.0,False
b3c14,Batch 3,196.0,1.0733793,858.0,False
b3c14,Batch 3,200.0,1.0732908,858.0,False
b3c14,Batch 3,204.0,1.0733025,858.0,False
b3c14,Batch 3,208.0,1.0731242,858.0,False
b3c14,Batch 3,212.0,1.072849,858.0,False
b3c14,Batch 3,215.0,1.0727905,858.0,False
b3c14,Batch 3,219.0,1.0726316,858.0,False
b3c14,Batch 3,223.0,1.0725149,858.0,False
b3c14,Batch 3,227.0,1.0723852,858.0,False
b3c14,Batch 3,231.0,1.0710534,858.0,False
b3c14,Batch 3,235.0,1.0720017,858.0,False
b3c14,Batch 3,239.0,1.0718786,858.0,False
b3c14,Batch 3,243.0,1.071895,858.0,False
b3c14,Batch 3,247.0,1.0716715,858.0,False
b3c14,Batch 3,251.0,1.0715557,858.0,False
b3c14,Batch 3,255.0,1.0713956,858.0,False
b3c14,Batch 3,258.0,1.0713056,858.0,False
b3c14,Batch 3,262.0,1.0711675,858.0,False
b3c14,Batch 3,266.0,1.0709083,858.0,False
b3c14,Batch 3,270.0,1.0707582,858.0,False
b3c14,Batch 3,274.0,1.0705004,858.0,False
b3c14,Batch 3,278.0,1.0701581,858.0,False
b3c14,Batch 3,282.0,1.0699753,858.0,False
b3c14,Batch 3,286.0,1.0699129,858.0,False
b3c14,Batch 3,290.0,1.0697873,858.0,False
b3c14,Batch 3,294.0,1.069494,858.0,False
b3c14,Batch 3,298.0,1.0693656,858.0,False
b3c14,Batch 3,301.0,1.0692003,858.0,False
b3c14,Batch 3,305.0,1.0688885,858.0,False
b3c14,Batch 3,309.0,1.0685651,858.0,False
b3c14,Batch 3,313.0,1.0683625,858.0,False
b3c14,Batch 3,317.0,1.0682482,858.0,False
b3c14,Batch 3,321.0,1.0679667,858.0,False
b3c14,Batch 3,325.0,1.0678624,858.0,False
b3c14,Batch 3,329.0,1.067649,858.0,False
b3c14,Batch 3,333.0,1.0673604,858.0,False
b3c14,Batch 3,337.0,1.0672269,858.0,False
b3c14,Batch 3,341.0,1.0669671,858.0,False
b3c14,Batch 3,344.0,1.0666897,858.0,False
b3c14,Batch 3,348.0,1.0664972,858.0,False
b3c14,Batch 3,352.0,1.0662898,858.0,False
b3c14,Batch 3,356.0,1.0661472,858.0,False
b3c14,Batch 3,360.0,1.0657883,858.0,False
b3c14,Batch 3,364.0,1.0657128,858.0,False
b3c14,Batch 3,368.0,1.0654082,858.0,False
b3c14,Batch 3,372.0,1.0652438,858.0,False
b3c14,Batch 3,376.0,1.0649296,858.0,False
b3c14,Batch 3,380.0,1.0647184,858.0,False
b3c14,Batch 3,384.0,1.0645345,858.0,False
b3c14,Batch 3,387.0,1.0643632,858.0,False
b3c14,Batch 3,391.0,1.0639591,858.0,False
b3c14,Batch 3,395.0,1.0636104,858.0,False
b3c14,Batch 3,399.0,1.0633472,858.0,False
b3c14,Batch 3,403.0,1.0631689,858.0,False
b3c14,Batch 3,407.0,1.0629252,858.0,False
b3c14,Batch 3,411.0,1.0626192,858.0,False
b3c14,Batch 3,415.0,1.0623598,858.0,False
b3c14,Batch 3,419.0,1.0620812,858.0,False
b3c14,Batch 3,423.0,1.0617504,858.0,False
b3c14,Batch 3,427.0,1.0614293,858.0,False
b3c14,Batch 3,430.0,1.061178,858.0,False
b3c14,Batch 3,434.0,1.0607011,858.0,False
b3c14,Batch 3,438.0,1.0603395,858.0,False
b3c14,Batch 3,442.0,1.0601646,858.0,False
b3c14,Batch 3,446.0,1.060015,858.0,False
b3c14,Batch 3,450.0,1.0597426,858.0,False
b3c14,Batch 3,454.0,1.0591861,858.0,False
b3c14,Batch 3,458.0,1.0589048,858.0,False
b3c14,Batch 3,462.0,1.0585326,858.0,False
b3c14,Batch 3,466.0,1.0582156,858.0,False
b3c14,Batch 3,470.0,1.057703,858.0,False
b3c14,Batch 3,473.0,1.057482,858.0,False
b3c14,Batch 3,477.0,1.0570179,858.0,False
b3c14,Batch 3,481.0,1.056685,858.0,False
b3c14,Batch 3,485.0,1.0562056,858.0,False
b3c14,Batch 3,489.0,1.0557128,858.0,False
b3c14,Batch 3,493.0,1.055117,858.0,False
b3c14,Batch 3,497.0,1.0545461,858.0,False
b3c14,Batch 3,501.0,1.0540571,858.0,False
b3c14,Batch 3,505.0,1.0537901,858.0,False
b3c14,Batch 3,509.0,1.0533941,858.0,False
b3c14,Batch 3,513.0,1.0529054,858.0,False
b3c14,Batch 3,516.0,1.052537,858.0,False
b3c14,Batch 3,520.0,1.0519655,858.0,False
b3c14,Batch 3,524.0,1.0514153,858.0,False
b3c14,Batch 3,528.0,1.0507505,858.0,False
b3c14,Batch 3,532.0,1.0502458,858.0,False
b3c14,Batch 3,536.0,1.0497271,858.0,False
b3c14,Batch 3,540.0,1.0492516,858.0,False
b3c14,Batch 3,544.0,1.0489039,858.0,False
b3c14,Batch 3,548.0,1.0483861,858.0,False
b3c14,Batch 3,552.0,1.0478828,858.0,False
b3c14,Batch 3,556.0,1.0473176,858.0,False
b3c14,Batch 3,559.0,1.0468487,858.0,False
b3c14,Batch 3,563.0,1.046245,858.0,False
b3c14,Batch 3,567.0,1.0456626,858.0,False
b3c14,Batch 3,571.0,1.0451244,858.0,False
b3c14,Batch 3,575.0,1.0444996,858.0,False
b3c14,Batch 3,579.0,1.0438949,858.0,False
b3c14,Batch 3,583.0,1.0432328,858.0,False
b3c14,Batch 3,587.0,1.042493,858.0,False
b3c14,Batch 3,591.0,1.0418241,858.0,False
b3c14,Batch 3,595.0,1.0410466,858.0,False
b3c14,Batch 3,599.0,1.0402695,858.0,False
b3c14,Batch 3,602.0,1.0397031,858.0,False
b3c14,Batch 3,606.0,1.0389372,858.0,False
b3c14,Batch 3,610.0,1.0381676,858.0,False
b3c14,Batch 3,614.0,1.0373228,858.0,False
b3c14,Batch 3,618.0,1.0363517,858.0,False
b3c14,Batch 3,622.0,1.035507,858.0,False
b3c14,Batch 3,626.0,1.0346355,858.0,False
b3c14,Batch 3,630.0,1.0337614,858.0,False
b3c14,Batch 3,634.0,1.0327662,858.0,False
b3c14,Batch 3,638.0,1.0317051,858.0,False
b3c14,Batch 3,642.0,1.0307274,858.0,False
b3c14,Batch 3,645.0,1.0298226,858.0,False
b3c14,Batch 3,649.0,1.0288146,858.0,False
b3c14,Batch 3,653.0,1.0276626,858.0,False
b3c14,Batch 3,657.0,1.0264999,858.0,False
b3c14,Batch 3,661.0,1.0253657,858.0,False
b3c14,Batch 3,665.0,1.0241753,858.0,False
b3c14,Batch 3,669.0,1.0230193,858.0,False
b3c14,Batch 3,673.0,1.0218335,858.0,False
b3c14,Batch 3,677.0,1.0205754,858.0,False
b3c14,Batch 3,681.0,1.0191933,858.0,False
b3c14,Batch 3,685.0,1.0177982,858.0,False
b3c14,Batch 3,688.0,1.016745,858.0,False
b3c14,Batch 3,692.0,1.0153191,858.0,False
b3c14,Batch 3,696.0,1.0138302,858.0,False
b3c14,Batch 3,700.0,1.0124389,858.0,False
b3c14,Batch 3,704.0,1.0109478,858.0,False
b3c14,Batch 3,708.0,1.0094533,858.0,False
b3c14,Batch 3,712.0,1.0078112,858.0,False
b3c14,Batch 3,716.0,1.0061508,858.0,False
b3c14,Batch 3,720.0,1.0043626,858.0,False
b3c14,Batch 3,724.0,1.0025595,858.0,False
b3c14,Batch 3,728.0,1.0006357,858.0,False
b3c14,Batch 3,731.0,0.99922025,858.0,False
b3c14,Batch 3,735.0,0.99722761,858.0,False
b3c14,Batch 3,739.0,0.99500102,858.0,False
b3c14,Batch 3,743.0,0.99283367,858.0,False
b3c14,Batch 3,747.0,0.99044001,858.0,False
b3c14,Batch 3,751.0,0.98805803,858.0,False
b3c14,Batch 3,755.0,0.98546541,858.0,False
b3c14,Batch 3,759.0,0.98281306,858.0,False
b3c14,Batch 3,763.0,0.98006403,858.0,False
b3c14,Batch 3,767.0,0.97728229,858.0,False
b3c14,Batch 3,771.0,0.97440767,858.0,False
b3c14,Batch 3,774.0,0.97205347,858.0,False
b3c14,Batch 3,778.0,0.96896809,858.0,False
b3c14,Batch 3,782.0,0.96581924,858.0,False
b3c14,Batch 3,786.0,0.96248484,858.0,False
b3c14,Batch 3,790.0,0.95901829,858.0,False
b3c14,Batch 3,794.0,0.95533365,858.0,False
b3c14,Batch 3,798.0,0.95148188,858.0,False
b3c14,Batch 3,802.0,0.94788235,858.0,False
b3c14,Batch 3,806.0,0.94387394,858.0,False
b3c14,Batch 3,810.0,0.93979114,858.0,False
b3c14,Batch 3,814.0,0.93559343,858.0,False
b3c14,Batch 3,817.0,0.93236661,858.0,False
b3c14,Batch 3,821.0,0.92793715,858.0,False
b3c14,Batch 3,825.0,0.92334783,858.0,False
b3c14,Batch 3,829.0,0.91844058,858.0,False
b3c14,Batch 3,833.0,0.91341543,858.0,False
b3c14,Batch 3,837.0,0.90833294,858.0,False
b3c14,Batch 3,841.0,0.90291005,858.0,False
b3c14,Batch 3,845.0,0.89749527,858.0,False
b3c14,Batch 3,849.0,0.89179659,858.0,False
b3c14,Batch 3,853.0,0.88587189,858.0,False
b3c14,Batch 3,857.0,0.88065648,858.0,False
b3c15,Batch 3,1.0,1.0677625,876.0,False
b3c15,Batch 3,4.0,1.0695444,876.0,False
b3c15,Batch 3,8.0,1.0694724,876.0,False
b3c15,Batch 3,12.0,1.0710075,876.0,False
b3c15,Batch 3,16.0,1.0712322,876.0,False
b3c15,Batch 3,20.0,1.0710675,876.0,False
b3c15,Batch 3,24.0,1.0711793,876.0,False
b3c15,Batch 3,28.0,1.0711924,876.0,False
b3c15,Batch 3,32.0,1.0712347,876.0,False
b3c15,Batch 3,36.0,1.0712452,876.0,False
b3c15,Batch 3,40.0,1.0709356,876.0,False
b3c15,Batch 3,44.0,1.0708562,876.0,False
b3c15,Batch 3,48.0,1.070948,876.0,False
b3c15,Batch 3,52.0,1.0710239,876.0,False
b3c15,Batch 3,56.0,1.0708469,876.0,False
b3c15,Batch 3,60.0,1.0708133,876.0,False
b3c15,Batch 3,64.0,1.0706885,876.0,False
b3c15,Batch 3,68.0,1.0704526,876.0,False
b3c15,Batch 3,72.0,1.0703154,876.0,False
b3c15,Batch 3,76.0,1.0701382,876.0,False
b3c15,Batch 3,80.0,1.0701374,876.0,False
b3c15,Batch 3,84.0,1.0700451,876.0,False
b3c15,Batch 3,88.0,1.0699638,876.0,False
b3c15,Batch 3,92.0,1.0697106,876.0,False
b3c15,Batch 3,96.0,1.0695676,876.0,False
b3c15,Batch 3,100.0,1.0693594,876.0,False
b3c15,Batch 3,104.0,1.0691731,876.0,False
b3c15,Batch 3,108.0,1.0692132,876.0,False
b3c15,Batch 3,112.0,1.0691444,876.0,False
b3c15,Batch 3,116.0,1.0691494,876.0,False
b3c15,Batch 3,120.0,1.0689245,876.0,False
b3c15,Batch 3,124.0,1.0687642,876.0,False
b3c15,Batch 3,128.0,1.0684438,876.0,False
b3c15,Batch 3,132.0,1.0681655,876.0,False
b3c15,Batch 3,136.0,1.0679982,876.0,False
b3c15,Batch 3,140.0,1.0680941,876.0,False
b3c15,Batch 3,144.0,1.0678766,876.0,False
b3c15,Batch 3,148.0,1.0678211,876.0,False
b3c15,Batch 3,152.0,1.067542,876.0,False
b3c15,Batch 3,156.0,1.0673102,876.0,False
b3c15,Batch 3,160.0,1.067112,876.0,False
b3c15,Batch 3,164.0,1.0668927,876.0,False
b3c15,Batch 3,168.0,1.0668665,876.0,False
b3c15,Batch 3,172.0,1.0666878,876.0,False
b3c15,Batch 3,176.0,1.0665329,876.0,False
b3c15,Batch 3,180.0,1.0663799,876.0,False
b3c15,Batch 3,184.0,1.0662768,876.0,False
b3c15,Batch 3,188.0,1.0660571,876.0,False
b3c15,Batch 3,192.0,1.0656896,876.0,False
b3c15,Batch 3,196.0,1.065466,876.0,False
b3c15,Batch 3,200.0,1.0654362,876.0,False
b3c15,Batch 3,204.0,1.0653811,876.0,False
b3c15,Batch 3,208.0,1.065181,876.0,False
b3c15,Batch 3,212.0,1.0649836,876.0,False
b3c15,Batch 3,216.0,1.0648308,876.0,False
b3c15,Batch 3,220.0,1.0646806,876.0,False
b3c15,Batch 3,224.0,1.0644932,876.0,False
b3c15,Batch 3,228.0,1.0643137,876.0,False
b3c15,Batch 3,232.0,1.0641227,876.0,False
b3c15,Batch 3,236.0,1.0639102,876.0,False
b3c15,Batch 3,240.0,1.0637965,876.0,False
b3c15,Batch 3,244.0,1.0635362,876.0,False
b3c15,Batch 3,248.0,1.0633821,876.0,False
b3c15,Batch 3,252.0,1.0630713,876.0,False
b3c15,Batch 3,256.0,1.0628506,876.0,False
b3c15,Batch 3,260.0,1.0627793,876.0,False
b3c15,Batch 3,264.0,1.0625107,876.0,False
b3c15,Batch 3,268.0,1.0622101,876.0,False
b3c15,Batch 3,272.0,1.0620418,876.0,False
b3c15,Batch 3,276.0,1.0619217,876.0,False
b3c15,Batch 3,280.0,1.0616587,876.0,False
b3c15,Batch 3,284.0,1.0613198,876.0,False
b3c15,Batch 3,288.0,1.0609839,876.0,False
b3c15,Batch 3,292.0,1.0608655,876.0,False
b3c15,Batch 3,296.0,1.0606523,876.0,False
b3c15,Batch 3,300.0,1.0604154,876.0,False
b3c15,Batch 3,304.0,1.0602301,876.0,False
b3c15,Batch 3,308.0,1.0598707,876.0,False
b3c15,Batch 3,312.0,1.0595711,876.0,False
b3c15,Batch 3,316.0,1.0593045,876.0,False
b3c15,Batch 3,320.0,1.0590909,876.0,False
b3c15,Batch 3,324.0,1.0588731,876.0,False
b3c15,Batch 3,328.0,1.0573888,876.0,False
b3c15,Batch 3,332.0,1.0584345,876.0,False
b3c15,Batch 3,336.0,1.05805,876.0,False
b3c15,Batch 3,340.0,1.0577642,876.0,False
b3c15,Batch 3,344.0,1.0573977,876.0,False
b3c15,Batch 3,348.0,1.0570837,876.0,False
b3c15,Batch 3,352.0,1.0568306,876.0,False
b3c15,Batch 3,356.0,1.0564717,876.0,False
b3c15,Batch 3,360.0,1.0563071,876.0,False
b3c15,Batch 3,364.0,1.0561066,876.0,False
b3c15,Batch 3,368.0,1.0558183,876.0,False
b3c15,Batch 3,372.0,1.055567,876.0,False
b3c15,Batch 3,376.0,1.0553105,876.0,False
b3c15,Batch 3,380.0,1.054974,876.0,False
b3c15,Batch 3,384.0,1.0546029,876.0,False
b3c15,Batch 3,388.0,1.0544052,876.0,False
b3c15,Batch 3,392.0,1.0540897,876.0,False
b3c15,Batch 3,396.0,1.0538235,876.0,False
b3c15,Batch 3,400.0,1.0534722,876.0,False
b3c15,Batch 3,404.0,1.0531995,876.0,False
b3c15,Batch 3,408.0,1.0529,876.0,False
b3c15,Batch 3,412.0,1.052564,876.0,False
b3c15,Batch 3,416.0,1.0522394,876.0,False
b3c15,Batch 3,420.0,1.0519091,876.0,False
b3c15,Batch 3,424.0,1.051643,876.0,False
b3c15,Batch 3,428.0,1.0513662,876.0,False
b3c15,Batch 3,432.0,1.0509509,876.0,False
b3c15,Batch 3,436.0,1.0505909,876.0,False
b3c15,Batch 3,439.0,1.0502939,876.0,False
b3c15,Batch 3,443.0,1.0498517,876.0,False
b3c15,Batch 3,447.0,1.0494156,876.0,False
b3c15,Batch 3,451.0,1.0491616,876.0,False
b3c15,Batch 3,455.0,1.0488632,876.0,False
b3c15,Batch 3,459.0,1.048502,876.0,False
b3c15,Batch 3,463.0,1.0481256,876.0,False
b3c15,Batch 3,467.0,1.0477448,876.0,False
b3c15,Batch 3,471.0,1.0472882,876.0,False
b3c15,Batch 3,475.0,1.0468724,876.0,False
b3c15,Batch 3,479.0,1.0464286,876.0,False
b3c15,Batch 3,483.0,1.046049,876.0,False
b3c15,Batch 3,487.0,1.0456172,876.0,False
b3c15,Batch 3,491.0,1.0452356,876.0,False
b3c15,Batch 3,495.0,1.0447409,876.0,False
b3c15,Batch 3,499.0,1.0442677,876.0,False
b3c15,Batch 3,503.0,1.0437138,876.0,False
b3c15,Batch 3,507.0,1.0430281,876.0,False
b3c15,Batch 3,511.0,1.0424244,876.0,False
b3c15,Batch 3,515.0,1.0420349,876.0,False
b3c15,Batch 3,519.0,1.0416608,876.0,False
b3c15,Batch 3,523.0,1.0411317,876.0,False
b3c15,Batch 3,527.0,1.0406216,876.0,False
b3c15,Batch 3,531.0,1.040011,876.0,False
b3c15,Batch 3,535.0,1.0394452,876.0,False
b3c15,Batch 3,539.0,1.038823,876.0,False
b3c15,Batch 3,543.0,1.0382011,876.0,False
b3c15,Batch 3,547.0,1.0376785,876.0,False
b3c15,Batch 3,551.0,1.0370582,876.0,False
b3c15,Batch 3,555.0,1.0365952,876.0,False
b3c15,Batch 3,559.0,1.0360439,876.0,False
b3c15,Batch 3,563.0,1.0354947,876.0,False
b3c15,Batch 3,567.0,1.034956,876.0,False
b3c15,Batch 3,571.0,1.034394,876.0,False
b3c15,Batch 3,575.0,1.0336967,876.0,False
b3c15,Batch 3,579.0,1.0331343,876.0,False
b3c15,Batch 3,583.0,1.0324601,876.0,False
b3c15,Batch 3,587.0,1.0317233,876.0,False
b3c15,Batch 3,591.0,1.0309644,876.0,False
b3c15,Batch 3,595.0,1.0302221,876.0,False
b3c15,Batch 3,599.0,1.029498,876.0,False
b3c15,Batch 3,603.0,1.0287434,876.0,False
b3c15,Batch 3,607.0,1.0280226,876.0,False
b3c15,Batch 3,611.0,1.0272809,876.0,False
b3c15,Batch 3,615.0,1.0265139,876.0,False
b3c15,Batch 3,619.0,1.0257472,876.0,False
b3c15,Batch 3,623.0,1.024914,876.0,False
b3c15,Batch 3,627.0,1.0240517,876.0,False
b3c15,Batch 3,631.0,1.0231856,876.0,False
b3c15,Batch 3,635.0,1.0222995,876.0,False
b3c15,Batch 3,639.0,1.0213654,876.0,False
b3c15,Batch 3,643.0,1.020551,876.0,False
b3c15,Batch 3,647.0,1.0195984,876.0,False
b3c15,Batch 3,651.0,1.0185819,876.0,False
b3c15,Batch 3,655.0,1.0174426,876.0,False
b3c15,Batch 3,659.0,1.0164694,876.0,False
b3c15,Batch 3,663.0,1.0152934,876.0,False
b3c15,Batch 3,667.0,1.0142157,876.0,False
b3c15,Batch 3,671.0,1.0131223,876.0,False
b3c15,Batch 3,675.0,1.0119532,876.0,False
b3c15,Batch 3,679.0,1.0107453,876.0,False
b3c15,Batch 3,683.0,1.0095299,876.0,False
b3c15,Batch 3,687.0,1.0082667,876.0,False
b3c15,Batch 3,691.0,1.0071046,876.0,False
b3c15,Batch 3,695.0,1.0057907,876.0,False
b3c15,Batch 3,699.0,1.004522,876.0,False
b3c15,Batch 3,703.0,1.0031356,876.0,False
b3c15,Batch 3,707.0,1.0017421,876.0,False
b3c15,Batch 3,711.0,1.0002838,876.0,False
b3c15,Batch 3,715.0,0.99887466,876.0,False
b3c15,Batch 3,719.0,0.99743176,876.0,False
b3c15,Batch 3,723.0,0.99604744,876.0,False
b3c15,Batch 3,727.0,0.99455315,876.0,False
b3c15,Batch 3,731.0,0.99300629,876.0,False
b3c15,Batch 3,735.0,0.99133998,876.0,False
b3c15,Batch 3,739.0,0.9896276,876.0,False
b3c15,Batch 3,743.0,0.98774529,876.0,False
b3c15,Batch 3,747.0,0.9859246,876.0,False
b3c15,Batch 3,751.0,0.98401004,876.0,False
b3c15,Batch 3,755.0,0.9821806,876.0,False
b3c15,Batch 3,759.0,0.98013645,876.0,False
b3c15,Batch 3,763.0,0.97796911,876.0,False
b3c15,Batch 3,767.0,0.97583693,876.0,False
b3c15,Batch 3,771.0,0.9736039,876.0,False
b3c15,Batch 3,775.0,0.97124696,876.0,False
b3c15,Batch 3,779.0,0.96882117,876.0,False
b3c15,Batch 3,783.0,0.96636099,876.0,False
b3c15,Batch 3,787.0,0.96380669,876.0,False
b3c15,Batch 3,791.0,0.96124512,876.0,False
b3c15,Batch 3,795.0,0.95848078,876.0,False
b3c15,Batch 3,799.0,0.95562059,876.0,False
b3c15,Batch 3,803.0,0.95268834,876.0,False
b3c15,Batch 3,807.0,0.94954056,876.0,False
b3c15,Batch 3,811.0,0.94632941,876.0,False
b3c15,Batch 3,815.0,0.9429307,876.0,False
b3c15,Batch 3,819.0,0.93940341,876.0,False
b3c15,Batch 3,823.0,0.93590063,876.0,False
b3c15,Batch 3,827.0,0.93201911,876.0,False
b3c15,Batch 3,831.0,0.92812872,876.0,False
b3c15,Batch 3,835.0,0.92409658,876.0,False
b3c15,Batch 3,839.0,0.92009568,876.0,False
b3c15,Batch 3,843.0,0.91586542,876.0,False
b3c15,Batch 3,847.0,0.91163522,876.0,False
b3c15,Batch 3,851.0,0.90736252,876.0,False
b3c15,Batch 3,855.0,0.90294498,876.0,False
b3c15,Batch 3,859.0,0.898543,876.0,False
b3c15,Batch 3,863.0,0.89407474,876.0,False
b3c15,Batch 3,867.0,0.889494,876.0,False
b3c15,Batch 3,871.0,0.88486898,876.0,False
b3c15,Batch 3,875.0,0.88058048,876.0,False
b3c16,Batch 3,1.0,1.0605524,1638.0,False
b3c16,Batch 3,8.0,1.063458,1638.0,False
b3c16,Batch 3,15.0,1.0637622,1638.0,False
b3c16,Batch 3,23.0,1.0641971,1638.0,False
b3c16,Batch 3,30.0,1.0642911,1638.0,False
b3c16,Batch 3,38.0,1.0642149,1638.0,False
b3c16,Batch 3,45.0,1.0640181,1638.0,False
b3c16,Batch 3,53.0,1.0639306,1638.0,False
b3c16,Batch 3,60.0,1.0638411,1638.0,False
b3c16,Batch 3,68.0,1.0634865,1638.0,False
b3c16,Batch 3,75.0,1.0632361,1638.0,False
b3c16,Batch 3,83.0,1.062959,1638.0,False
b3c16,Batch 3,90.0,1.0630504,1638.0,False
b3c16,Batch 3,98.0,1.0624641,1638.0,False
b3c16,Batch 3,105.0,1.0623746,1638.0,False
b3c16,Batch 3,113.0,1.0624607,1638.0,False
b3c16,Batch 3,120.0,1.061218,1638.0,False
b3c16,Batch 3,127.0,1.0620682,1638.0,False
b3c16,Batch 3,135.0,1.0618823,1638.0,False
b3c16,Batch 3,142.0,1.0613021,1638.0,False
b3c16,Batch 3,150.0,1.0616363,1638.0,False
b3c16,Batch 3,157.0,1.0615537,1638.0,False
b3c16,Batch 3,165.0,1.0609226,1638.0,False
b3c16,Batch 3,172.0,1.0606006,1638.0,False
b3c16,Batch 3,180.0,1.0606742,1638.0,False
b3c16,Batch 3,187.0,1.0604068,1638.0,False
b3c16,Batch 3,195.0,1.0600559,1638.0,False
b3c16,Batch 3,202.0,1.0596082,1638.0,False
b3c16,Batch 3,210.0,1.0595822,1638.0,False
b3c16,Batch 3,217.0,1.0596128,1638.0,False
b3c16,Batch 3,225.0,1.0591208,1638.0,False
b3c16,Batch 3,232.0,1.059093,1638.0,False
b3c16,Batch 3,240.0,1.0587082,1638.0,False
b3c16,Batch 3,247.0,1.0583941,1638.0,False
b3c16,Batch 3,254.0,1.0580695,1638.0,False
b3c16,Batch 3,262.0,1.0577431,1638.0,False
b3c16,Batch 3,269.0,1.0573314,1638.0,False
b3c16,Batch 3,277.0,1.0570387,1638.0,False
b3c16,Batch 3,284.0,1.0567911,1638.0,False
b3c16,Batch 3,292.0,1.0564125,1638.0,False
b3c16,Batch 3,299.0,1.0560431,1638.0,False
b3c16,Batch 3,307.0,1.0556957,1638.0,False
b3c16,Batch 3,314.0,1.0554309,1638.0,False
b3c16,Batch 3,322.0,1.0551679,1638.0,False
b3c16,Batch 3,329.0,1.0549275,1638.0,False
b3c16,Batch 3,337.0,1.0545068,1638.0,False
b3c16,Batch 3,344.0,1.0540959,1638.0,False
b3c16,Batch 3,352.0,1.0539937,1638.0,False
b3c16,Batch 3,359.0,1.0537195,1638.0,False
b3c16,Batch 3,367.0,1.053358,1638.0,False
b3c16,Batch 3,374.0,1.0530727,1638.0,False
b3c16,Batch 3,381.0,1.0517865,1638.0,False
b3c16,Batch 3,389.0,1.0527141,1638.0,False
b3c16,Batch 3,396.0,1.0524853,1638.0,False
b3c16,Batch 3,404.0,1.0520967,1638.0,False
b3c16,Batch 3,411.0,1.0518945,1638.0,False
b3c16,Batch 3,419.0,1.0515413,1638.0,False
b3c16,Batch 3,426.0,1.051123,1638.0,False
b3c16,Batch 3,434.0,1.049709,1638.0,False
b3c16,Batch 3,441.0,1.0506965,1638.0,False
b3c16,Batch 3,449.0,1.0505556,1638.0,False
b3c16,Batch 3,456.0,1.0502259,1638.0,False
b3c16,Batch 3,464.0,1.0497053,1638.0,False
b3c16,Batch 3,471.0,1.0492889,1638.0,False
b3c16,Batch 3,479.0,1.0492299,1638.0,False
b3c16,Batch 3,486.0,1.0489808,1638.0,False
b3c16,Batch 3,494.0,1.0485861,1638.0,False
b3c16,Batch 3,501.0,1.0480548,1638.0,False
b3c16,Batch 3,508.0,1.0479804,1638.0,False
b3c16,Batch 3,516.0,1.0475978,1638.0,False
b3c16,Batch 3,523.0,1.0472391,1638.0,False
b3c16,Batch 3,531.0,1.0467497,1638.0,False
b3c16,Batch 3,538.0,1.0463108,1638.0,False
b3c16,Batch 3,546.0,1.046304,1638.0,False
b3c16,Batch 3,553.0,1.0460416,1638.0,False
b3c16,Batch 3,561.0,1.0455732,1638.0,False
b3c16,Batch 3,568.0,1.0451903,1638.0,False
b3c16,Batch 3,576.0,1.044884,1638.0,False
b3c16,Batch 3,583.0,1.0447834,1638.0,False
b3c16,Batch 3,591.0,1.0445045,1638.0,False
b3c16,Batch 3,598.0,1.0442616,1638.0,False
b3c16,Batch 3,606.0,1.0438195,1638.0,False
b3c16,Batch 3,613.0,1.0435805,1638.0,False
b3c16,Batch 3,621.0,1.0432718,1638.0,False
b3c16,Batch 3,628.0,1.0428997,1638.0,False
b3c16,Batch 3,635.0,1.0425274,1638.0,False
b3c16,Batch 3,643.0,1.0423187,1638.0,False
b3c16,Batch 3,650.0,1.0420036,1638.0,False
b3c16,Batch 3,658.0,1.0416167,1638.0,False
b3c16,Batch 3,665.0,1.0413482,1638.0,False
b3c16,Batch 3,673.0,1.0410321,1638.0,False
b3c16,Batch 3,680.0,1.0407206,1638.0,False
b3c16,Batch 3,688.0,1.0402786,1638.0,False
b3c16,Batch 3,695.0,1.0398153,1638.0,False
b3c16,Batch 3,703.0,1.0394564,1638.0,False
b3c16,Batch 3,710.0,1.0390532,1638.0,False
b3c16,Batch 3,718.0,1.0388606,1638.0,False
b3c16,Batch 3,725.0,1.0386001,1638.0,False
b3c16,Batch 3,733.0,1.0382494,1638.0,False
b3c16,Batch 3,740.0,1.0378157,1638.0,False
b3c16,Batch 3,748.0,1.037625,1638.0,False
b3c16,Batch 3,755.0,1.0373712,1638.0,False
b3c16,Batch 3,762.0,1.0371231,1638.0,False
b3c16,Batch 3,770.0,1.0368501,1638.0,False
b3c16,Batch 3,777.0,1.0363796,1638.0,False
b3c16,Batch 3,785.0,1.0361617,1638.0,False
b3c16,Batch 3,792.0,1.0358523,1638.0,False
b3c16,Batch 3,800.0,1.0354285,1638.0,False
b3c16,Batch 3,807.0,1.0349748,1638.0,False
b3c16,Batch 3,815.0,1.0345559,1638.0,False
b3c16,Batch 3,822.0,1.034319,1638.0,False
b3c16,Batch 3,830.0,1.0340083,1638.0,False
b3c16,Batch 3,837.0,1.0335461,1638.0,False
b3c16,Batch 3,845.0,1.032937,1638.0,False
b3c16,Batch 3,852.0,1.0326068,1638.0,False
b3c16,Batch 3,860.0,1.0322803,1638.0,False
b3c16,Batch 3,867.0,1.0318897,1638.0,False
b3c16,Batch 3,875.0,1.0316255,1638.0,False
b3c16,Batch 3,882.0,1.0312544,1638.0,False
b3c16,Batch 3,889.0,1.0308218,1638.0,False
b3c16,Batch 3,897.0,1.0304202,1638.0,False
b3c16,Batch 3,904.0,1.030022,1638.0,False
b3c16,Batch 3,912.0,1.0294815,1638.0,False
b3c16,Batch 3,919.0,1.0292382,1638.0,False
b3c16,Batch 3,927.0,1.028917,1638.0,False
b3c16,Batch 3,934.0,1.0284915,1638.0,False
b3c16,Batch 3,942.0,1.028145,1638.0,False
b3c16,Batch 3,949.0,1.0278037,1638.0,False
b3c16,Batch 3,957.0,1.0273556,1638.0,False
b3c16,Batch 3,964.0,1.0267867,1638.0,False
b3c16,Batch 3,972.0,1.0263079,1638.0,False
b3c16,Batch 3,979.0,1.025919,1638.0,False
b3c16,Batch 3,987.0,1.0254811,1638.0,False
b3c16,Batch 3,994.0,1.0250015,1638.0,False
b3c16,Batch 3,1002.0,1.0245647,1638.0,False
b3c16,Batch 3,1009.0,1.0241551,1638.0,False
b3c16,Batch 3,1016.0,1.0237523,1638.0,False
b3c16,Batch 3,1024.0,1.0233095,1638.0,False
b3c16,Batch 3,1031.0,1.0229052,1638.0,False
b3c16,Batch 3,1039.0,1.0224078,1638.0,False
b3c16,Batch 3,1046.0,1.0219722,1638.0,False
b3c16,Batch 3,1054.0,1.0215231,1638.0,False
b3c16,Batch 3,1061.0,1.0210375,1638.0,False
b3c16,Batch 3,1069.0,1.0206219,1638.0,False
b3c16,Batch 3,1076.0,1.0200652,1638.0,False
b3c16,Batch 3,1084.0,1.01967,1638.0,False
b3c16,Batch 3,1091.0,1.0192674,1638.0,False
b3c16,Batch 3,1099.0,1.018681,1638.0,False
b3c16,Batch 3,1106.0,1.0182561,1638.0,False
b3c16,Batch 3,1114.0,1.0177197,1638.0,False
b3c16,Batch 3,1121.0,1.0172225,1638.0,False
b3c16,Batch 3,1129.0,1.0166595,1638.0,False
b3c16,Batch 3,1136.0,1.0160757,1638.0,False
b3c16,Batch 3,1143.0,1.0155486,1638.0,False
b3c16,Batch 3,1151.0,1.0150118,1638.0,False
b3c16,Batch 3,1158.0,1.0145421,1638.0,False
b3c16,Batch 3,1166.0,1.013846,1638.0,False
b3c16,Batch 3,1173.0,1.0132341,1638.0,False
b3c16,Batch 3,1181.0,1.0125744,1638.0,False
b3c16,Batch 3,1188.0,1.0119756,1638.0,False
b3c16,Batch 3,1196.0,1.011407,1638.0,False
b3c16,Batch 3,1203.0,1.0108054,1638.0,False
b3c16,Batch 3,1211.0,1.0099266,1638.0,False
b3c16,Batch 3,1218.0,1.0093834,1638.0,False
b3c16,Batch 3,1226.0,1.0086285,1638.0,False
b3c16,Batch 3,1233.0,1.0078816,1638.0,False
b3c16,Batch 3,1241.0,1.0070565,1638.0,False
b3c16,Batch 3,1248.0,1.0063123,1638.0,False
b3c16,Batch 3,1256.0,1.0053694,1638.0,False
b3c16,Batch 3,1263.0,1.0046325,1638.0,False
b3c16,Batch 3,1270.0,1.0037413,1638.0,False
b3c16,Batch 3,1278.0,1.0026095,1638.0,False
b3c16,Batch 3,1285.0,1.0018088,1638.0,False
b3c16,Batch 3,1293.0,1.0010799,1638.0,False
b3c16,Batch 3,1300.0,1.000114,1638.0,False
b3c16,Batch 3,1308.0,0.99902862,1638.0,False
b3c16,Batch 3,1315.0,0.99786341,1638.0,False
b3c16,Batch 3,1323.0,0.99642372,1638.0,False
b3c16,Batch 3,1330.0,0.99520236,1638.0,False
b3c16,Batch 3,1338.0,0.99348027,1638.0,False
b3c16,Batch 3,1345.0,0.99180788,1638.0,False
b3c16,Batch 3,1353.0,0.98983079,1638.0,False
b3c16,Batch 3,1360.0,0.9879294,1638.0,False
b3c16,Batch 3,1368.0,0.98549193,1638.0,False
b3c16,Batch 3,1375.0,0.98330522,1638.0,False
b3c16,Batch 3,1383.0,0.98064071,1638.0,False
b3c16,Batch 3,1390.0,0.97819114,1638.0,False
b3c16,Batch 3,1397.0,0.97561949,1638.0,False
b3c16,Batch 3,1405.0,0.97279489,1638.0,False
b3c16,Batch 3,1412.0,0.9701882,1638.0,False
b3c16,Batch 3,1420.0,0.96720821,1638.0,False
b3c16,Batch 3,1427.0,0.96450859,1638.0,False
b3c16,Batch 3,1435.0,0.96155959,1638.0,False
b3c16,Batch 3,1442.0,0.95896149,1638.0,False
b3c16,Batch 3,1450.0,0.95603079,1638.0,False
b3c16,Batch 3,1457.0,0.9534139,1638.0,False
b3c16,Batch 3,1465.0,0.95036721,1638.0,False
b3c16,Batch 3,1472.0,0.9478094,1638.0,False
b3c16,Batch 3,1480.0,0.94482881,1638.0,False
b3c16,Batch 3,1487.0,0.94229627,1638.0,False
b3c16,Batch 3,1495.0,0.93928808,1638.0,False
b3c16,Batch 3,1502.0,0.93669719,1638.0,False
b3c16,Batch 3,1510.0,0.9337337,1638.0,False
b3c16,Batch 3,1517.0,0.93111408,1638.0,False
b3c16,Batch 3,1524.0,0.92851597,1638.0,False
b3c16,Batch 3,1532.0,0.92549723,1638.0,False
b3c16,Batch 3,1539.0,0.92291301,1638.0,False
b3c16,Batch 3,1547.0,0.91987145,1638.0,False
b3c16,Batch 3,1554.0,0.91701579,1638.0,False
b3c16,Batch 3,1562.0,0.91378987,1638.0,False
b3c16,Batch 3,1569.0,0.91093463,1638.0,False
b3c16,Batch 3,1577.0,0.90753621,1638.0,False
b3c16,Batch 3,1584.0,0.90453839,1638.0,False
b3c16,Batch 3,1592.0,0.90103382,1638.0,False
b3c16,Batch 3,1599.0,0.89783347,1638.0,False
b3c16,Batch 3,1607.0,0.8927893,1638.0,False
b3c16,Batch 3,1614.0,0.89078242,1638.0,False
b3c16,Batch 3,1622.0,0.88697708,1638.0,False
b3c16,Batch 3,1629.0,0.88358676,1638.0,False
b3c16,Batch 3,1637.0,0.88014877,1638.0,False
b3c17,Batch 3,1.0,1.0653081,1315.0,False
b3c17,Batch 3,6.0,1.0684953,1315.0,False
b3c17,Batch 3,12.0,1.0689653,1315.0,False
b3c17,Batch 3,18.0,1.0630597,1315.0,False
b3c17,Batch 3,24.0,1.0670063,1315.0,False
b3c17,Batch 3,30.0,1.0675672,1315.0,False
b3c17,Batch 3,36.0,1.0676069,1315.0,False
b3c17,Batch 3,42.0,1.067564,1315.0,False
b3c17,Batch 3,48.0,1.0674866,1315.0,False
b3c17,Batch 3,54.0,1.0673496,1315.0,False
b3c17,Batch 3,60.0,1.0672925,1315.0,False
b3c17,Batch 3,66.0,1.0672227,1315.0,False
b3c17,Batch 3,72.0,1.0668216,1315.0,False
b3c17,Batch 3,78.0,1.0667804,1315.0,False
b3c17,Batch 3,84.0,1.0666171,1315.0,False
b3c17,Batch 3,90.0,1.0667094,1315.0,False
b3c17,Batch 3,96.0,1.0666556,1315.0,False
b3c17,Batch 3,102.0,1.0663294,1315.0,False
b3c17,Batch 3,108.0,1.0661508,1315.0,False
b3c17,Batch 3,114.0,1.0658503,1315.0,False
b3c17,Batch 3,120.0,1.0659497,1315.0,False
b3c17,Batch 3,126.0,1.0657315,1315.0,False
b3c17,Batch 3,132.0,1.0654862,1315.0,False
b3c17,Batch 3,138.0,1.0651714,1315.0,False
b3c17,Batch 3,144.0,1.0649168,1315.0,False
b3c17,Batch 3,150.0,1.0647172,1315.0,False
b3c17,Batch 3,156.0,1.0646499,1315.0,False
b3c17,Batch 3,162.0,1.0643553,1315.0,False
b3c17,Batch 3,168.0,1.0641218,1315.0,False
b3c17,Batch 3,174.0,1.0637771,1315.0,False
b3c17,Batch 3,180.0,1.0634581,1315.0,False
b3c17,Batch 3,186.0,1.0634204,1315.0,False
b3c17,Batch 3,192.0,1.0633051,1315.0,False
b3c17,Batch 3,198.0,1.063171,1315.0,False
b3c17,Batch 3,204.0,1.0628622,1315.0,False
b3c17,Batch 3,210.0,1.0626159,1315.0,False
b3c17,Batch 3,216.0,1.062448,1315.0,False
b3c17,Batch 3,222.0,1.0622324,1315.0,False
b3c17,Batch 3,228.0,1.0618737,1315.0,False
b3c17,Batch 3,234.0,1.0615411,1315.0,False
b3c17,Batch 3,240.0,1.0614079,1315.0,False
b3c17,Batch 3,246.0,1.0610988,1315.0,False
b3c17,Batch 3,252.0,1.0608788,1315.0,False
b3c17,Batch 3,258.0,1.0606056,1315.0,False
b3c17,Batch 3,264.0,1.0604208,1315.0,False
b3c17,Batch 3,270.0,1.0601606,1315.0,False
b3c17,Batch 3,276.0,1.0597867,1315.0,False
b3c17,Batch 3,282.0,1.059469,1315.0,False
b3c17,Batch 3,288.0,1.0593439,1315.0,False
b3c17,Batch 3,294.0,1.0590353,1315.0,False
b3c17,Batch 3,300.0,1.0586877,1315.0,False
b3c17,Batch 3,306.0,1.0583326,1315.0,False
b3c17,Batch 3,312.0,1.0581071,1315.0,False
b3c17,Batch 3,318.0,1.0577875,1315.0,False
b3c17,Batch 3,324.0,1.0575335,1315.0,False
b3c17,Batch 3,330.0,1.0574139,1315.0,False
b3c17,Batch 3,336.0,1.0570552,1315.0,False
b3c17,Batch 3,342.0,1.0567808,1315.0,False
b3c17,Batch 3,348.0,1.0563997,1315.0,False
b3c17,Batch 3,354.0,1.0561669,1315.0,False
b3c17,Batch 3,360.0,1.0560701,1315.0,False
b3c17,Batch 3,366.0,1.0557961,1315.0,False
b3c17,Batch 3,372.0,1.0555952,1315.0,False
b3c17,Batch 3,378.0,1.0553347,1315.0,False
b3c17,Batch 3,384.0,1.0550762,1315.0,False
b3c17,Batch 3,390.0,1.0548422,1315.0,False
b3c17,Batch 3,396.0,1.0534194,1315.0,False
b3c17,Batch 3,402.0,1.054273,1315.0,False
b3c17,Batch 3,408.0,1.0540839,1315.0,False
b3c17,Batch 3,414.0,1.0537713,1315.0,False
b3c17,Batch 3,420.0,1.053504,1315.0,False
b3c17,Batch 3,426.0,1.053329,1315.0,False
b3c17,Batch 3,432.0,1.0530894,1315.0,False
b3c17,Batch 3,438.0,1.0526599,1315.0,False
b3c17,Batch 3,444.0,1.0523881,1315.0,False
b3c17,Batch 3,450.0,1.0519,1315.0,False
b3c17,Batch 3,456.0,1.0516877,1315.0,False
b3c17,Batch 3,462.0,1.0515547,1315.0,False
b3c17,Batch 3,468.0,1.051286,1315.0,False
b3c17,Batch 3,474.0,1.0510504,1315.0,False
b3c17,Batch 3,480.0,1.050694,1315.0,False
b3c17,Batch 3,486.0,1.0504005,1315.0,False
b3c17,Batch 3,492.0,1.0500786,1315.0,False
b3c17,Batch 3,498.0,1.0497144,1315.0,False
b3c17,Batch 3,504.0,1.0493574,1315.0,False
b3c17,Batch 3,510.0,1.0490021,1315.0,False
b3c17,Batch 3,516.0,1.0486486,1315.0,False
b3c17,Batch 3,522.0,1.0482482,1315.0,False
b3c17,Batch 3,528.0,1.0480454,1315.0,False
b3c17,Batch 3,534.0,1.0479076,1315.0,False
b3c17,Batch 3,540.0,1.0476056,1315.0,False
b3c17,Batch 3,546.0,1.0472108,1315.0,False
b3c17,Batch 3,552.0,1.0468392,1315.0,False
b3c17,Batch 3,558.0,1.0465242,1315.0,False
b3c17,Batch 3,564.0,1.0463139,1315.0,False
b3c17,Batch 3,570.0,1.0461913,1315.0,False
b3c17,Batch 3,576.0,1.0458944,1315.0,False
b3c17,Batch 3,582.0,1.0456452,1315.0,False
b3c17,Batch 3,588.0,1.0453882,1315.0,False
b3c17,Batch 3,594.0,1.0449592,1315.0,False
b3c17,Batch 3,600.0,1.044662,1315.0,False
b3c17,Batch 3,606.0,1.0443507,1315.0,False
b3c17,Batch 3,612.0,1.044067,1315.0,False
b3c17,Batch 3,618.0,1.0437428,1315.0,False
b3c17,Batch 3,624.0,1.0433323,1315.0,False
b3c17,Batch 3,630.0,1.0430698,1315.0,False
b3c17,Batch 3,636.0,1.0427345,1315.0,False
b3c17,Batch 3,642.0,1.0424489,1315.0,False
b3c17,Batch 3,648.0,1.0420848,1315.0,False
b3c17,Batch 3,654.0,1.0417608,1315.0,False
b3c17,Batch 3,660.0,1.0413154,1315.0,False
b3c17,Batch 3,666.0,1.041097,1315.0,False
b3c17,Batch 3,672.0,1.040723,1315.0,False
b3c17,Batch 3,678.0,1.0403731,1315.0,False
b3c17,Batch 3,684.0,1.0399461,1315.0,False
b3c17,Batch 3,690.0,1.0395348,1315.0,False
b3c17,Batch 3,696.0,1.0392089,1315.0,False
b3c17,Batch 3,702.0,1.0388279,1315.0,False
b3c17,Batch 3,708.0,1.0385157,1315.0,False
b3c17,Batch 3,714.0,1.0381802,1315.0,False
b3c17,Batch 3,720.0,1.0378453,1315.0,False
b3c17,Batch 3,726.0,1.0374217,1315.0,False
b3c17,Batch 3,732.0,1.0370351,1315.0,False
b3c17,Batch 3,738.0,1.0367595,1315.0,False
b3c17,Batch 3,744.0,1.0364003,1315.0,False
b3c17,Batch 3,750.0,1.0362183,1315.0,False
b3c17,Batch 3,756.0,1.0358194,1315.0,False
b3c17,Batch 3,762.0,1.035442,1315.0,False
b3c17,Batch 3,768.0,1.0351433,1315.0,False
b3c17,Batch 3,774.0,1.0347726,1315.0,False
b3c17,Batch 3,780.0,1.0343976,1315.0,False
b3c17,Batch 3,786.0,1.0339099,1315.0,False
b3c17,Batch 3,792.0,1.0335152,1315.0,False
b3c17,Batch 3,798.0,1.0331019,1315.0,False
b3c17,Batch 3,804.0,1.0326689,1315.0,False
b3c17,Batch 3,810.0,1.0322607,1315.0,False
b3c17,Batch 3,816.0,1.0318853,1315.0,False
b3c17,Batch 3,822.0,1.0315171,1315.0,False
b3c17,Batch 3,828.0,1.0311042,1315.0,False
b3c17,Batch 3,834.0,1.0306734,1315.0,False
b3c17,Batch 3,840.0,1.0301561,1315.0,False
b3c17,Batch 3,846.0,1.0296625,1315.0,False
b3c17,Batch 3,852.0,1.0293578,1315.0,False
b3c17,Batch 3,858.0,1.0288943,1315.0,False
b3c17,Batch 3,864.0,1.0284017,1315.0,False
b3c17,Batch 3,870.0,1.0280128,1315.0,False
b3c17,Batch 3,876.0,1.0276077,1315.0,False
b3c17,Batch 3,882.0,1.0271236,1315.0,False
b3c17,Batch 3,888.0,1.0265714,1315.0,False
b3c17,Batch 3,894.0,1.0261824,1315.0,False
b3c17,Batch 3,900.0,1.0255989,1315.0,False
b3c17,Batch 3,906.0,1.0250776,1315.0,False
b3c17,Batch 3,912.0,1.0245199,1315.0,False
b3c17,Batch 3,918.0,1.0240167,1315.0,False
b3c17,Batch 3,924.0,1.0235331,1315.0,False
b3c17,Batch 3,930.0,1.0230387,1315.0,False
b3c17,Batch 3,936.0,1.0224773,1315.0,False
b3c17,Batch 3,942.0,1.0219889,1315.0,False
b3c17,Batch 3,948.0,1.021459,1315.0,False
b3c17,Batch 3,954.0,1.0208035,1315.0,False
b3c17,Batch 3,960.0,1.0201048,1315.0,False
b3c17,Batch 3,966.0,1.0193641,1315.0,False
b3c17,Batch 3,972.0,1.018572,1315.0,False
b3c17,Batch 3,978.0,1.0177783,1315.0,False
b3c17,Batch 3,984.0,1.017035,1315.0,False
b3c17,Batch 3,990.0,1.016202,1315.0,False
b3c17,Batch 3,996.0,1.0152173,1315.0,False
b3c17,Batch 3,1002.0,1.0130384,1315.0,False
b3c17,Batch 3,1008.0,1.0132734,1315.0,False
b3c17,Batch 3,1014.0,1.0121936,1315.0,False
b3c17,Batch 3,1020.0,1.0110757,1315.0,False
b3c17,Batch 3,1026.0,1.0099022,1315.0,False
b3c17,Batch 3,1032.0,1.0085552,1315.0,False
b3c17,Batch 3,1038.0,1.0071862,1315.0,False
b3c17,Batch 3,1044.0,1.005735,1315.0,False
b3c17,Batch 3,1050.0,1.004252,1315.0,False
b3c17,Batch 3,1056.0,1.0026832,1315.0,False
b3c17,Batch 3,1062.0,1.0010689,1315.0,False
b3c17,Batch 3,1068.0,0.99943686,1315.0,False
b3c17,Batch 3,1074.0,0.99762076,1315.0,False
b3c17,Batch 3,1080.0,0.99579203,1315.0,False
b3c17,Batch 3,1086.0,0.99381143,1315.0,False
b3c17,Batch 3,1092.0,0.99155164,1315.0,False
b3c17,Batch 3,1098.0,0.98938227,1315.0,False
b3c17,Batch 3,1104.0,0.98694539,1315.0,False
b3c17,Batch 3,1110.0,0.9843486,1315.0,False
b3c17,Batch 3,1116.0,0.98169762,1315.0,False
b3c17,Batch 3,1122.0,0.97898823,1315.0,False
b3c17,Batch 3,1128.0,0.97617787,1315.0,False
b3c17,Batch 3,1134.0,0.97324753,1315.0,False
b3c17,Batch 3,1140.0,0.97029573,1315.0,False
b3c17,Batch 3,1146.0,0.96731573,1315.0,False
b3c17,Batch 3,1152.0,0.96425128,1315.0,False
b3c17,Batch 3,1158.0,0.96130365,1315.0,False
b3c17,Batch 3,1164.0,0.95834827,1315.0,False
b3c17,Batch 3,1170.0,0.95533752,1315.0,False
b3c17,Batch 3,1176.0,0.9525094,1315.0,False
b3c17,Batch 3,1182.0,0.94971138,1315.0,False
b3c17,Batch 3,1188.0,0.94686389,1315.0,False
b3c17,Batch 3,1194.0,0.94409508,1315.0,False
b3c17,Batch 3,1200.0,0.94123691,1315.0,False
b3c17,Batch 3,1206.0,0.93853807,1315.0,False
b3c17,Batch 3,1212.0,0.93570405,1315.0,False
b3c17,Batch 3,1218.0,0.93284601,1315.0,False
b3c17,Batch 3,1224.0,0.93002975,1315.0,False
b3c17,Batch 3,1230.0,0.92713511,1315.0,False
b3c17,Batch 3,1236.0,0.92420375,1315.0,False
b3c17,Batch 3,1242.0,0.92121458,1315.0,False
b3c17,Batch 3,1248.0,0.91814917,1315.0,False
b3c17,Batch 3,1254.0,0.91506457,1315.0,False
b3c17,Batch 3,1260.0,0.91184127,1315.0,False
b3c17,Batch 3,1266.0,0.9086436,1315.0,False
b3c17,Batch 3,1272.0,0.90533018,1315.0,False
b3c17,Batch 3,1278.0,0.90204531,1315.0,False
b3c17,Batch 3,1284.0,0.89857101,1315.0,False
b3c17,Batch 3,1290.0,0.89504218,1315.0,False
b3c17,Batch 3,1296.0,0.89138359,1315.0,False
b3c17,Batch 3,1302.0,0.88774097,1315.0,False
b3c17,Batch 3,1308.0,0.88392329,1315.0,False
b3c17,Batch 3,1314.0,0.88043362,1315.0,False
b3c18,Batch 3,1.0,1.0674672,1146.0,False
b3c18,Batch 3,6.0,1.0696205,1146.0,False
b3c18,Batch 3,11.0,1.0700951,1146.0,False
b3c18,Batch 3,16.0,1.0701538,1146.0,False
b3c18,Batch 3,21.0,1.0699668,1146.0,False
b3c18,Batch 3,27.0,1.0698273,1146.0,False
b3c18,Batch 3,32.0,1.0696769,1146.0,False
b3c18,Batch 3,37.0,1.0696473,1146.0,False
b3c18,Batch 3,42.0,1.0693229,1146.0,False
b3c18,Batch 3,48.0,1.0692222,1146.0,False
b3c18,Batch 3,53.0,1.0691272,1146.0,False
b3c18,Batch 3,58.0,1.0689887,1146.0,False
b3c18,Batch 3,63.0,1.0687411,1146.0,False
b3c18,Batch 3,68.0,1.0684851,1146.0,False
b3c18,Batch 3,74.0,1.0680262,1146.0,False
b3c18,Batch 3,79.0,1.0678931,1146.0,False
b3c18,Batch 3,84.0,1.0678054,1146.0,False
b3c18,Batch 3,89.0,1.0677541,1146.0,False
b3c18,Batch 3,95.0,1.0673003,1146.0,False
b3c18,Batch 3,100.0,1.0670015,1146.0,False
b3c18,Batch 3,105.0,1.0669829,1146.0,False
b3c18,Batch 3,110.0,1.0665495,1146.0,False
b3c18,Batch 3,115.0,1.0666815,1146.0,False
b3c18,Batch 3,121.0,1.066618,1146.0,False
b3c18,Batch 3,126.0,1.0664934,1146.0,False
b3c18,Batch 3,131.0,1.0661922,1146.0,False
b3c18,Batch 3,136.0,1.065878,1146.0,False
b3c18,Batch 3,142.0,1.0655823,1146.0,False
b3c18,Batch 3,147.0,1.0657245,1146.0,False
b3c18,Batch 3,152.0,1.0654303,1146.0,False
b3c18,Batch 3,157.0,1.0653085,1146.0,False
b3c18,Batch 3,162.0,1.065019,1146.0,False
b3c18,Batch 3,168.0,1.0644944,1146.0,False
b3c18,Batch 3,173.0,1.0641938,1146.0,False
b3c18,Batch 3,178.0,1.0641922,1146.0,False
b3c18,Batch 3,183.0,1.0640756,1146.0,False
b3c18,Batch 3,189.0,1.0638143,1146.0,False
b3c18,Batch 3,194.0,1.0635262,1146.0,False
b3c18,Batch 3,199.0,1.063246,1146.0,False
b3c18,Batch 3,204.0,1.0627925,1146.0,False
b3c18,Batch 3,209.0,1.0628365,1146.0,False
b3c18,Batch 3,215.0,1.0626221,1146.0,False
b3c18,Batch 3,220.0,1.0623862,1146.0,False
b3c18,Batch 3,225.0,1.0623083,1146.0,False
b3c18,Batch 3,230.0,1.0620332,1146.0,False
b3c18,Batch 3,236.0,1.0616994,1146.0,False
b3c18,Batch 3,241.0,1.0614991,1146.0,False
b3c18,Batch 3,246.0,1.0613395,1146.0,False
b3c18,Batch 3,251.0,1.0601828,1146.0,False
b3c18,Batch 3,256.0,1.0606886,1146.0,False
b3c18,Batch 3,262.0,1.0603752,1146.0,False
b3c18,Batch 3,267.0,1.0601686,1146.0,False
b3c18,Batch 3,272.0,1.0598123,1146.0,False
b3c18,Batch 3,277.0,1.059624,1146.0,False
b3c18,Batch 3,283.0,1.0593293,1146.0,False
b3c18,Batch 3,288.0,1.0590628,1146.0,False
b3c18,Batch 3,293.0,1.0587271,1146.0,False
b3c18,Batch 3,298.0,1.0584816,1146.0,False
b3c18,Batch 3,303.0,1.058059,1146.0,False
b3c18,Batch 3,309.0,1.0578701,1146.0,False
b3c18,Batch 3,314.0,1.0575184,1146.0,False
b3c18,Batch 3,319.0,1.0573601,1146.0,False
b3c18,Batch 3,324.0,1.0571584,1146.0,False
b3c18,Batch 3,330.0,1.0567954,1146.0,False
b3c18,Batch 3,335.0,1.0565985,1146.0,False
b3c18,Batch 3,340.0,1.0562172,1146.0,False
b3c18,Batch 3,345.0,1.0560217,1146.0,False
b3c18,Batch 3,350.0,1.0557029,1146.0,False
b3c18,Batch 3,356.0,1.0554749,1146.0,False
b3c18,Batch 3,361.0,1.0551697,1146.0,False
b3c18,Batch 3,366.0,1.0548022,1146.0,False
b3c18,Batch 3,371.0,1.0546683,1146.0,False
b3c18,Batch 3,377.0,1.0543052,1146.0,False
b3c18,Batch 3,382.0,1.0541806,1146.0,False
b3c18,Batch 3,387.0,1.0540389,1146.0,False
b3c18,Batch 3,392.0,1.0536761,1146.0,False
b3c18,Batch 3,398.0,1.0534788,1146.0,False
b3c18,Batch 3,403.0,1.0532269,1146.0,False
b3c18,Batch 3,408.0,1.0528769,1146.0,False
b3c18,Batch 3,413.0,1.0527277,1146.0,False
b3c18,Batch 3,418.0,1.0524907,1146.0,False
b3c18,Batch 3,424.0,1.0520972,1146.0,False
b3c18,Batch 3,429.0,1.0519173,1146.0,False
b3c18,Batch 3,434.0,1.051751,1146.0,False
b3c18,Batch 3,439.0,1.0515357,1146.0,False
b3c18,Batch 3,445.0,1.0511663,1146.0,False
b3c18,Batch 3,450.0,1.0508794,1146.0,False
b3c18,Batch 3,455.0,1.0506651,1146.0,False
b3c18,Batch 3,460.0,1.0503057,1146.0,False
b3c18,Batch 3,465.0,1.0500702,1146.0,False
b3c18,Batch 3,471.0,1.0496066,1146.0,False
b3c18,Batch 3,476.0,1.0492672,1146.0,False
b3c18,Batch 3,481.0,1.0490811,1146.0,False
b3c18,Batch 3,486.0,1.0488836,1146.0,False
b3c18,Batch 3,492.0,1.0486516,1146.0,False
b3c18,Batch 3,497.0,1.0484422,1146.0,False
b3c18,Batch 3,502.0,1.0480057,1146.0,False
b3c18,Batch 3,507.0,1.047601,1146.0,False
b3c18,Batch 3,512.0,1.047424,1146.0,False
b3c18,Batch 3,518.0,1.0470549,1146.0,False
b3c18,Batch 3,523.0,1.0467732,1146.0,False
b3c18,Batch 3,528.0,1.0463568,1146.0,False
b3c18,Batch 3,533.0,1.0460594,1146.0,False
b3c18,Batch 3,539.0,1.0456361,1146.0,False
b3c18,Batch 3,544.0,1.0451655,1146.0,False
b3c18,Batch 3,549.0,1.0448043,1146.0,False
b3c18,Batch 3,554.0,1.0447074,1146.0,False
b3c18,Batch 3,559.0,1.0445831,1146.0,False
b3c18,Batch 3,565.0,1.0440969,1146.0,False
b3c18,Batch 3,570.0,1.0437032,1146.0,False
b3c18,Batch 3,575.0,1.043371,1146.0,False
b3c18,Batch 3,580.0,1.0429938,1146.0,False
b3c18,Batch 3,586.0,1.042665,1146.0,False
b3c18,Batch 3,591.0,1.0423487,1146.0,False
b3c18,Batch 3,596.0,1.0421815,1146.0,False
b3c18,Batch 3,601.0,1.0417842,1146.0,False
b3c18,Batch 3,606.0,1.0414892,1146.0,False
b3c18,Batch 3,612.0,1.0410962,1146.0,False
b3c18,Batch 3,617.0,1.0406955,1146.0,False
b3c18,Batch 3,622.0,1.0403769,1146.0,False
b3c18,Batch 3,627.0,1.0400027,1146.0,False
b3c18,Batch 3,633.0,1.0396467,1146.0,False
b3c18,Batch 3,638.0,1.0393145,1146.0,False
b3c18,Batch 3,643.0,1.0389967,1146.0,False
b3c18,Batch 3,648.0,1.0386217,1146.0,False
b3c18,Batch 3,653.0,1.0382472,1146.0,False
b3c18,Batch 3,659.0,1.0378151,1146.0,False
b3c18,Batch 3,664.0,1.0374105,1146.0,False
b3c18,Batch 3,669.0,1.0370688,1146.0,False
b3c18,Batch 3,674.0,1.0367117,1146.0,False
b3c18,Batch 3,680.0,1.0362258,1146.0,False
b3c18,Batch 3,685.0,1.0358568,1146.0,False
b3c18,Batch 3,690.0,1.0355377,1146.0,False
b3c18,Batch 3,695.0,1.0351294,1146.0,False
b3c18,Batch 3,700.0,1.0347365,1146.0,False
b3c18,Batch 3,706.0,1.0341462,1146.0,False
b3c18,Batch 3,711.0,1.0336071,1146.0,False
b3c18,Batch 3,716.0,1.0332435,1146.0,False
b3c18,Batch 3,721.0,1.0328838,1146.0,False
b3c18,Batch 3,727.0,1.0323111,1146.0,False
b3c18,Batch 3,732.0,1.0319301,1146.0,False
b3c18,Batch 3,737.0,1.0315521,1146.0,False
b3c18,Batch 3,742.0,1.0311261,1146.0,False
b3c18,Batch 3,747.0,1.030697,1146.0,False
b3c18,Batch 3,753.0,1.0300872,1146.0,False
b3c18,Batch 3,758.0,1.029604,1146.0,False
b3c18,Batch 3,763.0,1.0291919,1146.0,False
b3c18,Batch 3,768.0,1.0286324,1146.0,False
b3c18,Batch 3,774.0,1.0281219,1146.0,False
b3c18,Batch 3,779.0,1.0277122,1146.0,False
b3c18,Batch 3,784.0,1.0272461,1146.0,False
b3c18,Batch 3,789.0,1.0267062,1146.0,False
b3c18,Batch 3,795.0,1.02607,1146.0,False
b3c18,Batch 3,800.0,1.0255497,1146.0,False
b3c18,Batch 3,805.0,1.0250329,1146.0,False
b3c18,Batch 3,810.0,1.0245121,1146.0,False
b3c18,Batch 3,815.0,1.0238727,1146.0,False
b3c18,Batch 3,821.0,1.0230682,1146.0,False
b3c18,Batch 3,826.0,1.0223919,1146.0,False
b3c18,Batch 3,831.0,1.021614,1146.0,False
b3c18,Batch 3,836.0,1.0209959,1146.0,False
b3c18,Batch 3,842.0,1.0200789,1146.0,False
b3c18,Batch 3,847.0,1.019524,1146.0,False
b3c18,Batch 3,852.0,1.0187252,1146.0,False
b3c18,Batch 3,857.0,1.0179911,1146.0,False
b3c18,Batch 3,862.0,1.0172329,1146.0,False
b3c18,Batch 3,868.0,1.0161173,1146.0,False
b3c18,Batch 3,873.0,1.015265,1146.0,False
b3c18,Batch 3,878.0,1.0144374,1146.0,False
b3c18,Batch 3,883.0,1.0135294,1146.0,False
b3c18,Batch 3,889.0,1.0121729,1146.0,False
b3c18,Batch 3,894.0,1.011241,1146.0,False
b3c18,Batch 3,899.0,1.0101612,1146.0,False
b3c18,Batch 3,904.0,1.0089353,1146.0,False
b3c18,Batch 3,909.0,1.0077732,1146.0,False
b3c18,Batch 3,915.0,1.0061775,1146.0,False
b3c18,Batch 3,920.0,1.0048487,1146.0,False
b3c18,Batch 3,925.0,1.0034361,1146.0,False
b3c18,Batch 3,930.0,1.002012,1146.0,False
b3c18,Batch 3,936.0,1.0000812,1146.0,False
b3c18,Batch 3,941.0,0.99841982,1146.0,False
b3c18,Batch 3,946.0,0.99676418,1146.0,False
b3c18,Batch 3,951.0,0.99487317,1146.0,False
b3c18,Batch 3,956.0,0.99305683,1146.0,False
b3c18,Batch 3,962.0,0.99059379,1146.0,False
b3c18,Batch 3,967.0,0.98849851,1146.0,False
b3c18,Batch 3,972.0,0.98621023,1146.0,False
b3c18,Batch 3,977.0,0.98391151,1146.0,False
b3c18,Batch 3,983.0,0.9809556,1146.0,False
b3c18,Batch 3,988.0,0.9784295,1146.0,False
b3c18,Batch 3,993.0,0.9757179,1146.0,False
b3c18,Batch 3,998.0,0.97301471,1146.0,False
b3c18,Batch 3,1003.0,0.97006971,1146.0,False
b3c18,Batch 3,1009.0,0.96655619,1146.0,False
b3c18,Batch 3,1014.0,0.96313077,1146.0,False
b3c18,Batch 3,1019.0,0.96052796,1146.0,False
b3c18,Batch 3,1024.0,0.95728868,1146.0,False
b3c18,Batch 3,1030.0,0.95344758,1146.0,False
b3c18,Batch 3,1035.0,0.95018858,1146.0,False
b3c18,Batch 3,1040.0,0.94695961,1146.0,False
b3c18,Batch 3,1045.0,0.94358546,1146.0,False
b3c18,Batch 3,1050.0,0.94031644,1146.0,False
b3c18,Batch 3,1056.0,0.93625659,1146.0,False
b3c18,Batch 3,1061.0,0.9330039,1146.0,False
b3c18,Batch 3,1066.0,0.92973661,1146.0,False
b3c18,Batch 3,1071.0,0.92647505,1146.0,False
b3c18,Batch 3,1077.0,0.92256373,1146.0,False
b3c18,Batch 3,1082.0,0.91933733,1146.0,False
b3c18,Batch 3,1087.0,0.91613042,1146.0,False
b3c18,Batch 3,1092.0,0.91288203,1146.0,False
b3c18,Batch 3,1097.0,0.90973788,1146.0,False
b3c18,Batch 3,1103.0,0.90595442,1146.0,False
b3c18,Batch 3,1108.0,0.90277052,1146.0,False
b3c18,Batch 3,1113.0,0.89962411,1146.0,False
b3c18,Batch 3,1118.0,0.89647007,1146.0,False
b3c18,Batch 3,1124.0,0.89268154,1146.0,False
b3c18,Batch 3,1129.0,0.88956285,1146.0,False
b3c18,Batch 3,1134.0,0.88627428,1146.0,False
b3c18,Batch 3,1139.0,0.88319641,1146.0,False
b3c18,Batch 3,1145.0,0.88003904,1146.0,False
b3c19,Batch 3,1.0,1.0706265,1155.0,False
b3c19,Batch 3,6.0,1.0734339,1155.0,False
b3c19,Batch 3,11.0,1.0738292,1155.0,False
b3c19,Batch 3,16.0,1.0738759,1155.0,False
b3c19,Batch 3,22.0,1.0738391,1155.0,False
b3c19,Batch 3,27.0,1.0737469,1155.0,False
b3c19,Batch 3,32.0,1.0737016,1155.0,False
b3c19,Batch 3,37.0,1.0733746,1155.0,False
b3c19,Batch 3,43.0,1.0730708,1155.0,False
b3c19,Batch 3,48.0,1.0729764,1155.0,False
b3c19,Batch 3,53.0,1.0729729,1155.0,False
b3c19,Batch 3,58.0,1.072765,1155.0,False
b3c19,Batch 3,64.0,1.0724227,1155.0,False
b3c19,Batch 3,69.0,1.0721433,1155.0,False
b3c19,Batch 3,74.0,1.071857,1155.0,False
b3c19,Batch 3,79.0,1.0716535,1155.0,False
b3c19,Batch 3,85.0,1.0715122,1155.0,False
b3c19,Batch 3,90.0,1.0716212,1155.0,False
b3c19,Batch 3,95.0,1.0711972,1155.0,False
b3c19,Batch 3,101.0,1.0708687,1155.0,False
b3c19,Batch 3,106.0,1.0705924,1155.0,False
b3c19,Batch 3,111.0,1.0704545,1155.0,False
b3c19,Batch 3,116.0,1.0704932,1155.0,False
b3c19,Batch 3,122.0,1.0703776,1155.0,False
b3c19,Batch 3,127.0,1.0701023,1155.0,False
b3c19,Batch 3,132.0,1.0698916,1155.0,False
b3c19,Batch 3,137.0,1.0695536,1155.0,False
b3c19,Batch 3,143.0,1.0691283,1155.0,False
b3c19,Batch 3,148.0,1.0694537,1155.0,False
b3c19,Batch 3,153.0,1.0693856,1155.0,False
b3c19,Batch 3,158.0,1.0688957,1155.0,False
b3c19,Batch 3,164.0,1.0685141,1155.0,False
b3c19,Batch 3,169.0,1.0683268,1155.0,False
b3c19,Batch 3,174.0,1.0681007,1155.0,False
b3c19,Batch 3,180.0,1.0679971,1155.0,False
b3c19,Batch 3,185.0,1.0678707,1155.0,False
b3c19,Batch 3,190.0,1.0676543,1155.0,False
b3c19,Batch 3,195.0,1.0673862,1155.0,False
b3c19,Batch 3,201.0,1.0668052,1155.0,False
b3c19,Batch 3,206.0,1.0666536,1155.0,False
b3c19,Batch 3,211.0,1.0666302,1155.0,False
b3c19,Batch 3,216.0,1.065237,1155.0,False
b3c19,Batch 3,222.0,1.0663716,1155.0,False
b3c19,Batch 3,227.0,1.0660028,1155.0,False
b3c19,Batch 3,232.0,1.0657536,1155.0,False
b3c19,Batch 3,237.0,1.0655015,1155.0,False
b3c19,Batch 3,243.0,1.0652053,1155.0,False
b3c19,Batch 3,248.0,1.0651287,1155.0,False
b3c19,Batch 3,253.0,1.064777,1155.0,False
b3c19,Batch 3,258.0,1.0644798,1155.0,False
b3c19,Batch 3,264.0,1.0641469,1155.0,False
b3c19,Batch 3,269.0,1.0637808,1155.0,False
b3c19,Batch 3,274.0,1.063574,1155.0,False
b3c19,Batch 3,280.0,1.0633568,1155.0,False
b3c19,Batch 3,285.0,1.0631403,1155.0,False
b3c19,Batch 3,290.0,1.0628999,1155.0,False
b3c19,Batch 3,295.0,1.0626261,1155.0,False
b3c19,Batch 3,301.0,1.0622452,1155.0,False
b3c19,Batch 3,306.0,1.0619735,1155.0,False
b3c19,Batch 3,311.0,1.0618031,1155.0,False
b3c19,Batch 3,316.0,1.0615224,1155.0,False
b3c19,Batch 3,322.0,1.0612328,1155.0,False
b3c19,Batch 3,327.0,1.0609525,1155.0,False
b3c19,Batch 3,332.0,1.0607316,1155.0,False
b3c19,Batch 3,337.0,1.0603876,1155.0,False
b3c19,Batch 3,343.0,1.0601382,1155.0,False
b3c19,Batch 3,348.0,1.0599412,1155.0,False
b3c19,Batch 3,353.0,1.0597099,1155.0,False
b3c19,Batch 3,359.0,1.0593122,1155.0,False
b3c19,Batch 3,364.0,1.0590283,1155.0,False
b3c19,Batch 3,369.0,1.0586954,1155.0,False
b3c19,Batch 3,374.0,1.0584587,1155.0,False
b3c19,Batch 3,380.0,1.0582155,1155.0,False
b3c19,Batch 3,385.0,1.0581098,1155.0,False
b3c19,Batch 3,390.0,1.057737,1155.0,False
b3c19,Batch 3,395.0,1.0575063,1155.0,False
b3c19,Batch 3,401.0,1.0571434,1155.0,False
b3c19,Batch 3,406.0,1.0568715,1155.0,False
b3c19,Batch 3,411.0,1.0566589,1155.0,False
b3c19,Batch 3,416.0,1.0551417,1155.0,False
b3c19,Batch 3,422.0,1.0560639,1155.0,False
b3c19,Batch 3,427.0,1.0557642,1155.0,False
b3c19,Batch 3,432.0,1.0554739,1155.0,False
b3c19,Batch 3,437.0,1.0552444,1155.0,False
b3c19,Batch 3,443.0,1.0549412,1155.0,False
b3c19,Batch 3,448.0,1.0546781,1155.0,False
b3c19,Batch 3,453.0,1.054428,1155.0,False
b3c19,Batch 3,459.0,1.054152,1155.0,False
b3c19,Batch 3,464.0,1.0538327,1155.0,False
b3c19,Batch 3,469.0,1.0533644,1155.0,False
b3c19,Batch 3,474.0,1.0530655,1155.0,False
b3c19,Batch 3,480.0,1.0528766,1155.0,False
b3c19,Batch 3,485.0,1.0526824,1155.0,False
b3c19,Batch 3,490.0,1.0523804,1155.0,False
b3c19,Batch 3,495.0,1.052031,1155.0,False
b3c19,Batch 3,501.0,1.051662,1155.0,False
b3c19,Batch 3,506.0,1.0513021,1155.0,False
b3c19,Batch 3,511.0,1.0509847,1155.0,False
b3c19,Batch 3,516.0,1.0506772,1155.0,False
b3c19,Batch 3,522.0,1.0502654,1155.0,False
b3c19,Batch 3,527.0,1.049962,1155.0,False
b3c19,Batch 3,532.0,1.049536,1155.0,False
b3c19,Batch 3,538.0,1.0489551,1155.0,False
b3c19,Batch 3,543.0,1.0486912,1155.0,False
b3c19,Batch 3,548.0,1.0486349,1155.0,False
b3c19,Batch 3,553.0,1.0484657,1155.0,False
b3c19,Batch 3,559.0,1.0480158,1155.0,False
b3c19,Batch 3,564.0,1.0477293,1155.0,False
b3c19,Batch 3,569.0,1.0472839,1155.0,False
b3c19,Batch 3,574.0,1.0468932,1155.0,False
b3c19,Batch 3,580.0,1.0465437,1155.0,False
b3c19,Batch 3,585.0,1.0463462,1155.0,False
b3c19,Batch 3,590.0,1.0462012,1155.0,False
b3c19,Batch 3,595.0,1.0458173,1155.0,False
b3c19,Batch 3,601.0,1.0454986,1155.0,False
b3c19,Batch 3,606.0,1.0451845,1155.0,False
b3c19,Batch 3,611.0,1.0446862,1155.0,False
b3c19,Batch 3,616.0,1.0444269,1155.0,False
b3c19,Batch 3,622.0,1.0441123,1155.0,False
b3c19,Batch 3,627.0,1.043754,1155.0,False
b3c19,Batch 3,632.0,1.0434382,1155.0,False
b3c19,Batch 3,638.0,1.04295,1155.0,False
b3c19,Batch 3,643.0,1.0425987,1155.0,False
b3c19,Batch 3,648.0,1.042325,1155.0,False
b3c19,Batch 3,653.0,1.0420063,1155.0,False
b3c19,Batch 3,659.0,1.0416046,1155.0,False
b3c19,Batch 3,664.0,1.0411303,1155.0,False
b3c19,Batch 3,669.0,1.0407759,1155.0,False
b3c19,Batch 3,674.0,1.0404094,1155.0,False
b3c19,Batch 3,680.0,1.0400113,1155.0,False
b3c19,Batch 3,685.0,1.0397509,1155.0,False
b3c19,Batch 3,690.0,1.039364,1155.0,False
b3c19,Batch 3,695.0,1.0390691,1155.0,False
b3c19,Batch 3,701.0,1.0384278,1155.0,False
b3c19,Batch 3,706.0,1.038031,1155.0,False
b3c19,Batch 3,711.0,1.0376542,1155.0,False
b3c19,Batch 3,717.0,1.0371984,1155.0,False
b3c19,Batch 3,722.0,1.0367465,1155.0,False
b3c19,Batch 3,727.0,1.0351539,1155.0,False
b3c19,Batch 3,732.0,1.036055,1155.0,False
b3c19,Batch 3,738.0,1.0354812,1155.0,False
b3c19,Batch 3,743.0,1.0351158,1155.0,False
b3c19,Batch 3,748.0,1.0347031,1155.0,False
b3c19,Batch 3,753.0,1.0343016,1155.0,False
b3c19,Batch 3,759.0,1.0338256,1155.0,False
b3c19,Batch 3,764.0,1.0335269,1155.0,False
b3c19,Batch 3,769.0,1.0331482,1155.0,False
b3c19,Batch 3,774.0,1.0327595,1155.0,False
b3c19,Batch 3,780.0,1.0321583,1155.0,False
b3c19,Batch 3,785.0,1.0317104,1155.0,False
b3c19,Batch 3,790.0,1.031333,1155.0,False
b3c19,Batch 3,795.0,1.0308785,1155.0,False
b3c19,Batch 3,801.0,1.0302632,1155.0,False
b3c19,Batch 3,806.0,1.0296899,1155.0,False
b3c19,Batch 3,811.0,1.0291033,1155.0,False
b3c19,Batch 3,817.0,1.0284199,1155.0,False
b3c19,Batch 3,822.0,1.0278934,1155.0,False
b3c19,Batch 3,827.0,1.0272834,1155.0,False
b3c19,Batch 3,832.0,1.0266323,1155.0,False
b3c19,Batch 3,838.0,1.0260347,1155.0,False
b3c19,Batch 3,843.0,1.0254282,1155.0,False
b3c19,Batch 3,848.0,1.0246508,1155.0,False
b3c19,Batch 3,853.0,1.0239077,1155.0,False
b3c19,Batch 3,859.0,1.0229387,1155.0,False
b3c19,Batch 3,864.0,1.0221491,1155.0,False
b3c19,Batch 3,869.0,1.0214578,1155.0,False
b3c19,Batch 3,874.0,1.020625,1155.0,False
b3c19,Batch 3,880.0,1.0195522,1155.0,False
b3c19,Batch 3,885.0,1.0187049,1155.0,False
b3c19,Batch 3,890.0,1.0176947,1155.0,False
b3c19,Batch 3,896.0,1.0164759,1155.0,False
b3c19,Batch 3,901.0,1.0153716,1155.0,False
b3c19,Batch 3,906.0,1.0129629,1155.0,False
b3c19,Batch 3,911.0,1.0130377,1155.0,False
b3c19,Batch 3,917.0,1.0114379,1155.0,False
b3c19,Batch 3,922.0,1.0100343,1155.0,False
b3c19,Batch 3,927.0,1.0085133,1155.0,False
b3c19,Batch 3,932.0,1.0070044,1155.0,False
b3c19,Batch 3,938.0,1.0049957,1155.0,False
b3c19,Batch 3,943.0,1.0033153,1155.0,False
b3c19,Batch 3,948.0,1.0015999,1155.0,False
b3c19,Batch 3,953.0,0.99956959,1155.0,False
b3c19,Batch 3,959.0,0.997118,1155.0,False
b3c19,Batch 3,964.0,0.99489141,1155.0,False
b3c19,Batch 3,969.0,0.99260157,1155.0,False
b3c19,Batch 3,974.0,0.99005711,1155.0,False
b3c19,Batch 3,980.0,0.9868536,1155.0,False
b3c19,Batch 3,985.0,0.9840923,1155.0,False
b3c19,Batch 3,990.0,0.98120749,1155.0,False
b3c19,Batch 3,996.0,0.9777028,1155.0,False
b3c19,Batch 3,1001.0,0.97477722,1155.0,False
b3c19,Batch 3,1006.0,0.97182459,1155.0,False
b3c19,Batch 3,1011.0,0.96876854,1155.0,False
b3c19,Batch 3,1017.0,0.9650569,1155.0,False
b3c19,Batch 3,1022.0,0.96206361,1155.0,False
b3c19,Batch 3,1027.0,0.95903057,1155.0,False
b3c19,Batch 3,1032.0,0.95600885,1155.0,False
b3c19,Batch 3,1038.0,0.95238805,1155.0,False
b3c19,Batch 3,1043.0,0.94936341,1155.0,False
b3c19,Batch 3,1048.0,0.94633979,1155.0,False
b3c19,Batch 3,1053.0,0.94332999,1155.0,False
b3c19,Batch 3,1059.0,0.93975466,1155.0,False
b3c19,Batch 3,1064.0,0.93675852,1155.0,False
b3c19,Batch 3,1069.0,0.93375647,1155.0,False
b3c19,Batch 3,1075.0,0.93010926,1155.0,False
b3c19,Batch 3,1080.0,0.92710996,1155.0,False
b3c19,Batch 3,1085.0,0.92416346,1155.0,False
b3c19,Batch 3,1090.0,0.92114145,1155.0,False
b3c19,Batch 3,1096.0,0.91749549,1155.0,False
b3c19,Batch 3,1101.0,0.91448069,1155.0,False
b3c19,Batch 3,1106.0,0.91132522,1155.0,False
b3c19,Batch 3,1111.0,0.90816337,1155.0,False
b3c19,Batch 3,1117.0,0.9043529,1155.0,False
b3c19,Batch 3,1122.0,0.90133309,1155.0,False
b3c19,Batch 3,1127.0,0.89812487,1155.0,False
b3c19,Batch 3,1132.0,0.89488572,1155.0,False
b3c19,Batch 3,1138.0,0.89071065,1155.0,False
b3c19,Batch 3,1143.0,0.88732117,1155.0,False
b3c19,Batch 3,1148.0,0.88379031,1155.0,False
b3c19,Batch 3,1154.0,0.88007373,1155.0,False
b3c20,Batch 3,1.0,1.063777,813.0,False
b3c20,Batch 3,4.0,1.066355,813.0,False
b3c20,Batch 3,8.0,1.0673007,813.0,False
b3c20,Batch 3,12.0,1.0675582,813.0,False
b3c20,Batch 3,15.0,1.0678315,813.0,False
b3c20,Batch 3,19.0,1.0679822,813.0,False
b3c20,Batch 3,23.0,1.0680346,813.0,False
b3c20,Batch 3,26.0,1.0679696,813.0,False
b3c20,Batch 3,30.0,1.0679865,813.0,False
b3c20,Batch 3,34.0,1.0680823,813.0,False
b3c20,Batch 3,38.0,1.0679085,813.0,False
b3c20,Batch 3,41.0,1.0679255,813.0,False
b3c20,Batch 3,45.0,1.0677729,813.0,False
b3c20,Batch 3,49.0,1.0677624,813.0,False
b3c20,Batch 3,52.0,1.0678132,813.0,False
b3c20,Batch 3,56.0,1.0678129,813.0,False
b3c20,Batch 3,60.0,1.0675874,813.0,False
b3c20,Batch 3,63.0,1.0676295,813.0,False
b3c20,Batch 3,67.0,1.0674942,813.0,False
b3c20,Batch 3,71.0,1.0673512,813.0,False
b3c20,Batch 3,75.0,1.0675331,813.0,False
b3c20,Batch 3,78.0,1.0670931,813.0,False
b3c20,Batch 3,82.0,1.0670369,813.0,False
b3c20,Batch 3,86.0,1.0670849,813.0,False
b3c20,Batch 3,89.0,1.0669712,813.0,False
b3c20,Batch 3,93.0,1.0668062,813.0,False
b3c20,Batch 3,97.0,1.0665992,813.0,False
b3c20,Batch 3,100.0,1.0664401,813.0,False
b3c20,Batch 3,104.0,1.0662572,813.0,False
b3c20,Batch 3,108.0,1.0663031,813.0,False
b3c20,Batch 3,112.0,1.0663527,813.0,False
b3c20,Batch 3,115.0,1.0662808,813.0,False
b3c20,Batch 3,119.0,1.0661435,813.0,False
b3c20,Batch 3,123.0,1.0659056,813.0,False
b3c20,Batch 3,126.0,1.0657459,813.0,False
b3c20,Batch 3,130.0,1.0655422,813.0,False
b3c20,Batch 3,134.0,1.065444,813.0,False
b3c20,Batch 3,138.0,1.0652363,813.0,False
b3c20,Batch 3,141.0,1.0652362,813.0,False
b3c20,Batch 3,145.0,1.0652508,813.0,False
b3c20,Batch 3,149.0,1.0651685,813.0,False
b3c20,Batch 3,152.0,1.064977,813.0,False
b3c20,Batch 3,156.0,1.0646743,813.0,False
b3c20,Batch 3,160.0,1.0643773,813.0,False
b3c20,Batch 3,163.0,1.0642827,813.0,False
b3c20,Batch 3,167.0,1.064116,813.0,False
b3c20,Batch 3,171.0,1.0641748,813.0,False
b3c20,Batch 3,175.0,1.0641271,813.0,False
b3c20,Batch 3,178.0,1.0640199,813.0,False
b3c20,Batch 3,182.0,1.063733,813.0,False
b3c20,Batch 3,186.0,1.063589,813.0,False
b3c20,Batch 3,189.0,1.0634229,813.0,False
b3c20,Batch 3,193.0,1.0631127,813.0,False
b3c20,Batch 3,197.0,1.0628036,813.0,False
b3c20,Batch 3,200.0,1.063004,813.0,False
b3c20,Batch 3,204.0,1.0628589,813.0,False
b3c20,Batch 3,208.0,1.0628548,813.0,False
b3c20,Batch 3,212.0,1.0625467,813.0,False
b3c20,Batch 3,215.0,1.0625657,813.0,False
b3c20,Batch 3,219.0,1.0624015,813.0,False
b3c20,Batch 3,223.0,1.062188,813.0,False
b3c20,Batch 3,226.0,1.0619574,813.0,False
b3c20,Batch 3,230.0,1.0617936,813.0,False
b3c20,Batch 3,234.0,1.0616142,813.0,False
b3c20,Batch 3,238.0,1.0613736,813.0,False
b3c20,Batch 3,241.0,1.0612963,813.0,False
b3c20,Batch 3,245.0,1.0610629,813.0,False
b3c20,Batch 3,249.0,1.0609759,813.0,False
b3c20,Batch 3,252.0,1.0608351,813.0,False
b3c20,Batch 3,256.0,1.0606208,813.0,False
b3c20,Batch 3,260.0,1.0603119,813.0,False
b3c20,Batch 3,263.0,1.0601809,813.0,False
b3c20,Batch 3,267.0,1.0600716,813.0,False
b3c20,Batch 3,271.0,1.0598561,813.0,False
b3c20,Batch 3,275.0,1.0597157,813.0,False
b3c20,Batch 3,278.0,1.0595789,813.0,False
b3c20,Batch 3,282.0,1.0592813,813.0,False
b3c20,Batch 3,286.0,1.0589842,813.0,False
b3c20,Batch 3,289.0,1.058871,813.0,False
b3c20,Batch 3,293.0,1.0585459,813.0,False
b3c20,Batch 3,297.0,1.0583543,813.0,False
b3c20,Batch 3,300.0,1.05827,813.0,False
b3c20,Batch 3,304.0,1.0580887,813.0,False
b3c20,Batch 3,308.0,1.0577925,813.0,False
b3c20,Batch 3,312.0,1.0576111,813.0,False
b3c20,Batch 3,315.0,1.0574222,813.0,False
b3c20,Batch 3,319.0,1.0570118,813.0,False
b3c20,Batch 3,323.0,1.0566916,813.0,False
b3c20,Batch 3,326.0,1.056587,813.0,False
b3c20,Batch 3,330.0,1.0563582,813.0,False
b3c20,Batch 3,334.0,1.0561823,813.0,False
b3c20,Batch 3,337.0,1.0560492,813.0,False
b3c20,Batch 3,341.0,1.0558321,813.0,False
b3c20,Batch 3,345.0,1.0555708,813.0,False
b3c20,Batch 3,349.0,1.055331,813.0,False
b3c20,Batch 3,352.0,1.055092,813.0,False
b3c20,Batch 3,356.0,1.0548669,813.0,False
b3c20,Batch 3,360.0,1.0546349,813.0,False
b3c20,Batch 3,363.0,1.0543871,813.0,False
b3c20,Batch 3,367.0,1.0543497,813.0,False
b3c20,Batch 3,371.0,1.0539012,813.0,False
b3c20,Batch 3,375.0,1.0537963,813.0,False
b3c20,Batch 3,378.0,1.0536853,813.0,False
b3c20,Batch 3,382.0,1.0534332,813.0,False
b3c20,Batch 3,386.0,1.0531243,813.0,False
b3c20,Batch 3,389.0,1.0530144,813.0,False
b3c20,Batch 3,393.0,1.0527892,813.0,False
b3c20,Batch 3,397.0,1.0525515,813.0,False
b3c20,Batch 3,400.0,1.0521835,813.0,False
b3c20,Batch 3,404.0,1.0520432,813.0,False
b3c20,Batch 3,408.0,1.0517385,813.0,False
b3c20,Batch 3,412.0,1.0514576,813.0,False
b3c20,Batch 3,415.0,1.0513002,813.0,False
b3c20,Batch 3,419.0,1.0509149,813.0,False
b3c20,Batch 3,423.0,1.0506195,813.0,False
b3c20,Batch 3,426.0,1.0505124,813.0,False
b3c20,Batch 3,430.0,1.0502625,813.0,False
b3c20,Batch 3,434.0,1.049841,813.0,False
b3c20,Batch 3,437.0,1.0496367,813.0,False
b3c20,Batch 3,441.0,1.049316,813.0,False
b3c20,Batch 3,445.0,1.0488731,813.0,False
b3c20,Batch 3,449.0,1.0483807,813.0,False
b3c20,Batch 3,452.0,1.0483158,813.0,False
b3c20,Batch 3,456.0,1.0480328,813.0,False
b3c20,Batch 3,460.0,1.0478183,813.0,False
b3c20,Batch 3,463.0,1.0475982,813.0,False
b3c20,Batch 3,467.0,1.0472411,813.0,False
b3c20,Batch 3,471.0,1.0468838,813.0,False
b3c20,Batch 3,475.0,1.0465083,813.0,False
b3c20,Batch 3,478.0,1.0461839,813.0,False
b3c20,Batch 3,482.0,1.0458628,813.0,False
b3c20,Batch 3,486.0,1.0455617,813.0,False
b3c20,Batch 3,489.0,1.0452132,813.0,False
b3c20,Batch 3,493.0,1.044819,813.0,False
b3c20,Batch 3,497.0,1.0442402,813.0,False
b3c20,Batch 3,500.0,1.0438516,813.0,False
b3c20,Batch 3,504.0,1.0436146,813.0,False
b3c20,Batch 3,508.0,1.0430194,813.0,False
b3c20,Batch 3,512.0,1.0424727,813.0,False
b3c20,Batch 3,515.0,1.0422577,813.0,False
b3c20,Batch 3,519.0,1.0420629,813.0,False
b3c20,Batch 3,523.0,1.0417835,813.0,False
b3c20,Batch 3,526.0,1.0415128,813.0,False
b3c20,Batch 3,530.0,1.0409552,813.0,False
b3c20,Batch 3,534.0,1.0404235,813.0,False
b3c20,Batch 3,537.0,1.0400324,813.0,False
b3c20,Batch 3,541.0,1.039471,813.0,False
b3c20,Batch 3,545.0,1.038972,813.0,False
b3c20,Batch 3,549.0,1.0385312,813.0,False
b3c20,Batch 3,552.0,1.0379082,813.0,False
b3c20,Batch 3,556.0,1.0376836,813.0,False
b3c20,Batch 3,560.0,1.0373029,813.0,False
b3c20,Batch 3,563.0,1.0368257,813.0,False
b3c20,Batch 3,567.0,1.0365105,813.0,False
b3c20,Batch 3,571.0,1.0360759,813.0,False
b3c20,Batch 3,574.0,1.0356061,813.0,False
b3c20,Batch 3,578.0,1.0349692,813.0,False
b3c20,Batch 3,582.0,1.034493,813.0,False
b3c20,Batch 3,586.0,1.033976,813.0,False
b3c20,Batch 3,589.0,1.0334502,813.0,False
b3c20,Batch 3,593.0,1.0327936,813.0,False
b3c20,Batch 3,597.0,1.0321368,813.0,False
b3c20,Batch 3,600.0,1.0316358,813.0,False
b3c20,Batch 3,604.0,1.0309962,813.0,False
b3c20,Batch 3,608.0,1.0301691,813.0,False
b3c20,Batch 3,612.0,1.0295959,813.0,False
b3c20,Batch 3,615.0,1.0291338,813.0,False
b3c20,Batch 3,619.0,1.028355,813.0,False
b3c20,Batch 3,623.0,1.0276115,813.0,False
b3c20,Batch 3,626.0,1.0269172,813.0,False
b3c20,Batch 3,630.0,1.0260153,813.0,False
b3c20,Batch 3,634.0,1.0250099,813.0,False
b3c20,Batch 3,637.0,1.0244237,813.0,False
b3c20,Batch 3,641.0,1.0234572,813.0,False
b3c20,Batch 3,645.0,1.0225953,813.0,False
b3c20,Batch 3,649.0,1.0215687,813.0,False
b3c20,Batch 3,652.0,1.0208868,813.0,False
b3c20,Batch 3,656.0,1.0197023,813.0,False
b3c20,Batch 3,660.0,1.0185096,813.0,False
b3c20,Batch 3,663.0,1.0174491,813.0,False
b3c20,Batch 3,667.0,1.0161618,813.0,False
b3c20,Batch 3,671.0,1.0147994,813.0,False
b3c20,Batch 3,674.0,1.0138898,813.0,False
b3c20,Batch 3,678.0,1.012417,813.0,False
b3c20,Batch 3,682.0,1.0108688,813.0,False
b3c20,Batch 3,686.0,1.0090955,813.0,False
b3c20,Batch 3,689.0,1.0079728,813.0,False
b3c20,Batch 3,693.0,1.0062732,813.0,False
b3c20,Batch 3,697.0,1.0043488,813.0,False
b3c20,Batch 3,700.0,1.0028397,813.0,False
b3c20,Batch 3,704.0,1.0006796,813.0,False
b3c20,Batch 3,708.0,0.99831474,813.0,False
b3c20,Batch 3,712.0,0.99575084,813.0,False
b3c20,Batch 3,715.0,0.99396485,813.0,False
b3c20,Batch 3,719.0,0.99124283,813.0,False
b3c20,Batch 3,723.0,0.98830724,813.0,False
b3c20,Batch 3,726.0,0.98615688,813.0,False
b3c20,Batch 3,730.0,0.98298043,813.0,False
b3c20,Batch 3,734.0,0.97953093,813.0,False
b3c20,Batch 3,737.0,0.97684193,813.0,False
b3c20,Batch 3,741.0,0.97294563,813.0,False
b3c20,Batch 3,745.0,0.96881604,813.0,False
b3c20,Batch 3,749.0,0.96445411,813.0,False
b3c20,Batch 3,752.0,0.96099269,813.0,False
b3c20,Batch 3,756.0,0.95638078,813.0,False
b3c20,Batch 3,760.0,0.95141959,813.0,False
b3c20,Batch 3,763.0,0.94759023,813.0,False
b3c20,Batch 3,767.0,0.94232506,813.0,False
b3c20,Batch 3,771.0,0.93702644,813.0,False
b3c20,Batch 3,774.0,0.93285787,813.0,False
b3c20,Batch 3,778.0,0.92749727,813.0,False
b3c20,Batch 3,782.0,0.92173481,813.0,False
b3c20,Batch 3,786.0,0.91611481,813.0,False
b3c20,Batch 3,789.0,0.91184074,813.0,False
b3c20,Batch 3,793.0,0.90610045,813.0,False
b3c20,Batch 3,797.0,0.90048206,813.0,False
b3c20,Batch 3,800.0,0.89645588,813.0,False
b3c20,Batch 3,804.0,0.89086163,813.0,False
b3c20,Batch 3,808.0,0.88540667,813.0,False
b3c20,Batch 3,812.0,0.88059181,813.0,False
b3c21,Batch 3,1.0,1.0678786,772.0,False
b3c21,Batch 3,4.0,1.0681052,772.0,False
b3c21,Batch 3,8.0,1.0685678,772.0,False
b3c21,Batch 3,11.0,1.0685649,772.0,False
b3c21,Batch 3,15.0,1.0681145,772.0,False
b3c21,Batch 3,18.0,1.0675895,772.0,False
b3c21,Batch 3,22.0,1.0668911,772.0,False
b3c21,Batch 3,25.0,1.0652237,772.0,False
b3c21,Batch 3,29.0,1.0657502,772.0,False
b3c21,Batch 3,32.0,1.0652066,772.0,False
b3c21,Batch 3,36.0,1.0646479,772.0,False
b3c21,Batch 3,39.0,1.0641602,772.0,False
b3c21,Batch 3,43.0,1.0634789,772.0,False
b3c21,Batch 3,46.0,1.0628786,772.0,False
b3c21,Batch 3,50.0,1.0623268,772.0,False
b3c21,Batch 3,53.0,1.0619019,772.0,False
b3c21,Batch 3,57.0,1.0612661,772.0,False
b3c21,Batch 3,60.0,1.0605961,772.0,False
b3c21,Batch 3,64.0,1.0599415,772.0,False
b3c21,Batch 3,67.0,1.0594282,772.0,False
b3c21,Batch 3,71.0,1.0587101,772.0,False
b3c21,Batch 3,74.0,1.0581977,772.0,False
b3c21,Batch 3,78.0,1.0575242,772.0,False
b3c21,Batch 3,81.0,1.0570331,772.0,False
b3c21,Batch 3,85.0,1.0563747,772.0,False
b3c21,Batch 3,88.0,1.0558716,772.0,False
b3c21,Batch 3,92.0,1.0554793,772.0,False
b3c21,Batch 3,95.0,1.0548487,772.0,False
b3c21,Batch 3,99.0,1.054091,772.0,False
b3c21,Batch 3,102.0,1.053544,772.0,False
b3c21,Batch 3,106.0,1.0528762,772.0,False
b3c21,Batch 3,109.0,1.0523049,772.0,False
b3c21,Batch 3,113.0,1.051666,772.0,False
b3c21,Batch 3,117.0,1.0510527,772.0,False
b3c21,Batch 3,120.0,1.0507926,772.0,False
b3c21,Batch 3,124.0,1.0501732,772.0,False
b3c21,Batch 3,127.0,1.0497924,772.0,False
b3c21,Batch 3,131.0,1.0492071,772.0,False
b3c21,Batch 3,134.0,1.0485072,772.0,False
b3c21,Batch 3,138.0,1.0479128,772.0,False
b3c21,Batch 3,141.0,1.0473369,772.0,False
b3c21,Batch 3,145.0,1.0466312,772.0,False
b3c21,Batch 3,148.0,1.0460448,772.0,False
b3c21,Batch 3,152.0,1.0456996,772.0,False
b3c21,Batch 3,155.0,1.0454334,772.0,False
b3c21,Batch 3,159.0,1.0447271,772.0,False
b3c21,Batch 3,162.0,1.0445386,772.0,False
b3c21,Batch 3,166.0,1.0438205,772.0,False
b3c21,Batch 3,169.0,1.0430971,772.0,False
b3c21,Batch 3,173.0,1.0422504,772.0,False
b3c21,Batch 3,176.0,1.041728,772.0,False
b3c21,Batch 3,180.0,1.0409969,772.0,False
b3c21,Batch 3,183.0,1.0407521,772.0,False
b3c21,Batch 3,187.0,1.0403039,772.0,False
b3c21,Batch 3,190.0,1.0397841,772.0,False
b3c21,Batch 3,194.0,1.039276,772.0,False
b3c21,Batch 3,197.0,1.0385226,772.0,False
b3c21,Batch 3,201.0,1.0380839,772.0,False
b3c21,Batch 3,204.0,1.0375297,772.0,False
b3c21,Batch 3,208.0,1.0367821,772.0,False
b3c21,Batch 3,211.0,1.0361664,772.0,False
b3c21,Batch 3,215.0,1.035516,772.0,False
b3c21,Batch 3,218.0,1.0352803,772.0,False
b3c21,Batch 3,222.0,1.0347384,772.0,False
b3c21,Batch 3,226.0,1.0341606,772.0,False
b3c21,Batch 3,229.0,1.0338044,772.0,False
b3c21,Batch 3,233.0,1.0332688,772.0,False
b3c21,Batch 3,236.0,1.0328588,772.0,False
b3c21,Batch 3,240.0,1.032337,772.0,False
b3c21,Batch 3,243.0,1.0317947,772.0,False
b3c21,Batch 3,247.0,1.0312054,772.0,False
b3c21,Batch 3,250.0,1.0307701,772.0,False
b3c21,Batch 3,254.0,1.0303433,772.0,False
b3c21,Batch 3,257.0,1.0298042,772.0,False
b3c21,Batch 3,261.0,1.0293783,772.0,False
b3c21,Batch 3,264.0,1.0289917,772.0,False
b3c21,Batch 3,268.0,1.0282366,772.0,False
b3c21,Batch 3,271.0,1.0279269,772.0,False
b3c21,Batch 3,275.0,1.0272646,772.0,False
b3c21,Batch 3,278.0,1.026926,772.0,False
b3c21,Batch 3,282.0,1.0263418,772.0,False
b3c21,Batch 3,285.0,1.025811,772.0,False
b3c21,Batch 3,289.0,1.0253962,772.0,False
b3c21,Batch 3,292.0,1.0251044,772.0,False
b3c21,Batch 3,296.0,1.0245826,772.0,False
b3c21,Batch 3,299.0,1.0241158,772.0,False
b3c21,Batch 3,303.0,1.0235583,772.0,False
b3c21,Batch 3,306.0,1.0232087,772.0,False
b3c21,Batch 3,310.0,1.0227133,772.0,False
b3c21,Batch 3,313.0,1.0224222,772.0,False
b3c21,Batch 3,317.0,1.0217397,772.0,False
b3c21,Batch 3,320.0,1.0214468,772.0,False
b3c21,Batch 3,324.0,1.0208681,772.0,False
b3c21,Batch 3,327.0,1.020421,772.0,False
b3c21,Batch 3,331.0,1.0200075,772.0,False
b3c21,Batch 3,335.0,1.0193366,772.0,False
b3c21,Batch 3,338.0,1.0190666,772.0,False
b3c21,Batch 3,342.0,1.0185198,772.0,False
b3c21,Batch 3,345.0,1.0181339,772.0,False
b3c21,Batch 3,349.0,1.0175109,772.0,False
b3c21,Batch 3,352.0,1.0171602,772.0,False
b3c21,Batch 3,356.0,1.0164512,772.0,False
b3c21,Batch 3,359.0,1.0159402,772.0,False
b3c21,Batch 3,363.0,1.0155175,772.0,False
b3c21,Batch 3,366.0,1.0151831,772.0,False
b3c21,Batch 3,370.0,1.0146412,772.0,False
b3c21,Batch 3,373.0,1.0142748,772.0,False
b3c21,Batch 3,377.0,1.013628,772.0,False
b3c21,Batch 3,380.0,1.0132875,772.0,False
b3c21,Batch 3,384.0,1.0127543,772.0,False
b3c21,Batch 3,387.0,1.0122992,772.0,False
b3c21,Batch 3,391.0,1.0116782,772.0,False
b3c21,Batch 3,394.0,1.0112101,772.0,False
b3c21,Batch 3,398.0,1.0106062,772.0,False
b3c21,Batch 3,401.0,1.0101197,772.0,False
b3c21,Batch 3,405.0,1.0096132,772.0,False
b3c21,Batch 3,408.0,1.0092055,772.0,False
b3c21,Batch 3,412.0,1.0086899,772.0,False
b3c21,Batch 3,415.0,1.0082903,772.0,False
b3c21,Batch 3,419.0,1.0076581,772.0,False
b3c21,Batch 3,422.0,1.0072172,772.0,False
b3c21,Batch 3,426.0,1.0066061,772.0,False
b3c21,Batch 3,429.0,1.0061855,772.0,False
b3c21,Batch 3,433.0,1.0055513,772.0,False
b3c21,Batch 3,436.0,1.0050632,772.0,False
b3c21,Batch 3,440.0,1.0045214,772.0,False
b3c21,Batch 3,444.0,1.0038757,772.0,False
b3c21,Batch 3,447.0,1.0033067,772.0,False
b3c21,Batch 3,451.0,1.0026499,772.0,False
b3c21,Batch 3,454.0,1.0021627,772.0,False
b3c21,Batch 3,458.0,1.0015231,772.0,False
b3c21,Batch 3,461.0,1.0010499,772.0,False
b3c21,Batch 3,465.0,1.0004308,772.0,False
b3c21,Batch 3,468.0,0.99981058,772.0,False
b3c21,Batch 3,472.0,0.99906099,772.0,False
b3c21,Batch 3,475.0,0.9986043,772.0,False
b3c21,Batch 3,479.0,0.99792606,772.0,False
b3c21,Batch 3,482.0,0.99735034,772.0,False
b3c21,Batch 3,486.0,0.99665654,772.0,False
b3c21,Batch 3,489.0,0.99605715,772.0,False
b3c21,Batch 3,493.0,0.99533385,772.0,False
b3c21,Batch 3,496.0,0.99468082,772.0,False
b3c21,Batch 3,500.0,0.99372542,772.0,False
b3c21,Batch 3,503.0,0.99315649,772.0,False
b3c21,Batch 3,507.0,0.99235284,772.0,False
b3c21,Batch 3,510.0,0.99181348,772.0,False
b3c21,Batch 3,514.0,0.99109292,772.0,False
b3c21,Batch 3,517.0,0.99056613,772.0,False
b3c21,Batch 3,521.0,0.98986262,772.0,False
b3c21,Batch 3,524.0,0.98914945,772.0,False
b3c21,Batch 3,528.0,0.98824662,772.0,False
b3c21,Batch 3,531.0,0.98761314,772.0,False
b3c21,Batch 3,535.0,0.98677886,772.0,False
b3c21,Batch 3,538.0,0.98604286,772.0,False
b3c21,Batch 3,542.0,0.98517644,772.0,False
b3c21,Batch 3,545.0,0.98444217,772.0,False
b3c21,Batch 3,549.0,0.98359585,772.0,False
b3c21,Batch 3,553.0,0.98270321,772.0,False
b3c21,Batch 3,556.0,0.98194778,772.0,False
b3c21,Batch 3,560.0,0.98089892,772.0,False
b3c21,Batch 3,563.0,0.98012483,772.0,False
b3c21,Batch 3,567.0,0.9790827,772.0,False
b3c21,Batch 3,570.0,0.97828734,772.0,False
b3c21,Batch 3,574.0,0.97713208,772.0,False
b3c21,Batch 3,577.0,0.97627568,772.0,False
b3c21,Batch 3,581.0,0.97515118,772.0,False
b3c21,Batch 3,584.0,0.97436619,772.0,False
b3c21,Batch 3,588.0,0.97337854,772.0,False
b3c21,Batch 3,591.0,0.97260582,772.0,False
b3c21,Batch 3,595.0,0.97155905,772.0,False
b3c21,Batch 3,598.0,0.97069168,772.0,False
b3c21,Batch 3,602.0,0.96951526,772.0,False
b3c21,Batch 3,605.0,0.96865422,772.0,False
b3c21,Batch 3,609.0,0.9673444,772.0,False
b3c21,Batch 3,612.0,0.96640074,772.0,False
b3c21,Batch 3,616.0,0.96509981,772.0,False
b3c21,Batch 3,619.0,0.96413708,772.0,False
b3c21,Batch 3,623.0,0.96283585,772.0,False
b3c21,Batch 3,626.0,0.96197695,772.0,False
b3c21,Batch 3,630.0,0.96069342,772.0,False
b3c21,Batch 3,633.0,0.95973629,772.0,False
b3c21,Batch 3,637.0,0.95839757,772.0,False
b3c21,Batch 3,640.0,0.95734984,772.0,False
b3c21,Batch 3,644.0,0.95604157,772.0,False
b3c21,Batch 3,647.0,0.95505917,772.0,False
b3c21,Batch 3,651.0,0.95367461,772.0,False
b3c21,Batch 3,654.0,0.95262039,772.0,False
b3c21,Batch 3,658.0,0.95121068,772.0,False
b3c21,Batch 3,662.0,0.94972873,772.0,False
b3c21,Batch 3,665.0,0.94877529,772.0,False
b3c21,Batch 3,669.0,0.9472959,772.0,False
b3c21,Batch 3,672.0,0.94616473,772.0,False
b3c21,Batch 3,676.0,0.94465345,772.0,False
b3c21,Batch 3,679.0,0.94357812,772.0,False
b3c21,Batch 3,683.0,0.94199079,772.0,False
b3c21,Batch 3,686.0,0.94078344,772.0,False
b3c21,Batch 3,690.0,0.93912321,772.0,False
b3c21,Batch 3,693.0,0.93782526,772.0,False
b3c21,Batch 3,697.0,0.93613905,772.0,False
b3c21,Batch 3,700.0,0.93487233,772.0,False
b3c21,Batch 3,704.0,0.93292612,772.0,False
b3c21,Batch 3,707.0,0.93154776,772.0,False
b3c21,Batch 3,711.0,0.92962509,772.0,False
b3c21,Batch 3,714.0,0.92815477,772.0,False
b3c21,Batch 3,718.0,0.92588484,772.0,False
b3c21,Batch 3,721.0,0.92416781,772.0,False
b3c21,Batch 3,725.0,0.92178464,772.0,False
b3c21,Batch 3,728.0,0.91988951,772.0,False
b3c21,Batch 3,732.0,0.91725963,772.0,False
b3c21,Batch 3,735.0,0.91518098,772.0,False
b3c21,Batch 3,739.0,0.91237426,772.0,False
b3c21,Batch 3,742.0,0.90998602,772.0,False
b3c21,Batch 3,746.0,0.90663069,772.0,False
b3c21,Batch 3,749.0,0.9040156,772.0,False
b3c21,Batch 3,753.0,0.90027577,772.0,False
b3c21,Batch 3,756.0,0.8972066,772.0,False
b3c21,Batch 3,760.0,0.89308256,772.0,False
b3c21,Batch 3,763.0,0.88988727,772.0,False
b3c21,Batch 3,767.0,0.88512856,772.0,False
b3c21,Batch 3,771.0,0.8801983,772.0,False
b3c22,Batch 3,1.0,1.0551282,1002.0,False
b3c22,Batch 3,5.0,1.0577407,1002.0,False
b3c22,Batch 3,10.0,1.0585029,1002.0,False
b3c22,Batch 3,14.0,1.0589116,1002.0,False
b3c22,Batch 3,19.0,1.0589751,1002.0,False
b3c22,Batch 3,23.0,1.0588944,1002.0,False
b3c22,Batch 3,28.0,1.0587567,1002.0,False
b3c22,Batch 3,32.0,1.0589311,1002.0,False
b3c22,Batch 3,37.0,1.05889,1002.0,False
b3c22,Batch 3,42.0,1.0585594,1002.0,False
b3c22,Batch 3,46.0,1.058463,1002.0,False
b3c22,Batch 3,51.0,1.0585029,1002.0,False
b3c22,Batch 3,55.0,1.0585428,1002.0,False
b3c22,Batch 3,60.0,1.0583403,1002.0,False
b3c22,Batch 3,64.0,1.0579897,1002.0,False
b3c22,Batch 3,69.0,1.0578095,1002.0,False
b3c22,Batch 3,74.0,1.0576385,1002.0,False
b3c22,Batch 3,78.0,1.0574734,1002.0,False
b3c22,Batch 3,83.0,1.0574121,1002.0,False
b3c22,Batch 3,87.0,1.0573024,1002.0,False
b3c22,Batch 3,92.0,1.0574234,1002.0,False
b3c22,Batch 3,96.0,1.0571611,1002.0,False
b3c22,Batch 3,101.0,1.0568397,1002.0,False
b3c22,Batch 3,106.0,1.0568337,1002.0,False
b3c22,Batch 3,110.0,1.0565653,1002.0,False
b3c22,Batch 3,115.0,1.056515,1002.0,False
b3c22,Batch 3,119.0,1.0565239,1002.0,False
b3c22,Batch 3,124.0,1.0565423,1002.0,False
b3c22,Batch 3,128.0,1.0563393,1002.0,False
b3c22,Batch 3,133.0,1.0561128,1002.0,False
b3c22,Batch 3,137.0,1.0558645,1002.0,False
b3c22,Batch 3,142.0,1.0556606,1002.0,False
b3c22,Batch 3,147.0,1.0553482,1002.0,False
b3c22,Batch 3,151.0,1.055657,1002.0,False
b3c22,Batch 3,156.0,1.055631,1002.0,False
b3c22,Batch 3,160.0,1.0555478,1002.0,False
b3c22,Batch 3,165.0,1.0554384,1002.0,False
b3c22,Batch 3,169.0,1.0550733,1002.0,False
b3c22,Batch 3,174.0,1.0548568,1002.0,False
b3c22,Batch 3,179.0,1.054599,1002.0,False
b3c22,Batch 3,183.0,1.0547819,1002.0,False
b3c22,Batch 3,188.0,1.0546341,1002.0,False
b3c22,Batch 3,192.0,1.0544964,1002.0,False
b3c22,Batch 3,197.0,1.0542203,1002.0,False
b3c22,Batch 3,201.0,1.0541,1002.0,False
b3c22,Batch 3,206.0,1.0536644,1002.0,False
b3c22,Batch 3,211.0,1.0534767,1002.0,False
b3c22,Batch 3,215.0,1.0536466,1002.0,False
b3c22,Batch 3,220.0,1.0534455,1002.0,False
b3c22,Batch 3,224.0,1.0534025,1002.0,False
b3c22,Batch 3,229.0,1.0532179,1002.0,False
b3c22,Batch 3,233.0,1.0529615,1002.0,False
b3c22,Batch 3,238.0,1.0528342,1002.0,False
b3c22,Batch 3,243.0,1.0525306,1002.0,False
b3c22,Batch 3,247.0,1.0525483,1002.0,False
b3c22,Batch 3,252.0,1.052415,1002.0,False
b3c22,Batch 3,256.0,1.052249,1002.0,False
b3c22,Batch 3,261.0,1.0518941,1002.0,False
b3c22,Batch 3,265.0,1.0518098,1002.0,False
b3c22,Batch 3,270.0,1.0515209,1002.0,False
b3c22,Batch 3,274.0,1.0514292,1002.0,False
b3c22,Batch 3,279.0,1.051174,1002.0,False
b3c22,Batch 3,284.0,1.0510224,1002.0,False
b3c22,Batch 3,288.0,1.0509014,1002.0,False
b3c22,Batch 3,293.0,1.0506713,1002.0,False
b3c22,Batch 3,297.0,1.0505757,1002.0,False
b3c22,Batch 3,302.0,1.0504016,1002.0,False
b3c22,Batch 3,306.0,1.0502484,1002.0,False
b3c22,Batch 3,311.0,1.0499579,1002.0,False
b3c22,Batch 3,316.0,1.0497489,1002.0,False
b3c22,Batch 3,320.0,1.0495621,1002.0,False
b3c22,Batch 3,325.0,1.0493948,1002.0,False
b3c22,Batch 3,329.0,1.0492877,1002.0,False
b3c22,Batch 3,334.0,1.0489731,1002.0,False
b3c22,Batch 3,338.0,1.0488107,1002.0,False
b3c22,Batch 3,343.0,1.0486175,1002.0,False
b3c22,Batch 3,348.0,1.0483959,1002.0,False
b3c22,Batch 3,352.0,1.0481899,1002.0,False
b3c22,Batch 3,357.0,1.0480828,1002.0,False
b3c22,Batch 3,361.0,1.0479732,1002.0,False
b3c22,Batch 3,366.0,1.047737,1002.0,False
b3c22,Batch 3,370.0,1.0476191,1002.0,False
b3c22,Batch 3,375.0,1.0473894,1002.0,False
b3c22,Batch 3,379.0,1.0471585,1002.0,False
b3c22,Batch 3,384.0,1.0469534,1002.0,False
b3c22,Batch 3,389.0,1.0468051,1002.0,False
b3c22,Batch 3,393.0,1.046627,1002.0,False
b3c22,Batch 3,398.0,1.0465255,1002.0,False
b3c22,Batch 3,402.0,1.0464385,1002.0,False
b3c22,Batch 3,407.0,1.0461931,1002.0,False
b3c22,Batch 3,411.0,1.0460199,1002.0,False
b3c22,Batch 3,416.0,1.0457535,1002.0,False
b3c22,Batch 3,421.0,1.0456229,1002.0,False
b3c22,Batch 3,425.0,1.0454538,1002.0,False
b3c22,Batch 3,430.0,1.0451813,1002.0,False
b3c22,Batch 3,434.0,1.045056,1002.0,False
b3c22,Batch 3,439.0,1.0447907,1002.0,False
b3c22,Batch 3,443.0,1.0445886,1002.0,False
b3c22,Batch 3,448.0,1.0443586,1002.0,False
b3c22,Batch 3,453.0,1.0440837,1002.0,False
b3c22,Batch 3,457.0,1.0439762,1002.0,False
b3c22,Batch 3,462.0,1.04252,1002.0,False
b3c22,Batch 3,466.0,1.0434997,1002.0,False
b3c22,Batch 3,471.0,1.0432346,1002.0,False
b3c22,Batch 3,475.0,1.0430415,1002.0,False
b3c22,Batch 3,480.0,1.0425851,1002.0,False
b3c22,Batch 3,485.0,1.042276,1002.0,False
b3c22,Batch 3,489.0,1.0422615,1002.0,False
b3c22,Batch 3,494.0,1.0421492,1002.0,False
b3c22,Batch 3,498.0,1.04194,1002.0,False
b3c22,Batch 3,503.0,1.0416716,1002.0,False
b3c22,Batch 3,507.0,1.0413066,1002.0,False
b3c22,Batch 3,512.0,1.0410591,1002.0,False
b3c22,Batch 3,516.0,1.0407814,1002.0,False
b3c22,Batch 3,521.0,1.0404311,1002.0,False
b3c22,Batch 3,526.0,1.0402243,1002.0,False
b3c22,Batch 3,530.0,1.0399911,1002.0,False
b3c22,Batch 3,535.0,1.0396123,1002.0,False
b3c22,Batch 3,539.0,1.039284,1002.0,False
b3c22,Batch 3,544.0,1.0389054,1002.0,False
b3c22,Batch 3,548.0,1.0385878,1002.0,False
b3c22,Batch 3,553.0,1.0381743,1002.0,False
b3c22,Batch 3,558.0,1.0380089,1002.0,False
b3c22,Batch 3,562.0,1.0379021,1002.0,False
b3c22,Batch 3,567.0,1.0375923,1002.0,False
b3c22,Batch 3,571.0,1.0373141,1002.0,False
b3c22,Batch 3,576.0,1.0369048,1002.0,False
b3c22,Batch 3,580.0,1.036617,1002.0,False
b3c22,Batch 3,585.0,1.0360858,1002.0,False
b3c22,Batch 3,590.0,1.0358076,1002.0,False
b3c22,Batch 3,594.0,1.0355132,1002.0,False
b3c22,Batch 3,599.0,1.0353136,1002.0,False
b3c22,Batch 3,603.0,1.0351387,1002.0,False
b3c22,Batch 3,608.0,1.034771,1002.0,False
b3c22,Batch 3,612.0,1.0344902,1002.0,False
b3c22,Batch 3,617.0,1.0341262,1002.0,False
b3c22,Batch 3,622.0,1.0336938,1002.0,False
b3c22,Batch 3,626.0,1.0334642,1002.0,False
b3c22,Batch 3,631.0,1.0330014,1002.0,False
b3c22,Batch 3,635.0,1.0327032,1002.0,False
b3c22,Batch 3,640.0,1.0323985,1002.0,False
b3c22,Batch 3,644.0,1.0320771,1002.0,False
b3c22,Batch 3,649.0,1.0316389,1002.0,False
b3c22,Batch 3,653.0,1.0313466,1002.0,False
b3c22,Batch 3,658.0,1.0309823,1002.0,False
b3c22,Batch 3,663.0,1.0305525,1002.0,False
b3c22,Batch 3,667.0,1.0302374,1002.0,False
b3c22,Batch 3,672.0,1.0299217,1002.0,False
b3c22,Batch 3,676.0,1.0295917,1002.0,False
b3c22,Batch 3,681.0,1.0291226,1002.0,False
b3c22,Batch 3,685.0,1.0287735,1002.0,False
b3c22,Batch 3,690.0,1.0283021,1002.0,False
b3c22,Batch 3,695.0,1.0279648,1002.0,False
b3c22,Batch 3,699.0,1.0275964,1002.0,False
b3c22,Batch 3,704.0,1.0270313,1002.0,False
b3c22,Batch 3,708.0,1.0267514,1002.0,False
b3c22,Batch 3,713.0,1.0260996,1002.0,False
b3c22,Batch 3,717.0,1.0256761,1002.0,False
b3c22,Batch 3,722.0,1.0252223,1002.0,False
b3c22,Batch 3,727.0,1.0246218,1002.0,False
b3c22,Batch 3,731.0,1.0241966,1002.0,False
b3c22,Batch 3,736.0,1.0236921,1002.0,False
b3c22,Batch 3,740.0,1.0232569,1002.0,False
b3c22,Batch 3,745.0,1.0228106,1002.0,False
b3c22,Batch 3,749.0,1.0223192,1002.0,False
b3c22,Batch 3,754.0,1.0218066,1002.0,False
b3c22,Batch 3,758.0,1.0213162,1002.0,False
b3c22,Batch 3,763.0,1.0206358,1002.0,False
b3c22,Batch 3,768.0,1.0200888,1002.0,False
b3c22,Batch 3,772.0,1.0196089,1002.0,False
b3c22,Batch 3,777.0,1.019032,1002.0,False
b3c22,Batch 3,781.0,1.0184821,1002.0,False
b3c22,Batch 3,786.0,1.017907,1002.0,False
b3c22,Batch 3,790.0,1.017367,1002.0,False
b3c22,Batch 3,795.0,1.0166878,1002.0,False
b3c22,Batch 3,800.0,1.0159988,1002.0,False
b3c22,Batch 3,804.0,1.015434,1002.0,False
b3c22,Batch 3,809.0,1.0146708,1002.0,False
b3c22,Batch 3,813.0,1.014015,1002.0,False
b3c22,Batch 3,818.0,1.0131019,1002.0,False
b3c22,Batch 3,822.0,1.012364,1002.0,False
b3c22,Batch 3,827.0,1.0113566,1002.0,False
b3c22,Batch 3,832.0,1.0103222,1002.0,False
b3c22,Batch 3,836.0,1.0094532,1002.0,False
b3c22,Batch 3,841.0,1.0083379,1002.0,False
b3c22,Batch 3,845.0,1.0073898,1002.0,False
b3c22,Batch 3,850.0,1.006317,1002.0,False
b3c22,Batch 3,854.0,1.00525,1002.0,False
b3c22,Batch 3,859.0,1.0039651,1002.0,False
b3c22,Batch 3,864.0,1.0025436,1002.0,False
b3c22,Batch 3,868.0,1.0013185,1002.0,False
b3c22,Batch 3,873.0,0.99967009,1002.0,False
b3c22,Batch 3,877.0,0.99838328,1002.0,False
b3c22,Batch 3,882.0,0.99669009,1002.0,False
b3c22,Batch 3,886.0,0.99520648,1002.0,False
b3c22,Batch 3,891.0,0.99315596,1002.0,False
b3c22,Batch 3,895.0,0.99146926,1002.0,False
b3c22,Batch 3,900.0,0.98920679,1002.0,False
b3c22,Batch 3,905.0,0.98666304,1002.0,False
b3c22,Batch 3,909.0,0.98448563,1002.0,False
b3c22,Batch 3,914.0,0.98158491,1002.0,False
b3c22,Batch 3,918.0,0.97905904,1002.0,False
b3c22,Batch 3,923.0,0.97561634,1002.0,False
b3c22,Batch 3,927.0,0.9725951,1002.0,False
b3c22,Batch 3,932.0,0.96856874,1002.0,False
b3c22,Batch 3,937.0,0.96404946,1002.0,False
b3c22,Batch 3,941.0,0.96033472,1002.0,False
b3c22,Batch 3,946.0,0.95545185,1002.0,False
b3c22,Batch 3,950.0,0.95127696,1002.0,False
b3c22,Batch 3,955.0,0.94453478,1002.0,False
b3c22,Batch 3,959.0,0.94126731,1002.0,False
b3c22,Batch 3,964.0,0.93513703,1002.0,False
b3c22,Batch 3,969.0,0.9288848,1002.0,False
b3c22,Batch 3,973.0,0.92380106,1002.0,False
b3c22,Batch 3,978.0,0.91685224,1002.0,False
b3c22,Batch 3,982.0,0.91115242,1002.0,False
b3c22,Batch 3,987.0,0.90358466,1002.0,False
b3c22,Batch 3,991.0,0.897349,1002.0,False
b3c22,Batch 3,996.0,0.88923132,1002.0,False
b3c22,Batch 3,1001.0,0.88094068,1002.0,False
b3c24,Batch 3,1.0,1.0451531,825.0,False
b3c24,Batch 3,4.0,1.0480354,825.0,False
b3c24,Batch 3,8.0,1.0496308,825.0,False
b3c24,Batch 3,12.0,1.0501567,825.0,False
b3c24,Batch 3,16.0,1.050331,825.0,False
b3c24,Batch 3,19.0,1.0504011,825.0,False
b3c24,Batch 3,23.0,1.0505773,825.0,False
b3c24,Batch 3,27.0,1.0504947,825.0,False
b3c24,Batch 3,31.0,1.0504519,825.0,False
b3c24,Batch 3,34.0,1.05083,825.0,False
b3c24,Batch 3,38.0,1.0510288,825.0,False
b3c24,Batch 3,42.0,1.0511289,825.0,False
b3c24,Batch 3,46.0,1.0508164,825.0,False
b3c24,Batch 3,49.0,1.0509394,825.0,False
b3c24,Batch 3,53.0,1.0506972,825.0,False
b3c24,Batch 3,57.0,1.0508116,825.0,False
b3c24,Batch 3,61.0,1.0509654,825.0,False
b3c24,Batch 3,64.0,1.0509547,825.0,False
b3c24,Batch 3,68.0,1.0507619,825.0,False
b3c24,Batch 3,72.0,1.050765,825.0,False
b3c24,Batch 3,76.0,1.0505668,825.0,False
b3c24,Batch 3,79.0,1.0507329,825.0,False
b3c24,Batch 3,83.0,1.050573,825.0,False
b3c24,Batch 3,87.0,1.050411,825.0,False
b3c24,Batch 3,91.0,1.0505174,825.0,False
b3c24,Batch 3,94.0,1.0503871,825.0,False
b3c24,Batch 3,98.0,1.0500886,825.0,False
b3c24,Batch 3,102.0,1.0500097,825.0,False
b3c24,Batch 3,106.0,1.0498651,825.0,False
b3c24,Batch 3,109.0,1.0498929,825.0,False
b3c24,Batch 3,113.0,1.0498233,825.0,False
b3c24,Batch 3,117.0,1.0498122,825.0,False
b3c24,Batch 3,121.0,1.0494899,825.0,False
b3c24,Batch 3,125.0,1.0494965,825.0,False
b3c24,Batch 3,128.0,1.0494457,825.0,False
b3c24,Batch 3,132.0,1.0492957,825.0,False
b3c24,Batch 3,136.0,1.049068,825.0,False
b3c24,Batch 3,140.0,1.0487204,825.0,False
b3c24,Batch 3,143.0,1.0486041,825.0,False
b3c24,Batch 3,147.0,1.0486526,825.0,False
b3c24,Batch 3,151.0,1.0484544,825.0,False
b3c24,Batch 3,155.0,1.048453,825.0,False
b3c24,Batch 3,158.0,1.0481156,825.0,False
b3c24,Batch 3,162.0,1.0481349,825.0,False
b3c24,Batch 3,166.0,1.0479479,825.0,False
b3c24,Batch 3,170.0,1.0476428,825.0,False
b3c24,Batch 3,173.0,1.0474625,825.0,False
b3c24,Batch 3,177.0,1.047351,825.0,False
b3c24,Batch 3,181.0,1.0472722,825.0,False
b3c24,Batch 3,185.0,1.0470716,825.0,False
b3c24,Batch 3,188.0,1.0470665,825.0,False
b3c24,Batch 3,192.0,1.0467241,825.0,False
b3c24,Batch 3,196.0,1.0465877,825.0,False
b3c24,Batch 3,200.0,1.046165,825.0,False
b3c24,Batch 3,203.0,1.0459098,825.0,False
b3c24,Batch 3,207.0,1.0457959,825.0,False
b3c24,Batch 3,211.0,1.0456409,825.0,False
b3c24,Batch 3,215.0,1.0455017,825.0,False
b3c24,Batch 3,218.0,1.0455281,825.0,False
b3c24,Batch 3,222.0,1.0453706,825.0,False
b3c24,Batch 3,226.0,1.0453678,825.0,False
b3c24,Batch 3,230.0,1.045138,825.0,False
b3c24,Batch 3,233.0,1.0450683,825.0,False
b3c24,Batch 3,237.0,1.0445102,825.0,False
b3c24,Batch 3,241.0,1.0446507,825.0,False
b3c24,Batch 3,245.0,1.044487,825.0,False
b3c24,Batch 3,249.0,1.04421,825.0,False
b3c24,Batch 3,252.0,1.0441202,825.0,False
b3c24,Batch 3,256.0,1.0438715,825.0,False
b3c24,Batch 3,260.0,1.0437083,825.0,False
b3c24,Batch 3,264.0,1.0436136,825.0,False
b3c24,Batch 3,267.0,1.0434716,825.0,False
b3c24,Batch 3,271.0,1.042177,825.0,False
b3c24,Batch 3,275.0,1.0430568,825.0,False
b3c24,Batch 3,279.0,1.0429339,825.0,False
b3c24,Batch 3,282.0,1.0425005,825.0,False
b3c24,Batch 3,286.0,1.042253,825.0,False
b3c24,Batch 3,290.0,1.0419955,825.0,False
b3c24,Batch 3,294.0,1.0417001,825.0,False
b3c24,Batch 3,297.0,1.0368257,825.0,False
b3c24,Batch 3,301.0,1.0387504,825.0,False
b3c24,Batch 3,305.0,1.0390245,825.0,False
b3c24,Batch 3,309.0,1.0392791,825.0,False
b3c24,Batch 3,312.0,1.0392923,825.0,False
b3c24,Batch 3,316.0,1.0390975,825.0,False
b3c24,Batch 3,320.0,1.0391517,825.0,False
b3c24,Batch 3,324.0,1.0389647,825.0,False
b3c24,Batch 3,327.0,1.0388098,825.0,False
b3c24,Batch 3,331.0,1.0387264,825.0,False
b3c24,Batch 3,335.0,1.0386071,825.0,False
b3c24,Batch 3,339.0,1.0383574,825.0,False
b3c24,Batch 3,342.0,1.0382916,825.0,False
b3c24,Batch 3,346.0,1.0380393,825.0,False
b3c24,Batch 3,350.0,1.0376905,825.0,False
b3c24,Batch 3,354.0,1.0375979,825.0,False
b3c24,Batch 3,358.0,1.0374631,825.0,False
b3c24,Batch 3,361.0,1.0372305,825.0,False
b3c24,Batch 3,365.0,1.0369185,825.0,False
b3c24,Batch 3,369.0,1.0367597,825.0,False
b3c24,Batch 3,373.0,1.0364109,825.0,False
b3c24,Batch 3,376.0,1.0365244,825.0,False
b3c24,Batch 3,380.0,1.0348333,825.0,False
b3c24,Batch 3,384.0,1.035694,825.0,False
b3c24,Batch 3,388.0,1.0354241,825.0,False
b3c24,Batch 3,391.0,1.0354865,825.0,False
b3c24,Batch 3,395.0,1.0351535,825.0,False
b3c24,Batch 3,399.0,1.034906,825.0,False
b3c24,Batch 3,403.0,1.0347408,825.0,False
b3c24,Batch 3,406.0,1.0346262,825.0,False
b3c24,Batch 3,410.0,1.0342598,825.0,False
b3c24,Batch 3,414.0,1.0339192,825.0,False
b3c24,Batch 3,418.0,1.0335712,825.0,False
b3c24,Batch 3,421.0,1.0334624,825.0,False
b3c24,Batch 3,425.0,1.033318,825.0,False
b3c24,Batch 3,429.0,1.0329502,825.0,False
b3c24,Batch 3,433.0,1.0326828,825.0,False
b3c24,Batch 3,436.0,1.0322429,825.0,False
b3c24,Batch 3,440.0,1.0318372,825.0,False
b3c24,Batch 3,444.0,1.0314711,825.0,False
b3c24,Batch 3,448.0,1.0312465,825.0,False
b3c24,Batch 3,451.0,1.0310645,825.0,False
b3c24,Batch 3,455.0,1.0309443,825.0,False
b3c24,Batch 3,459.0,1.0306681,825.0,False
b3c24,Batch 3,463.0,1.0303024,825.0,False
b3c24,Batch 3,466.0,1.0300685,825.0,False
b3c24,Batch 3,470.0,1.0298612,825.0,False
b3c24,Batch 3,474.0,1.0293968,825.0,False
b3c24,Batch 3,478.0,1.028998,825.0,False
b3c24,Batch 3,482.0,1.028604,825.0,False
b3c24,Batch 3,485.0,1.0281748,825.0,False
b3c24,Batch 3,489.0,1.0277947,825.0,False
b3c24,Batch 3,493.0,1.0274512,825.0,False
b3c24,Batch 3,497.0,1.0267787,825.0,False
b3c24,Batch 3,500.0,1.0265341,825.0,False
b3c24,Batch 3,504.0,1.0261384,825.0,False
b3c24,Batch 3,508.0,1.0258248,825.0,False
b3c24,Batch 3,512.0,1.0253316,825.0,False
b3c24,Batch 3,515.0,1.0248432,825.0,False
b3c24,Batch 3,519.0,1.0243589,825.0,False
b3c24,Batch 3,523.0,1.023965,825.0,False
b3c24,Batch 3,527.0,1.0235187,825.0,False
b3c24,Batch 3,530.0,1.0230614,825.0,False
b3c24,Batch 3,534.0,1.0225953,825.0,False
b3c24,Batch 3,538.0,1.0222043,825.0,False
b3c24,Batch 3,542.0,1.0204059,825.0,False
b3c24,Batch 3,545.0,1.0212911,825.0,False
b3c24,Batch 3,549.0,1.0206604,825.0,False
b3c24,Batch 3,553.0,1.0199811,825.0,False
b3c24,Batch 3,557.0,1.0196227,825.0,False
b3c24,Batch 3,560.0,1.0192096,825.0,False
b3c24,Batch 3,564.0,1.0188026,825.0,False
b3c24,Batch 3,568.0,1.0181817,825.0,False
b3c24,Batch 3,572.0,1.0178308,825.0,False
b3c24,Batch 3,575.0,1.0161735,825.0,False
b3c24,Batch 3,579.0,1.0168228,825.0,False
b3c24,Batch 3,583.0,1.0159925,825.0,False
b3c24,Batch 3,587.0,1.0154811,825.0,False
b3c24,Batch 3,591.0,1.0148946,825.0,False
b3c24,Batch 3,594.0,1.0143708,825.0,False
b3c24,Batch 3,598.0,1.0137247,825.0,False
b3c24,Batch 3,602.0,1.0131177,825.0,False
b3c24,Batch 3,606.0,1.012352,825.0,False
b3c24,Batch 3,609.0,1.0118415,825.0,False
b3c24,Batch 3,613.0,1.0113596,825.0,False
b3c24,Batch 3,617.0,1.01079,825.0,False
b3c24,Batch 3,621.0,1.0099492,825.0,False
b3c24,Batch 3,624.0,1.0096066,825.0,False
b3c24,Batch 3,628.0,1.0089949,825.0,False
b3c24,Batch 3,632.0,1.0080966,825.0,False
b3c24,Batch 3,636.0,1.0074003,825.0,False
b3c24,Batch 3,639.0,1.0068144,825.0,False
b3c24,Batch 3,643.0,1.0058794,825.0,False
b3c24,Batch 3,647.0,1.0048449,825.0,False
b3c24,Batch 3,651.0,1.0040088,825.0,False
b3c24,Batch 3,654.0,1.0031171,825.0,False
b3c24,Batch 3,658.0,1.0023425,825.0,False
b3c24,Batch 3,662.0,1.0012602,825.0,False
b3c24,Batch 3,666.0,1.0003968,825.0,False
b3c24,Batch 3,669.0,0.99958485,825.0,False
b3c24,Batch 3,673.0,0.99859422,825.0,False
b3c24,Batch 3,677.0,0.99739629,825.0,False
b3c24,Batch 3,681.0,0.99609613,825.0,False
b3c24,Batch 3,684.0,0.9951809,825.0,False
b3c24,Batch 3,688.0,0.99391204,825.0,False
b3c24,Batch 3,692.0,0.99254,825.0,False
b3c24,Batch 3,696.0,0.99100488,825.0,False
b3c24,Batch 3,699.0,0.99012125,825.0,False
b3c24,Batch 3,703.0,0.98873973,825.0,False
b3c24,Batch 3,707.0,0.98716265,825.0,False
b3c24,Batch 3,711.0,0.98568577,825.0,False
b3c24,Batch 3,715.0,0.98397619,825.0,False
b3c24,Batch 3,718.0,0.98249865,825.0,False
b3c24,Batch 3,722.0,0.98054314,825.0,False
b3c24,Batch 3,726.0,0.97850931,825.0,False
b3c24,Batch 3,730.0,0.97636241,825.0,False
b3c24,Batch 3,733.0,0.97467637,825.0,False
b3c24,Batch 3,737.0,0.97230017,825.0,False
b3c24,Batch 3,741.0,0.9702673,825.0,False
b3c24,Batch 3,745.0,0.96785486,825.0,False
b3c24,Batch 3,748.0,0.96616071,825.0,False
b3c24,Batch 3,752.0,0.96315759,825.0,False
b3c24,Batch 3,756.0,0.96030104,825.0,False
b3c24,Batch 3,760.0,0.95728797,825.0,False
b3c24,Batch 3,763.0,0.95452988,825.0,False
b3c24,Batch 3,767.0,0.95108587,825.0,False
b3c24,Batch 3,771.0,0.94724375,825.0,False
b3c24,Batch 3,775.0,0.94333047,825.0,False
b3c24,Batch 3,778.0,0.94004327,825.0,False
b3c24,Batch 3,782.0,0.93547547,825.0,False
b3c24,Batch 3,786.0,0.93094647,825.0,False
b3c24,Batch 3,790.0,0.92595905,825.0,False
b3c24,Batch 3,793.0,0.92206508,825.0,False
b3c24,Batch 3,797.0,0.91712707,825.0,False
b3c24,Batch 3,801.0,0.91167414,825.0,False
b3c24,Batch 3,805.0,0.90627456,825.0,False
b3c24,Batch 3,808.0,0.9020471,825.0,False
b3c24,Batch 3,812.0,0.89642721,825.0,False
b3c24,Batch 3,816.0,0.89090204,825.0,False
b3c24,Batch 3,820.0,0.88552499,825.0,False
b3c24,Batch 3,824.0,0.88021326,825.0,False
b3c25,Batch 3,1.0,1.0600799,989.0,False
b3c25,Batch 3,5.0,1.0629901,989.0,False
b3c25,Batch 3,10.0,1.0642061,989.0,False
b3c25,Batch 3,14.0,1.0645527,989.0,False
b3c25,Batch 3,19.0,1.0649663,989.0,False
b3c25,Batch 3,23.0,1.0651004,989.0,False
b3c25,Batch 3,28.0,1.0649289,989.0,False
b3c25,Batch 3,32.0,1.0654312,989.0,False
b3c25,Batch 3,37.0,1.0654705,989.0,False
b3c25,Batch 3,41.0,1.0654352,989.0,False
b3c25,Batch 3,46.0,1.0652072,989.0,False
b3c25,Batch 3,50.0,1.0652844,989.0,False
b3c25,Batch 3,55.0,1.0651395,989.0,False
b3c25,Batch 3,59.0,1.0653242,989.0,False
b3c25,Batch 3,64.0,1.0652512,989.0,False
b3c25,Batch 3,68.0,1.0650635,989.0,False
b3c25,Batch 3,73.0,1.0650002,989.0,False
b3c25,Batch 3,77.0,1.06494,989.0,False
b3c25,Batch 3,82.0,1.0636927,989.0,False
b3c25,Batch 3,86.0,1.0647461,989.0,False
b3c25,Batch 3,91.0,1.064803,989.0,False
b3c25,Batch 3,95.0,1.0645796,989.0,False
b3c25,Batch 3,100.0,1.0643663,989.0,False
b3c25,Batch 3,104.0,1.0643542,989.0,False
b3c25,Batch 3,109.0,1.0642506,989.0,False
b3c25,Batch 3,113.0,1.0641994,989.0,False
b3c25,Batch 3,118.0,1.0639746,989.0,False
b3c25,Batch 3,122.0,1.0639776,989.0,False
b3c25,Batch 3,127.0,1.0636932,989.0,False
b3c25,Batch 3,131.0,1.0635467,989.0,False
b3c25,Batch 3,136.0,1.0634131,989.0,False
b3c25,Batch 3,140.0,1.0631679,989.0,False
b3c25,Batch 3,145.0,1.0629256,989.0,False
b3c25,Batch 3,149.0,1.063089,989.0,False
b3c25,Batch 3,154.0,1.0628169,989.0,False
b3c25,Batch 3,158.0,1.0627868,989.0,False
b3c25,Batch 3,163.0,1.0623946,989.0,False
b3c25,Batch 3,167.0,1.0620425,989.0,False
b3c25,Batch 3,172.0,1.0623268,989.0,False
b3c25,Batch 3,176.0,1.0621654,989.0,False
b3c25,Batch 3,181.0,1.0620047,989.0,False
b3c25,Batch 3,185.0,1.0619907,989.0,False
b3c25,Batch 3,190.0,1.0617048,989.0,False
b3c25,Batch 3,194.0,1.0614356,989.0,False
b3c25,Batch 3,199.0,1.0607475,989.0,False
b3c25,Batch 3,203.0,1.0595922,989.0,False
b3c25,Batch 3,208.0,1.0607183,989.0,False
b3c25,Batch 3,212.0,1.0607241,989.0,False
b3c25,Batch 3,217.0,1.0607167,989.0,False
b3c25,Batch 3,221.0,1.0604506,989.0,False
b3c25,Batch 3,226.0,1.0602995,989.0,False
b3c25,Batch 3,230.0,1.0600535,989.0,False
b3c25,Batch 3,235.0,1.0596812,989.0,False
b3c25,Batch 3,239.0,1.0596892,989.0,False
b3c25,Batch 3,244.0,1.0595872,989.0,False
b3c25,Batch 3,248.0,1.059586,989.0,False
b3c25,Batch 3,253.0,1.0595219,989.0,False
b3c25,Batch 3,257.0,1.0593885,989.0,False
b3c25,Batch 3,262.0,1.0590754,989.0,False
b3c25,Batch 3,266.0,1.0589815,989.0,False
b3c25,Batch 3,271.0,1.0588107,989.0,False
b3c25,Batch 3,275.0,1.0582339,989.0,False
b3c25,Batch 3,280.0,1.0583577,989.0,False
b3c25,Batch 3,284.0,1.0579753,989.0,False
b3c25,Batch 3,289.0,1.0579646,989.0,False
b3c25,Batch 3,293.0,1.0576062,989.0,False
b3c25,Batch 3,298.0,1.0574687,989.0,False
b3c25,Batch 3,302.0,1.0573093,989.0,False
b3c25,Batch 3,307.0,1.0569127,989.0,False
b3c25,Batch 3,311.0,1.0570531,989.0,False
b3c25,Batch 3,316.0,1.0565186,989.0,False
b3c25,Batch 3,320.0,1.0562301,989.0,False
b3c25,Batch 3,325.0,1.0560974,989.0,False
b3c25,Batch 3,330.0,1.055415,989.0,False
b3c25,Batch 3,334.0,1.0554755,989.0,False
b3c25,Batch 3,339.0,1.0549793,989.0,False
b3c25,Batch 3,343.0,1.0551054,989.0,False
b3c25,Batch 3,348.0,1.055146,989.0,False
b3c25,Batch 3,352.0,1.0544496,989.0,False
b3c25,Batch 3,357.0,1.0542244,989.0,False
b3c25,Batch 3,361.0,1.0541084,989.0,False
b3c25,Batch 3,366.0,1.0539694,989.0,False
b3c25,Batch 3,370.0,1.0539291,989.0,False
b3c25,Batch 3,375.0,1.0536538,989.0,False
b3c25,Batch 3,379.0,1.0534047,989.0,False
b3c25,Batch 3,384.0,1.0530639,989.0,False
b3c25,Batch 3,388.0,1.0527178,989.0,False
b3c25,Batch 3,393.0,1.05215,989.0,False
b3c25,Batch 3,397.0,1.0523322,989.0,False
b3c25,Batch 3,402.0,1.0521015,989.0,False
b3c25,Batch 3,406.0,1.0517502,989.0,False
b3c25,Batch 3,411.0,1.0517421,989.0,False
b3c25,Batch 3,415.0,1.0512824,989.0,False
b3c25,Batch 3,420.0,1.0513858,989.0,False
b3c25,Batch 3,424.0,1.0510818,989.0,False
b3c25,Batch 3,429.0,1.050642,989.0,False
b3c25,Batch 3,433.0,1.0506461,989.0,False
b3c25,Batch 3,438.0,1.0501274,989.0,False
b3c25,Batch 3,442.0,1.0498396,989.0,False
b3c25,Batch 3,447.0,1.0495381,989.0,False
b3c25,Batch 3,451.0,1.0494139,989.0,False
b3c25,Batch 3,456.0,1.049208,989.0,False
b3c25,Batch 3,460.0,1.0489032,989.0,False
b3c25,Batch 3,465.0,1.0488324,989.0,False
b3c25,Batch 3,469.0,1.0483687,989.0,False
b3c25,Batch 3,474.0,1.0481111,989.0,False
b3c25,Batch 3,478.0,1.0478987,989.0,False
b3c25,Batch 3,483.0,1.0476996,989.0,False
b3c25,Batch 3,487.0,1.0474513,989.0,False
b3c25,Batch 3,492.0,1.0468382,989.0,False
b3c25,Batch 3,496.0,1.0463647,989.0,False
b3c25,Batch 3,501.0,1.0461472,989.0,False
b3c25,Batch 3,505.0,1.0456882,989.0,False
b3c25,Batch 3,510.0,1.0453697,989.0,False
b3c25,Batch 3,514.0,1.0453198,989.0,False
b3c25,Batch 3,519.0,1.0451725,989.0,False
b3c25,Batch 3,523.0,1.0446725,989.0,False
b3c25,Batch 3,528.0,1.0442672,989.0,False
b3c25,Batch 3,532.0,1.0442736,989.0,False
b3c25,Batch 3,537.0,1.0436095,989.0,False
b3c25,Batch 3,541.0,1.0433069,989.0,False
b3c25,Batch 3,546.0,1.0432935,989.0,False
b3c25,Batch 3,550.0,1.0429653,989.0,False
b3c25,Batch 3,555.0,1.0425384,989.0,False
b3c25,Batch 3,559.0,1.0422121,989.0,False
b3c25,Batch 3,564.0,1.0420567,989.0,False
b3c25,Batch 3,568.0,1.0416889,989.0,False
b3c25,Batch 3,573.0,1.0414101,989.0,False
b3c25,Batch 3,577.0,1.0411713,989.0,False
b3c25,Batch 3,582.0,1.0408444,989.0,False
b3c25,Batch 3,586.0,1.0403996,989.0,False
b3c25,Batch 3,591.0,1.0399265,989.0,False
b3c25,Batch 3,595.0,1.0394802,989.0,False
b3c25,Batch 3,600.0,1.0391096,989.0,False
b3c25,Batch 3,604.0,1.0391151,989.0,False
b3c25,Batch 3,609.0,1.0387919,989.0,False
b3c25,Batch 3,613.0,1.0383708,989.0,False
b3c25,Batch 3,618.0,1.0379105,989.0,False
b3c25,Batch 3,622.0,1.0379738,989.0,False
b3c25,Batch 3,627.0,1.0372543,989.0,False
b3c25,Batch 3,631.0,1.03724,989.0,False
b3c25,Batch 3,636.0,1.0371336,989.0,False
b3c25,Batch 3,640.0,1.0367923,989.0,False
b3c25,Batch 3,645.0,1.0362722,989.0,False
b3c25,Batch 3,649.0,1.0358052,989.0,False
b3c25,Batch 3,654.0,1.0352092,989.0,False
b3c25,Batch 3,659.0,1.0346372,989.0,False
b3c25,Batch 3,663.0,1.0342497,989.0,False
b3c25,Batch 3,668.0,1.0340072,989.0,False
b3c25,Batch 3,672.0,1.0333076,989.0,False
b3c25,Batch 3,677.0,1.0333929,989.0,False
b3c25,Batch 3,681.0,1.0327384,989.0,False
b3c25,Batch 3,686.0,1.0325137,989.0,False
b3c25,Batch 3,690.0,1.0317761,989.0,False
b3c25,Batch 3,695.0,1.0313306,989.0,False
b3c25,Batch 3,699.0,1.0308756,989.0,False
b3c25,Batch 3,704.0,1.0306027,989.0,False
b3c25,Batch 3,708.0,1.0299526,989.0,False
b3c25,Batch 3,713.0,1.0296319,989.0,False
b3c25,Batch 3,717.0,1.0292255,989.0,False
b3c25,Batch 3,722.0,1.0283509,989.0,False
b3c25,Batch 3,726.0,1.0277586,989.0,False
b3c25,Batch 3,731.0,1.0272436,989.0,False
b3c25,Batch 3,735.0,1.0267563,989.0,False
b3c25,Batch 3,740.0,1.0260024,989.0,False
b3c25,Batch 3,744.0,1.0256033,989.0,False
b3c25,Batch 3,749.0,1.0248889,989.0,False
b3c25,Batch 3,753.0,1.0242414,989.0,False
b3c25,Batch 3,758.0,1.0236915,989.0,False
b3c25,Batch 3,762.0,1.0229467,989.0,False
b3c25,Batch 3,767.0,1.0221871,989.0,False
b3c25,Batch 3,771.0,1.021556,989.0,False
b3c25,Batch 3,776.0,1.0202157,989.0,False
b3c25,Batch 3,780.0,1.019785,989.0,False
b3c25,Batch 3,785.0,1.0187954,989.0,False
b3c25,Batch 3,789.0,1.0181768,989.0,False
b3c25,Batch 3,794.0,1.0170629,989.0,False
b3c25,Batch 3,798.0,1.0162463,989.0,False
b3c25,Batch 3,803.0,1.0151275,989.0,False
b3c25,Batch 3,807.0,1.0142205,989.0,False
b3c25,Batch 3,812.0,1.0130244,989.0,False
b3c25,Batch 3,816.0,1.0117903,989.0,False
b3c25,Batch 3,821.0,1.0104848,989.0,False
b3c25,Batch 3,825.0,1.0091984,989.0,False
b3c25,Batch 3,830.0,1.0076057,989.0,False
b3c25,Batch 3,834.0,1.0061724,989.0,False
b3c25,Batch 3,839.0,1.0043849,989.0,False
b3c25,Batch 3,843.0,1.0029593,989.0,False
b3c25,Batch 3,848.0,1.0008998,989.0,False
b3c25,Batch 3,852.0,0.99924487,989.0,False
b3c25,Batch 3,857.0,0.99703354,989.0,False
b3c25,Batch 3,861.0,0.99517787,989.0,False
b3c25,Batch 3,866.0,0.99248528,989.0,False
b3c25,Batch 3,870.0,0.99020898,989.0,False
b3c25,Batch 3,875.0,0.98730171,989.0,False
b3c25,Batch 3,879.0,0.98493797,989.0,False
b3c25,Batch 3,884.0,0.98146832,989.0,False
b3c25,Batch 3,888.0,0.97882485,989.0,False
b3c25,Batch 3,893.0,0.97509801,989.0,False
b3c25,Batch 3,897.0,0.97240078,989.0,False
b3c25,Batch 3,902.0,0.96854973,989.0,False
b3c25,Batch 3,906.0,0.9655683,989.0,False
b3c25,Batch 3,911.0,0.96166652,989.0,False
b3c25,Batch 3,915.0,0.95712191,989.0,False
b3c25,Batch 3,920.0,0.95414191,989.0,False
b3c25,Batch 3,924.0,0.95066231,989.0,False
b3c25,Batch 3,929.0,0.94600278,989.0,False
b3c25,Batch 3,933.0,0.9422763,989.0,False
b3c25,Batch 3,938.0,0.93719894,989.0,False
b3c25,Batch 3,942.0,0.93311566,989.0,False
b3c25,Batch 3,947.0,0.92805147,989.0,False
b3c25,Batch 3,951.0,0.92383957,989.0,False
b3c25,Batch 3,956.0,0.91841924,989.0,False
b3c25,Batch 3,960.0,0.91418523,989.0,False
b3c25,Batch 3,965.0,0.90856624,989.0,False
b3c25,Batch 3,969.0,0.9040435,989.0,False
b3c25,Batch 3,974.0,0.89842868,989.0,False
b3c25,Batch 3,978.0,0.89377999,989.0,False
b3c25,Batch 3,983.0,0.8875705,989.0,False
b3c25,Batch 3,988.0,0.88167018,989.0,False
b3c26,Batch 3,1.0,1.0709693,1028.0,False
b3c26,Batch 3,5.0,1.0737659,1028.0,False
b3c26,Batch 3,10.0,1.0749502,1028.0,False
b3c26,Batch 3,15.0,1.0753924,1028.0,False
b3c26,Batch 3,19.0,1.075509,1028.0,False
b3c26,Batch 3,24.0,1.0755467,1028.0,False
b3c26,Batch 3,29.0,1.0752749,1028.0,False
b3c26,Batch 3,33.0,1.0756435,1028.0,False
b3c26,Batch 3,38.0,1.0756918,1028.0,False
b3c26,Batch 3,43.0,1.0755301,1028.0,False
b3c26,Batch 3,47.0,1.0754666,1028.0,False
b3c26,Batch 3,52.0,1.0754868,1028.0,False
b3c26,Batch 3,57.0,1.0755025,1028.0,False
b3c26,Batch 3,61.0,1.0754452,1028.0,False
b3c26,Batch 3,66.0,1.0750926,1028.0,False
b3c26,Batch 3,71.0,1.075213,1028.0,False
b3c26,Batch 3,75.0,1.0751725,1028.0,False
b3c26,Batch 3,80.0,1.0750654,1028.0,False
b3c26,Batch 3,85.0,1.0749329,1028.0,False
b3c26,Batch 3,90.0,1.074857,1028.0,False
b3c26,Batch 3,94.0,1.0746088,1028.0,False
b3c26,Batch 3,99.0,1.0744087,1028.0,False
b3c26,Batch 3,104.0,1.0743347,1028.0,False
b3c26,Batch 3,108.0,1.0741912,1028.0,False
b3c26,Batch 3,113.0,1.0741262,1028.0,False
b3c26,Batch 3,118.0,1.0739791,1028.0,False
b3c26,Batch 3,122.0,1.0738403,1028.0,False
b3c26,Batch 3,127.0,1.0735911,1028.0,False
b3c26,Batch 3,132.0,1.0735161,1028.0,False
b3c26,Batch 3,136.0,1.073398,1028.0,False
b3c26,Batch 3,141.0,1.0730563,1028.0,False
b3c26,Batch 3,146.0,1.0729079,1028.0,False
b3c26,Batch 3,150.0,1.0729222,1028.0,False
b3c26,Batch 3,155.0,1.072633,1028.0,False
b3c26,Batch 3,160.0,1.0724809,1028.0,False
b3c26,Batch 3,164.0,1.0721935,1028.0,False
b3c26,Batch 3,169.0,1.0722063,1028.0,False
b3c26,Batch 3,174.0,1.0721152,1028.0,False
b3c26,Batch 3,179.0,1.0717609,1028.0,False
b3c26,Batch 3,183.0,1.0717726,1028.0,False
b3c26,Batch 3,188.0,1.0713315,1028.0,False
b3c26,Batch 3,193.0,1.071166,1028.0,False
b3c26,Batch 3,197.0,1.0706512,1028.0,False
b3c26,Batch 3,202.0,1.0704734,1028.0,False
b3c26,Batch 3,207.0,1.070105,1028.0,False
b3c26,Batch 3,211.0,1.0705338,1028.0,False
b3c26,Batch 3,216.0,1.0703467,1028.0,False
b3c26,Batch 3,221.0,1.0698863,1028.0,False
b3c26,Batch 3,225.0,1.0698125,1028.0,False
b3c26,Batch 3,230.0,1.069662,1028.0,False
b3c26,Batch 3,235.0,1.0694767,1028.0,False
b3c26,Batch 3,239.0,1.0694635,1028.0,False
b3c26,Batch 3,244.0,1.0692173,1028.0,False
b3c26,Batch 3,249.0,1.0692523,1028.0,False
b3c26,Batch 3,253.0,1.0691482,1028.0,False
b3c26,Batch 3,258.0,1.0689381,1028.0,False
b3c26,Batch 3,263.0,1.0687556,1028.0,False
b3c26,Batch 3,268.0,1.0684597,1028.0,False
b3c26,Batch 3,272.0,1.0678807,1028.0,False
b3c26,Batch 3,277.0,1.0679922,1028.0,False
b3c26,Batch 3,282.0,1.0677637,1028.0,False
b3c26,Batch 3,286.0,1.0675383,1028.0,False
b3c26,Batch 3,291.0,1.0671412,1028.0,False
b3c26,Batch 3,296.0,1.0671091,1028.0,False
b3c26,Batch 3,300.0,1.0665674,1028.0,False
b3c26,Batch 3,305.0,1.0666008,1028.0,False
b3c26,Batch 3,310.0,1.0664858,1028.0,False
b3c26,Batch 3,314.0,1.066165,1028.0,False
b3c26,Batch 3,319.0,1.0657514,1028.0,False
b3c26,Batch 3,324.0,1.0654914,1028.0,False
b3c26,Batch 3,328.0,1.0651232,1028.0,False
b3c26,Batch 3,333.0,1.0649055,1028.0,False
b3c26,Batch 3,338.0,1.0648124,1028.0,False
b3c26,Batch 3,343.0,1.0647616,1028.0,False
b3c26,Batch 3,347.0,1.0645789,1028.0,False
b3c26,Batch 3,352.0,1.0639855,1028.0,False
b3c26,Batch 3,357.0,1.063933,1028.0,False
b3c26,Batch 3,361.0,1.0637276,1028.0,False
b3c26,Batch 3,366.0,1.0636823,1028.0,False
b3c26,Batch 3,371.0,1.0632898,1028.0,False
b3c26,Batch 3,375.0,1.0629812,1028.0,False
b3c26,Batch 3,380.0,1.062611,1028.0,False
b3c26,Batch 3,385.0,1.0622722,1028.0,False
b3c26,Batch 3,389.0,1.0620068,1028.0,False
b3c26,Batch 3,394.0,1.0620185,1028.0,False
b3c26,Batch 3,399.0,1.0618664,1028.0,False
b3c26,Batch 3,403.0,1.0614831,1028.0,False
b3c26,Batch 3,408.0,1.0613207,1028.0,False
b3c26,Batch 3,413.0,1.0611326,1028.0,False
b3c26,Batch 3,417.0,1.0609919,1028.0,False
b3c26,Batch 3,422.0,1.0605159,1028.0,False
b3c26,Batch 3,427.0,1.0605314,1028.0,False
b3c26,Batch 3,432.0,1.0600375,1028.0,False
b3c26,Batch 3,436.0,1.059742,1028.0,False
b3c26,Batch 3,441.0,1.0593574,1028.0,False
b3c26,Batch 3,446.0,1.0590005,1028.0,False
b3c26,Batch 3,450.0,1.0587299,1028.0,False
b3c26,Batch 3,455.0,1.058589,1028.0,False
b3c26,Batch 3,460.0,1.058531,1028.0,False
b3c26,Batch 3,464.0,1.0583113,1028.0,False
b3c26,Batch 3,469.0,1.0578244,1028.0,False
b3c26,Batch 3,474.0,1.0576754,1028.0,False
b3c26,Batch 3,478.0,1.0575403,1028.0,False
b3c26,Batch 3,483.0,1.0571198,1028.0,False
b3c26,Batch 3,488.0,1.0564959,1028.0,False
b3c26,Batch 3,492.0,1.0563511,1028.0,False
b3c26,Batch 3,497.0,1.0557364,1028.0,False
b3c26,Batch 3,502.0,1.0554427,1028.0,False
b3c26,Batch 3,506.0,1.0553038,1028.0,False
b3c26,Batch 3,511.0,1.0549293,1028.0,False
b3c26,Batch 3,516.0,1.0544987,1028.0,False
b3c26,Batch 3,521.0,1.0540113,1028.0,False
b3c26,Batch 3,525.0,1.0536637,1028.0,False
b3c26,Batch 3,530.0,1.0536413,1028.0,False
b3c26,Batch 3,535.0,1.0529995,1028.0,False
b3c26,Batch 3,539.0,1.0531204,1028.0,False
b3c26,Batch 3,544.0,1.0525848,1028.0,False
b3c26,Batch 3,549.0,1.0521389,1028.0,False
b3c26,Batch 3,553.0,1.0518279,1028.0,False
b3c26,Batch 3,558.0,1.0517048,1028.0,False
b3c26,Batch 3,563.0,1.0513542,1028.0,False
b3c26,Batch 3,567.0,1.0510395,1028.0,False
b3c26,Batch 3,572.0,1.0508306,1028.0,False
b3c26,Batch 3,577.0,1.0503943,1028.0,False
b3c26,Batch 3,581.0,1.0502243,1028.0,False
b3c26,Batch 3,586.0,1.0495167,1028.0,False
b3c26,Batch 3,591.0,1.0490197,1028.0,False
b3c26,Batch 3,595.0,1.0487812,1028.0,False
b3c26,Batch 3,600.0,1.0485889,1028.0,False
b3c26,Batch 3,605.0,1.0482106,1028.0,False
b3c26,Batch 3,610.0,1.0478032,1028.0,False
b3c26,Batch 3,614.0,1.0475292,1028.0,False
b3c26,Batch 3,619.0,1.0470403,1028.0,False
b3c26,Batch 3,624.0,1.0467852,1028.0,False
b3c26,Batch 3,628.0,1.0465525,1028.0,False
b3c26,Batch 3,633.0,1.0460004,1028.0,False
b3c26,Batch 3,638.0,1.0453813,1028.0,False
b3c26,Batch 3,642.0,1.0446756,1028.0,False
b3c26,Batch 3,647.0,1.0443088,1028.0,False
b3c26,Batch 3,652.0,1.0438304,1028.0,False
b3c26,Batch 3,656.0,1.0435592,1028.0,False
b3c26,Batch 3,661.0,1.0430387,1028.0,False
b3c26,Batch 3,666.0,1.0424947,1028.0,False
b3c26,Batch 3,670.0,1.0418711,1028.0,False
b3c26,Batch 3,675.0,1.0412824,1028.0,False
b3c26,Batch 3,680.0,1.040822,1028.0,False
b3c26,Batch 3,685.0,1.0400239,1028.0,False
b3c26,Batch 3,689.0,1.0394131,1028.0,False
b3c26,Batch 3,694.0,1.0389774,1028.0,False
b3c26,Batch 3,699.0,1.038296,1028.0,False
b3c26,Batch 3,703.0,1.0379671,1028.0,False
b3c26,Batch 3,708.0,1.0373522,1028.0,False
b3c26,Batch 3,713.0,1.0365235,1028.0,False
b3c26,Batch 3,717.0,1.0358282,1028.0,False
b3c26,Batch 3,722.0,1.0349975,1028.0,False
b3c26,Batch 3,727.0,1.034225,1028.0,False
b3c26,Batch 3,731.0,1.0336496,1028.0,False
b3c26,Batch 3,736.0,1.0330679,1028.0,False
b3c26,Batch 3,741.0,1.0320874,1028.0,False
b3c26,Batch 3,745.0,1.0313345,1028.0,False
b3c26,Batch 3,750.0,1.0306257,1028.0,False
b3c26,Batch 3,755.0,1.0295609,1028.0,False
b3c26,Batch 3,759.0,1.0289465,1028.0,False
b3c26,Batch 3,764.0,1.028107,1028.0,False
b3c26,Batch 3,769.0,1.0269288,1028.0,False
b3c26,Batch 3,774.0,1.0260305,1028.0,False
b3c26,Batch 3,778.0,1.02499,1028.0,False
b3c26,Batch 3,783.0,1.0240788,1028.0,False
b3c26,Batch 3,788.0,1.0229839,1028.0,False
b3c26,Batch 3,792.0,1.0219499,1028.0,False
b3c26,Batch 3,797.0,1.0206612,1028.0,False
b3c26,Batch 3,802.0,1.0194386,1028.0,False
b3c26,Batch 3,806.0,1.0181164,1028.0,False
b3c26,Batch 3,811.0,1.0167712,1028.0,False
b3c26,Batch 3,816.0,1.0152349,1028.0,False
b3c26,Batch 3,820.0,1.0139375,1028.0,False
b3c26,Batch 3,825.0,1.01204,1028.0,False
b3c26,Batch 3,830.0,1.0101422,1028.0,False
b3c26,Batch 3,834.0,1.0087034,1028.0,False
b3c26,Batch 3,839.0,1.0067266,1028.0,False
b3c26,Batch 3,844.0,1.0046167,1028.0,False
b3c26,Batch 3,848.0,1.0030491,1028.0,False
b3c26,Batch 3,853.0,1.0008383,1028.0,False
b3c26,Batch 3,858.0,0.99835974,1028.0,False
b3c26,Batch 3,863.0,0.99579906,1028.0,False
b3c26,Batch 3,867.0,0.99383456,1028.0,False
b3c26,Batch 3,872.0,0.99139959,1028.0,False
b3c26,Batch 3,877.0,0.98856544,1028.0,False
b3c26,Batch 3,881.0,0.98637497,1028.0,False
b3c26,Batch 3,886.0,0.98359263,1028.0,False
b3c26,Batch 3,891.0,0.98059189,1028.0,False
b3c26,Batch 3,895.0,0.97838658,1028.0,False
b3c26,Batch 3,900.0,0.97553402,1028.0,False
b3c26,Batch 3,905.0,0.97240567,1028.0,False
b3c26,Batch 3,909.0,0.96996337,1028.0,False
b3c26,Batch 3,914.0,0.96709579,1028.0,False
b3c26,Batch 3,919.0,0.96389771,1028.0,False
b3c26,Batch 3,923.0,0.96137935,1028.0,False
b3c26,Batch 3,928.0,0.95799994,1028.0,False
b3c26,Batch 3,933.0,0.95459574,1028.0,False
b3c26,Batch 3,937.0,0.95199746,1028.0,False
b3c26,Batch 3,942.0,0.94723344,1028.0,False
b3c26,Batch 3,947.0,0.94483709,1028.0,False
b3c26,Batch 3,952.0,0.94124699,1028.0,False
b3c26,Batch 3,956.0,0.93835741,1028.0,False
b3c26,Batch 3,961.0,0.93452227,1028.0,False
b3c26,Batch 3,966.0,0.93067455,1028.0,False
b3c26,Batch 3,970.0,0.92752361,1028.0,False
b3c26,Batch 3,975.0,0.92342275,1028.0,False
b3c26,Batch 3,980.0,0.91938972,1028.0,False
b3c26,Batch 3,984.0,0.91591972,1028.0,False
b3c26,Batch 3,989.0,0.9118011,1028.0,False
b3c26,Batch 3,994.0,0.90765822,1028.0,False
b3c26,Batch 3,998.0,0.90450686,1028.0,False
b3c26,Batch 3,1003.0,0.9002654,1028.0,False
b3c26,Batch 3,1008.0,0.89611799,1028.0,False
b3c26,Batch 3,1012.0,0.89277357,1028.0,False
b3c26,Batch 3,1017.0,0.88837367,1028.0,False
b3c26,Batch 3,1022.0,0.88409442,1028.0,False
b3c26,Batch 3,1027.0,0.88023561,1028.0,False
b3c27,Batch 3,1.0,1.0592589,850.0,False
b3c27,Batch 3,4.0,1.0620921,850.0,False
b3c27,Batch 3,8.0,1.0634905,850.0,False
b3c27,Batch 3,12.0,1.0639077,850.0,False
b3c27,Batch 3,16.0,1.0638971,850.0,False
b3c27,Batch 3,20.0,1.0641844,850.0,False
b3c27,Batch 3,24.0,1.0641886,850.0,False
b3c27,Batch 3,28.0,1.0640196,850.0,False
b3c27,Batch 3,31.0,1.0641981,850.0,False
b3c27,Batch 3,35.0,1.0642869,850.0,False
b3c27,Batch 3,39.0,1.0644171,850.0,False
b3c27,Batch 3,43.0,1.0642526,850.0,False
b3c27,Batch 3,47.0,1.0642179,850.0,False
b3c27,Batch 3,51.0,1.0640848,850.0,False
b3c27,Batch 3,55.0,1.0640876,850.0,False
b3c27,Batch 3,59.0,1.0640242,850.0,False
b3c27,Batch 3,62.0,1.0640191,850.0,False
b3c27,Batch 3,66.0,1.0638431,850.0,False
b3c27,Batch 3,70.0,1.0637395,850.0,False
b3c27,Batch 3,74.0,1.0635728,850.0,False
b3c27,Batch 3,78.0,1.0634784,850.0,False
b3c27,Batch 3,82.0,1.0634599,850.0,False
b3c27,Batch 3,86.0,1.063244,850.0,False
b3c27,Batch 3,90.0,1.0632579,850.0,False
b3c27,Batch 3,93.0,1.0630819,850.0,False
b3c27,Batch 3,97.0,1.0628408,850.0,False
b3c27,Batch 3,101.0,1.0626594,850.0,False
b3c27,Batch 3,105.0,1.0625862,850.0,False
b3c27,Batch 3,109.0,1.0624604,850.0,False
b3c27,Batch 3,113.0,1.0624552,850.0,False
b3c27,Batch 3,117.0,1.0622412,850.0,False
b3c27,Batch 3,121.0,1.0620897,850.0,False
b3c27,Batch 3,124.0,1.0619909,850.0,False
b3c27,Batch 3,128.0,1.061775,850.0,False
b3c27,Batch 3,132.0,1.0615424,850.0,False
b3c27,Batch 3,136.0,1.0612872,850.0,False
b3c27,Batch 3,140.0,1.061197,850.0,False
b3c27,Batch 3,144.0,1.0609095,850.0,False
b3c27,Batch 3,148.0,1.0608865,850.0,False
b3c27,Batch 3,152.0,1.0607822,850.0,False
b3c27,Batch 3,155.0,1.0605687,850.0,False
b3c27,Batch 3,159.0,1.0604362,850.0,False
b3c27,Batch 3,163.0,1.0601755,850.0,False
b3c27,Batch 3,167.0,1.0597453,850.0,False
b3c27,Batch 3,171.0,1.0598335,850.0,False
b3c27,Batch 3,175.0,1.0597808,850.0,False
b3c27,Batch 3,179.0,1.0595907,850.0,False
b3c27,Batch 3,182.0,1.0594604,850.0,False
b3c27,Batch 3,186.0,1.0592679,850.0,False
b3c27,Batch 3,190.0,1.0589347,850.0,False
b3c27,Batch 3,194.0,1.0588086,850.0,False
b3c27,Batch 3,198.0,1.0584037,850.0,False
b3c27,Batch 3,202.0,1.0579237,850.0,False
b3c27,Batch 3,206.0,1.0579308,850.0,False
b3c27,Batch 3,210.0,1.0577718,850.0,False
b3c27,Batch 3,213.0,1.0577922,850.0,False
b3c27,Batch 3,217.0,1.0576298,850.0,False
b3c27,Batch 3,221.0,1.0574121,850.0,False
b3c27,Batch 3,225.0,1.0572039,850.0,False
b3c27,Batch 3,229.0,1.0571551,850.0,False
b3c27,Batch 3,233.0,1.0569938,850.0,False
b3c27,Batch 3,237.0,1.0568194,850.0,False
b3c27,Batch 3,241.0,1.056706,850.0,False
b3c27,Batch 3,244.0,1.0564873,850.0,False
b3c27,Batch 3,248.0,1.0563128,850.0,False
b3c27,Batch 3,252.0,1.0562735,850.0,False
b3c27,Batch 3,256.0,1.0560542,850.0,False
b3c27,Batch 3,260.0,1.0559272,850.0,False
b3c27,Batch 3,264.0,1.0557261,850.0,False
b3c27,Batch 3,268.0,1.0555046,850.0,False
b3c27,Batch 3,272.0,1.055292,850.0,False
b3c27,Batch 3,275.0,1.0551203,850.0,False
b3c27,Batch 3,279.0,1.0546074,850.0,False
b3c27,Batch 3,283.0,1.0545336,850.0,False
b3c27,Batch 3,287.0,1.0543666,850.0,False
b3c27,Batch 3,291.0,1.0541655,850.0,False
b3c27,Batch 3,295.0,1.0537416,850.0,False
b3c27,Batch 3,299.0,1.0534985,850.0,False
b3c27,Batch 3,303.0,1.0533993,850.0,False
b3c27,Batch 3,306.0,1.0530715,850.0,False
b3c27,Batch 3,310.0,1.0529273,850.0,False
b3c27,Batch 3,314.0,1.0528642,850.0,False
b3c27,Batch 3,318.0,1.0526013,850.0,False
b3c27,Batch 3,322.0,1.0524185,850.0,False
b3c27,Batch 3,326.0,1.0521805,850.0,False
b3c27,Batch 3,330.0,1.0517519,850.0,False
b3c27,Batch 3,334.0,1.0516173,850.0,False
b3c27,Batch 3,337.0,1.0512562,850.0,False
b3c27,Batch 3,341.0,1.0510613,850.0,False
b3c27,Batch 3,345.0,1.0508343,850.0,False
b3c27,Batch 3,349.0,1.0506933,850.0,False
b3c27,Batch 3,353.0,1.0504926,850.0,False
b3c27,Batch 3,357.0,1.0500406,850.0,False
b3c27,Batch 3,361.0,1.0498266,850.0,False
b3c27,Batch 3,364.0,1.0497637,850.0,False
b3c27,Batch 3,368.0,1.0495802,850.0,False
b3c27,Batch 3,372.0,1.0491893,850.0,False
b3c27,Batch 3,376.0,1.0488236,850.0,False
b3c27,Batch 3,380.0,1.0486909,850.0,False
b3c27,Batch 3,384.0,1.048285,850.0,False
b3c27,Batch 3,388.0,1.0480393,850.0,False
b3c27,Batch 3,392.0,1.0477216,850.0,False
b3c27,Batch 3,395.0,1.0475789,850.0,False
b3c27,Batch 3,399.0,1.0473115,850.0,False
b3c27,Batch 3,403.0,1.0471429,850.0,False
b3c27,Batch 3,407.0,1.0467862,850.0,False
b3c27,Batch 3,411.0,1.0465143,850.0,False
b3c27,Batch 3,415.0,1.0463475,850.0,False
b3c27,Batch 3,419.0,1.0459857,850.0,False
b3c27,Batch 3,423.0,1.0457214,850.0,False
b3c27,Batch 3,426.0,1.0454433,850.0,False
b3c27,Batch 3,430.0,1.0450526,850.0,False
b3c27,Batch 3,434.0,1.0450393,850.0,False
b3c27,Batch 3,438.0,1.0446199,850.0,False
b3c27,Batch 3,442.0,1.0442138,850.0,False
b3c27,Batch 3,446.0,1.0438552,850.0,False
b3c27,Batch 3,450.0,1.0434139,850.0,False
b3c27,Batch 3,454.0,1.0430831,850.0,False
b3c27,Batch 3,457.0,1.0429749,850.0,False
b3c27,Batch 3,461.0,1.0427253,850.0,False
b3c27,Batch 3,465.0,1.0424381,850.0,False
b3c27,Batch 3,469.0,1.042164,850.0,False
b3c27,Batch 3,473.0,1.0418026,850.0,False
b3c27,Batch 3,477.0,1.0413885,850.0,False
b3c27,Batch 3,481.0,1.0411562,850.0,False
b3c27,Batch 3,485.0,1.0396122,850.0,False
b3c27,Batch 3,488.0,1.0405713,850.0,False
b3c27,Batch 3,492.0,1.0398139,850.0,False
b3c27,Batch 3,496.0,1.0394773,850.0,False
b3c27,Batch 3,500.0,1.0390358,850.0,False
b3c27,Batch 3,504.0,1.0385624,850.0,False
b3c27,Batch 3,508.0,1.0381366,850.0,False
b3c27,Batch 3,512.0,1.0376508,850.0,False
b3c27,Batch 3,515.0,1.0373665,850.0,False
b3c27,Batch 3,519.0,1.0370178,850.0,False
b3c27,Batch 3,523.0,1.036274,850.0,False
b3c27,Batch 3,527.0,1.0357708,850.0,False
b3c27,Batch 3,531.0,1.0353743,850.0,False
b3c27,Batch 3,535.0,1.0348953,850.0,False
b3c27,Batch 3,539.0,1.0345163,850.0,False
b3c27,Batch 3,543.0,1.0340773,850.0,False
b3c27,Batch 3,546.0,1.03381,850.0,False
b3c27,Batch 3,550.0,1.033337,850.0,False
b3c27,Batch 3,554.0,1.0328188,850.0,False
b3c27,Batch 3,558.0,1.0321455,850.0,False
b3c27,Batch 3,562.0,1.0317609,850.0,False
b3c27,Batch 3,566.0,1.0311674,850.0,False
b3c27,Batch 3,570.0,1.0306771,850.0,False
b3c27,Batch 3,574.0,1.0301114,850.0,False
b3c27,Batch 3,577.0,1.0296929,850.0,False
b3c27,Batch 3,581.0,1.0290825,850.0,False
b3c27,Batch 3,585.0,1.0285946,850.0,False
b3c27,Batch 3,589.0,1.0280925,850.0,False
b3c27,Batch 3,593.0,1.0274115,850.0,False
b3c27,Batch 3,597.0,1.0266931,850.0,False
b3c27,Batch 3,601.0,1.0259615,850.0,False
b3c27,Batch 3,605.0,1.0255126,850.0,False
b3c27,Batch 3,608.0,1.0248712,850.0,False
b3c27,Batch 3,612.0,1.0242397,850.0,False
b3c27,Batch 3,616.0,1.0235692,850.0,False
b3c27,Batch 3,620.0,1.0228153,850.0,False
b3c27,Batch 3,624.0,1.0221204,850.0,False
b3c27,Batch 3,628.0,1.0212804,850.0,False
b3c27,Batch 3,632.0,1.0205566,850.0,False
b3c27,Batch 3,636.0,1.0197738,850.0,False
b3c27,Batch 3,639.0,1.0191554,850.0,False
b3c27,Batch 3,643.0,1.0181967,850.0,False
b3c27,Batch 3,647.0,1.017292,850.0,False
b3c27,Batch 3,651.0,1.0161113,850.0,False
b3c27,Batch 3,655.0,1.0150551,850.0,False
b3c27,Batch 3,659.0,1.0138389,850.0,False
b3c27,Batch 3,663.0,1.012814,850.0,False
b3c27,Batch 3,667.0,1.0119284,850.0,False
b3c27,Batch 3,670.0,1.0112062,850.0,False
b3c27,Batch 3,674.0,1.0097096,850.0,False
b3c27,Batch 3,678.0,1.0087306,850.0,False
b3c27,Batch 3,682.0,1.0072693,850.0,False
b3c27,Batch 3,686.0,1.0058916,850.0,False
b3c27,Batch 3,690.0,1.0047513,850.0,False
b3c27,Batch 3,694.0,1.0028151,850.0,False
b3c27,Batch 3,697.0,1.0016886,850.0,False
b3c27,Batch 3,701.0,0.99990779,850.0,False
b3c27,Batch 3,705.0,0.9985677,850.0,False
b3c27,Batch 3,709.0,0.99667376,850.0,False
b3c27,Batch 3,713.0,0.99515039,850.0,False
b3c27,Batch 3,717.0,0.99318624,850.0,False
b3c27,Batch 3,721.0,0.99132282,850.0,False
b3c27,Batch 3,725.0,0.98924607,850.0,False
b3c27,Batch 3,728.0,0.98760313,850.0,False
b3c27,Batch 3,732.0,0.98536861,850.0,False
b3c27,Batch 3,736.0,0.98317289,850.0,False
b3c27,Batch 3,740.0,0.98075175,850.0,False
b3c27,Batch 3,744.0,0.97853935,850.0,False
b3c27,Batch 3,748.0,0.97607732,850.0,False
b3c27,Batch 3,752.0,0.97368068,850.0,False
b3c27,Batch 3,756.0,0.97106695,850.0,False
b3c27,Batch 3,759.0,0.96890897,850.0,False
b3c27,Batch 3,763.0,0.96629351,850.0,False
b3c27,Batch 3,767.0,0.96311808,850.0,False
b3c27,Batch 3,771.0,0.96014702,850.0,False
b3c27,Batch 3,775.0,0.95532441,850.0,False
b3c27,Batch 3,779.0,0.95379806,850.0,False
b3c27,Batch 3,783.0,0.94994897,850.0,False
b3c27,Batch 3,787.0,0.9464643,850.0,False
b3c27,Batch 3,790.0,0.94375241,850.0,False
b3c27,Batch 3,794.0,0.93969864,850.0,False
b3c27,Batch 3,798.0,0.93550503,850.0,False
b3c27,Batch 3,802.0,0.93121481,850.0,False
b3c27,Batch 3,806.0,0.92684442,850.0,False
b3c27,Batch 3,810.0,0.92234135,850.0,False
b3c27,Batch 3,814.0,0.917772,850.0,False
b3c27,Batch 3,818.0,0.91333079,850.0,False
b3c27,Batch 3,821.0,0.91009879,850.0,False
b3c27,Batch 3,825.0,0.90557516,850.0,False
b3c27,Batch 3,829.0,0.90126795,850.0,False
b3c27,Batch 3,833.0,0.89701658,850.0,False
b3c27,Batch 3,837.0,0.89264393,850.0,False
b3c27,Batch 3,841.0,0.88837385,850.0,False
b3c27,Batch 3,845.0,0.88401866,850.0,False
b3c27,Batch 3,849.0,0.88002509,850.0,False
b3c28,Batch 3,1.0,1.0512739,541.0,False
b3c28,Batch 3,3.0,1.0522791,541.0,False
b3c28,Batch 3,5.0,1.0526985,541.0,False
b3c28,Batch 3,8.0,1.0526767,541.0,False
b3c28,Batch 3,10.0,1.0524576,541.0,False
b3c28,Batch 3,13.0,1.0519128,541.0,False
b3c28,Batch 3,15.0,1.0516714,541.0,False
b3c28,Batch 3,18.0,1.0512664,541.0,False
b3c28,Batch 3,20.0,1.0509038,541.0,False
b3c28,Batch 3,23.0,1.0503008,541.0,False
b3c28,Batch 3,25.0,1.0498389,541.0,False
b3c28,Batch 3,28.0,1.0491428,541.0,False
b3c28,Batch 3,30.0,1.0486975,541.0,False
b3c28,Batch 3,32.0,1.0484965,541.0,False
b3c28,Batch 3,35.0,1.048022,541.0,False
b3c28,Batch 3,37.0,1.047738,541.0,False
b3c28,Batch 3,40.0,1.0471058,541.0,False
b3c28,Batch 3,42.0,1.0467745,541.0,False
b3c28,Batch 3,45.0,1.045922,541.0,False
b3c28,Batch 3,47.0,1.0456372,541.0,False
b3c28,Batch 3,50.0,1.0450525,541.0,False
b3c28,Batch 3,52.0,1.0445393,541.0,False
b3c28,Batch 3,55.0,1.0440762,541.0,False
b3c28,Batch 3,57.0,1.0436374,541.0,False
b3c28,Batch 3,60.0,1.0430763,541.0,False
b3c28,Batch 3,62.0,1.0427086,541.0,False
b3c28,Batch 3,64.0,1.0422869,541.0,False
b3c28,Batch 3,67.0,1.0415828,541.0,False
b3c28,Batch 3,69.0,1.0412004,541.0,False
b3c28,Batch 3,72.0,1.0405605,541.0,False
b3c28,Batch 3,74.0,1.0400708,541.0,False
b3c28,Batch 3,77.0,1.0394158,541.0,False
b3c28,Batch 3,79.0,1.0388693,541.0,False
b3c28,Batch 3,82.0,1.0382557,541.0,False
b3c28,Batch 3,84.0,1.0378588,541.0,False
b3c28,Batch 3,87.0,1.0370368,541.0,False
b3c28,Batch 3,89.0,1.0366795,541.0,False
b3c28,Batch 3,92.0,1.0361073,541.0,False
b3c28,Batch 3,94.0,1.0354948,541.0,False
b3c28,Batch 3,96.0,1.0349442,541.0,False
b3c28,Batch 3,99.0,1.0341983,541.0,False
b3c28,Batch 3,101.0,1.0337164,541.0,False
b3c28,Batch 3,104.0,1.0330974,541.0,False
b3c28,Batch 3,106.0,1.0325159,541.0,False
b3c28,Batch 3,109.0,1.0318381,541.0,False
b3c28,Batch 3,111.0,1.0313451,541.0,False
b3c28,Batch 3,114.0,1.0307144,541.0,False
b3c28,Batch 3,116.0,1.0303245,541.0,False
b3c28,Batch 3,119.0,1.0295179,541.0,False
b3c28,Batch 3,121.0,1.0291184,541.0,False
b3c28,Batch 3,124.0,1.0284314,541.0,False
b3c28,Batch 3,126.0,1.0279624,541.0,False
b3c28,Batch 3,128.0,1.0275129,541.0,False
b3c28,Batch 3,131.0,1.0267546,541.0,False
b3c28,Batch 3,133.0,1.0262829,541.0,False
b3c28,Batch 3,136.0,1.0255442,541.0,False
b3c28,Batch 3,138.0,1.0250785,541.0,False
b3c28,Batch 3,141.0,1.0241951,541.0,False
b3c28,Batch 3,143.0,1.0237807,541.0,False
b3c28,Batch 3,146.0,1.0229897,541.0,False
b3c28,Batch 3,148.0,1.0226638,541.0,False
b3c28,Batch 3,151.0,1.0220575,541.0,False
b3c28,Batch 3,153.0,1.0214649,541.0,False
b3c28,Batch 3,156.0,1.0209689,541.0,False
b3c28,Batch 3,158.0,1.0204891,541.0,False
b3c28,Batch 3,160.0,1.0200105,541.0,False
b3c28,Batch 3,163.0,1.019273,541.0,False
b3c28,Batch 3,165.0,1.0187942,541.0,False
b3c28,Batch 3,168.0,1.0178076,541.0,False
b3c28,Batch 3,170.0,1.0174149,541.0,False
b3c28,Batch 3,173.0,1.0167619,541.0,False
b3c28,Batch 3,175.0,1.0162665,541.0,False
b3c28,Batch 3,178.0,1.015714,541.0,False
b3c28,Batch 3,180.0,1.0152383,541.0,False
b3c28,Batch 3,183.0,1.0145904,541.0,False
b3c28,Batch 3,185.0,1.0141625,541.0,False
b3c28,Batch 3,188.0,1.0135349,541.0,False
b3c28,Batch 3,190.0,1.013221,541.0,False
b3c28,Batch 3,192.0,1.0127839,541.0,False
b3c28,Batch 3,195.0,1.0120488,541.0,False
b3c28,Batch 3,197.0,1.0116402,541.0,False
b3c28,Batch 3,200.0,1.0107106,541.0,False
b3c28,Batch 3,202.0,1.0102823,541.0,False
b3c28,Batch 3,205.0,1.0094342,541.0,False
b3c28,Batch 3,207.0,1.0089597,541.0,False
b3c28,Batch 3,210.0,1.0082288,541.0,False
b3c28,Batch 3,212.0,1.0077765,541.0,False
b3c28,Batch 3,215.0,1.0070785,541.0,False
b3c28,Batch 3,217.0,1.006745,541.0,False
b3c28,Batch 3,220.0,1.0059685,541.0,False
b3c28,Batch 3,222.0,1.0056132,541.0,False
b3c28,Batch 3,224.0,1.0052946,541.0,False
b3c28,Batch 3,227.0,1.0048075,541.0,False
b3c28,Batch 3,229.0,1.0042979,541.0,False
b3c28,Batch 3,232.0,1.0037057,541.0,False
b3c28,Batch 3,234.0,1.0032173,541.0,False
b3c28,Batch 3,237.0,1.0024002,541.0,False
b3c28,Batch 3,239.0,1.002192,541.0,False
b3c28,Batch 3,242.0,1.0014967,541.0,False
b3c28,Batch 3,244.0,1.0011666,541.0,False
b3c28,Batch 3,247.0,1.0003978,541.0,False
b3c28,Batch 3,249.0,1.0000045,541.0,False
b3c28,Batch 3,252.0,0.99936277,541.0,False
b3c28,Batch 3,254.0,0.99880373,541.0,False
b3c28,Batch 3,256.0,0.99827576,541.0,False
b3c28,Batch 3,259.0,0.99743664,541.0,False
b3c28,Batch 3,261.0,0.99693221,541.0,False
b3c28,Batch 3,264.0,0.99651361,541.0,False
b3c28,Batch 3,266.0,0.9958905,541.0,False
b3c28,Batch 3,269.0,0.99510932,541.0,False
b3c28,Batch 3,271.0,0.99470806,541.0,False
b3c28,Batch 3,274.0,0.99396646,541.0,False
b3c28,Batch 3,276.0,0.99348831,541.0,False
b3c28,Batch 3,279.0,0.99286312,541.0,False
b3c28,Batch 3,281.0,0.99234104,541.0,False
b3c28,Batch 3,284.0,0.99162281,541.0,False
b3c28,Batch 3,286.0,0.9910605,541.0,False
b3c28,Batch 3,288.0,0.99036628,541.0,False
b3c28,Batch 3,291.0,0.98938906,541.0,False
b3c28,Batch 3,293.0,0.98904663,541.0,False
b3c28,Batch 3,296.0,0.988249,541.0,False
b3c28,Batch 3,298.0,0.98777503,541.0,False
b3c28,Batch 3,301.0,0.98688424,541.0,False
b3c28,Batch 3,303.0,0.98644036,541.0,False
b3c28,Batch 3,306.0,0.98560441,541.0,False
b3c28,Batch 3,308.0,0.98497754,541.0,False
b3c28,Batch 3,311.0,0.98426574,541.0,False
b3c28,Batch 3,313.0,0.98374414,541.0,False
b3c28,Batch 3,316.0,0.98291296,541.0,False
b3c28,Batch 3,318.0,0.98255467,541.0,False
b3c28,Batch 3,320.0,0.98197514,541.0,False
b3c28,Batch 3,323.0,0.98094183,541.0,False
b3c28,Batch 3,325.0,0.98036796,541.0,False
b3c28,Batch 3,328.0,0.97989583,541.0,False
b3c28,Batch 3,330.0,0.97929621,541.0,False
b3c28,Batch 3,333.0,0.9782322,541.0,False
b3c28,Batch 3,335.0,0.97780234,541.0,False
b3c28,Batch 3,338.0,0.97700822,541.0,False
b3c28,Batch 3,340.0,0.97645646,541.0,False
b3c28,Batch 3,343.0,0.97529912,541.0,False
b3c28,Batch 3,345.0,0.97472191,541.0,False
b3c28,Batch 3,348.0,0.97375792,541.0,False
b3c28,Batch 3,350.0,0.97316003,541.0,False
b3c28,Batch 3,352.0,0.97265071,541.0,False
b3c28,Batch 3,355.0,0.97175765,541.0,False
b3c28,Batch 3,357.0,0.97103179,541.0,False
b3c28,Batch 3,360.0,0.97000873,541.0,False
b3c28,Batch 3,362.0,0.96942478,541.0,False
b3c28,Batch 3,365.0,0.96853757,541.0,False
b3c28,Batch 3,367.0,0.96784008,541.0,False
b3c28,Batch 3,370.0,0.96680641,541.0,False
b3c28,Batch 3,372.0,0.96607131,541.0,False
b3c28,Batch 3,375.0,0.96514052,541.0,False
b3c28,Batch 3,377.0,0.96438086,541.0,False
b3c28,Batch 3,380.0,0.9632138,541.0,False
b3c28,Batch 3,382.0,0.96243376,541.0,False
b3c28,Batch 3,384.0,0.96181488,541.0,False
b3c28,Batch 3,387.0,0.96063602,541.0,False
b3c28,Batch 3,389.0,0.95987535,541.0,False
b3c28,Batch 3,392.0,0.95886689,541.0,False
b3c28,Batch 3,394.0,0.95808786,541.0,False
b3c28,Batch 3,397.0,0.95684224,541.0,False
b3c28,Batch 3,399.0,0.95614815,541.0,False
b3c28,Batch 3,402.0,0.95497632,541.0,False
b3c28,Batch 3,404.0,0.95406961,541.0,False
b3c28,Batch 3,407.0,0.95293909,541.0,False
b3c28,Batch 3,409.0,0.95207387,541.0,False
b3c28,Batch 3,412.0,0.95109159,541.0,False
b3c28,Batch 3,414.0,0.95015854,541.0,False
b3c28,Batch 3,416.0,0.94796008,541.0,False
b3c28,Batch 3,419.0,0.94802701,541.0,False
b3c28,Batch 3,421.0,0.94704694,541.0,False
b3c28,Batch 3,424.0,0.94597721,541.0,False
b3c28,Batch 3,426.0,0.94517392,541.0,False
b3c28,Batch 3,429.0,0.94396865,541.0,False
b3c28,Batch 3,431.0,0.94306242,541.0,False
b3c28,Batch 3,434.0,0.94189632,541.0,False
b3c28,Batch 3,436.0,0.94083565,541.0,False
b3c28,Batch 3,439.0,0.93967664,541.0,False
b3c28,Batch 3,441.0,0.93889493,541.0,False
b3c28,Batch 3,444.0,0.93769836,541.0,False
b3c28,Batch 3,446.0,0.93673539,541.0,False
b3c28,Batch 3,448.0,0.93583494,541.0,False
b3c28,Batch 3,451.0,0.9344843,541.0,False
b3c28,Batch 3,453.0,0.93366045,541.0,False
b3c28,Batch 3,456.0,0.9324199,541.0,False
b3c28,Batch 3,458.0,0.93135893,541.0,False
b3c28,Batch 3,461.0,0.93008393,541.0,False
b3c28,Batch 3,463.0,0.92910749,541.0,False
b3c28,Batch 3,466.0,0.92793345,541.0,False
b3c28,Batch 3,468.0,0.92693388,541.0,False
b3c28,Batch 3,471.0,0.92549229,541.0,False
b3c28,Batch 3,473.0,0.92467535,541.0,False
b3c28,Batch 3,476.0,0.92310929,541.0,False
b3c28,Batch 3,478.0,0.92204678,541.0,False
b3c28,Batch 3,480.0,0.92114884,541.0,False
b3c28,Batch 3,483.0,0.9195295,541.0,False
b3c28,Batch 3,485.0,0.91848707,541.0,False
b3c28,Batch 3,488.0,0.91686982,541.0,False
b3c28,Batch 3,490.0,0.91577607,541.0,False
b3c28,Batch 3,493.0,0.9142763,541.0,False
b3c28,Batch 3,495.0,0.9131301,541.0,False
b3c28,Batch 3,498.0,0.91144639,541.0,False
b3c28,Batch 3,500.0,0.91039646,541.0,False
b3c28,Batch 3,503.0,0.90870553,541.0,False
b3c28,Batch 3,505.0,0.90741742,541.0,False
b3c28,Batch 3,508.0,0.90559584,541.0,False
b3c28,Batch 3,510.0,0.90431052,541.0,False
b3c28,Batch 3,512.0,0.90288955,541.0,False
b3c28,Batch 3,515.0,0.90089488,541.0,False
b3c28,Batch 3,517.0,0.89949727,541.0,False
b3c28,Batch 3,520.0,0.89730459,541.0,False
b3c28,Batch 3,522.0,0.89580488,541.0,False
b3c28,Batch 3,525.0,0.89341033,541.0,False
b3c28,Batch 3,527.0,0.89176232,541.0,False
b3c28,Batch 3,530.0,0.88915122,541.0,False
b3c28,Batch 3,532.0,0.8873471,541.0,False
b3c28,Batch 3,535.0,0.88435209,541.0,False
b3c28,Batch 3,537.0,0.88238341,541.0,False
b3c28,Batch 3,540.0,0.88010961,541.0,False
b3c29,Batch 3,1.0,1.0652004,858.0,False
b3c29,Batch 3,4.0,1.0678768,858.0,False
b3c29,Batch 3,8.0,1.0695181,858.0,False
b3c29,Batch 3,12.0,1.0701022,858.0,False
b3c29,Batch 3,16.0,1.0704545,858.0,False
b3c29,Batch 3,20.0,1.0708865,858.0,False
b3c29,Batch 3,24.0,1.0707788,858.0,False
b3c29,Batch 3,28.0,1.0708416,858.0,False
b3c29,Batch 3,32.0,1.0711623,858.0,False
b3c29,Batch 3,36.0,1.0711699,858.0,False
b3c29,Batch 3,40.0,1.0712008,858.0,False
b3c29,Batch 3,43.0,1.0710099,858.0,False
b3c29,Batch 3,47.0,1.0711795,858.0,False
b3c29,Batch 3,51.0,1.0710952,858.0,False
b3c29,Batch 3,55.0,1.0711401,858.0,False
b3c29,Batch 3,59.0,1.0711446,858.0,False
b3c29,Batch 3,63.0,1.0709449,858.0,False
b3c29,Batch 3,67.0,1.0707633,858.0,False
b3c29,Batch 3,71.0,1.0706544,858.0,False
b3c29,Batch 3,75.0,1.0704877,858.0,False
b3c29,Batch 3,79.0,1.0705681,858.0,False
b3c29,Batch 3,83.0,1.0702723,858.0,False
b3c29,Batch 3,86.0,1.0704387,858.0,False
b3c29,Batch 3,90.0,1.0701674,858.0,False
b3c29,Batch 3,94.0,1.0699636,858.0,False
b3c29,Batch 3,98.0,1.0696558,858.0,False
b3c29,Batch 3,102.0,1.069518,858.0,False
b3c29,Batch 3,106.0,1.0694635,858.0,False
b3c29,Batch 3,110.0,1.0694462,858.0,False
b3c29,Batch 3,114.0,1.0691913,858.0,False
b3c29,Batch 3,118.0,1.0691607,858.0,False
b3c29,Batch 3,122.0,1.0689374,858.0,False
b3c29,Batch 3,126.0,1.0687457,858.0,False
b3c29,Batch 3,129.0,1.0683885,858.0,False
b3c29,Batch 3,133.0,1.068193,858.0,False
b3c29,Batch 3,137.0,1.0678915,858.0,False
b3c29,Batch 3,141.0,1.0679492,858.0,False
b3c29,Batch 3,145.0,1.0677799,858.0,False
b3c29,Batch 3,149.0,1.0676111,858.0,False
b3c29,Batch 3,153.0,1.0674238,858.0,False
b3c29,Batch 3,157.0,1.0671693,858.0,False
b3c29,Batch 3,161.0,1.0668813,858.0,False
b3c29,Batch 3,165.0,1.0666201,858.0,False
b3c29,Batch 3,169.0,1.0665945,858.0,False
b3c29,Batch 3,172.0,1.0665004,858.0,False
b3c29,Batch 3,176.0,1.0662796,858.0,False
b3c29,Batch 3,180.0,1.0662286,858.0,False
b3c29,Batch 3,184.0,1.065876,858.0,False
b3c29,Batch 3,188.0,1.0656475,858.0,False
b3c29,Batch 3,192.0,1.0652193,858.0,False
b3c29,Batch 3,196.0,1.0647993,858.0,False
b3c29,Batch 3,200.0,1.0649399,858.0,False
b3c29,Batch 3,204.0,1.0646441,858.0,False
b3c29,Batch 3,208.0,1.0646204,858.0,False
b3c29,Batch 3,212.0,1.0645471,858.0,False
b3c29,Batch 3,215.0,1.0644383,858.0,False
b3c29,Batch 3,219.0,1.0641032,858.0,False
b3c29,Batch 3,223.0,1.0640188,858.0,False
b3c29,Batch 3,227.0,1.0637912,858.0,False
b3c29,Batch 3,231.0,1.063553,858.0,False
b3c29,Batch 3,235.0,1.0634625,858.0,False
b3c29,Batch 3,239.0,1.0631365,858.0,False
b3c29,Batch 3,243.0,1.0629507,858.0,False
b3c29,Batch 3,247.0,1.0628328,858.0,False
b3c29,Batch 3,251.0,1.062595,858.0,False
b3c29,Batch 3,255.0,1.0623916,858.0,False
b3c29,Batch 3,258.0,1.0610745,858.0,False
b3c29,Batch 3,262.0,1.0619918,858.0,False
b3c29,Batch 3,266.0,1.0618267,858.0,False
b3c29,Batch 3,270.0,1.0613679,858.0,False
b3c29,Batch 3,274.0,1.0612319,858.0,False
b3c29,Batch 3,278.0,1.0609648,858.0,False
b3c29,Batch 3,282.0,1.0606992,858.0,False
b3c29,Batch 3,286.0,1.0603853,858.0,False
b3c29,Batch 3,290.0,1.0601386,858.0,False
b3c29,Batch 3,294.0,1.0600497,858.0,False
b3c29,Batch 3,298.0,1.0595392,858.0,False
b3c29,Batch 3,301.0,1.0594702,858.0,False
b3c29,Batch 3,305.0,1.0592967,858.0,False
b3c29,Batch 3,309.0,1.0590652,858.0,False
b3c29,Batch 3,313.0,1.0588354,858.0,False
b3c29,Batch 3,317.0,1.0584998,858.0,False
b3c29,Batch 3,321.0,1.0581098,858.0,False
b3c29,Batch 3,325.0,1.0579017,858.0,False
b3c29,Batch 3,329.0,1.0576874,858.0,False
b3c29,Batch 3,333.0,1.0573505,858.0,False
b3c29,Batch 3,337.0,1.0571545,858.0,False
b3c29,Batch 3,341.0,1.0568622,858.0,False
b3c29,Batch 3,344.0,1.0565972,858.0,False
b3c29,Batch 3,348.0,1.0562557,858.0,False
b3c29,Batch 3,352.0,1.0558932,858.0,False
b3c29,Batch 3,356.0,1.0557255,858.0,False
b3c29,Batch 3,360.0,1.0554997,858.0,False
b3c29,Batch 3,364.0,1.0551645,858.0,False
b3c29,Batch 3,368.0,1.0549431,858.0,False
b3c29,Batch 3,372.0,1.0545893,858.0,False
b3c29,Batch 3,376.0,1.0543725,858.0,False
b3c29,Batch 3,380.0,1.0537983,858.0,False
b3c29,Batch 3,384.0,1.0535575,858.0,False
b3c29,Batch 3,387.0,1.0535024,858.0,False
b3c29,Batch 3,391.0,1.0532326,858.0,False
b3c29,Batch 3,395.0,1.0528798,858.0,False
b3c29,Batch 3,399.0,1.0525148,858.0,False
b3c29,Batch 3,403.0,1.0520958,858.0,False
b3c29,Batch 3,407.0,1.0517985,858.0,False
b3c29,Batch 3,411.0,1.0516164,858.0,False
b3c29,Batch 3,415.0,1.0511895,858.0,False
b3c29,Batch 3,419.0,1.0508525,858.0,False
b3c29,Batch 3,423.0,1.0506561,858.0,False
b3c29,Batch 3,427.0,1.0503873,858.0,False
b3c29,Batch 3,430.0,1.049984,858.0,False
b3c29,Batch 3,434.0,1.0495656,858.0,False
b3c29,Batch 3,438.0,1.0491154,858.0,False
b3c29,Batch 3,442.0,1.0486784,858.0,False
b3c29,Batch 3,446.0,1.0482442,858.0,False
b3c29,Batch 3,450.0,1.0481871,858.0,False
b3c29,Batch 3,454.0,1.0478679,858.0,False
b3c29,Batch 3,458.0,1.0475031,858.0,False
b3c29,Batch 3,462.0,1.0470785,858.0,False
b3c29,Batch 3,466.0,1.0468268,858.0,False
b3c29,Batch 3,470.0,1.04638,858.0,False
b3c29,Batch 3,473.0,1.0460734,858.0,False
b3c29,Batch 3,477.0,1.0456082,858.0,False
b3c29,Batch 3,481.0,1.0448825,858.0,False
b3c29,Batch 3,485.0,1.0445089,858.0,False
b3c29,Batch 3,489.0,1.0440265,858.0,False
b3c29,Batch 3,493.0,1.0435021,858.0,False
b3c29,Batch 3,497.0,1.0430244,858.0,False
b3c29,Batch 3,501.0,1.0426093,858.0,False
b3c29,Batch 3,505.0,1.0420601,858.0,False
b3c29,Batch 3,509.0,1.0413738,858.0,False
b3c29,Batch 3,513.0,1.0408145,858.0,False
b3c29,Batch 3,516.0,1.0404462,858.0,False
b3c29,Batch 3,520.0,1.0397192,858.0,False
b3c29,Batch 3,524.0,1.0393548,858.0,False
b3c29,Batch 3,528.0,1.0388495,858.0,False
b3c29,Batch 3,532.0,1.0384817,858.0,False
b3c29,Batch 3,536.0,1.0378807,858.0,False
b3c29,Batch 3,540.0,1.037276,858.0,False
b3c29,Batch 3,544.0,1.0366831,858.0,False
b3c29,Batch 3,548.0,1.0360456,858.0,False
b3c29,Batch 3,552.0,1.0355504,858.0,False
b3c29,Batch 3,556.0,1.03499,858.0,False
b3c29,Batch 3,559.0,1.0344669,858.0,False
b3c29,Batch 3,563.0,1.0340525,858.0,False
b3c29,Batch 3,567.0,1.0322177,858.0,False
b3c29,Batch 3,571.0,1.0328766,858.0,False
b3c29,Batch 3,575.0,1.0322055,858.0,False
b3c29,Batch 3,579.0,1.0314816,858.0,False
b3c29,Batch 3,583.0,1.0308216,858.0,False
b3c29,Batch 3,587.0,1.0302289,858.0,False
b3c29,Batch 3,591.0,1.0294876,858.0,False
b3c29,Batch 3,595.0,1.0287992,858.0,False
b3c29,Batch 3,599.0,1.0278677,858.0,False
b3c29,Batch 3,602.0,1.0275936,858.0,False
b3c29,Batch 3,606.0,1.0269595,858.0,False
b3c29,Batch 3,610.0,1.0260023,858.0,False
b3c29,Batch 3,614.0,1.0255216,858.0,False
b3c29,Batch 3,618.0,1.0247794,858.0,False
b3c29,Batch 3,622.0,1.0240371,858.0,False
b3c29,Batch 3,626.0,1.0230988,858.0,False
b3c29,Batch 3,630.0,1.0221503,858.0,False
b3c29,Batch 3,634.0,1.0210167,858.0,False
b3c29,Batch 3,638.0,1.0201929,858.0,False
b3c29,Batch 3,642.0,1.0191567,858.0,False
b3c29,Batch 3,645.0,1.0182899,858.0,False
b3c29,Batch 3,649.0,1.0173883,858.0,False
b3c29,Batch 3,653.0,1.0163113,858.0,False
b3c29,Batch 3,657.0,1.0151618,858.0,False
b3c29,Batch 3,661.0,1.0141817,858.0,False
b3c29,Batch 3,665.0,1.0129023,858.0,False
b3c29,Batch 3,669.0,1.0116625,858.0,False
b3c29,Batch 3,673.0,1.0104754,858.0,False
b3c29,Batch 3,677.0,1.009027,858.0,False
b3c29,Batch 3,681.0,1.0076338,858.0,False
b3c29,Batch 3,685.0,1.0062777,858.0,False
b3c29,Batch 3,688.0,1.005429,858.0,False
b3c29,Batch 3,692.0,1.0039557,858.0,False
b3c29,Batch 3,696.0,1.0025992,858.0,False
b3c29,Batch 3,700.0,1.0009575,858.0,False
b3c29,Batch 3,704.0,0.9995023,858.0,False
b3c29,Batch 3,708.0,0.99774384,858.0,False
b3c29,Batch 3,712.0,0.99601704,858.0,False
b3c29,Batch 3,716.0,0.99434793,858.0,False
b3c29,Batch 3,720.0,0.99259806,858.0,False
b3c29,Batch 3,724.0,0.99060071,858.0,False
b3c29,Batch 3,728.0,0.98888797,858.0,False
b3c29,Batch 3,731.0,0.98759252,858.0,False
b3c29,Batch 3,735.0,0.98562849,858.0,False
b3c29,Batch 3,739.0,0.98361057,858.0,False
b3c29,Batch 3,743.0,0.98154014,858.0,False
b3c29,Batch 3,747.0,0.97916585,858.0,False
b3c29,Batch 3,751.0,0.97691637,858.0,False
b3c29,Batch 3,755.0,0.97475153,858.0,False
b3c29,Batch 3,759.0,0.97223723,858.0,False
b3c29,Batch 3,763.0,0.96954858,858.0,False
b3c29,Batch 3,767.0,0.96697438,858.0,False
b3c29,Batch 3,771.0,0.96416914,858.0,False
b3c29,Batch 3,774.0,0.96200413,858.0,False
b3c29,Batch 3,778.0,0.95910382,858.0,False
b3c29,Batch 3,782.0,0.95591503,858.0,False
b3c29,Batch 3,786.0,0.95271051,858.0,False
b3c29,Batch 3,790.0,0.94949746,858.0,False
b3c29,Batch 3,794.0,0.94600672,858.0,False
b3c29,Batch 3,798.0,0.94250757,858.0,False
b3c29,Batch 3,802.0,0.93905002,858.0,False
b3c29,Batch 3,806.0,0.9352892,858.0,False
b3c29,Batch 3,810.0,0.93154502,858.0,False
b3c29,Batch 3,814.0,0.92760682,858.0,False
b3c29,Batch 3,817.0,0.92454755,858.0,False
b3c29,Batch 3,821.0,0.92040247,858.0,False
b3c29,Batch 3,825.0,0.9161709,858.0,False
b3c29,Batch 3,829.0,0.91166312,858.0,False
b3c29,Batch 3,833.0,0.90727484,858.0,False
b3c29,Batch 3,837.0,0.90263152,858.0,False
b3c29,Batch 3,841.0,0.89815474,858.0,False
b3c29,Batch 3,845.0,0.8934682,858.0,False
b3c29,Batch 3,849.0,0.88888246,858.0,False
b3c29,Batch 3,853.0,0.88435328,858.0,False
b3c29,Batch 3,857.0,0.88007307,858.0,False
b3c30,Batch 3,1.0,1.0674757,935.0,False
b3c30,Batch 3,5.0,1.0705589,935.0,False
b3c30,Batch 3,9.0,1.0716274,935.0,False
b3c30,Batch 3,13.0,1.0719258,935.0,False
b3c30,Batch 3,18.0,1.0720531,935.0,False
b3c30,Batch 3,22.0,1.0722162,935.0,False
b3c30,Batch 3,26.0,1.0721382,935.0,False
b3c30,Batch 3,30.0,1.072304,935.0,False
b3c30,Batch 3,35.0,1.0722939,935.0,False
b3c30,Batch 3,39.0,1.0720948,935.0,False
b3c30,Batch 3,43.0,1.0720366,935.0,False
b3c30,Batch 3,47.0,1.0721166,935.0,False
b3c30,Batch 3,52.0,1.0720019,935.0,False
b3c30,Batch 3,56.0,1.0718762,935.0,False
b3c30,Batch 3,60.0,1.0719142,935.0,False
b3c30,Batch 3,64.0,1.071889,935.0,False
b3c30,Batch 3,69.0,1.071658,935.0,False
b3c30,Batch 3,73.0,1.0715858,935.0,False
b3c30,Batch 3,77.0,1.0714531,935.0,False
b3c30,Batch 3,81.0,1.0714861,935.0,False
b3c30,Batch 3,86.0,1.0714371,935.0,False
b3c30,Batch 3,90.0,1.0712827,935.0,False
b3c30,Batch 3,94.0,1.0711316,935.0,False
b3c30,Batch 3,98.0,1.0709885,935.0,False
b3c30,Batch 3,103.0,1.0708835,935.0,False
b3c30,Batch 3,107.0,1.0707595,935.0,False
b3c30,Batch 3,111.0,1.0707352,935.0,False
b3c30,Batch 3,116.0,1.0707899,935.0,False
b3c30,Batch 3,120.0,1.0707029,935.0,False
b3c30,Batch 3,124.0,1.0705822,935.0,False
b3c30,Batch 3,128.0,1.0703325,935.0,False
b3c30,Batch 3,133.0,1.0700657,935.0,False
b3c30,Batch 3,137.0,1.0698912,935.0,False
b3c30,Batch 3,141.0,1.0698856,935.0,False
b3c30,Batch 3,145.0,1.0696452,935.0,False
b3c30,Batch 3,150.0,1.0694482,935.0,False
b3c30,Batch 3,154.0,1.0692061,935.0,False
b3c30,Batch 3,158.0,1.0691096,935.0,False
b3c30,Batch 3,162.0,1.0689336,935.0,False
b3c30,Batch 3,167.0,1.0686803,935.0,False
b3c30,Batch 3,171.0,1.0687329,935.0,False
b3c30,Batch 3,175.0,1.0685365,935.0,False
b3c30,Batch 3,179.0,1.0684763,935.0,False
b3c30,Batch 3,184.0,1.0682502,935.0,False
b3c30,Batch 3,188.0,1.0680373,935.0,False
b3c30,Batch 3,192.0,1.0678504,935.0,False
b3c30,Batch 3,196.0,1.0675646,935.0,False
b3c30,Batch 3,201.0,1.0673461,935.0,False
b3c30,Batch 3,205.0,1.0673461,935.0,False
b3c30,Batch 3,209.0,1.0672632,935.0,False
b3c30,Batch 3,214.0,1.0670778,935.0,False
b3c30,Batch 3,218.0,1.0669998,935.0,False
b3c30,Batch 3,222.0,1.0669014,935.0,False
b3c30,Batch 3,226.0,1.0667446,935.0,False
b3c30,Batch 3,231.0,1.0664909,935.0,False
b3c30,Batch 3,235.0,1.066473,935.0,False
b3c30,Batch 3,239.0,1.0662796,935.0,False
b3c30,Batch 3,243.0,1.0660089,935.0,False
b3c30,Batch 3,248.0,1.0656207,935.0,False
b3c30,Batch 3,252.0,1.0656697,935.0,False
b3c30,Batch 3,256.0,1.0653418,935.0,False
b3c30,Batch 3,260.0,1.0650891,935.0,False
b3c30,Batch 3,265.0,1.0650244,935.0,False
b3c30,Batch 3,269.0,1.0647991,935.0,False
b3c30,Batch 3,273.0,1.0646993,935.0,False
b3c30,Batch 3,277.0,1.0644873,935.0,False
b3c30,Batch 3,282.0,1.0643054,935.0,False
b3c30,Batch 3,286.0,1.0641222,935.0,False
b3c30,Batch 3,290.0,1.0637833,935.0,False
b3c30,Batch 3,294.0,1.0635983,935.0,False
b3c30,Batch 3,299.0,1.0635798,935.0,False
b3c30,Batch 3,303.0,1.0633464,935.0,False
b3c30,Batch 3,307.0,1.0631437,935.0,False
b3c30,Batch 3,312.0,1.0627564,935.0,False
b3c30,Batch 3,316.0,1.0627149,935.0,False
b3c30,Batch 3,320.0,1.0625293,935.0,False
b3c30,Batch 3,324.0,1.0622963,935.0,False
b3c30,Batch 3,329.0,1.0620466,935.0,False
b3c30,Batch 3,333.0,1.0619289,935.0,False
b3c30,Batch 3,337.0,1.0618082,935.0,False
b3c30,Batch 3,341.0,1.0616918,935.0,False
b3c30,Batch 3,346.0,1.0615094,935.0,False
b3c30,Batch 3,350.0,1.0613228,935.0,False
b3c30,Batch 3,354.0,1.061118,935.0,False
b3c30,Batch 3,358.0,1.0610416,935.0,False
b3c30,Batch 3,363.0,1.0607255,935.0,False
b3c30,Batch 3,367.0,1.0606735,935.0,False
b3c30,Batch 3,371.0,1.0607115,935.0,False
b3c30,Batch 3,375.0,1.0605968,935.0,False
b3c30,Batch 3,380.0,1.0604268,935.0,False
b3c30,Batch 3,384.0,1.0603105,935.0,False
b3c30,Batch 3,388.0,1.0600264,935.0,False
b3c30,Batch 3,392.0,1.0596611,935.0,False
b3c30,Batch 3,397.0,1.059637,935.0,False
b3c30,Batch 3,401.0,1.0593728,935.0,False
b3c30,Batch 3,405.0,1.0592165,935.0,False
b3c30,Batch 3,409.0,1.059008,935.0,False
b3c30,Batch 3,414.0,1.0587754,935.0,False
b3c30,Batch 3,418.0,1.0585612,935.0,False
b3c30,Batch 3,422.0,1.0584072,935.0,False
b3c30,Batch 3,427.0,1.0582016,935.0,False
b3c30,Batch 3,431.0,1.0579025,935.0,False
b3c30,Batch 3,435.0,1.0577722,935.0,False
b3c30,Batch 3,439.0,1.0575255,935.0,False
b3c30,Batch 3,444.0,1.0572312,935.0,False
b3c30,Batch 3,448.0,1.0568886,935.0,False
b3c30,Batch 3,452.0,1.0565059,935.0,False
b3c30,Batch 3,456.0,1.0564461,935.0,False
b3c30,Batch 3,461.0,1.0562997,935.0,False
b3c30,Batch 3,465.0,1.0561706,935.0,False
b3c30,Batch 3,469.0,1.0560014,935.0,False
b3c30,Batch 3,473.0,1.0557841,935.0,False
b3c30,Batch 3,478.0,1.0554864,935.0,False
b3c30,Batch 3,482.0,1.0552318,935.0,False
b3c30,Batch 3,486.0,1.0549107,935.0,False
b3c30,Batch 3,490.0,1.0547069,935.0,False
b3c30,Batch 3,495.0,1.054376,935.0,False
b3c30,Batch 3,499.0,1.0541018,935.0,False
b3c30,Batch 3,503.0,1.0537676,935.0,False
b3c30,Batch 3,507.0,1.0535625,935.0,False
b3c30,Batch 3,512.0,1.0530347,935.0,False
b3c30,Batch 3,516.0,1.0525547,935.0,False
b3c30,Batch 3,520.0,1.0521821,935.0,False
b3c30,Batch 3,525.0,1.0521762,935.0,False
b3c30,Batch 3,529.0,1.051897,935.0,False
b3c30,Batch 3,533.0,1.0516045,935.0,False
b3c30,Batch 3,537.0,1.0512789,935.0,False
b3c30,Batch 3,542.0,1.050702,935.0,False
b3c30,Batch 3,546.0,1.050373,935.0,False
b3c30,Batch 3,550.0,1.049993,935.0,False
b3c30,Batch 3,554.0,1.0497842,935.0,False
b3c30,Batch 3,559.0,1.049463,935.0,False
b3c30,Batch 3,563.0,1.0495031,935.0,False
b3c30,Batch 3,567.0,1.0492377,935.0,False
b3c30,Batch 3,571.0,1.0488412,935.0,False
b3c30,Batch 3,576.0,1.0484968,935.0,False
b3c30,Batch 3,580.0,1.0481085,935.0,False
b3c30,Batch 3,584.0,1.0477303,935.0,False
b3c30,Batch 3,588.0,1.0474257,935.0,False
b3c30,Batch 3,593.0,1.0469517,935.0,False
b3c30,Batch 3,597.0,1.0466241,935.0,False
b3c30,Batch 3,601.0,1.046163,935.0,False
b3c30,Batch 3,605.0,1.0457972,935.0,False
b3c30,Batch 3,610.0,1.0453668,935.0,False
b3c30,Batch 3,614.0,1.0449492,935.0,False
b3c30,Batch 3,618.0,1.0444716,935.0,False
b3c30,Batch 3,623.0,1.0438633,935.0,False
b3c30,Batch 3,627.0,1.0435361,935.0,False
b3c30,Batch 3,631.0,1.0430148,935.0,False
b3c30,Batch 3,635.0,1.0425249,935.0,False
b3c30,Batch 3,640.0,1.0418568,935.0,False
b3c30,Batch 3,644.0,1.0413496,935.0,False
b3c30,Batch 3,648.0,1.0407906,935.0,False
b3c30,Batch 3,652.0,1.0403515,935.0,False
b3c30,Batch 3,657.0,1.0395987,935.0,False
b3c30,Batch 3,661.0,1.03896,935.0,False
b3c30,Batch 3,665.0,1.0383822,935.0,False
b3c30,Batch 3,669.0,1.0377022,935.0,False
b3c30,Batch 3,674.0,1.0368544,935.0,False
b3c30,Batch 3,678.0,1.0361784,935.0,False
b3c30,Batch 3,682.0,1.0355488,935.0,False
b3c30,Batch 3,686.0,1.0348085,935.0,False
b3c30,Batch 3,691.0,1.0338825,935.0,False
b3c30,Batch 3,695.0,1.0332396,935.0,False
b3c30,Batch 3,699.0,1.0324814,935.0,False
b3c30,Batch 3,703.0,1.0317179,935.0,False
b3c30,Batch 3,708.0,1.0307014,935.0,False
b3c30,Batch 3,712.0,1.0299009,935.0,False
b3c30,Batch 3,716.0,1.0289915,935.0,False
b3c30,Batch 3,720.0,1.0282509,935.0,False
b3c30,Batch 3,725.0,1.0271147,935.0,False
b3c30,Batch 3,729.0,1.026324,935.0,False
b3c30,Batch 3,733.0,1.0252464,935.0,False
b3c30,Batch 3,738.0,1.0241154,935.0,False
b3c30,Batch 3,742.0,1.0231895,935.0,False
b3c30,Batch 3,746.0,1.0220103,935.0,False
b3c30,Batch 3,750.0,1.0209737,935.0,False
b3c30,Batch 3,755.0,1.0194998,935.0,False
b3c30,Batch 3,759.0,1.0184048,935.0,False
b3c30,Batch 3,763.0,1.0171028,935.0,False
b3c30,Batch 3,767.0,1.0158019,935.0,False
b3c30,Batch 3,772.0,1.0140702,935.0,False
b3c30,Batch 3,776.0,1.0126624,935.0,False
b3c30,Batch 3,780.0,1.0111617,935.0,False
b3c30,Batch 3,784.0,1.0096458,935.0,False
b3c30,Batch 3,789.0,1.0078659,935.0,False
b3c30,Batch 3,793.0,1.0062432,935.0,False
b3c30,Batch 3,797.0,1.0048398,935.0,False
b3c30,Batch 3,801.0,1.0030295,935.0,False
b3c30,Batch 3,806.0,1.0008777,935.0,False
b3c30,Batch 3,810.0,0.99893832,935.0,False
b3c30,Batch 3,814.0,0.99689221,935.0,False
b3c30,Batch 3,818.0,0.99494034,935.0,False
b3c30,Batch 3,823.0,0.99225074,935.0,False
b3c30,Batch 3,827.0,0.98996061,935.0,False
b3c30,Batch 3,831.0,0.98754877,935.0,False
b3c30,Batch 3,836.0,0.98441184,935.0,False
b3c30,Batch 3,840.0,0.98185104,935.0,False
b3c30,Batch 3,844.0,0.97906208,935.0,False
b3c30,Batch 3,848.0,0.97613204,935.0,False
b3c30,Batch 3,853.0,0.97226155,935.0,False
b3c30,Batch 3,857.0,0.96901894,935.0,False
b3c30,Batch 3,861.0,0.96562368,935.0,False
b3c30,Batch 3,865.0,0.96210796,935.0,False
b3c30,Batch 3,870.0,0.95749396,935.0,False
b3c30,Batch 3,874.0,0.9536196,935.0,False
b3c30,Batch 3,878.0,0.94970828,935.0,False
b3c30,Batch 3,882.0,0.94568378,935.0,False
b3c30,Batch 3,887.0,0.94037938,935.0,False
b3c30,Batch 3,891.0,0.93580908,935.0,False
b3c30,Batch 3,895.0,0.93125355,935.0,False
b3c30,Batch 3,899.0,0.92641562,935.0,False
b3c30,Batch 3,904.0,0.92030436,935.0,False
b3c30,Batch 3,908.0,0.91532326,935.0,False
b3c30,Batch 3,912.0,0.91017163,935.0,False
b3c30,Batch 3,916.0,0.9048745,935.0,False
b3c30,Batch 3,921.0,0.89810169,935.0,False
b3c30,Batch 3,925.0,0.89255488,935.0,False
b3c30,Batch 3,929.0,0.88696259,935.0,False
b3c30,Batch 3,934.0,0.88024825,935.0,False
b3c31,Batch 3,1.0,1.0674968,731.0,False
b3c31,Batch 3,4.0,1.06952,731.0,False
b3c31,Batch 3,7.0,1.0704013,731.0,False
b3c31,Batch 3,10.0,1.0708563,731.0,False
b3c31,Batch 3,14.0,1.071075,731.0,False
b3c31,Batch 3,17.0,1.0712943,731.0,False
b3c31,Batch 3,20.0,1.0714433,731.0,False
b3c31,Batch 3,24.0,1.0714399,731.0,False
b3c31,Batch 3,27.0,1.0713887,731.0,False
b3c31,Batch 3,30.0,1.0714082,731.0,False
b3c31,Batch 3,34.0,1.0716047,731.0,False
b3c31,Batch 3,37.0,1.0715357,731.0,False
b3c31,Batch 3,40.0,1.0714527,731.0,False
b3c31,Batch 3,44.0,1.071262,731.0,False
b3c31,Batch 3,47.0,1.071236,731.0,False
b3c31,Batch 3,50.0,1.0710871,731.0,False
b3c31,Batch 3,54.0,1.0711455,731.0,False
b3c31,Batch 3,57.0,1.0710891,731.0,False
b3c31,Batch 3,60.0,1.0711062,731.0,False
b3c31,Batch 3,64.0,1.0708033,731.0,False
b3c31,Batch 3,67.0,1.0707047,731.0,False
b3c31,Batch 3,70.0,1.070637,731.0,False
b3c31,Batch 3,74.0,1.0705585,731.0,False
b3c31,Batch 3,77.0,1.0703448,731.0,False
b3c31,Batch 3,80.0,1.0705025,731.0,False
b3c31,Batch 3,84.0,1.070214,731.0,False
b3c31,Batch 3,87.0,1.0704325,731.0,False
b3c31,Batch 3,90.0,1.0701315,731.0,False
b3c31,Batch 3,94.0,1.0699829,731.0,False
b3c31,Batch 3,97.0,1.0697987,731.0,False
b3c31,Batch 3,100.0,1.0698149,731.0,False
b3c31,Batch 3,104.0,1.0696774,731.0,False
b3c31,Batch 3,107.0,1.0696824,731.0,False
b3c31,Batch 3,110.0,1.0684263,731.0,False
b3c31,Batch 3,114.0,1.0694228,731.0,False
b3c31,Batch 3,117.0,1.069405,731.0,False
b3c31,Batch 3,120.0,1.069327,731.0,False
b3c31,Batch 3,124.0,1.0691807,731.0,False
b3c31,Batch 3,127.0,1.0689877,731.0,False
b3c31,Batch 3,130.0,1.0687774,731.0,False
b3c31,Batch 3,134.0,1.0686278,731.0,False
b3c31,Batch 3,137.0,1.0684556,731.0,False
b3c31,Batch 3,140.0,1.0684844,731.0,False
b3c31,Batch 3,144.0,1.0684819,731.0,False
b3c31,Batch 3,147.0,1.0684646,731.0,False
b3c31,Batch 3,150.0,1.0681663,731.0,False
b3c31,Batch 3,154.0,1.0679587,731.0,False
b3c31,Batch 3,157.0,1.0677856,731.0,False
b3c31,Batch 3,160.0,1.0676001,731.0,False
b3c31,Batch 3,164.0,1.0674009,731.0,False
b3c31,Batch 3,167.0,1.0674341,731.0,False
b3c31,Batch 3,170.0,1.0673367,731.0,False
b3c31,Batch 3,174.0,1.0673069,731.0,False
b3c31,Batch 3,177.0,1.067171,731.0,False
b3c31,Batch 3,180.0,1.067104,731.0,False
b3c31,Batch 3,184.0,1.0668933,731.0,False
b3c31,Batch 3,187.0,1.0666062,731.0,False
b3c31,Batch 3,190.0,1.0664593,731.0,False
b3c31,Batch 3,194.0,1.0661449,731.0,False
b3c31,Batch 3,197.0,1.0659823,731.0,False
b3c31,Batch 3,200.0,1.0658914,731.0,False
b3c31,Batch 3,204.0,1.0658709,731.0,False
b3c31,Batch 3,207.0,1.0655292,731.0,False
b3c31,Batch 3,210.0,1.0656555,731.0,False
b3c31,Batch 3,214.0,1.0656457,731.0,False
b3c31,Batch 3,217.0,1.0654649,731.0,False
b3c31,Batch 3,220.0,1.0654048,731.0,False
b3c31,Batch 3,224.0,1.0652648,731.0,False
b3c31,Batch 3,227.0,1.0650134,731.0,False
b3c31,Batch 3,230.0,1.0649699,731.0,False
b3c31,Batch 3,234.0,1.0647378,731.0,False
b3c31,Batch 3,237.0,1.064532,731.0,False
b3c31,Batch 3,240.0,1.0643135,731.0,False
b3c31,Batch 3,244.0,1.0641445,731.0,False
b3c31,Batch 3,247.0,1.0629631,731.0,False
b3c31,Batch 3,250.0,1.0639085,731.0,False
b3c31,Batch 3,253.0,1.0638343,731.0,False
b3c31,Batch 3,257.0,1.0636177,731.0,False
b3c31,Batch 3,260.0,1.063557,731.0,False
b3c31,Batch 3,263.0,1.0633405,731.0,False
b3c31,Batch 3,267.0,1.0630401,731.0,False
b3c31,Batch 3,270.0,1.0625418,731.0,False
b3c31,Batch 3,273.0,1.0624809,731.0,False
b3c31,Batch 3,277.0,1.0623783,731.0,False
b3c31,Batch 3,280.0,1.0621996,731.0,False
b3c31,Batch 3,283.0,1.0620036,731.0,False
b3c31,Batch 3,287.0,1.0617121,731.0,False
b3c31,Batch 3,290.0,1.0614619,731.0,False
b3c31,Batch 3,293.0,1.0613215,731.0,False
b3c31,Batch 3,297.0,1.0611645,731.0,False
b3c31,Batch 3,300.0,1.0609488,731.0,False
b3c31,Batch 3,303.0,1.0608282,731.0,False
b3c31,Batch 3,307.0,1.0606107,731.0,False
b3c31,Batch 3,310.0,1.0604349,731.0,False
b3c31,Batch 3,313.0,1.0602762,731.0,False
b3c31,Batch 3,317.0,1.0599542,731.0,False
b3c31,Batch 3,320.0,1.0595744,731.0,False
b3c31,Batch 3,323.0,1.0593518,731.0,False
b3c31,Batch 3,327.0,1.0590582,731.0,False
b3c31,Batch 3,330.0,1.0589206,731.0,False
b3c31,Batch 3,333.0,1.0588964,731.0,False
b3c31,Batch 3,337.0,1.0585251,731.0,False
b3c31,Batch 3,340.0,1.0582432,731.0,False
b3c31,Batch 3,343.0,1.0580677,731.0,False
b3c31,Batch 3,347.0,1.0577606,731.0,False
b3c31,Batch 3,350.0,1.0575112,731.0,False
b3c31,Batch 3,353.0,1.0572443,731.0,False
b3c31,Batch 3,357.0,1.0569922,731.0,False
b3c31,Batch 3,360.0,1.0568379,731.0,False
b3c31,Batch 3,363.0,1.0566118,731.0,False
b3c31,Batch 3,367.0,1.0562853,731.0,False
b3c31,Batch 3,370.0,1.0560725,731.0,False
b3c31,Batch 3,373.0,1.0557706,731.0,False
b3c31,Batch 3,377.0,1.0554093,731.0,False
b3c31,Batch 3,380.0,1.0545661,731.0,False
b3c31,Batch 3,383.0,1.0549327,731.0,False
b3c31,Batch 3,387.0,1.0546019,731.0,False
b3c31,Batch 3,390.0,1.0544235,731.0,False
b3c31,Batch 3,393.0,1.0542324,731.0,False
b3c31,Batch 3,397.0,1.0537446,731.0,False
b3c31,Batch 3,400.0,1.0536429,731.0,False
b3c31,Batch 3,403.0,1.0533123,731.0,False
b3c31,Batch 3,407.0,1.0529065,731.0,False
b3c31,Batch 3,410.0,1.0527574,731.0,False
b3c31,Batch 3,413.0,1.0524925,731.0,False
b3c31,Batch 3,417.0,1.0521312,731.0,False
b3c31,Batch 3,420.0,1.0517794,731.0,False
b3c31,Batch 3,423.0,1.0516648,731.0,False
b3c31,Batch 3,427.0,1.0511792,731.0,False
b3c31,Batch 3,430.0,1.0508285,731.0,False
b3c31,Batch 3,433.0,1.0504826,731.0,False
b3c31,Batch 3,437.0,1.0500953,731.0,False
b3c31,Batch 3,440.0,1.0496055,731.0,False
b3c31,Batch 3,443.0,1.0492109,731.0,False
b3c31,Batch 3,447.0,1.048821,731.0,False
b3c31,Batch 3,450.0,1.0486895,731.0,False
b3c31,Batch 3,453.0,1.0483698,731.0,False
b3c31,Batch 3,457.0,1.0480266,731.0,False
b3c31,Batch 3,460.0,1.0475655,731.0,False
b3c31,Batch 3,463.0,1.0472497,731.0,False
b3c31,Batch 3,467.0,1.0468514,731.0,False
b3c31,Batch 3,470.0,1.0464355,731.0,False
b3c31,Batch 3,473.0,1.0460006,731.0,False
b3c31,Batch 3,477.0,1.0454677,731.0,False
b3c31,Batch 3,480.0,1.0448506,731.0,False
b3c31,Batch 3,483.0,1.0445553,731.0,False
b3c31,Batch 3,487.0,1.0439212,731.0,False
b3c31,Batch 3,490.0,1.043391,731.0,False
b3c31,Batch 3,493.0,1.0429554,731.0,False
b3c31,Batch 3,496.0,1.0425451,731.0,False
b3c31,Batch 3,500.0,1.0418936,731.0,False
b3c31,Batch 3,503.0,1.0401995,731.0,False
b3c31,Batch 3,506.0,1.0409373,731.0,False
b3c31,Batch 3,510.0,1.0400251,731.0,False
b3c31,Batch 3,513.0,1.0395117,731.0,False
b3c31,Batch 3,516.0,1.0390712,731.0,False
b3c31,Batch 3,520.0,1.0382456,731.0,False
b3c31,Batch 3,523.0,1.0377425,731.0,False
b3c31,Batch 3,526.0,1.0371666,731.0,False
b3c31,Batch 3,530.0,1.0362837,731.0,False
b3c31,Batch 3,533.0,1.0357985,731.0,False
b3c31,Batch 3,536.0,1.0350603,731.0,False
b3c31,Batch 3,540.0,1.0341598,731.0,False
b3c31,Batch 3,543.0,1.0332677,731.0,False
b3c31,Batch 3,546.0,1.0326327,731.0,False
b3c31,Batch 3,550.0,1.0316926,731.0,False
b3c31,Batch 3,553.0,1.0309752,731.0,False
b3c31,Batch 3,556.0,1.0303547,731.0,False
b3c31,Batch 3,560.0,1.0293878,731.0,False
b3c31,Batch 3,563.0,1.02868,731.0,False
b3c31,Batch 3,566.0,1.0266541,731.0,False
b3c31,Batch 3,570.0,1.0266358,731.0,False
b3c31,Batch 3,573.0,1.0258373,731.0,False
b3c31,Batch 3,576.0,1.0247411,731.0,False
b3c31,Batch 3,580.0,1.0235105,731.0,False
b3c31,Batch 3,583.0,1.0225457,731.0,False
b3c31,Batch 3,586.0,1.0216453,731.0,False
b3c31,Batch 3,590.0,1.0201349,731.0,False
b3c31,Batch 3,593.0,1.0192071,731.0,False
b3c31,Batch 3,596.0,1.0181044,731.0,False
b3c31,Batch 3,600.0,1.0166537,731.0,False
b3c31,Batch 3,603.0,1.0155796,731.0,False
b3c31,Batch 3,606.0,1.0143919,731.0,False
b3c31,Batch 3,610.0,1.012596,731.0,False
b3c31,Batch 3,613.0,1.0112658,731.0,False
b3c31,Batch 3,616.0,1.0099946,731.0,False
b3c31,Batch 3,620.0,1.0077975,731.0,False
b3c31,Batch 3,623.0,1.0063101,731.0,False
b3c31,Batch 3,626.0,1.0043956,731.0,False
b3c31,Batch 3,630.0,1.0020493,731.0,False
b3c31,Batch 3,633.0,0.99979514,731.0,False
b3c31,Batch 3,636.0,0.99780393,731.0,False
b3c31,Batch 3,640.0,0.99473876,731.0,False
b3c31,Batch 3,643.0,0.99230826,731.0,False
b3c31,Batch 3,646.0,0.98981392,731.0,False
b3c31,Batch 3,650.0,0.98617446,731.0,False
b3c31,Batch 3,653.0,0.98338556,731.0,False
b3c31,Batch 3,656.0,0.98044384,731.0,False
b3c31,Batch 3,660.0,0.97618222,731.0,False
b3c31,Batch 3,663.0,0.97311819,731.0,False
b3c31,Batch 3,666.0,0.96985579,731.0,False
b3c31,Batch 3,670.0,0.96535712,731.0,False
b3c31,Batch 3,673.0,0.96171516,731.0,False
b3c31,Batch 3,676.0,0.95822442,731.0,False
b3c31,Batch 3,680.0,0.95326221,731.0,False
b3c31,Batch 3,683.0,0.94988108,731.0,False
b3c31,Batch 3,686.0,0.94616586,731.0,False
b3c31,Batch 3,690.0,0.94087595,731.0,False
b3c31,Batch 3,693.0,0.93697542,731.0,False
b3c31,Batch 3,696.0,0.93272334,731.0,False
b3c31,Batch 3,700.0,0.92711031,731.0,False
b3c31,Batch 3,703.0,0.92285001,731.0,False
b3c31,Batch 3,706.0,0.91847181,731.0,False
b3c31,Batch 3,710.0,0.91226888,731.0,False
b3c31,Batch 3,713.0,0.90770304,731.0,False
b3c31,Batch 3,716.0,0.90288699,731.0,False
b3c31,Batch 3,720.0,0.89629471,731.0,False
b3c31,Batch 3,723.0,0.89148366,731.0,False
b3c31,Batch 3,726.0,0.88653642,731.0,False
b3c31,Batch 3,730.0,0.88031369,731.0,False
b3c33,Batch 3,1.0,1.0594152,1284.0,False
b3c33,Batch 3,6.0,1.0620158,1284.0,False
b3c33,Batch 3,12.0,1.0625443,1284.0,False
b3c33,Batch 3,18.0,1.0627776,1284.0,False
b3c33,Batch 3,24.0,1.0627601,1284.0,False
b3c33,Batch 3,30.0,1.0627337,1284.0,False
b3c33,Batch 3,36.0,1.0628685,1284.0,False
b3c33,Batch 3,41.0,1.0626481,1284.0,False
b3c33,Batch 3,47.0,1.0624756,1284.0,False
b3c33,Batch 3,53.0,1.0625373,1284.0,False
b3c33,Batch 3,59.0,1.0624517,1284.0,False
b3c33,Batch 3,65.0,1.0621941,1284.0,False
b3c33,Batch 3,71.0,1.0619612,1284.0,False
b3c33,Batch 3,77.0,1.0616753,1284.0,False
b3c33,Batch 3,82.0,1.0615338,1284.0,False
b3c33,Batch 3,88.0,1.0614817,1284.0,False
b3c33,Batch 3,94.0,1.0613345,1284.0,False
b3c33,Batch 3,100.0,1.0609198,1284.0,False
b3c33,Batch 3,106.0,1.0605915,1284.0,False
b3c33,Batch 3,112.0,1.0605074,1284.0,False
b3c33,Batch 3,118.0,1.0603268,1284.0,False
b3c33,Batch 3,123.0,1.0603124,1284.0,False
b3c33,Batch 3,129.0,1.0601382,1284.0,False
b3c33,Batch 3,135.0,1.0599513,1284.0,False
b3c33,Batch 3,141.0,1.0595437,1284.0,False
b3c33,Batch 3,147.0,1.0592726,1284.0,False
b3c33,Batch 3,153.0,1.0592279,1284.0,False
b3c33,Batch 3,159.0,1.0590326,1284.0,False
b3c33,Batch 3,164.0,1.0587199,1284.0,False
b3c33,Batch 3,170.0,1.0583743,1284.0,False
b3c33,Batch 3,176.0,1.0580378,1284.0,False
b3c33,Batch 3,182.0,1.0580137,1284.0,False
b3c33,Batch 3,188.0,1.057899,1284.0,False
b3c33,Batch 3,194.0,1.0577602,1284.0,False
b3c33,Batch 3,200.0,1.0574056,1284.0,False
b3c33,Batch 3,205.0,1.0571355,1284.0,False
b3c33,Batch 3,211.0,1.0567695,1284.0,False
b3c33,Batch 3,217.0,1.0567178,1284.0,False
b3c33,Batch 3,223.0,1.0565675,1284.0,False
b3c33,Batch 3,229.0,1.0563251,1284.0,False
b3c33,Batch 3,235.0,1.0561818,1284.0,False
b3c33,Batch 3,241.0,1.0559106,1284.0,False
b3c33,Batch 3,246.0,1.0556289,1284.0,False
b3c33,Batch 3,252.0,1.0554886,1284.0,False
b3c33,Batch 3,258.0,1.0552225,1284.0,False
b3c33,Batch 3,264.0,1.0549186,1284.0,False
b3c33,Batch 3,270.0,1.0547208,1284.0,False
b3c33,Batch 3,276.0,1.0544245,1284.0,False
b3c33,Batch 3,281.0,1.0541409,1284.0,False
b3c33,Batch 3,287.0,1.0540278,1284.0,False
b3c33,Batch 3,293.0,1.0537807,1284.0,False
b3c33,Batch 3,299.0,1.0534339,1284.0,False
b3c33,Batch 3,305.0,1.0532349,1284.0,False
b3c33,Batch 3,311.0,1.052936,1284.0,False
b3c33,Batch 3,317.0,1.0526217,1284.0,False
b3c33,Batch 3,322.0,1.0524151,1284.0,False
b3c33,Batch 3,328.0,1.0520337,1284.0,False
b3c33,Batch 3,334.0,1.051854,1284.0,False
b3c33,Batch 3,340.0,1.051592,1284.0,False
b3c33,Batch 3,346.0,1.0512969,1284.0,False
b3c33,Batch 3,352.0,1.0510455,1284.0,False
b3c33,Batch 3,358.0,1.0507774,1284.0,False
b3c33,Batch 3,363.0,1.0505933,1284.0,False
b3c33,Batch 3,369.0,1.050175,1284.0,False
b3c33,Batch 3,375.0,1.0499074,1284.0,False
b3c33,Batch 3,381.0,1.0496278,1284.0,False
b3c33,Batch 3,387.0,1.0493569,1284.0,False
b3c33,Batch 3,393.0,1.0491049,1284.0,False
b3c33,Batch 3,399.0,1.0490084,1284.0,False
b3c33,Batch 3,404.0,1.048772,1284.0,False
b3c33,Batch 3,410.0,1.0485454,1284.0,False
b3c33,Batch 3,416.0,1.048277,1284.0,False
b3c33,Batch 3,422.0,1.0479547,1284.0,False
b3c33,Batch 3,428.0,1.0476992,1284.0,False
b3c33,Batch 3,434.0,1.0474521,1284.0,False
b3c33,Batch 3,440.0,1.04708,1284.0,False
b3c33,Batch 3,445.0,1.046814,1284.0,False
b3c33,Batch 3,451.0,1.0465585,1284.0,False
b3c33,Batch 3,457.0,1.0463017,1284.0,False
b3c33,Batch 3,463.0,1.046054,1284.0,False
b3c33,Batch 3,469.0,1.0457133,1284.0,False
b3c33,Batch 3,475.0,1.0454659,1284.0,False
b3c33,Batch 3,481.0,1.0451061,1284.0,False
b3c33,Batch 3,486.0,1.0447698,1284.0,False
b3c33,Batch 3,492.0,1.0444413,1284.0,False
b3c33,Batch 3,498.0,1.0443681,1284.0,False
b3c33,Batch 3,504.0,1.0440924,1284.0,False
b3c33,Batch 3,510.0,1.0437616,1284.0,False
b3c33,Batch 3,516.0,1.0434726,1284.0,False
b3c33,Batch 3,521.0,1.0431993,1284.0,False
b3c33,Batch 3,527.0,1.0428094,1284.0,False
b3c33,Batch 3,533.0,1.0425235,1284.0,False
b3c33,Batch 3,539.0,1.0421648,1284.0,False
b3c33,Batch 3,545.0,1.0418226,1284.0,False
b3c33,Batch 3,551.0,1.0415758,1284.0,False
b3c33,Batch 3,557.0,1.041049,1284.0,False
b3c33,Batch 3,562.0,1.040746,1284.0,False
b3c33,Batch 3,568.0,1.0406623,1284.0,False
b3c33,Batch 3,574.0,1.0403904,1284.0,False
b3c33,Batch 3,580.0,1.0400223,1284.0,False
b3c33,Batch 3,586.0,1.0397652,1284.0,False
b3c33,Batch 3,592.0,1.0394297,1284.0,False
b3c33,Batch 3,598.0,1.0390464,1284.0,False
b3c33,Batch 3,603.0,1.0387876,1284.0,False
b3c33,Batch 3,609.0,1.0385994,1284.0,False
b3c33,Batch 3,615.0,1.0383506,1284.0,False
b3c33,Batch 3,621.0,1.0381275,1284.0,False
b3c33,Batch 3,627.0,1.0378374,1284.0,False
b3c33,Batch 3,633.0,1.0374844,1284.0,False
b3c33,Batch 3,639.0,1.0371952,1284.0,False
b3c33,Batch 3,644.0,1.0370598,1284.0,False
b3c33,Batch 3,650.0,1.036708,1284.0,False
b3c33,Batch 3,656.0,1.0363582,1284.0,False
b3c33,Batch 3,662.0,1.0359591,1284.0,False
b3c33,Batch 3,668.0,1.0356779,1284.0,False
b3c33,Batch 3,674.0,1.0354503,1284.0,False
b3c33,Batch 3,680.0,1.0351087,1284.0,False
b3c33,Batch 3,685.0,1.0348361,1284.0,False
b3c33,Batch 3,691.0,1.0343889,1284.0,False
b3c33,Batch 3,697.0,1.034061,1284.0,False
b3c33,Batch 3,703.0,1.0337573,1284.0,False
b3c33,Batch 3,709.0,1.0335201,1284.0,False
b3c33,Batch 3,715.0,1.0331018,1284.0,False
b3c33,Batch 3,721.0,1.0327004,1284.0,False
b3c33,Batch 3,726.0,1.0324721,1284.0,False
b3c33,Batch 3,732.0,1.0320338,1284.0,False
b3c33,Batch 3,738.0,1.0316466,1284.0,False
b3c33,Batch 3,744.0,1.0313414,1284.0,False
b3c33,Batch 3,750.0,1.0310166,1284.0,False
b3c33,Batch 3,756.0,1.0306869,1284.0,False
b3c33,Batch 3,762.0,1.0303537,1284.0,False
b3c33,Batch 3,767.0,1.030001,1284.0,False
b3c33,Batch 3,773.0,1.0296922,1284.0,False
b3c33,Batch 3,779.0,1.0293535,1284.0,False
b3c33,Batch 3,785.0,1.0290198,1284.0,False
b3c33,Batch 3,791.0,1.028672,1284.0,False
b3c33,Batch 3,797.0,1.0284358,1284.0,False
b3c33,Batch 3,802.0,1.0281209,1284.0,False
b3c33,Batch 3,808.0,1.0277865,1284.0,False
b3c33,Batch 3,814.0,1.0273899,1284.0,False
b3c33,Batch 3,820.0,1.0270485,1284.0,False
b3c33,Batch 3,826.0,1.0267469,1284.0,False
b3c33,Batch 3,832.0,1.0263157,1284.0,False
b3c33,Batch 3,838.0,1.0259078,1284.0,False
b3c33,Batch 3,843.0,1.0255401,1284.0,False
b3c33,Batch 3,849.0,1.0251387,1284.0,False
b3c33,Batch 3,855.0,1.0247664,1284.0,False
b3c33,Batch 3,861.0,1.0243059,1284.0,False
b3c33,Batch 3,867.0,1.0239788,1284.0,False
b3c33,Batch 3,873.0,1.0236191,1284.0,False
b3c33,Batch 3,879.0,1.0231818,1284.0,False
b3c33,Batch 3,884.0,1.0228037,1284.0,False
b3c33,Batch 3,890.0,1.0223328,1284.0,False
b3c33,Batch 3,896.0,1.0219299,1284.0,False
b3c33,Batch 3,902.0,1.0214127,1284.0,False
b3c33,Batch 3,908.0,1.0210183,1284.0,False
b3c33,Batch 3,914.0,1.0206277,1284.0,False
b3c33,Batch 3,920.0,1.0202739,1284.0,False
b3c33,Batch 3,925.0,1.0198609,1284.0,False
b3c33,Batch 3,931.0,1.0193415,1284.0,False
b3c33,Batch 3,937.0,1.0188556,1284.0,False
b3c33,Batch 3,943.0,1.0184505,1284.0,False
b3c33,Batch 3,949.0,1.0179302,1284.0,False
b3c33,Batch 3,955.0,1.0173732,1284.0,False
b3c33,Batch 3,961.0,1.0168775,1284.0,False
b3c33,Batch 3,966.0,1.0163621,1284.0,False
b3c33,Batch 3,972.0,1.0159018,1284.0,False
b3c33,Batch 3,978.0,1.0153763,1284.0,False
b3c33,Batch 3,984.0,1.0147594,1284.0,False
b3c33,Batch 3,990.0,1.014258,1284.0,False
b3c33,Batch 3,996.0,1.0135542,1284.0,False
b3c33,Batch 3,1002.0,1.0129055,1284.0,False
b3c33,Batch 3,1007.0,1.0123402,1284.0,False
b3c33,Batch 3,1013.0,1.0115777,1284.0,False
b3c33,Batch 3,1019.0,1.0108283,1284.0,False
b3c33,Batch 3,1025.0,1.0100811,1284.0,False
b3c33,Batch 3,1031.0,1.0092276,1284.0,False
b3c33,Batch 3,1037.0,1.0084556,1284.0,False
b3c33,Batch 3,1042.0,1.0076928,1284.0,False
b3c33,Batch 3,1048.0,1.0068203,1284.0,False
b3c33,Batch 3,1054.0,1.0058991,1284.0,False
b3c33,Batch 3,1060.0,1.0048577,1284.0,False
b3c33,Batch 3,1066.0,1.0038013,1284.0,False
b3c33,Batch 3,1072.0,1.0026773,1284.0,False
b3c33,Batch 3,1078.0,1.001448,1284.0,False
b3c33,Batch 3,1083.0,1.0004177,1284.0,False
b3c33,Batch 3,1089.0,0.99912113,1284.0,False
b3c33,Batch 3,1095.0,0.99762183,1284.0,False
b3c33,Batch 3,1101.0,0.99609876,1284.0,False
b3c33,Batch 3,1107.0,0.99440968,1284.0,False
b3c33,Batch 3,1113.0,0.99237078,1284.0,False
b3c33,Batch 3,1119.0,0.99018019,1284.0,False
b3c33,Batch 3,1124.0,0.98820138,1284.0,False
b3c33,Batch 3,1130.0,0.98563373,1284.0,False
b3c33,Batch 3,1136.0,0.98281211,1284.0,False
b3c33,Batch 3,1142.0,0.97994262,1284.0,False
b3c33,Batch 3,1148.0,0.97686791,1284.0,False
b3c33,Batch 3,1154.0,0.97371012,1284.0,False
b3c33,Batch 3,1160.0,0.97036266,1284.0,False
b3c33,Batch 3,1165.0,0.96758038,1284.0,False
b3c33,Batch 3,1171.0,0.96402997,1284.0,False
b3c33,Batch 3,1177.0,0.96043581,1284.0,False
b3c33,Batch 3,1183.0,0.95682299,1284.0,False
b3c33,Batch 3,1189.0,0.95304698,1284.0,False
b3c33,Batch 3,1195.0,0.9490537,1284.0,False
b3c33,Batch 3,1201.0,0.94495249,1284.0,False
b3c33,Batch 3,1206.0,0.94148165,1284.0,False
b3c33,Batch 3,1212.0,0.93712455,1284.0,False
b3c33,Batch 3,1218.0,0.93271255,1284.0,False
b3c33,Batch 3,1224.0,0.92819124,1284.0,False
b3c33,Batch 3,1230.0,0.92350727,1284.0,False
b3c33,Batch 3,1236.0,0.91880482,1284.0,False
b3c33,Batch 3,1242.0,0.91396099,1284.0,False
b3c33,Batch 3,1247.0,0.90994197,1284.0,False
b3c33,Batch 3,1253.0,0.90510917,1284.0,False
b3c33,Batch 3,1259.0,0.90028113,1284.0,False
b3c33,Batch 3,1265.0,0.89542186,1284.0,False
b3c33,Batch 3,1271.0,0.8905288,1284.0,False
b3c33,Batch 3,1277.0,0.88569498,1284.0,False
b3c33,Batch 3,1283.0,0.88079751,1284.0,False
b3c34,Batch 3,1.0,1.0602307,1158.0,False
b3c34,Batch 3,6.0,1.0634748,1158.0,False
b3c34,Batch 3,11.0,1.0640823,1158.0,False
b3c34,Batch 3,16.0,1.0642124,1158.0,False
b3c34,Batch 3,22.0,1.0642306,1158.0,False
b3c34,Batch 3,27.0,1.063995,1158.0,False
b3c34,Batch 3,32.0,1.0639999,1158.0,False
b3c34,Batch 3,37.0,1.0638751,1158.0,False
b3c34,Batch 3,43.0,1.0637807,1158.0,False
b3c34,Batch 3,48.0,1.0635475,1158.0,False
b3c34,Batch 3,53.0,1.0634702,1158.0,False
b3c34,Batch 3,59.0,1.0633954,1158.0,False
b3c34,Batch 3,64.0,1.0631617,1158.0,False
b3c34,Batch 3,69.0,1.0629189,1158.0,False
b3c34,Batch 3,74.0,1.0626935,1158.0,False
b3c34,Batch 3,80.0,1.0627109,1158.0,False
b3c34,Batch 3,85.0,1.0623667,1158.0,False
b3c34,Batch 3,90.0,1.0620917,1158.0,False
b3c34,Batch 3,96.0,1.0618584,1158.0,False
b3c34,Batch 3,101.0,1.0616051,1158.0,False
b3c34,Batch 3,106.0,1.0613756,1158.0,False
b3c34,Batch 3,111.0,1.0611053,1158.0,False
b3c34,Batch 3,117.0,1.0611219,1158.0,False
b3c34,Batch 3,122.0,1.0609297,1158.0,False
b3c34,Batch 3,127.0,1.060876,1158.0,False
b3c34,Batch 3,132.0,1.0605713,1158.0,False
b3c34,Batch 3,138.0,1.0601653,1158.0,False
b3c34,Batch 3,143.0,1.0599079,1158.0,False
b3c34,Batch 3,148.0,1.0596045,1158.0,False
b3c34,Batch 3,154.0,1.0596431,1158.0,False
b3c34,Batch 3,159.0,1.0594273,1158.0,False
b3c34,Batch 3,164.0,1.0590934,1158.0,False
b3c34,Batch 3,169.0,1.0587331,1158.0,False
b3c34,Batch 3,175.0,1.0585959,1158.0,False
b3c34,Batch 3,180.0,1.0583588,1158.0,False
b3c34,Batch 3,185.0,1.0582705,1158.0,False
b3c34,Batch 3,191.0,1.0580444,1158.0,False
b3c34,Batch 3,196.0,1.0578862,1158.0,False
b3c34,Batch 3,201.0,1.0575989,1158.0,False
b3c34,Batch 3,206.0,1.0571448,1158.0,False
b3c34,Batch 3,212.0,1.0568435,1158.0,False
b3c34,Batch 3,217.0,1.0568331,1158.0,False
b3c34,Batch 3,222.0,1.0566466,1158.0,False
b3c34,Batch 3,227.0,1.0565318,1158.0,False
b3c34,Batch 3,233.0,1.0564107,1158.0,False
b3c34,Batch 3,238.0,1.0562215,1158.0,False
b3c34,Batch 3,243.0,1.0558395,1158.0,False
b3c34,Batch 3,249.0,1.0555837,1158.0,False
b3c34,Batch 3,254.0,1.0554669,1158.0,False
b3c34,Batch 3,259.0,1.0550785,1158.0,False
b3c34,Batch 3,264.0,1.0548768,1158.0,False
b3c34,Batch 3,270.0,1.0546714,1158.0,False
b3c34,Batch 3,275.0,1.0540913,1158.0,False
b3c34,Batch 3,280.0,1.0541388,1158.0,False
b3c34,Batch 3,286.0,1.0539356,1158.0,False
b3c34,Batch 3,291.0,1.0536042,1158.0,False
b3c34,Batch 3,296.0,1.0533826,1158.0,False
b3c34,Batch 3,301.0,1.0531577,1158.0,False
b3c34,Batch 3,307.0,1.0527506,1158.0,False
b3c34,Batch 3,312.0,1.0523928,1158.0,False
b3c34,Batch 3,317.0,1.0522137,1158.0,False
b3c34,Batch 3,322.0,1.0520453,1158.0,False
b3c34,Batch 3,328.0,1.0517955,1158.0,False
b3c34,Batch 3,333.0,1.0513088,1158.0,False
b3c34,Batch 3,338.0,1.0510882,1158.0,False
b3c34,Batch 3,344.0,1.0509886,1158.0,False
b3c34,Batch 3,349.0,1.0506318,1158.0,False
b3c34,Batch 3,354.0,1.0503063,1158.0,False
b3c34,Batch 3,359.0,1.0501431,1158.0,False
b3c34,Batch 3,365.0,1.049877,1158.0,False
b3c34,Batch 3,370.0,1.0494989,1158.0,False
b3c34,Batch 3,375.0,1.0491877,1158.0,False
b3c34,Batch 3,381.0,1.048851,1158.0,False
b3c34,Batch 3,386.0,1.0485953,1158.0,False
b3c34,Batch 3,391.0,1.0484428,1158.0,False
b3c34,Batch 3,396.0,1.0482223,1158.0,False
b3c34,Batch 3,402.0,1.0478904,1158.0,False
b3c34,Batch 3,407.0,1.0477295,1158.0,False
b3c34,Batch 3,412.0,1.0475066,1158.0,False
b3c34,Batch 3,418.0,1.0471816,1158.0,False
b3c34,Batch 3,423.0,1.0468979,1158.0,False
b3c34,Batch 3,428.0,1.0466851,1158.0,False
b3c34,Batch 3,433.0,1.0463352,1158.0,False
b3c34,Batch 3,439.0,1.0460143,1158.0,False
b3c34,Batch 3,444.0,1.0457515,1158.0,False
b3c34,Batch 3,449.0,1.0454686,1158.0,False
b3c34,Batch 3,454.0,1.0452858,1158.0,False
b3c34,Batch 3,460.0,1.0449818,1158.0,False
b3c34,Batch 3,465.0,1.0447793,1158.0,False
b3c34,Batch 3,470.0,1.0444244,1158.0,False
b3c34,Batch 3,476.0,1.0439574,1158.0,False
b3c34,Batch 3,481.0,1.043653,1158.0,False
b3c34,Batch 3,486.0,1.0432128,1158.0,False
b3c34,Batch 3,491.0,1.0431741,1158.0,False
b3c34,Batch 3,497.0,1.0429467,1158.0,False
b3c34,Batch 3,502.0,1.042614,1158.0,False
b3c34,Batch 3,507.0,1.0422646,1158.0,False
b3c34,Batch 3,513.0,1.0419456,1158.0,False
b3c34,Batch 3,518.0,1.0416263,1158.0,False
b3c34,Batch 3,523.0,1.0412811,1158.0,False
b3c34,Batch 3,528.0,1.0411307,1158.0,False
b3c34,Batch 3,534.0,1.0406756,1158.0,False
b3c34,Batch 3,539.0,1.0401319,1158.0,False
b3c34,Batch 3,544.0,1.039874,1158.0,False
b3c34,Batch 3,549.0,1.0394245,1158.0,False
b3c34,Batch 3,555.0,1.0388994,1158.0,False
b3c34,Batch 3,560.0,1.0387315,1158.0,False
b3c34,Batch 3,565.0,1.0384686,1158.0,False
b3c34,Batch 3,571.0,1.0382246,1158.0,False
b3c34,Batch 3,576.0,1.0379051,1158.0,False
b3c34,Batch 3,581.0,1.0374744,1158.0,False
b3c34,Batch 3,586.0,1.0370536,1158.0,False
b3c34,Batch 3,592.0,1.0367075,1158.0,False
b3c34,Batch 3,597.0,1.0364597,1158.0,False
b3c34,Batch 3,602.0,1.0362029,1158.0,False
b3c34,Batch 3,608.0,1.0359849,1158.0,False
b3c34,Batch 3,613.0,1.0356175,1158.0,False
b3c34,Batch 3,618.0,1.0354708,1158.0,False
b3c34,Batch 3,623.0,1.0350945,1158.0,False
b3c34,Batch 3,629.0,1.0346582,1158.0,False
b3c34,Batch 3,634.0,1.0343578,1158.0,False
b3c34,Batch 3,639.0,1.0340575,1158.0,False
b3c34,Batch 3,644.0,1.0337222,1158.0,False
b3c34,Batch 3,650.0,1.0333329,1158.0,False
b3c34,Batch 3,655.0,1.0330185,1158.0,False
b3c34,Batch 3,660.0,1.0326043,1158.0,False
b3c34,Batch 3,666.0,1.032198,1158.0,False
b3c34,Batch 3,671.0,1.0320356,1158.0,False
b3c34,Batch 3,676.0,1.031613,1158.0,False
b3c34,Batch 3,681.0,1.0312346,1158.0,False
b3c34,Batch 3,687.0,1.0308471,1158.0,False
b3c34,Batch 3,692.0,1.0304565,1158.0,False
b3c34,Batch 3,697.0,1.0300839,1158.0,False
b3c34,Batch 3,703.0,1.0296783,1158.0,False
b3c34,Batch 3,708.0,1.0293212,1158.0,False
b3c34,Batch 3,713.0,1.0288441,1158.0,False
b3c34,Batch 3,718.0,1.0285109,1158.0,False
b3c34,Batch 3,724.0,1.0280849,1158.0,False
b3c34,Batch 3,729.0,1.0276867,1158.0,False
b3c34,Batch 3,734.0,1.0273023,1158.0,False
b3c34,Batch 3,739.0,1.0268849,1158.0,False
b3c34,Batch 3,745.0,1.0265024,1158.0,False
b3c34,Batch 3,750.0,1.0261418,1158.0,False
b3c34,Batch 3,755.0,1.0257225,1158.0,False
b3c34,Batch 3,761.0,1.0252323,1158.0,False
b3c34,Batch 3,766.0,1.0247654,1158.0,False
b3c34,Batch 3,771.0,1.0243266,1158.0,False
b3c34,Batch 3,776.0,1.0240142,1158.0,False
b3c34,Batch 3,782.0,1.0235804,1158.0,False
b3c34,Batch 3,787.0,1.0232441,1158.0,False
b3c34,Batch 3,792.0,1.0228444,1158.0,False
b3c34,Batch 3,798.0,1.022347,1158.0,False
b3c34,Batch 3,803.0,1.0218951,1158.0,False
b3c34,Batch 3,808.0,1.0214673,1158.0,False
b3c34,Batch 3,813.0,1.0209678,1158.0,False
b3c34,Batch 3,819.0,1.0204769,1158.0,False
b3c34,Batch 3,824.0,1.0198023,1158.0,False
b3c34,Batch 3,829.0,1.0193734,1158.0,False
b3c34,Batch 3,835.0,1.0187893,1158.0,False
b3c34,Batch 3,840.0,1.0181992,1158.0,False
b3c34,Batch 3,845.0,1.0176692,1158.0,False
b3c34,Batch 3,850.0,1.0171348,1158.0,False
b3c34,Batch 3,856.0,1.0166025,1158.0,False
b3c34,Batch 3,861.0,1.0160981,1158.0,False
b3c34,Batch 3,866.0,1.0153316,1158.0,False
b3c34,Batch 3,871.0,1.0147555,1158.0,False
b3c34,Batch 3,877.0,1.0140234,1158.0,False
b3c34,Batch 3,882.0,1.0132653,1158.0,False
b3c34,Batch 3,887.0,1.0125897,1158.0,False
b3c34,Batch 3,893.0,1.0118225,1158.0,False
b3c34,Batch 3,898.0,1.0111169,1158.0,False
b3c34,Batch 3,903.0,1.0103352,1158.0,False
b3c34,Batch 3,908.0,1.0094693,1158.0,False
b3c34,Batch 3,914.0,1.008498,1158.0,False
b3c34,Batch 3,919.0,1.007592,1158.0,False
b3c34,Batch 3,924.0,1.0064933,1158.0,False
b3c34,Batch 3,930.0,1.0050825,1158.0,False
b3c34,Batch 3,935.0,1.0038151,1158.0,False
b3c34,Batch 3,940.0,1.0024383,1158.0,False
b3c34,Batch 3,945.0,1.0009674,1158.0,False
b3c34,Batch 3,951.0,0.9991051,1158.0,False
b3c34,Batch 3,956.0,0.99731296,1158.0,False
b3c34,Batch 3,961.0,0.99533546,1158.0,False
b3c34,Batch 3,966.0,0.99331784,1158.0,False
b3c34,Batch 3,972.0,0.99066544,1158.0,False
b3c34,Batch 3,977.0,0.98828149,1158.0,False
b3c34,Batch 3,982.0,0.98570532,1158.0,False
b3c34,Batch 3,988.0,0.9824667,1158.0,False
b3c34,Batch 3,993.0,0.97969157,1158.0,False
b3c34,Batch 3,998.0,0.97674876,1158.0,False
b3c34,Batch 3,1003.0,0.97367251,1158.0,False
b3c34,Batch 3,1009.0,0.96993613,1158.0,False
b3c34,Batch 3,1014.0,0.96665806,1158.0,False
b3c34,Batch 3,1019.0,0.9635132,1158.0,False
b3c34,Batch 3,1025.0,0.95966005,1158.0,False
b3c34,Batch 3,1030.0,0.9565087,1158.0,False
b3c34,Batch 3,1035.0,0.95341909,1158.0,False
b3c34,Batch 3,1040.0,0.95036972,1158.0,False
b3c34,Batch 3,1046.0,0.94692004,1158.0,False
b3c34,Batch 3,1051.0,0.94412208,1158.0,False
b3c34,Batch 3,1056.0,0.94139254,1158.0,False
b3c34,Batch 3,1061.0,0.93861961,1158.0,False
b3c34,Batch 3,1067.0,0.93541813,1158.0,False
b3c34,Batch 3,1072.0,0.93274796,1158.0,False
b3c34,Batch 3,1077.0,0.93012273,1158.0,False
b3c34,Batch 3,1083.0,0.92684537,1158.0,False
b3c34,Batch 3,1088.0,0.92413676,1158.0,False
b3c34,Batch 3,1093.0,0.92140013,1158.0,False
b3c34,Batch 3,1098.0,0.918657,1158.0,False
b3c34,Batch 3,1104.0,0.9152832,1158.0,False
b3c34,Batch 3,1109.0,0.91233957,1158.0,False
b3c34,Batch 3,1114.0,0.90936685,1158.0,False
b3c34,Batch 3,1120.0,0.90573835,1158.0,False
b3c34,Batch 3,1125.0,0.90262496,1158.0,False
b3c34,Batch 3,1130.0,0.89943814,1158.0,False
b3c34,Batch 3,1135.0,0.89611596,1158.0,False
b3c34,Batch 3,1141.0,0.89198595,1158.0,False
b3c34,Batch 3,1146.0,0.88840079,1158.0,False
b3c34,Batch 3,1151.0,0.88470566,1158.0,False
b3c34,Batch 3,1157.0,0.88017184,1158.0,False
b3c35,Batch 3,1.0,1.0626153,1093.0,False
b3c35,Batch 3,5.0,1.0644418,1093.0,False
b3c35,Batch 3,10.0,1.0652138,1093.0,False
b3c35,Batch 3,15.0,1.0652479,1093.0,False
b3c35,Batch 3,20.0,1.0653374,1093.0,False
b3c35,Batch 3,25.0,1.0652844,1093.0,False
b3c35,Batch 3,30.0,1.0653087,1093.0,False
b3c35,Batch 3,35.0,1.0652336,1093.0,False
b3c35,Batch 3,40.0,1.064937,1093.0,False
b3c35,Batch 3,45.0,1.0648128,1093.0,False
b3c35,Batch 3,50.0,1.0647953,1093.0,False
b3c35,Batch 3,55.0,1.0647721,1093.0,False
b3c35,Batch 3,60.0,1.0645081,1093.0,False
b3c35,Batch 3,65.0,1.0643623,1093.0,False
b3c35,Batch 3,70.0,1.0640359,1093.0,False
b3c35,Batch 3,75.0,1.0638001,1093.0,False
b3c35,Batch 3,80.0,1.0637504,1093.0,False
b3c35,Batch 3,85.0,1.0635527,1093.0,False
b3c35,Batch 3,90.0,1.0635968,1093.0,False
b3c35,Batch 3,95.0,1.0635793,1093.0,False
b3c35,Batch 3,100.0,1.0632331,1093.0,False
b3c35,Batch 3,105.0,1.0629675,1093.0,False
b3c35,Batch 3,110.0,1.0627971,1093.0,False
b3c35,Batch 3,115.0,1.0627067,1093.0,False
b3c35,Batch 3,120.0,1.0627736,1093.0,False
b3c35,Batch 3,125.0,1.0625751,1093.0,False
b3c35,Batch 3,130.0,1.0624349,1093.0,False
b3c35,Batch 3,135.0,1.0621294,1093.0,False
b3c35,Batch 3,140.0,1.0618165,1093.0,False
b3c35,Batch 3,145.0,1.061741,1093.0,False
b3c35,Batch 3,150.0,1.0615528,1093.0,False
b3c35,Batch 3,155.0,1.0614587,1093.0,False
b3c35,Batch 3,160.0,1.0613264,1093.0,False
b3c35,Batch 3,165.0,1.0609775,1093.0,False
b3c35,Batch 3,170.0,1.0607668,1093.0,False
b3c35,Batch 3,175.0,1.0604838,1093.0,False
b3c35,Batch 3,180.0,1.0604453,1093.0,False
b3c35,Batch 3,185.0,1.0603762,1093.0,False
b3c35,Batch 3,190.0,1.0601046,1093.0,False
b3c35,Batch 3,195.0,1.0598097,1093.0,False
b3c35,Batch 3,200.0,1.0596066,1093.0,False
b3c35,Batch 3,205.0,1.0592296,1093.0,False
b3c35,Batch 3,210.0,1.0590075,1093.0,False
b3c35,Batch 3,215.0,1.0590315,1093.0,False
b3c35,Batch 3,220.0,1.0588348,1093.0,False
b3c35,Batch 3,225.0,1.0586953,1093.0,False
b3c35,Batch 3,230.0,1.0584046,1093.0,False
b3c35,Batch 3,235.0,1.0583912,1093.0,False
b3c35,Batch 3,240.0,1.058066,1093.0,False
b3c35,Batch 3,245.0,1.0579014,1093.0,False
b3c35,Batch 3,250.0,1.0576268,1093.0,False
b3c35,Batch 3,255.0,1.0575705,1093.0,False
b3c35,Batch 3,260.0,1.0572031,1093.0,False
b3c35,Batch 3,265.0,1.0570916,1093.0,False
b3c35,Batch 3,270.0,1.0568684,1093.0,False
b3c35,Batch 3,274.0,1.0566642,1093.0,False
b3c35,Batch 3,279.0,1.056473,1093.0,False
b3c35,Batch 3,284.0,1.056231,1093.0,False
b3c35,Batch 3,289.0,1.0560329,1093.0,False
b3c35,Batch 3,294.0,1.0557226,1093.0,False
b3c35,Batch 3,299.0,1.0556716,1093.0,False
b3c35,Batch 3,304.0,1.0554087,1093.0,False
b3c35,Batch 3,309.0,1.0549487,1093.0,False
b3c35,Batch 3,314.0,1.0546104,1093.0,False
b3c35,Batch 3,319.0,1.0544658,1093.0,False
b3c35,Batch 3,324.0,1.0543237,1093.0,False
b3c35,Batch 3,329.0,1.054154,1093.0,False
b3c35,Batch 3,334.0,1.0537493,1093.0,False
b3c35,Batch 3,339.0,1.0536466,1093.0,False
b3c35,Batch 3,344.0,1.0533614,1093.0,False
b3c35,Batch 3,349.0,1.0530421,1093.0,False
b3c35,Batch 3,354.0,1.0529071,1093.0,False
b3c35,Batch 3,359.0,1.0482594,1093.0,False
b3c35,Batch 3,364.0,1.0495875,1093.0,False
b3c35,Batch 3,369.0,1.0500345,1093.0,False
b3c35,Batch 3,374.0,1.0500921,1093.0,False
b3c35,Batch 3,379.0,1.0499524,1093.0,False
b3c35,Batch 3,384.0,1.0499249,1093.0,False
b3c35,Batch 3,389.0,1.0498443,1093.0,False
b3c35,Batch 3,394.0,1.0496821,1093.0,False
b3c35,Batch 3,399.0,1.0494531,1093.0,False
b3c35,Batch 3,404.0,1.0492507,1093.0,False
b3c35,Batch 3,409.0,1.049132,1093.0,False
b3c35,Batch 3,414.0,1.048954,1093.0,False
b3c35,Batch 3,419.0,1.0487852,1093.0,False
b3c35,Batch 3,424.0,1.0486025,1093.0,False
b3c35,Batch 3,429.0,1.048308,1093.0,False
b3c35,Batch 3,434.0,1.0480976,1093.0,False
b3c35,Batch 3,439.0,1.0478454,1093.0,False
b3c35,Batch 3,444.0,1.0475487,1093.0,False
b3c35,Batch 3,449.0,1.0471236,1093.0,False
b3c35,Batch 3,454.0,1.0469644,1093.0,False
b3c35,Batch 3,459.0,1.0469195,1093.0,False
b3c35,Batch 3,464.0,1.0465772,1093.0,False
b3c35,Batch 3,469.0,1.0463769,1093.0,False
b3c35,Batch 3,474.0,1.0461671,1093.0,False
b3c35,Batch 3,479.0,1.0457674,1093.0,False
b3c35,Batch 3,484.0,1.0454979,1093.0,False
b3c35,Batch 3,489.0,1.0450881,1093.0,False
b3c35,Batch 3,494.0,1.0448185,1093.0,False
b3c35,Batch 3,499.0,1.0445334,1093.0,False
b3c35,Batch 3,504.0,1.0442209,1093.0,False
b3c35,Batch 3,509.0,1.043883,1093.0,False
b3c35,Batch 3,514.0,1.0435563,1093.0,False
b3c35,Batch 3,519.0,1.0430804,1093.0,False
b3c35,Batch 3,524.0,1.0427521,1093.0,False
b3c35,Batch 3,529.0,1.0425698,1093.0,False
b3c35,Batch 3,534.0,1.0422668,1093.0,False
b3c35,Batch 3,539.0,1.0419835,1093.0,False
b3c35,Batch 3,544.0,1.0415341,1093.0,False
b3c35,Batch 3,548.0,1.0412179,1093.0,False
b3c35,Batch 3,553.0,1.0408843,1093.0,False
b3c35,Batch 3,558.0,1.04054,1093.0,False
b3c35,Batch 3,563.0,1.0401685,1093.0,False
b3c35,Batch 3,568.0,1.0398428,1093.0,False
b3c35,Batch 3,573.0,1.0395714,1093.0,False
b3c35,Batch 3,578.0,1.0393127,1093.0,False
b3c35,Batch 3,583.0,1.0389627,1093.0,False
b3c35,Batch 3,588.0,1.0386307,1093.0,False
b3c35,Batch 3,593.0,1.0380872,1093.0,False
b3c35,Batch 3,598.0,1.0378954,1093.0,False
b3c35,Batch 3,603.0,1.0375973,1093.0,False
b3c35,Batch 3,608.0,1.0371751,1093.0,False
b3c35,Batch 3,613.0,1.0368444,1093.0,False
b3c35,Batch 3,618.0,1.036378,1093.0,False
b3c35,Batch 3,623.0,1.036,1093.0,False
b3c35,Batch 3,628.0,1.0356265,1093.0,False
b3c35,Batch 3,633.0,1.0351542,1093.0,False
b3c35,Batch 3,638.0,1.0347084,1093.0,False
b3c35,Batch 3,643.0,1.0343666,1093.0,False
b3c35,Batch 3,648.0,1.0338857,1093.0,False
b3c35,Batch 3,653.0,1.0335168,1093.0,False
b3c35,Batch 3,658.0,1.0329652,1093.0,False
b3c35,Batch 3,663.0,1.0325123,1093.0,False
b3c35,Batch 3,668.0,1.0321347,1093.0,False
b3c35,Batch 3,673.0,1.0317022,1093.0,False
b3c35,Batch 3,678.0,1.0292598,1093.0,False
b3c35,Batch 3,683.0,1.0300387,1093.0,False
b3c35,Batch 3,688.0,1.0296632,1093.0,False
b3c35,Batch 3,693.0,1.0292805,1093.0,False
b3c35,Batch 3,698.0,1.0288087,1093.0,False
b3c35,Batch 3,703.0,1.0282297,1093.0,False
b3c35,Batch 3,708.0,1.0277559,1093.0,False
b3c35,Batch 3,713.0,1.0273113,1093.0,False
b3c35,Batch 3,718.0,1.0267247,1093.0,False
b3c35,Batch 3,723.0,1.0261525,1093.0,False
b3c35,Batch 3,728.0,1.0256486,1093.0,False
b3c35,Batch 3,733.0,1.0249726,1093.0,False
b3c35,Batch 3,738.0,1.024456,1093.0,False
b3c35,Batch 3,743.0,1.0237916,1093.0,False
b3c35,Batch 3,748.0,1.0232559,1093.0,False
b3c35,Batch 3,753.0,1.0227134,1093.0,False
b3c35,Batch 3,758.0,1.0221432,1093.0,False
b3c35,Batch 3,763.0,1.0214473,1093.0,False
b3c35,Batch 3,768.0,1.0207983,1093.0,False
b3c35,Batch 3,773.0,1.020101,1093.0,False
b3c35,Batch 3,778.0,1.0194774,1093.0,False
b3c35,Batch 3,783.0,1.0188202,1093.0,False
b3c35,Batch 3,788.0,1.0180378,1093.0,False
b3c35,Batch 3,793.0,1.0171967,1093.0,False
b3c35,Batch 3,798.0,1.0163238,1093.0,False
b3c35,Batch 3,803.0,1.0155398,1093.0,False
b3c35,Batch 3,808.0,1.0146612,1093.0,False
b3c35,Batch 3,813.0,1.0137767,1093.0,False
b3c35,Batch 3,818.0,1.0129392,1093.0,False
b3c35,Batch 3,822.0,1.0121033,1093.0,False
b3c35,Batch 3,827.0,1.0113075,1093.0,False
b3c35,Batch 3,832.0,1.0103723,1093.0,False
b3c35,Batch 3,837.0,1.009294,1093.0,False
b3c35,Batch 3,842.0,1.0081915,1093.0,False
b3c35,Batch 3,847.0,1.0070657,1093.0,False
b3c35,Batch 3,852.0,1.0058877,1093.0,False
b3c35,Batch 3,857.0,1.0047451,1093.0,False
b3c35,Batch 3,862.0,1.0034628,1093.0,False
b3c35,Batch 3,867.0,1.0022782,1093.0,False
b3c35,Batch 3,872.0,1.0009439,1093.0,False
b3c35,Batch 3,877.0,0.99958265,1093.0,False
b3c35,Batch 3,882.0,0.99812531,1093.0,False
b3c35,Batch 3,887.0,0.99669361,1093.0,False
b3c35,Batch 3,892.0,0.99508226,1093.0,False
b3c35,Batch 3,897.0,0.99339122,1093.0,False
b3c35,Batch 3,902.0,0.99156672,1093.0,False
b3c35,Batch 3,907.0,0.98984438,1093.0,False
b3c35,Batch 3,912.0,0.98789859,1093.0,False
b3c35,Batch 3,917.0,0.98586702,1093.0,False
b3c35,Batch 3,922.0,0.98379952,1093.0,False
b3c35,Batch 3,927.0,0.98164582,1093.0,False
b3c35,Batch 3,932.0,0.97937727,1093.0,False
b3c35,Batch 3,937.0,0.97711402,1093.0,False
b3c35,Batch 3,942.0,0.97467327,1093.0,False
b3c35,Batch 3,947.0,0.97212648,1093.0,False
b3c35,Batch 3,952.0,0.96951777,1093.0,False
b3c35,Batch 3,957.0,0.96692193,1093.0,False
b3c35,Batch 3,962.0,0.96398479,1093.0,False
b3c35,Batch 3,967.0,0.96110755,1093.0,False
b3c35,Batch 3,972.0,0.95816505,1093.0,False
b3c35,Batch 3,977.0,0.95509195,1093.0,False
b3c35,Batch 3,982.0,0.9520179,1093.0,False
b3c35,Batch 3,987.0,0.9487949,1093.0,False
b3c35,Batch 3,992.0,0.94555777,1093.0,False
b3c35,Batch 3,997.0,0.94231665,1093.0,False
b3c35,Batch 3,1002.0,0.93913627,1093.0,False
b3c35,Batch 3,1007.0,0.93581396,1093.0,False
b3c35,Batch 3,1012.0,0.93262285,1093.0,False
b3c35,Batch 3,1017.0,0.92934722,1093.0,False
b3c35,Batch 3,1022.0,0.92611277,1093.0,False
b3c35,Batch 3,1027.0,0.9229548,1093.0,False
b3c35,Batch 3,1032.0,0.91972977,1093.0,False
b3c35,Batch 3,1037.0,0.91646898,1093.0,False
b3c35,Batch 3,1042.0,0.91325843,1093.0,False
b3c35,Batch 3,1047.0,0.9100461,1093.0,False
b3c35,Batch 3,1052.0,0.90683627,1093.0,False
b3c35,Batch 3,1057.0,0.90366858,1093.0,False
b3c35,Batch 3,1062.0,0.90042573,1093.0,False
b3c35,Batch 3,1067.0,0.89706379,1093.0,False
b3c35,Batch 3,1072.0,0.89373982,1093.0,False
b3c35,Batch 3,1077.0,0.89035028,1093.0,False
b3c35,Batch 3,1082.0,0.88686812,1093.0,False
b3c35,Batch 3,1087.0,0.88348591,1093.0,False
b3c35,Batch 3,1092.0,0.88011736,1093.0,False
b3c36,Batch 3,1.0,1.0573761,923.0,False
b3c36,Batch 3,5.0,1.0589134,923.0,False
b3c36,Batch 3,9.0,1.0598793,923.0,False
b3c36,Batch 3,13.0,1.060217,923.0,False
b3c36,Batch 3,17.0,1.0604578,923.0,False
b3c36,Batch 3,22.0,1.0606048,923.0,False
b3c36,Batch 3,26.0,1.0602406,923.0,False
b3c36,Batch 3,30.0,1.0602868,923.0,False
b3c36,Batch 3,34.0,1.060209,923.0,False
b3c36,Batch 3,38.0,1.0600216,923.0,False
b3c36,Batch 3,43.0,1.0599346,923.0,False
b3c36,Batch 3,47.0,1.0595591,923.0,False
b3c36,Batch 3,51.0,1.0596076,923.0,False
b3c36,Batch 3,55.0,1.0595335,923.0,False
b3c36,Batch 3,59.0,1.0594578,923.0,False
b3c36,Batch 3,64.0,1.0591244,923.0,False
b3c36,Batch 3,68.0,1.0591241,923.0,False
b3c36,Batch 3,72.0,1.0588886,923.0,False
b3c36,Batch 3,76.0,1.0585845,923.0,False
b3c36,Batch 3,80.0,1.0586805,923.0,False
b3c36,Batch 3,85.0,1.0583161,923.0,False
b3c36,Batch 3,89.0,1.0582156,923.0,False
b3c36,Batch 3,93.0,1.0582159,923.0,False
b3c36,Batch 3,97.0,1.0578591,923.0,False
b3c36,Batch 3,101.0,1.0577273,923.0,False
b3c36,Batch 3,106.0,1.0574269,923.0,False
b3c36,Batch 3,110.0,1.0571831,923.0,False
b3c36,Batch 3,114.0,1.057057,923.0,False
b3c36,Batch 3,118.0,1.0569791,923.0,False
b3c36,Batch 3,122.0,1.0568715,923.0,False
b3c36,Batch 3,127.0,1.0567867,923.0,False
b3c36,Batch 3,131.0,1.0566607,923.0,False
b3c36,Batch 3,135.0,1.0564963,923.0,False
b3c36,Batch 3,139.0,1.0560418,923.0,False
b3c36,Batch 3,143.0,1.0558326,923.0,False
b3c36,Batch 3,148.0,1.0556536,923.0,False
b3c36,Batch 3,152.0,1.0557257,923.0,False
b3c36,Batch 3,156.0,1.0554713,923.0,False
b3c36,Batch 3,160.0,1.0552952,923.0,False
b3c36,Batch 3,165.0,1.054943,923.0,False
b3c36,Batch 3,169.0,1.0546635,923.0,False
b3c36,Batch 3,173.0,1.0544199,923.0,False
b3c36,Batch 3,177.0,1.05425,923.0,False
b3c36,Batch 3,181.0,1.0540843,923.0,False
b3c36,Batch 3,186.0,1.0538259,923.0,False
b3c36,Batch 3,190.0,1.0536054,923.0,False
b3c36,Batch 3,194.0,1.0536226,923.0,False
b3c36,Batch 3,198.0,1.0533547,923.0,False
b3c36,Batch 3,202.0,1.053147,923.0,False
b3c36,Batch 3,207.0,1.0526911,923.0,False
b3c36,Batch 3,211.0,1.0524414,923.0,False
b3c36,Batch 3,215.0,1.0525073,923.0,False
b3c36,Batch 3,219.0,1.0523733,923.0,False
b3c36,Batch 3,223.0,1.0522296,923.0,False
b3c36,Batch 3,228.0,1.0520247,923.0,False
b3c36,Batch 3,232.0,1.051802,923.0,False
b3c36,Batch 3,236.0,1.0516788,923.0,False
b3c36,Batch 3,240.0,1.0514089,923.0,False
b3c36,Batch 3,244.0,1.0511169,923.0,False
b3c36,Batch 3,249.0,1.0508404,923.0,False
b3c36,Batch 3,253.0,1.0507029,923.0,False
b3c36,Batch 3,257.0,1.0504957,923.0,False
b3c36,Batch 3,261.0,1.0501509,923.0,False
b3c36,Batch 3,265.0,1.0499924,923.0,False
b3c36,Batch 3,270.0,1.0498126,923.0,False
b3c36,Batch 3,274.0,1.0496377,923.0,False
b3c36,Batch 3,278.0,1.049275,923.0,False
b3c36,Batch 3,282.0,1.0490655,923.0,False
b3c36,Batch 3,286.0,1.0488265,923.0,False
b3c36,Batch 3,291.0,1.0485504,923.0,False
b3c36,Batch 3,295.0,1.0484227,923.0,False
b3c36,Batch 3,299.0,1.0482656,923.0,False
b3c36,Batch 3,303.0,1.0479764,923.0,False
b3c36,Batch 3,308.0,1.0477407,923.0,False
b3c36,Batch 3,312.0,1.0473293,923.0,False
b3c36,Batch 3,316.0,1.0472751,923.0,False
b3c36,Batch 3,320.0,1.0469265,923.0,False
b3c36,Batch 3,324.0,1.0467157,923.0,False
b3c36,Batch 3,329.0,1.0464903,923.0,False
b3c36,Batch 3,333.0,1.0461594,923.0,False
b3c36,Batch 3,337.0,1.0460029,923.0,False
b3c36,Batch 3,341.0,1.0457772,923.0,False
b3c36,Batch 3,345.0,1.0454637,923.0,False
b3c36,Batch 3,350.0,1.0452439,923.0,False
b3c36,Batch 3,354.0,1.0449915,923.0,False
b3c36,Batch 3,358.0,1.0448418,923.0,False
b3c36,Batch 3,362.0,1.0446291,923.0,False
b3c36,Batch 3,366.0,1.0442998,923.0,False
b3c36,Batch 3,371.0,1.0438827,923.0,False
b3c36,Batch 3,375.0,1.0436912,923.0,False
b3c36,Batch 3,379.0,1.0433805,923.0,False
b3c36,Batch 3,383.0,1.0431843,923.0,False
b3c36,Batch 3,387.0,1.0429401,923.0,False
b3c36,Batch 3,392.0,1.0427934,923.0,False
b3c36,Batch 3,396.0,1.0426376,923.0,False
b3c36,Batch 3,400.0,1.0422887,923.0,False
b3c36,Batch 3,404.0,1.0421318,923.0,False
b3c36,Batch 3,408.0,1.0419408,923.0,False
b3c36,Batch 3,413.0,1.0416516,923.0,False
b3c36,Batch 3,417.0,1.0413114,923.0,False
b3c36,Batch 3,421.0,1.0410697,923.0,False
b3c36,Batch 3,425.0,1.0408566,923.0,False
b3c36,Batch 3,429.0,1.0406222,923.0,False
b3c36,Batch 3,434.0,1.0402163,923.0,False
b3c36,Batch 3,438.0,1.039992,923.0,False
b3c36,Batch 3,442.0,1.0397813,923.0,False
b3c36,Batch 3,446.0,1.0395449,923.0,False
b3c36,Batch 3,450.0,1.0392152,923.0,False
b3c36,Batch 3,455.0,1.0388944,923.0,False
b3c36,Batch 3,459.0,1.03859,923.0,False
b3c36,Batch 3,463.0,1.0383486,923.0,False
b3c36,Batch 3,467.0,1.0380877,923.0,False
b3c36,Batch 3,472.0,1.0376915,923.0,False
b3c36,Batch 3,476.0,1.0374088,923.0,False
b3c36,Batch 3,480.0,1.037003,923.0,False
b3c36,Batch 3,484.0,1.0365827,923.0,False
b3c36,Batch 3,488.0,1.0364044,923.0,False
b3c36,Batch 3,493.0,1.0362095,923.0,False
b3c36,Batch 3,497.0,1.0360118,923.0,False
b3c36,Batch 3,501.0,1.0356275,923.0,False
b3c36,Batch 3,505.0,1.0353366,923.0,False
b3c36,Batch 3,509.0,1.0350069,923.0,False
b3c36,Batch 3,514.0,1.0346556,923.0,False
b3c36,Batch 3,518.0,1.0343103,923.0,False
b3c36,Batch 3,522.0,1.0338519,923.0,False
b3c36,Batch 3,526.0,1.0334989,923.0,False
b3c36,Batch 3,530.0,1.0332872,923.0,False
b3c36,Batch 3,535.0,1.0328683,923.0,False
b3c36,Batch 3,539.0,1.03247,923.0,False
b3c36,Batch 3,543.0,1.0321091,923.0,False
b3c36,Batch 3,547.0,1.0316302,923.0,False
b3c36,Batch 3,551.0,1.0312194,923.0,False
b3c36,Batch 3,556.0,1.0307298,923.0,False
b3c36,Batch 3,560.0,1.0304494,923.0,False
b3c36,Batch 3,564.0,1.0302007,923.0,False
b3c36,Batch 3,568.0,1.0297718,923.0,False
b3c36,Batch 3,572.0,1.0295447,923.0,False
b3c36,Batch 3,577.0,1.0290847,923.0,False
b3c36,Batch 3,581.0,1.028712,923.0,False
b3c36,Batch 3,585.0,1.0282841,923.0,False
b3c36,Batch 3,589.0,1.0277742,923.0,False
b3c36,Batch 3,593.0,1.0274817,923.0,False
b3c36,Batch 3,598.0,1.0270101,923.0,False
b3c36,Batch 3,602.0,1.0267556,923.0,False
b3c36,Batch 3,606.0,1.0264561,923.0,False
b3c36,Batch 3,610.0,1.0259767,923.0,False
b3c36,Batch 3,615.0,1.0256143,923.0,False
b3c36,Batch 3,619.0,1.025264,923.0,False
b3c36,Batch 3,623.0,1.0248266,923.0,False
b3c36,Batch 3,627.0,1.0242789,923.0,False
b3c36,Batch 3,631.0,1.023934,923.0,False
b3c36,Batch 3,636.0,1.0234257,923.0,False
b3c36,Batch 3,640.0,1.0229623,923.0,False
b3c36,Batch 3,644.0,1.0226423,923.0,False
b3c36,Batch 3,648.0,1.0222338,923.0,False
b3c36,Batch 3,652.0,1.0217366,923.0,False
b3c36,Batch 3,657.0,1.0211335,923.0,False
b3c36,Batch 3,661.0,1.0207407,923.0,False
b3c36,Batch 3,665.0,1.0203227,923.0,False
b3c36,Batch 3,669.0,1.0198159,923.0,False
b3c36,Batch 3,673.0,1.0193202,923.0,False
b3c36,Batch 3,678.0,1.0187004,923.0,False
b3c36,Batch 3,682.0,1.0181463,923.0,False
b3c36,Batch 3,686.0,1.0176238,923.0,False
b3c36,Batch 3,690.0,1.0171303,923.0,False
b3c36,Batch 3,694.0,1.0165893,923.0,False
b3c36,Batch 3,699.0,1.0158705,923.0,False
b3c36,Batch 3,703.0,1.0153456,923.0,False
b3c36,Batch 3,707.0,1.0148906,923.0,False
b3c36,Batch 3,711.0,1.0140859,923.0,False
b3c36,Batch 3,715.0,1.013391,923.0,False
b3c36,Batch 3,720.0,1.0124942,923.0,False
b3c36,Batch 3,724.0,1.0117506,923.0,False
b3c36,Batch 3,728.0,1.011129,923.0,False
b3c36,Batch 3,732.0,1.0103979,923.0,False
b3c36,Batch 3,736.0,1.0096258,923.0,False
b3c36,Batch 3,741.0,1.0086497,923.0,False
b3c36,Batch 3,745.0,1.0079575,923.0,False
b3c36,Batch 3,749.0,1.0070723,923.0,False
b3c36,Batch 3,753.0,1.0063154,923.0,False
b3c36,Batch 3,757.0,1.0054401,923.0,False
b3c36,Batch 3,762.0,1.0043117,923.0,False
b3c36,Batch 3,766.0,1.0033478,923.0,False
b3c36,Batch 3,770.0,1.0023624,923.0,False
b3c36,Batch 3,774.0,1.0013506,923.0,False
b3c36,Batch 3,779.0,1.0000272,923.0,False
b3c36,Batch 3,783.0,0.99897993,923.0,False
b3c36,Batch 3,787.0,0.99775654,923.0,False
b3c36,Batch 3,791.0,0.99670845,923.0,False
b3c36,Batch 3,795.0,0.99545205,923.0,False
b3c36,Batch 3,800.0,0.99393421,923.0,False
b3c36,Batch 3,804.0,0.99265635,923.0,False
b3c36,Batch 3,808.0,0.99116755,923.0,False
b3c36,Batch 3,812.0,0.9897874,923.0,False
b3c36,Batch 3,816.0,0.98822004,923.0,False
b3c36,Batch 3,821.0,0.98619187,923.0,False
b3c36,Batch 3,825.0,0.98453575,923.0,False
b3c36,Batch 3,829.0,0.98266047,923.0,False
b3c36,Batch 3,833.0,0.98055106,923.0,False
b3c36,Batch 3,837.0,0.97851741,923.0,False
b3c36,Batch 3,842.0,0.97584069,923.0,False
b3c36,Batch 3,846.0,0.97360241,923.0,False
b3c36,Batch 3,850.0,0.97095007,923.0,False
b3c36,Batch 3,854.0,0.96799326,923.0,False
b3c36,Batch 3,858.0,0.96509731,923.0,False
b3c36,Batch 3,863.0,0.96107763,923.0,False
b3c36,Batch 3,867.0,0.95735049,923.0,False
b3c36,Batch 3,871.0,0.95371294,923.0,False
b3c36,Batch 3,875.0,0.94947016,923.0,False
b3c36,Batch 3,879.0,0.94483668,923.0,False
b3c36,Batch 3,884.0,0.93849379,923.0,False
b3c36,Batch 3,888.0,0.9333384,923.0,False
b3c36,Batch 3,892.0,0.92748314,923.0,False
b3c36,Batch 3,896.0,0.92131746,923.0,False
b3c36,Batch 3,900.0,0.91522157,923.0,False
b3c36,Batch 3,905.0,0.90726262,923.0,False
b3c36,Batch 3,909.0,0.90105379,923.0,False
b3c36,Batch 3,913.0,0.89459324,923.0,False
b3c36,Batch 3,917.0,0.88826436,923.0,False
b3c36,Batch 3,922.0,0.88060242,923.0,False
b3c38,Batch 3,1.0,1.0691597,1935.0,False
b3c38,Batch 3,9.0,1.0722022,1935.0,False
b3c38,Batch 3,18.0,1.0724357,1935.0,False
b3c38,Batch 3,27.0,1.0724829,1935.0,False
b3c38,Batch 3,36.0,1.0724888,1935.0,False
b3c38,Batch 3,45.0,1.0722561,1935.0,False
b3c38,Batch 3,53.0,1.0722123,1935.0,False
b3c38,Batch 3,62.0,1.0719955,1935.0,False
b3c38,Batch 3,71.0,1.0718451,1935.0,False
b3c38,Batch 3,80.0,1.0716406,1935.0,False
b3c38,Batch 3,89.0,1.0714233,1935.0,False
b3c38,Batch 3,98.0,1.0711375,1935.0,False
b3c38,Batch 3,106.0,1.0708545,1935.0,False
b3c38,Batch 3,115.0,1.0708078,1935.0,False
b3c38,Batch 3,124.0,1.0707958,1935.0,False
b3c38,Batch 3,133.0,1.070505,1935.0,False
b3c38,Batch 3,142.0,1.0701064,1935.0,False
b3c38,Batch 3,151.0,1.0700581,1935.0,False
b3c38,Batch 3,159.0,1.0698649,1935.0,False
b3c38,Batch 3,168.0,1.069459,1935.0,False
b3c38,Batch 3,177.0,1.0691289,1935.0,False
b3c38,Batch 3,186.0,1.0691015,1935.0,False
b3c38,Batch 3,195.0,1.0687495,1935.0,False
b3c38,Batch 3,204.0,1.0683738,1935.0,False
b3c38,Batch 3,212.0,1.0681485,1935.0,False
b3c38,Batch 3,221.0,1.0680575,1935.0,False
b3c38,Batch 3,230.0,1.0678414,1935.0,False
b3c38,Batch 3,239.0,1.0676756,1935.0,False
b3c38,Batch 3,248.0,1.0672845,1935.0,False
b3c38,Batch 3,256.0,1.0670646,1935.0,False
b3c38,Batch 3,265.0,1.0668106,1935.0,False
b3c38,Batch 3,274.0,1.0665799,1935.0,False
b3c38,Batch 3,283.0,1.0663227,1935.0,False
b3c38,Batch 3,292.0,1.0658484,1935.0,False
b3c38,Batch 3,301.0,1.0656774,1935.0,False
b3c38,Batch 3,309.0,1.0652571,1935.0,False
b3c38,Batch 3,318.0,1.0650489,1935.0,False
b3c38,Batch 3,327.0,1.064752,1935.0,False
b3c38,Batch 3,336.0,1.0643181,1935.0,False
b3c38,Batch 3,345.0,1.0639894,1935.0,False
b3c38,Batch 3,354.0,1.0637649,1935.0,False
b3c38,Batch 3,362.0,1.0635252,1935.0,False
b3c38,Batch 3,371.0,1.063074,1935.0,False
b3c38,Batch 3,380.0,1.0627706,1935.0,False
b3c38,Batch 3,389.0,1.0625373,1935.0,False
b3c38,Batch 3,398.0,1.0623064,1935.0,False
b3c38,Batch 3,407.0,1.0620596,1935.0,False
b3c38,Batch 3,415.0,1.0616786,1935.0,False
b3c38,Batch 3,424.0,1.0614251,1935.0,False
b3c38,Batch 3,433.0,1.06106,1935.0,False
b3c38,Batch 3,442.0,1.0607967,1935.0,False
b3c38,Batch 3,451.0,1.0599698,1935.0,False
b3c38,Batch 3,459.0,1.0601213,1935.0,False
b3c38,Batch 3,468.0,1.0597582,1935.0,False
b3c38,Batch 3,477.0,1.0593623,1935.0,False
b3c38,Batch 3,486.0,1.0590553,1935.0,False
b3c38,Batch 3,495.0,1.0588311,1935.0,False
b3c38,Batch 3,504.0,1.0584577,1935.0,False
b3c38,Batch 3,512.0,1.0581143,1935.0,False
b3c38,Batch 3,521.0,1.0577132,1935.0,False
b3c38,Batch 3,530.0,1.0573876,1935.0,False
b3c38,Batch 3,539.0,1.0569656,1935.0,False
b3c38,Batch 3,548.0,1.0564846,1935.0,False
b3c38,Batch 3,557.0,1.0561146,1935.0,False
b3c38,Batch 3,565.0,1.0559491,1935.0,False
b3c38,Batch 3,574.0,1.0555946,1935.0,False
b3c38,Batch 3,583.0,1.0551785,1935.0,False
b3c38,Batch 3,592.0,1.0548451,1935.0,False
b3c38,Batch 3,601.0,1.0546254,1935.0,False
b3c38,Batch 3,610.0,1.0543889,1935.0,False
b3c38,Batch 3,618.0,1.0541211,1935.0,False
b3c38,Batch 3,627.0,1.0536605,1935.0,False
b3c38,Batch 3,636.0,1.0533549,1935.0,False
b3c38,Batch 3,645.0,1.0529902,1935.0,False
b3c38,Batch 3,654.0,1.0525717,1935.0,False
b3c38,Batch 3,662.0,1.052316,1935.0,False
b3c38,Batch 3,671.0,1.0519536,1935.0,False
b3c38,Batch 3,680.0,1.0514919,1935.0,False
b3c38,Batch 3,689.0,1.0510606,1935.0,False
b3c38,Batch 3,698.0,1.050772,1935.0,False
b3c38,Batch 3,707.0,1.0502594,1935.0,False
b3c38,Batch 3,715.0,1.0499252,1935.0,False
b3c38,Batch 3,724.0,1.049539,1935.0,False
b3c38,Batch 3,733.0,1.049178,1935.0,False
b3c38,Batch 3,742.0,1.0488465,1935.0,False
b3c38,Batch 3,751.0,1.0484414,1935.0,False
b3c38,Batch 3,760.0,1.0480351,1935.0,False
b3c38,Batch 3,768.0,1.0476915,1935.0,False
b3c38,Batch 3,777.0,1.0474226,1935.0,False
b3c38,Batch 3,786.0,1.0470833,1935.0,False
b3c38,Batch 3,795.0,1.046742,1935.0,False
b3c38,Batch 3,804.0,1.0462643,1935.0,False
b3c38,Batch 3,813.0,1.0459229,1935.0,False
b3c38,Batch 3,821.0,1.0454978,1935.0,False
b3c38,Batch 3,830.0,1.0450929,1935.0,False
b3c38,Batch 3,839.0,1.0446072,1935.0,False
b3c38,Batch 3,848.0,1.0442972,1935.0,False
b3c38,Batch 3,857.0,1.0439119,1935.0,False
b3c38,Batch 3,865.0,1.043558,1935.0,False
b3c38,Batch 3,874.0,1.0430554,1935.0,False
b3c38,Batch 3,883.0,1.0426481,1935.0,False
b3c38,Batch 3,892.0,1.0422431,1935.0,False
b3c38,Batch 3,901.0,1.0419302,1935.0,False
b3c38,Batch 3,910.0,1.041393,1935.0,False
b3c38,Batch 3,918.0,1.041069,1935.0,False
b3c38,Batch 3,927.0,1.0406562,1935.0,False
b3c38,Batch 3,936.0,1.0402167,1935.0,False
b3c38,Batch 3,945.0,1.039785,1935.0,False
b3c38,Batch 3,954.0,1.0394243,1935.0,False
b3c38,Batch 3,963.0,1.0390528,1935.0,False
b3c38,Batch 3,971.0,1.0387199,1935.0,False
b3c38,Batch 3,980.0,1.0382843,1935.0,False
b3c38,Batch 3,989.0,1.0378915,1935.0,False
b3c38,Batch 3,998.0,1.0374707,1935.0,False
b3c38,Batch 3,1007.0,1.0371219,1935.0,False
b3c38,Batch 3,1016.0,1.0366811,1935.0,False
b3c38,Batch 3,1024.0,1.0363797,1935.0,False
b3c38,Batch 3,1033.0,1.0360276,1935.0,False
b3c38,Batch 3,1042.0,1.0357058,1935.0,False
b3c38,Batch 3,1051.0,1.0352523,1935.0,False
b3c38,Batch 3,1060.0,1.0348464,1935.0,False
b3c38,Batch 3,1069.0,1.0345116,1935.0,False
b3c38,Batch 3,1077.0,1.0341263,1935.0,False
b3c38,Batch 3,1086.0,1.0337237,1935.0,False
b3c38,Batch 3,1095.0,1.0333662,1935.0,False
b3c38,Batch 3,1104.0,1.0329205,1935.0,False
b3c38,Batch 3,1113.0,1.032527,1935.0,False
b3c38,Batch 3,1121.0,1.032163,1935.0,False
b3c38,Batch 3,1130.0,1.0317346,1935.0,False
b3c38,Batch 3,1139.0,1.0313029,1935.0,False
b3c38,Batch 3,1148.0,1.0309311,1935.0,False
b3c38,Batch 3,1157.0,1.0304945,1935.0,False
b3c38,Batch 3,1166.0,1.0300286,1935.0,False
b3c38,Batch 3,1174.0,1.0296712,1935.0,False
b3c38,Batch 3,1183.0,1.0292145,1935.0,False
b3c38,Batch 3,1192.0,1.0287229,1935.0,False
b3c38,Batch 3,1201.0,1.0282375,1935.0,False
b3c38,Batch 3,1210.0,1.0278291,1935.0,False
b3c38,Batch 3,1219.0,1.0273702,1935.0,False
b3c38,Batch 3,1227.0,1.026962,1935.0,False
b3c38,Batch 3,1236.0,1.0264423,1935.0,False
b3c38,Batch 3,1245.0,1.025979,1935.0,False
b3c38,Batch 3,1254.0,1.0254722,1935.0,False
b3c38,Batch 3,1263.0,1.0249701,1935.0,False
b3c38,Batch 3,1272.0,1.0245249,1935.0,False
b3c38,Batch 3,1280.0,1.0240827,1935.0,False
b3c38,Batch 3,1289.0,1.0235471,1935.0,False
b3c38,Batch 3,1298.0,1.0230298,1935.0,False
b3c38,Batch 3,1307.0,1.0225264,1935.0,False
b3c38,Batch 3,1316.0,1.021903,1935.0,False
b3c38,Batch 3,1324.0,1.0218087,1935.0,False
b3c38,Batch 3,1333.0,1.0214088,1935.0,False
b3c38,Batch 3,1342.0,1.0209109,1935.0,False
b3c38,Batch 3,1351.0,1.0202813,1935.0,False
b3c38,Batch 3,1360.0,1.0196592,1935.0,False
b3c38,Batch 3,1369.0,1.0190812,1935.0,False
b3c38,Batch 3,1377.0,1.0184886,1935.0,False
b3c38,Batch 3,1386.0,1.0178711,1935.0,False
b3c38,Batch 3,1395.0,1.0172938,1935.0,False
b3c38,Batch 3,1404.0,1.0166428,1935.0,False
b3c38,Batch 3,1413.0,1.0160435,1935.0,False
b3c38,Batch 3,1422.0,1.0154301,1935.0,False
b3c38,Batch 3,1430.0,1.0148141,1935.0,False
b3c38,Batch 3,1439.0,1.0141768,1935.0,False
b3c38,Batch 3,1448.0,1.0134556,1935.0,False
b3c38,Batch 3,1457.0,1.0127021,1935.0,False
b3c38,Batch 3,1466.0,1.0117794,1935.0,False
b3c38,Batch 3,1475.0,1.0110356,1935.0,False
b3c38,Batch 3,1483.0,1.0101517,1935.0,False
b3c38,Batch 3,1492.0,1.0089139,1935.0,False
b3c38,Batch 3,1501.0,1.0075821,1935.0,False
b3c38,Batch 3,1510.0,1.0062941,1935.0,False
b3c38,Batch 3,1519.0,1.0049351,1935.0,False
b3c38,Batch 3,1527.0,1.0036169,1935.0,False
b3c38,Batch 3,1536.0,1.0021162,1935.0,False
b3c38,Batch 3,1545.0,1.0005872,1935.0,False
b3c38,Batch 3,1554.0,0.99890924,1935.0,False
b3c38,Batch 3,1563.0,0.99722248,1935.0,False
b3c38,Batch 3,1572.0,0.99562854,1935.0,False
b3c38,Batch 3,1580.0,0.9938733,1935.0,False
b3c38,Batch 3,1589.0,0.99205488,1935.0,False
b3c38,Batch 3,1598.0,0.99009228,1935.0,False
b3c38,Batch 3,1607.0,0.98817778,1935.0,False
b3c38,Batch 3,1616.0,0.98628271,1935.0,False
b3c38,Batch 3,1625.0,0.98432922,1935.0,False
b3c38,Batch 3,1633.0,0.98250252,1935.0,False
b3c38,Batch 3,1642.0,0.98052824,1935.0,False
b3c38,Batch 3,1651.0,0.97861004,1935.0,False
b3c38,Batch 3,1660.0,0.97661221,1935.0,False
b3c38,Batch 3,1669.0,0.97461092,1935.0,False
b3c38,Batch 3,1678.0,0.97262877,1935.0,False
b3c38,Batch 3,1686.0,0.97061127,1935.0,False
b3c38,Batch 3,1695.0,0.96879721,1935.0,False
b3c38,Batch 3,1704.0,0.96617621,1935.0,False
b3c38,Batch 3,1713.0,0.96392643,1935.0,False
b3c38,Batch 3,1722.0,0.96155214,1935.0,False
b3c38,Batch 3,1730.0,0.95944959,1935.0,False
b3c38,Batch 3,1739.0,0.95712882,1935.0,False
b3c38,Batch 3,1748.0,0.95447057,1935.0,False
b3c38,Batch 3,1757.0,0.95195377,1935.0,False
b3c38,Batch 3,1766.0,0.94936073,1935.0,False
b3c38,Batch 3,1775.0,0.94662577,1935.0,False
b3c38,Batch 3,1783.0,0.94412994,1935.0,False
b3c38,Batch 3,1792.0,0.94118929,1935.0,False
b3c38,Batch 3,1801.0,0.93827075,1935.0,False
b3c38,Batch 3,1810.0,0.93531531,1935.0,False
b3c38,Batch 3,1819.0,0.93204558,1935.0,False
b3c38,Batch 3,1828.0,0.92871904,1935.0,False
b3c38,Batch 3,1836.0,0.92573285,1935.0,False
b3c38,Batch 3,1845.0,0.92215186,1935.0,False
b3c38,Batch 3,1854.0,0.91846806,1935.0,False
b3c38,Batch 3,1863.0,0.91474915,1935.0,False
b3c38,Batch 3,1872.0,0.91061902,1935.0,False
b3c38,Batch 3,1881.0,0.90674907,1935.0,False
b3c38,Batch 3,1889.0,0.90285689,1935.0,False
b3c38,Batch 3,1898.0,0.89836466,1935.0,False
b3c38,Batch 3,1907.0,0.89394134,1935.0,False
b3c38,Batch 3,1916.0,0.88930911,1935.0,False
b3c38,Batch 3,1925.0,0.88450533,1935.0,False
b3c38,Batch 3,1934.0,0.88000458,1935.0,False
b3c39,Batch 3,1.0,1.0464231,1156.0,False
b3c39,Batch 3,6.0,1.0493289,1156.0,False
b3c39,Batch 3,11.0,1.0505079,1156.0,False
b3c39,Batch 3,16.0,1.051082,1156.0,False
b3c39,Batch 3,22.0,1.0514532,1156.0,False
b3c39,Batch 3,27.0,1.0513729,1156.0,False
b3c39,Batch 3,32.0,1.0513372,1156.0,False
b3c39,Batch 3,37.0,1.0513947,1156.0,False
b3c39,Batch 3,43.0,1.0510852,1156.0,False
b3c39,Batch 3,48.0,1.0510266,1156.0,False
b3c39,Batch 3,53.0,1.0510039,1156.0,False
b3c39,Batch 3,58.0,1.0509552,1156.0,False
b3c39,Batch 3,64.0,1.0507969,1156.0,False
b3c39,Batch 3,69.0,1.050634,1156.0,False
b3c39,Batch 3,74.0,1.0503155,1156.0,False
b3c39,Batch 3,80.0,1.050172,1156.0,False
b3c39,Batch 3,85.0,1.0499107,1156.0,False
b3c39,Batch 3,90.0,1.0498229,1156.0,False
b3c39,Batch 3,95.0,1.0498099,1156.0,False
b3c39,Batch 3,101.0,1.0494113,1156.0,False
b3c39,Batch 3,106.0,1.0490531,1156.0,False
b3c39,Batch 3,111.0,1.0490333,1156.0,False
b3c39,Batch 3,116.0,1.0488442,1156.0,False
b3c39,Batch 3,122.0,1.0487939,1156.0,False
b3c39,Batch 3,127.0,1.0486598,1156.0,False
b3c39,Batch 3,132.0,1.0484674,1156.0,False
b3c39,Batch 3,138.0,1.0481886,1156.0,False
b3c39,Batch 3,143.0,1.0478526,1156.0,False
b3c39,Batch 3,148.0,1.047563,1156.0,False
b3c39,Batch 3,153.0,1.0473623,1156.0,False
b3c39,Batch 3,159.0,1.0473455,1156.0,False
b3c39,Batch 3,164.0,1.0471975,1156.0,False
b3c39,Batch 3,169.0,1.0470705,1156.0,False
b3c39,Batch 3,174.0,1.0467238,1156.0,False
b3c39,Batch 3,180.0,1.0464681,1156.0,False
b3c39,Batch 3,185.0,1.0462856,1156.0,False
b3c39,Batch 3,190.0,1.0463152,1156.0,False
b3c39,Batch 3,195.0,1.0460293,1156.0,False
b3c39,Batch 3,201.0,1.0458951,1156.0,False
b3c39,Batch 3,206.0,1.0457025,1156.0,False
b3c39,Batch 3,211.0,1.0454111,1156.0,False
b3c39,Batch 3,217.0,1.0449228,1156.0,False
b3c39,Batch 3,222.0,1.0448446,1156.0,False
b3c39,Batch 3,227.0,1.0448334,1156.0,False
b3c39,Batch 3,232.0,1.0446126,1156.0,False
b3c39,Batch 3,238.0,1.044384,1156.0,False
b3c39,Batch 3,243.0,1.0442472,1156.0,False
b3c39,Batch 3,248.0,1.044089,1156.0,False
b3c39,Batch 3,253.0,1.0437799,1156.0,False
b3c39,Batch 3,259.0,1.0436298,1156.0,False
b3c39,Batch 3,264.0,1.0433474,1156.0,False
b3c39,Batch 3,269.0,1.0431266,1156.0,False
b3c39,Batch 3,275.0,1.042836,1156.0,False
b3c39,Batch 3,280.0,1.0426742,1156.0,False
b3c39,Batch 3,285.0,1.0424384,1156.0,False
b3c39,Batch 3,290.0,1.0422134,1156.0,False
b3c39,Batch 3,296.0,1.0419416,1156.0,False
b3c39,Batch 3,301.0,1.0417413,1156.0,False
b3c39,Batch 3,306.0,1.0413777,1156.0,False
b3c39,Batch 3,311.0,1.0412229,1156.0,False
b3c39,Batch 3,317.0,1.0410757,1156.0,False
b3c39,Batch 3,322.0,1.0405911,1156.0,False
b3c39,Batch 3,327.0,1.0403486,1156.0,False
b3c39,Batch 3,332.0,1.0401189,1156.0,False
b3c39,Batch 3,338.0,1.0398189,1156.0,False
b3c39,Batch 3,343.0,1.0396286,1156.0,False
b3c39,Batch 3,348.0,1.0393887,1156.0,False
b3c39,Batch 3,354.0,1.0390702,1156.0,False
b3c39,Batch 3,359.0,1.0388761,1156.0,False
b3c39,Batch 3,364.0,1.0385635,1156.0,False
b3c39,Batch 3,369.0,1.03852,1156.0,False
b3c39,Batch 3,375.0,1.0382391,1156.0,False
b3c39,Batch 3,380.0,1.0378618,1156.0,False
b3c39,Batch 3,385.0,1.037645,1156.0,False
b3c39,Batch 3,390.0,1.0373024,1156.0,False
b3c39,Batch 3,396.0,1.0370641,1156.0,False
b3c39,Batch 3,401.0,1.0367764,1156.0,False
b3c39,Batch 3,406.0,1.0367063,1156.0,False
b3c39,Batch 3,412.0,1.0364751,1156.0,False
b3c39,Batch 3,417.0,1.0361491,1156.0,False
b3c39,Batch 3,422.0,1.0359511,1156.0,False
b3c39,Batch 3,427.0,1.0357085,1156.0,False
b3c39,Batch 3,433.0,1.0354595,1156.0,False
b3c39,Batch 3,438.0,1.0351504,1156.0,False
b3c39,Batch 3,443.0,1.0349687,1156.0,False
b3c39,Batch 3,448.0,1.0347091,1156.0,False
b3c39,Batch 3,454.0,1.034371,1156.0,False
b3c39,Batch 3,459.0,1.0342009,1156.0,False
b3c39,Batch 3,464.0,1.0340252,1156.0,False
b3c39,Batch 3,469.0,1.0336714,1156.0,False
b3c39,Batch 3,475.0,1.0334067,1156.0,False
b3c39,Batch 3,480.0,1.0331697,1156.0,False
b3c39,Batch 3,485.0,1.0328052,1156.0,False
b3c39,Batch 3,491.0,1.032465,1156.0,False
b3c39,Batch 3,496.0,1.0321395,1156.0,False
b3c39,Batch 3,501.0,1.0319906,1156.0,False
b3c39,Batch 3,506.0,1.031584,1156.0,False
b3c39,Batch 3,512.0,1.0315356,1156.0,False
b3c39,Batch 3,517.0,1.0312133,1156.0,False
b3c39,Batch 3,522.0,1.0309656,1156.0,False
b3c39,Batch 3,527.0,1.030642,1156.0,False
b3c39,Batch 3,533.0,1.0302655,1156.0,False
b3c39,Batch 3,538.0,1.0300443,1156.0,False
b3c39,Batch 3,543.0,1.0297439,1156.0,False
b3c39,Batch 3,549.0,1.0294453,1156.0,False
b3c39,Batch 3,554.0,1.0291735,1156.0,False
b3c39,Batch 3,559.0,1.0287446,1156.0,False
b3c39,Batch 3,564.0,1.0284534,1156.0,False
b3c39,Batch 3,570.0,1.0280323,1156.0,False
b3c39,Batch 3,575.0,1.0276128,1156.0,False
b3c39,Batch 3,580.0,1.0274156,1156.0,False
b3c39,Batch 3,585.0,1.0272357,1156.0,False
b3c39,Batch 3,591.0,1.0268892,1156.0,False
b3c39,Batch 3,596.0,1.0266162,1156.0,False
b3c39,Batch 3,601.0,1.0262733,1156.0,False
b3c39,Batch 3,606.0,1.0259339,1156.0,False
b3c39,Batch 3,612.0,1.0255349,1156.0,False
b3c39,Batch 3,617.0,1.0253381,1156.0,False
b3c39,Batch 3,622.0,1.0250416,1156.0,False
b3c39,Batch 3,628.0,1.0248767,1156.0,False
b3c39,Batch 3,633.0,1.0245733,1156.0,False
b3c39,Batch 3,638.0,1.024433,1156.0,False
b3c39,Batch 3,643.0,1.0240449,1156.0,False
b3c39,Batch 3,649.0,1.0236229,1156.0,False
b3c39,Batch 3,654.0,1.0235516,1156.0,False
b3c39,Batch 3,659.0,1.0232116,1156.0,False
b3c39,Batch 3,664.0,1.0228623,1156.0,False
b3c39,Batch 3,670.0,1.0224936,1156.0,False
b3c39,Batch 3,675.0,1.0222011,1156.0,False
b3c39,Batch 3,680.0,1.0219622,1156.0,False
b3c39,Batch 3,686.0,1.0215013,1156.0,False
b3c39,Batch 3,691.0,1.0212643,1156.0,False
b3c39,Batch 3,696.0,1.0209842,1156.0,False
b3c39,Batch 3,701.0,1.0207144,1156.0,False
b3c39,Batch 3,707.0,1.0202237,1156.0,False
b3c39,Batch 3,712.0,1.0198678,1156.0,False
b3c39,Batch 3,717.0,1.0194504,1156.0,False
b3c39,Batch 3,722.0,1.0192384,1156.0,False
b3c39,Batch 3,728.0,1.0188216,1156.0,False
b3c39,Batch 3,733.0,1.0184363,1156.0,False
b3c39,Batch 3,738.0,1.0181183,1156.0,False
b3c39,Batch 3,743.0,1.017777,1156.0,False
b3c39,Batch 3,749.0,1.0172908,1156.0,False
b3c39,Batch 3,754.0,1.0169148,1156.0,False
b3c39,Batch 3,759.0,1.0165191,1156.0,False
b3c39,Batch 3,765.0,1.0161387,1156.0,False
b3c39,Batch 3,770.0,1.0157397,1156.0,False
b3c39,Batch 3,775.0,1.0153651,1156.0,False
b3c39,Batch 3,780.0,1.0149888,1156.0,False
b3c39,Batch 3,786.0,1.0146694,1156.0,False
b3c39,Batch 3,791.0,1.0142519,1156.0,False
b3c39,Batch 3,796.0,1.0138695,1156.0,False
b3c39,Batch 3,801.0,1.0133128,1156.0,False
b3c39,Batch 3,807.0,1.0130142,1156.0,False
b3c39,Batch 3,812.0,1.01256,1156.0,False
b3c39,Batch 3,817.0,1.0123599,1156.0,False
b3c39,Batch 3,823.0,1.0118061,1156.0,False
b3c39,Batch 3,828.0,1.0112779,1156.0,False
b3c39,Batch 3,833.0,1.0109249,1156.0,False
b3c39,Batch 3,838.0,1.0104909,1156.0,False
b3c39,Batch 3,844.0,1.0100032,1156.0,False
b3c39,Batch 3,849.0,1.0096459,1156.0,False
b3c39,Batch 3,854.0,1.0091313,1156.0,False
b3c39,Batch 3,859.0,1.0086209,1156.0,False
b3c39,Batch 3,865.0,1.0079335,1156.0,False
b3c39,Batch 3,870.0,1.007442,1156.0,False
b3c39,Batch 3,875.0,1.0068544,1156.0,False
b3c39,Batch 3,880.0,1.006386,1156.0,False
b3c39,Batch 3,886.0,1.005839,1156.0,False
b3c39,Batch 3,891.0,1.0052738,1156.0,False
b3c39,Batch 3,896.0,1.0048285,1156.0,False
b3c39,Batch 3,902.0,1.0041187,1156.0,False
b3c39,Batch 3,907.0,1.003564,1156.0,False
b3c39,Batch 3,912.0,1.002916,1156.0,False
b3c39,Batch 3,917.0,1.0023016,1156.0,False
b3c39,Batch 3,923.0,1.0015501,1156.0,False
b3c39,Batch 3,928.0,1.0009192,1156.0,False
b3c39,Batch 3,933.0,1.0002277,1156.0,False
b3c39,Batch 3,938.0,0.99952608,1156.0,False
b3c39,Batch 3,944.0,0.99868411,1156.0,False
b3c39,Batch 3,949.0,0.99797577,1156.0,False
b3c39,Batch 3,954.0,0.99724537,1156.0,False
b3c39,Batch 3,960.0,0.99620801,1156.0,False
b3c39,Batch 3,965.0,0.99535334,1156.0,False
b3c39,Batch 3,970.0,0.99454987,1156.0,False
b3c39,Batch 3,975.0,0.99361092,1156.0,False
b3c39,Batch 3,981.0,0.99236995,1156.0,False
b3c39,Batch 3,986.0,0.99128187,1156.0,False
b3c39,Batch 3,991.0,0.99009764,1156.0,False
b3c39,Batch 3,996.0,0.98896557,1156.0,False
b3c39,Batch 3,1002.0,0.9874267,1156.0,False
b3c39,Batch 3,1007.0,0.98613948,1156.0,False
b3c39,Batch 3,1012.0,0.98479283,1156.0,False
b3c39,Batch 3,1017.0,0.98326868,1156.0,False
b3c39,Batch 3,1023.0,0.98147279,1156.0,False
b3c39,Batch 3,1028.0,0.97973031,1156.0,False
b3c39,Batch 3,1033.0,0.9779495,1156.0,False
b3c39,Batch 3,1039.0,0.97571063,1156.0,False
b3c39,Batch 3,1044.0,0.97353613,1156.0,False
b3c39,Batch 3,1049.0,0.97129011,1156.0,False
b3c39,Batch 3,1054.0,0.96892995,1156.0,False
b3c39,Batch 3,1060.0,0.96576011,1156.0,False
b3c39,Batch 3,1065.0,0.96290648,1156.0,False
b3c39,Batch 3,1070.0,0.95965523,1156.0,False
b3c39,Batch 3,1075.0,0.95631081,1156.0,False
b3c39,Batch 3,1081.0,0.95178002,1156.0,False
b3c39,Batch 3,1086.0,0.94786155,1156.0,False
b3c39,Batch 3,1091.0,0.94365388,1156.0,False
b3c39,Batch 3,1097.0,0.93854868,1156.0,False
b3c39,Batch 3,1102.0,0.93409652,1156.0,False
b3c39,Batch 3,1107.0,0.92951065,1156.0,False
b3c39,Batch 3,1112.0,0.92485827,1156.0,False
b3c39,Batch 3,1118.0,0.91903245,1156.0,False
b3c39,Batch 3,1123.0,0.91403925,1156.0,False
b3c39,Batch 3,1128.0,0.90902239,1156.0,False
b3c39,Batch 3,1133.0,0.90376824,1156.0,False
b3c39,Batch 3,1139.0,0.89748621,1156.0,False
b3c39,Batch 3,1144.0,0.8922736,1156.0,False
b3c39,Batch 3,1149.0,0.8869459,1156.0,False
b3c39,Batch 3,1155.0,0.88043225,1156.0,False
b3c40,Batch 3,1.0,1.0581568,796.0,False
b3c40,Batch 3,4.0,1.0608622,796.0,False
b3c40,Batch 3,8.0,1.0627854,796.0,False
b3c40,Batch 3,11.0,1.0632515,796.0,False
b3c40,Batch 3,15.0,1.0635124,796.0,False
b3c40,Batch 3,19.0,1.0638275,796.0,False
b3c40,Batch 3,22.0,1.0636678,796.0,False
b3c40,Batch 3,26.0,1.0636543,796.0,False
b3c40,Batch 3,30.0,1.0637128,796.0,False
b3c40,Batch 3,33.0,1.0638216,796.0,False
b3c40,Batch 3,37.0,1.0637673,796.0,False
b3c40,Batch 3,40.0,1.063656,796.0,False
b3c40,Batch 3,44.0,1.0634153,796.0,False
b3c40,Batch 3,48.0,1.063566,796.0,False
b3c40,Batch 3,51.0,1.0635291,796.0,False
b3c40,Batch 3,55.0,1.0634134,796.0,False
b3c40,Batch 3,59.0,1.0633377,796.0,False
b3c40,Batch 3,62.0,1.0632153,796.0,False
b3c40,Batch 3,66.0,1.0630136,796.0,False
b3c40,Batch 3,69.0,1.0627911,796.0,False
b3c40,Batch 3,73.0,1.0629095,796.0,False
b3c40,Batch 3,77.0,1.0625931,796.0,False
b3c40,Batch 3,80.0,1.0625734,796.0,False
b3c40,Batch 3,84.0,1.0624675,796.0,False
b3c40,Batch 3,88.0,1.0624385,796.0,False
b3c40,Batch 3,91.0,1.0622327,796.0,False
b3c40,Batch 3,95.0,1.0620764,796.0,False
b3c40,Batch 3,98.0,1.0619596,796.0,False
b3c40,Batch 3,102.0,1.0617487,796.0,False
b3c40,Batch 3,106.0,1.0615852,796.0,False
b3c40,Batch 3,109.0,1.0616213,796.0,False
b3c40,Batch 3,113.0,1.0613886,796.0,False
b3c40,Batch 3,117.0,1.0613396,796.0,False
b3c40,Batch 3,120.0,1.0611969,796.0,False
b3c40,Batch 3,124.0,1.0610636,796.0,False
b3c40,Batch 3,127.0,1.0609878,796.0,False
b3c40,Batch 3,131.0,1.0606223,796.0,False
b3c40,Batch 3,135.0,1.0604309,796.0,False
b3c40,Batch 3,138.0,1.0602305,796.0,False
b3c40,Batch 3,142.0,1.0602816,796.0,False
b3c40,Batch 3,146.0,1.0600537,796.0,False
b3c40,Batch 3,149.0,1.0599092,796.0,False
b3c40,Batch 3,153.0,1.059734,796.0,False
b3c40,Batch 3,156.0,1.0595965,796.0,False
b3c40,Batch 3,160.0,1.0592973,796.0,False
b3c40,Batch 3,164.0,1.0590475,796.0,False
b3c40,Batch 3,167.0,1.058952,796.0,False
b3c40,Batch 3,171.0,1.0588744,796.0,False
b3c40,Batch 3,175.0,1.0587535,796.0,False
b3c40,Batch 3,178.0,1.0585959,796.0,False
b3c40,Batch 3,182.0,1.0583612,796.0,False
b3c40,Batch 3,185.0,1.0581356,796.0,False
b3c40,Batch 3,189.0,1.0580075,796.0,False
b3c40,Batch 3,193.0,1.0576942,796.0,False
b3c40,Batch 3,196.0,1.0574685,796.0,False
b3c40,Batch 3,200.0,1.057317,796.0,False
b3c40,Batch 3,204.0,1.0572563,796.0,False
b3c40,Batch 3,207.0,1.0570797,796.0,False
b3c40,Batch 3,211.0,1.0569496,796.0,False
b3c40,Batch 3,214.0,1.0566932,796.0,False
b3c40,Batch 3,218.0,1.0565472,796.0,False
b3c40,Batch 3,222.0,1.056316,796.0,False
b3c40,Batch 3,225.0,1.0562264,796.0,False
b3c40,Batch 3,229.0,1.0559539,796.0,False
b3c40,Batch 3,233.0,1.0557766,796.0,False
b3c40,Batch 3,236.0,1.0556008,796.0,False
b3c40,Batch 3,240.0,1.0554941,796.0,False
b3c40,Batch 3,243.0,1.0552694,796.0,False
b3c40,Batch 3,247.0,1.0549879,796.0,False
b3c40,Batch 3,251.0,1.0547812,796.0,False
b3c40,Batch 3,254.0,1.0545331,796.0,False
b3c40,Batch 3,258.0,1.0543417,796.0,False
b3c40,Batch 3,262.0,1.0540105,796.0,False
b3c40,Batch 3,265.0,1.0538151,796.0,False
b3c40,Batch 3,269.0,1.0536437,796.0,False
b3c40,Batch 3,272.0,1.0533435,796.0,False
b3c40,Batch 3,276.0,1.0530294,796.0,False
b3c40,Batch 3,280.0,1.0528067,796.0,False
b3c40,Batch 3,283.0,1.052685,796.0,False
b3c40,Batch 3,287.0,1.0523654,796.0,False
b3c40,Batch 3,291.0,1.0519538,796.0,False
b3c40,Batch 3,294.0,1.0517956,796.0,False
b3c40,Batch 3,298.0,1.0516095,796.0,False
b3c40,Batch 3,301.0,1.0512495,796.0,False
b3c40,Batch 3,305.0,1.0509878,796.0,False
b3c40,Batch 3,309.0,1.0507663,796.0,False
b3c40,Batch 3,312.0,1.0504764,796.0,False
b3c40,Batch 3,316.0,1.0502204,796.0,False
b3c40,Batch 3,320.0,1.0500219,796.0,False
b3c40,Batch 3,323.0,1.0497216,796.0,False
b3c40,Batch 3,327.0,1.0493265,796.0,False
b3c40,Batch 3,330.0,1.0491315,796.0,False
b3c40,Batch 3,334.0,1.0488305,796.0,False
b3c40,Batch 3,338.0,1.0485179,796.0,False
b3c40,Batch 3,341.0,1.048344,796.0,False
b3c40,Batch 3,345.0,1.047936,796.0,False
b3c40,Batch 3,349.0,1.0475783,796.0,False
b3c40,Batch 3,352.0,1.0473218,796.0,False
b3c40,Batch 3,356.0,1.0469536,796.0,False
b3c40,Batch 3,359.0,1.0467134,796.0,False
b3c40,Batch 3,363.0,1.0464325,796.0,False
b3c40,Batch 3,367.0,1.0462258,796.0,False
b3c40,Batch 3,370.0,1.0460314,796.0,False
b3c40,Batch 3,374.0,1.045634,796.0,False
b3c40,Batch 3,378.0,1.045457,796.0,False
b3c40,Batch 3,381.0,1.0451722,796.0,False
b3c40,Batch 3,385.0,1.0448053,796.0,False
b3c40,Batch 3,388.0,1.0444617,796.0,False
b3c40,Batch 3,392.0,1.0441724,796.0,False
b3c40,Batch 3,396.0,1.0439069,796.0,False
b3c40,Batch 3,399.0,1.0436144,796.0,False
b3c40,Batch 3,403.0,1.0431483,796.0,False
b3c40,Batch 3,407.0,1.0427711,796.0,False
b3c40,Batch 3,410.0,1.0424683,796.0,False
b3c40,Batch 3,414.0,1.0421817,796.0,False
b3c40,Batch 3,417.0,1.0419155,796.0,False
b3c40,Batch 3,421.0,1.0415308,796.0,False
b3c40,Batch 3,425.0,1.04111,796.0,False
b3c40,Batch 3,428.0,1.0408888,796.0,False
b3c40,Batch 3,432.0,1.040476,796.0,False
b3c40,Batch 3,436.0,1.0401036,796.0,False
b3c40,Batch 3,439.0,1.0397867,796.0,False
b3c40,Batch 3,443.0,1.0394258,796.0,False
b3c40,Batch 3,446.0,1.0390056,796.0,False
b3c40,Batch 3,450.0,1.0384923,796.0,False
b3c40,Batch 3,454.0,1.037899,796.0,False
b3c40,Batch 3,457.0,1.0375776,796.0,False
b3c40,Batch 3,461.0,1.0372963,796.0,False
b3c40,Batch 3,465.0,1.036945,796.0,False
b3c40,Batch 3,468.0,1.0366777,796.0,False
b3c40,Batch 3,472.0,1.036162,796.0,False
b3c40,Batch 3,475.0,1.035799,796.0,False
b3c40,Batch 3,479.0,1.0352987,796.0,False
b3c40,Batch 3,483.0,1.0348197,796.0,False
b3c40,Batch 3,486.0,1.0343084,796.0,False
b3c40,Batch 3,490.0,1.0338203,796.0,False
b3c40,Batch 3,494.0,1.0333951,796.0,False
b3c40,Batch 3,497.0,1.0329428,796.0,False
b3c40,Batch 3,501.0,1.032423,796.0,False
b3c40,Batch 3,504.0,1.0319911,796.0,False
b3c40,Batch 3,508.0,1.0314049,796.0,False
b3c40,Batch 3,512.0,1.0307645,796.0,False
b3c40,Batch 3,515.0,1.030248,796.0,False
b3c40,Batch 3,519.0,1.0294482,796.0,False
b3c40,Batch 3,523.0,1.0288385,796.0,False
b3c40,Batch 3,526.0,1.0284448,796.0,False
b3c40,Batch 3,530.0,1.0278829,796.0,False
b3c40,Batch 3,533.0,1.0274991,796.0,False
b3c40,Batch 3,537.0,1.0268195,796.0,False
b3c40,Batch 3,541.0,1.0260259,796.0,False
b3c40,Batch 3,544.0,1.0254349,796.0,False
b3c40,Batch 3,548.0,1.0246222,796.0,False
b3c40,Batch 3,552.0,1.0238687,796.0,False
b3c40,Batch 3,555.0,1.0234292,796.0,False
b3c40,Batch 3,559.0,1.0225608,796.0,False
b3c40,Batch 3,562.0,1.0219657,796.0,False
b3c40,Batch 3,566.0,1.021306,796.0,False
b3c40,Batch 3,570.0,1.0206002,796.0,False
b3c40,Batch 3,573.0,1.0199829,796.0,False
b3c40,Batch 3,577.0,1.0191702,796.0,False
b3c40,Batch 3,581.0,1.0183058,796.0,False
b3c40,Batch 3,584.0,1.0175787,796.0,False
b3c40,Batch 3,588.0,1.0166504,796.0,False
b3c40,Batch 3,591.0,1.0159312,796.0,False
b3c40,Batch 3,595.0,1.0150007,796.0,False
b3c40,Batch 3,599.0,1.0139844,796.0,False
b3c40,Batch 3,602.0,1.0131279,796.0,False
b3c40,Batch 3,606.0,1.0121001,796.0,False
b3c40,Batch 3,610.0,1.0109955,796.0,False
b3c40,Batch 3,613.0,1.0101053,796.0,False
b3c40,Batch 3,617.0,1.0088687,796.0,False
b3c40,Batch 3,620.0,1.0080097,796.0,False
b3c40,Batch 3,624.0,1.0067852,796.0,False
b3c40,Batch 3,628.0,1.0055324,796.0,False
b3c40,Batch 3,631.0,1.0046275,796.0,False
b3c40,Batch 3,635.0,1.0032589,796.0,False
b3c40,Batch 3,639.0,1.0017256,796.0,False
b3c40,Batch 3,642.0,1.0006737,796.0,False
b3c40,Batch 3,646.0,0.99923581,796.0,False
b3c40,Batch 3,649.0,0.99808466,796.0,False
b3c40,Batch 3,653.0,0.99637085,796.0,False
b3c40,Batch 3,657.0,0.99484181,796.0,False
b3c40,Batch 3,660.0,0.99355423,796.0,False
b3c40,Batch 3,664.0,0.99187225,796.0,False
b3c40,Batch 3,668.0,0.98999691,796.0,False
b3c40,Batch 3,671.0,0.9885717,796.0,False
b3c40,Batch 3,675.0,0.98654407,796.0,False
b3c40,Batch 3,678.0,0.98498589,796.0,False
b3c40,Batch 3,682.0,0.9829042,796.0,False
b3c40,Batch 3,686.0,0.9806174,796.0,False
b3c40,Batch 3,689.0,0.97887009,796.0,False
b3c40,Batch 3,693.0,0.97659403,796.0,False
b3c40,Batch 3,697.0,0.97407997,796.0,False
b3c40,Batch 3,700.0,0.972224,796.0,False
b3c40,Batch 3,704.0,0.96958917,796.0,False
b3c40,Batch 3,707.0,0.96763879,796.0,False
b3c40,Batch 3,711.0,0.96497005,796.0,False
b3c40,Batch 3,715.0,0.96199846,796.0,False
b3c40,Batch 3,718.0,0.95973766,796.0,False
b3c40,Batch 3,722.0,0.95673454,796.0,False
b3c40,Batch 3,726.0,0.95352519,796.0,False
b3c40,Batch 3,729.0,0.95103675,796.0,False
b3c40,Batch 3,733.0,0.94768339,796.0,False
b3c40,Batch 3,736.0,0.94503891,796.0,False
b3c40,Batch 3,740.0,0.9414869,796.0,False
b3c40,Batch 3,744.0,0.93793207,796.0,False
b3c40,Batch 3,747.0,0.93511915,796.0,False
b3c40,Batch 3,751.0,0.93113554,796.0,False
b3c40,Batch 3,755.0,0.92710525,796.0,False
b3c40,Batch 3,758.0,0.9240467,796.0,False
b3c40,Batch 3,762.0,0.91965663,796.0,False
b3c40,Batch 3,765.0,0.91643131,796.0,False
b3c40,Batch 3,769.0,0.91188151,796.0,False
b3c40,Batch 3,773.0,0.90730095,796.0,False
b3c40,Batch 3,776.0,0.90379941,796.0,False
b3c40,Batch 3,780.0,0.89909989,796.0,False
b3c40,Batch 3,784.0,0.89415771,796.0,False
b3c40,Batch 3,787.0,0.89039862,796.0,False
b3c40,Batch 3,791.0,0.88544285,796.0,False
b3c40,Batch 3,795.0,0.88070726,796.0,False
b3c41,Batch 3,1.0,1.0491925,786.0,False
b3c41,Batch 3,4.0,1.0520619,786.0,False
b3c41,Batch 3,8.0,1.0534476,786.0,False
b3c41,Batch 3,11.0,1.0537957,786.0,False
b3c41,Batch 3,15.0,1.0540271,786.0,False
b3c41,Batch 3,18.0,1.0542873,786.0,False
b3c41,Batch 3,22.0,1.0544289,786.0,False
b3c41,Batch 3,26.0,1.0544939,786.0,False
b3c41,Batch 3,29.0,1.0546381,786.0,False
b3c41,Batch 3,33.0,1.0548581,786.0,False
b3c41,Batch 3,36.0,1.0548272,786.0,False
b3c41,Batch 3,40.0,1.0547144,786.0,False
b3c41,Batch 3,43.0,1.0547259,786.0,False
b3c41,Batch 3,47.0,1.0547012,786.0,False
b3c41,Batch 3,51.0,1.0547957,786.0,False
b3c41,Batch 3,54.0,1.0548587,786.0,False
b3c41,Batch 3,58.0,1.0548838,786.0,False
b3c41,Batch 3,61.0,1.0548073,786.0,False
b3c41,Batch 3,65.0,1.0547622,786.0,False
b3c41,Batch 3,69.0,1.054605,786.0,False
b3c41,Batch 3,72.0,1.0545412,786.0,False
b3c41,Batch 3,76.0,1.0545735,786.0,False
b3c41,Batch 3,79.0,1.0544859,786.0,False
b3c41,Batch 3,83.0,1.0543635,786.0,False
b3c41,Batch 3,86.0,1.0543479,786.0,False
b3c41,Batch 3,90.0,1.0545096,786.0,False
b3c41,Batch 3,94.0,1.0544164,786.0,False
b3c41,Batch 3,97.0,1.0541859,786.0,False
b3c41,Batch 3,101.0,1.0540829,786.0,False
b3c41,Batch 3,104.0,1.0539641,786.0,False
b3c41,Batch 3,108.0,1.0538663,786.0,False
b3c41,Batch 3,111.0,1.0538731,786.0,False
b3c41,Batch 3,115.0,1.0538859,786.0,False
b3c41,Batch 3,119.0,1.0538505,786.0,False
b3c41,Batch 3,122.0,1.0538648,786.0,False
b3c41,Batch 3,126.0,1.0538388,786.0,False
b3c41,Batch 3,129.0,1.0536827,786.0,False
b3c41,Batch 3,133.0,1.0534793,786.0,False
b3c41,Batch 3,137.0,1.0533124,786.0,False
b3c41,Batch 3,140.0,1.0531653,786.0,False
b3c41,Batch 3,144.0,1.0529855,786.0,False
b3c41,Batch 3,147.0,1.053121,786.0,False
b3c41,Batch 3,151.0,1.0530657,786.0,False
b3c41,Batch 3,154.0,1.052966,786.0,False
b3c41,Batch 3,158.0,1.0527813,786.0,False
b3c41,Batch 3,162.0,1.0526623,786.0,False
b3c41,Batch 3,165.0,1.0524096,786.0,False
b3c41,Batch 3,169.0,1.0522636,786.0,False
b3c41,Batch 3,172.0,1.052063,786.0,False
b3c41,Batch 3,176.0,1.0520878,786.0,False
b3c41,Batch 3,179.0,1.0521051,786.0,False
b3c41,Batch 3,183.0,1.051929,786.0,False
b3c41,Batch 3,187.0,1.0519341,786.0,False
b3c41,Batch 3,190.0,1.0517291,786.0,False
b3c41,Batch 3,194.0,1.0515853,786.0,False
b3c41,Batch 3,197.0,1.0514241,786.0,False
b3c41,Batch 3,201.0,1.0511335,786.0,False
b3c41,Batch 3,205.0,1.0508331,786.0,False
b3c41,Batch 3,208.0,1.0509684,786.0,False
b3c41,Batch 3,212.0,1.0508482,786.0,False
b3c41,Batch 3,215.0,1.0507299,786.0,False
b3c41,Batch 3,219.0,1.0505898,786.0,False
b3c41,Batch 3,222.0,1.0504992,786.0,False
b3c41,Batch 3,226.0,1.0503969,786.0,False
b3c41,Batch 3,230.0,1.0502976,786.0,False
b3c41,Batch 3,233.0,1.0500981,786.0,False
b3c41,Batch 3,237.0,1.0498784,786.0,False
b3c41,Batch 3,240.0,1.0498451,786.0,False
b3c41,Batch 3,244.0,1.0496509,786.0,False
b3c41,Batch 3,248.0,1.0494639,786.0,False
b3c41,Batch 3,251.0,1.0493397,786.0,False
b3c41,Batch 3,255.0,1.0491362,786.0,False
b3c41,Batch 3,258.0,1.0490803,786.0,False
b3c41,Batch 3,262.0,1.0488153,786.0,False
b3c41,Batch 3,265.0,1.0486721,786.0,False
b3c41,Batch 3,269.0,1.0484546,786.0,False
b3c41,Batch 3,273.0,1.0482647,786.0,False
b3c41,Batch 3,276.0,1.0481877,786.0,False
b3c41,Batch 3,280.0,1.0479482,786.0,False
b3c41,Batch 3,283.0,1.0478314,786.0,False
b3c41,Batch 3,287.0,1.0475606,786.0,False
b3c41,Batch 3,290.0,1.0474739,786.0,False
b3c41,Batch 3,294.0,1.0472814,786.0,False
b3c41,Batch 3,298.0,1.0469701,786.0,False
b3c41,Batch 3,301.0,1.046757,786.0,False
b3c41,Batch 3,305.0,1.0465009,786.0,False
b3c41,Batch 3,308.0,1.0464818,786.0,False
b3c41,Batch 3,312.0,1.0461868,786.0,False
b3c41,Batch 3,316.0,1.0460161,786.0,False
b3c41,Batch 3,319.0,1.045814,786.0,False
b3c41,Batch 3,323.0,1.0455185,786.0,False
b3c41,Batch 3,326.0,1.0453122,786.0,False
b3c41,Batch 3,330.0,1.0450903,786.0,False
b3c41,Batch 3,333.0,1.0448738,786.0,False
b3c41,Batch 3,337.0,1.0446352,786.0,False
b3c41,Batch 3,341.0,1.0443803,786.0,False
b3c41,Batch 3,344.0,1.0441594,786.0,False
b3c41,Batch 3,348.0,1.0440215,786.0,False
b3c41,Batch 3,351.0,1.0438123,786.0,False
b3c41,Batch 3,355.0,1.0435063,786.0,False
b3c41,Batch 3,358.0,1.0432591,786.0,False
b3c41,Batch 3,362.0,1.0429258,786.0,False
b3c41,Batch 3,366.0,1.0426987,786.0,False
b3c41,Batch 3,369.0,1.0424504,786.0,False
b3c41,Batch 3,373.0,1.0421799,786.0,False
b3c41,Batch 3,376.0,1.0419921,786.0,False
b3c41,Batch 3,380.0,1.0418299,786.0,False
b3c41,Batch 3,384.0,1.0416124,786.0,False
b3c41,Batch 3,387.0,1.0413172,786.0,False
b3c41,Batch 3,391.0,1.0411123,786.0,False
b3c41,Batch 3,394.0,1.0408974,786.0,False
b3c41,Batch 3,398.0,1.0406159,786.0,False
b3c41,Batch 3,401.0,1.0403852,786.0,False
b3c41,Batch 3,405.0,1.0400873,786.0,False
b3c41,Batch 3,409.0,1.0398313,786.0,False
b3c41,Batch 3,412.0,1.0395972,786.0,False
b3c41,Batch 3,416.0,1.0392441,786.0,False
b3c41,Batch 3,419.0,1.0390059,786.0,False
b3c41,Batch 3,423.0,1.0386294,786.0,False
b3c41,Batch 3,427.0,1.038314,786.0,False
b3c41,Batch 3,430.0,1.0381037,786.0,False
b3c41,Batch 3,434.0,1.0377475,786.0,False
b3c41,Batch 3,437.0,1.0374545,786.0,False
b3c41,Batch 3,441.0,1.0371095,786.0,False
b3c41,Batch 3,444.0,1.0369083,786.0,False
b3c41,Batch 3,448.0,1.036566,786.0,False
b3c41,Batch 3,452.0,1.0361243,786.0,False
b3c41,Batch 3,455.0,1.0358503,786.0,False
b3c41,Batch 3,459.0,1.035478,786.0,False
b3c41,Batch 3,462.0,1.035108,786.0,False
b3c41,Batch 3,466.0,1.0345364,786.0,False
b3c41,Batch 3,469.0,1.0342022,786.0,False
b3c41,Batch 3,473.0,1.0340316,786.0,False
b3c41,Batch 3,477.0,1.0336585,786.0,False
b3c41,Batch 3,480.0,1.0333152,786.0,False
b3c41,Batch 3,484.0,1.0328712,786.0,False
b3c41,Batch 3,487.0,1.0325391,786.0,False
b3c41,Batch 3,491.0,1.0320767,786.0,False
b3c41,Batch 3,495.0,1.031569,786.0,False
b3c41,Batch 3,498.0,1.03124,786.0,False
b3c41,Batch 3,502.0,1.0307139,786.0,False
b3c41,Batch 3,505.0,1.030386,786.0,False
b3c41,Batch 3,509.0,1.0298542,786.0,False
b3c41,Batch 3,512.0,1.0294284,786.0,False
b3c41,Batch 3,516.0,1.0288558,786.0,False
b3c41,Batch 3,520.0,1.0282224,786.0,False
b3c41,Batch 3,523.0,1.0277857,786.0,False
b3c41,Batch 3,527.0,1.0270742,786.0,False
b3c41,Batch 3,530.0,1.0264477,786.0,False
b3c41,Batch 3,534.0,1.0257065,786.0,False
b3c41,Batch 3,537.0,1.0252783,786.0,False
b3c41,Batch 3,541.0,1.0247399,786.0,False
b3c41,Batch 3,545.0,1.0240701,786.0,False
b3c41,Batch 3,548.0,1.0235525,786.0,False
b3c41,Batch 3,552.0,1.0228332,786.0,False
b3c41,Batch 3,555.0,1.0221316,786.0,False
b3c41,Batch 3,559.0,1.0212702,786.0,False
b3c41,Batch 3,563.0,1.0203625,786.0,False
b3c41,Batch 3,566.0,1.0196832,786.0,False
b3c41,Batch 3,570.0,1.0187916,786.0,False
b3c41,Batch 3,573.0,1.0180571,786.0,False
b3c41,Batch 3,577.0,1.0171266,786.0,False
b3c41,Batch 3,580.0,1.0164968,786.0,False
b3c41,Batch 3,584.0,1.015569,786.0,False
b3c41,Batch 3,588.0,1.014502,786.0,False
b3c41,Batch 3,591.0,1.0138131,786.0,False
b3c41,Batch 3,595.0,1.0127922,786.0,False
b3c41,Batch 3,598.0,1.0118752,786.0,False
b3c41,Batch 3,602.0,1.0106144,786.0,False
b3c41,Batch 3,606.0,1.0095098,786.0,False
b3c41,Batch 3,609.0,1.008526,786.0,False
b3c41,Batch 3,613.0,1.0071464,786.0,False
b3c41,Batch 3,616.0,1.0060979,786.0,False
b3c41,Batch 3,620.0,1.004712,786.0,False
b3c41,Batch 3,623.0,1.0035321,786.0,False
b3c41,Batch 3,627.0,1.0019336,786.0,False
b3c41,Batch 3,631.0,1.0003067,786.0,False
b3c41,Batch 3,634.0,0.99908835,786.0,False
b3c41,Batch 3,638.0,0.9973706,786.0,False
b3c41,Batch 3,641.0,0.9960584,786.0,False
b3c41,Batch 3,645.0,0.99444485,786.0,False
b3c41,Batch 3,648.0,0.99304169,786.0,False
b3c41,Batch 3,652.0,0.99125689,786.0,False
b3c41,Batch 3,656.0,0.98936141,786.0,False
b3c41,Batch 3,659.0,0.98788965,786.0,False
b3c41,Batch 3,663.0,0.98589218,786.0,False
b3c41,Batch 3,666.0,0.98435873,786.0,False
b3c41,Batch 3,670.0,0.98222423,786.0,False
b3c41,Batch 3,674.0,0.9801482,786.0,False
b3c41,Batch 3,677.0,0.97846973,786.0,False
b3c41,Batch 3,681.0,0.97626764,786.0,False
b3c41,Batch 3,684.0,0.97446632,786.0,False
b3c41,Batch 3,688.0,0.97196746,786.0,False
b3c41,Batch 3,691.0,0.97008449,786.0,False
b3c41,Batch 3,695.0,0.96736717,786.0,False
b3c41,Batch 3,699.0,0.96465009,786.0,False
b3c41,Batch 3,702.0,0.9624843,786.0,False
b3c41,Batch 3,706.0,0.95963907,786.0,False
b3c41,Batch 3,709.0,0.95726949,786.0,False
b3c41,Batch 3,713.0,0.95412207,786.0,False
b3c41,Batch 3,716.0,0.95161384,786.0,False
b3c41,Batch 3,720.0,0.94816864,786.0,False
b3c41,Batch 3,724.0,0.94464314,786.0,False
b3c41,Batch 3,727.0,0.94183612,786.0,False
b3c41,Batch 3,731.0,0.93804455,786.0,False
b3c41,Batch 3,734.0,0.93513024,786.0,False
b3c41,Batch 3,738.0,0.93119317,786.0,False
b3c41,Batch 3,742.0,0.92711473,786.0,False
b3c41,Batch 3,745.0,0.92389858,786.0,False
b3c41,Batch 3,749.0,0.91978568,786.0,False
b3c41,Batch 3,752.0,0.91659516,786.0,False
b3c41,Batch 3,756.0,0.91224974,786.0,False
b3c41,Batch 3,759.0,0.90906477,786.0,False
b3c41,Batch 3,763.0,0.90472662,786.0,False
b3c41,Batch 3,767.0,0.90029836,786.0,False
b3c41,Batch 3,770.0,0.89694554,786.0,False
b3c41,Batch 3,774.0,0.89252615,786.0,False
b3c41,Batch 3,777.0,0.88922447,786.0,False
b3c41,Batch 3,781.0,0.88468599,786.0,False
b3c41,Batch 3,785.0,0.88062328,786.0,False
b3c44,Batch 3,1.0,1.0686373,940.0,False
b3c44,Batch 3,5.0,1.0714406,940.0,False
b3c44,Batch 3,9.0,1.0725998,940.0,False
b3c44,Batch 3,13.0,1.0731919,940.0,False
b3c44,Batch 3,18.0,1.0735102,940.0,False
b3c44,Batch 3,22.0,1.0737607,940.0,False
b3c44,Batch 3,26.0,1.0737405,940.0,False
b3c44,Batch 3,30.0,1.0737871,940.0,False
b3c44,Batch 3,35.0,1.073807,940.0,False
b3c44,Batch 3,39.0,1.0738751,940.0,False
b3c44,Batch 3,43.0,1.0736297,940.0,False
b3c44,Batch 3,48.0,1.073707,940.0,False
b3c44,Batch 3,52.0,1.073758,940.0,False
b3c44,Batch 3,56.0,1.0737664,940.0,False
b3c44,Batch 3,60.0,1.073676,940.0,False
b3c44,Batch 3,65.0,1.0735945,940.0,False
b3c44,Batch 3,69.0,1.0734622,940.0,False
b3c44,Batch 3,73.0,1.0733467,940.0,False
b3c44,Batch 3,78.0,1.0732342,940.0,False
b3c44,Batch 3,82.0,1.0732416,940.0,False
b3c44,Batch 3,86.0,1.0732335,940.0,False
b3c44,Batch 3,90.0,1.0731235,940.0,False
b3c44,Batch 3,95.0,1.0729599,940.0,False
b3c44,Batch 3,99.0,1.0729247,940.0,False
b3c44,Batch 3,103.0,1.072753,940.0,False
b3c44,Batch 3,108.0,1.0727051,940.0,False
b3c44,Batch 3,112.0,1.0727236,940.0,False
b3c44,Batch 3,116.0,1.0727773,940.0,False
b3c44,Batch 3,120.0,1.0727991,940.0,False
b3c44,Batch 3,125.0,1.0725877,940.0,False
b3c44,Batch 3,129.0,1.0723224,940.0,False
b3c44,Batch 3,133.0,1.0721474,940.0,False
b3c44,Batch 3,138.0,1.0719085,940.0,False
b3c44,Batch 3,142.0,1.0720865,940.0,False
b3c44,Batch 3,146.0,1.0719939,940.0,False
b3c44,Batch 3,150.0,1.0719666,940.0,False
b3c44,Batch 3,155.0,1.0719059,940.0,False
b3c44,Batch 3,159.0,1.071578,940.0,False
b3c44,Batch 3,163.0,1.0714421,940.0,False
b3c44,Batch 3,168.0,1.0713656,940.0,False
b3c44,Batch 3,172.0,1.0714805,940.0,False
b3c44,Batch 3,176.0,1.0713545,940.0,False
b3c44,Batch 3,180.0,1.0713042,940.0,False
b3c44,Batch 3,185.0,1.07121,940.0,False
b3c44,Batch 3,189.0,1.0710275,940.0,False
b3c44,Batch 3,193.0,1.0706547,940.0,False
b3c44,Batch 3,198.0,1.070601,940.0,False
b3c44,Batch 3,202.0,1.0706196,940.0,False
b3c44,Batch 3,206.0,1.0705378,940.0,False
b3c44,Batch 3,210.0,1.0703835,940.0,False
b3c44,Batch 3,215.0,1.0702775,940.0,False
b3c44,Batch 3,219.0,1.0702475,940.0,False
b3c44,Batch 3,223.0,1.0701487,940.0,False
b3c44,Batch 3,228.0,1.0699639,940.0,False
b3c44,Batch 3,232.0,1.069859,940.0,False
b3c44,Batch 3,236.0,1.0697398,940.0,False
b3c44,Batch 3,240.0,1.069652,940.0,False
b3c44,Batch 3,245.0,1.0694265,940.0,False
b3c44,Batch 3,249.0,1.0693442,940.0,False
b3c44,Batch 3,253.0,1.0691628,940.0,False
b3c44,Batch 3,257.0,1.0690093,940.0,False
b3c44,Batch 3,262.0,1.068822,940.0,False
b3c44,Batch 3,266.0,1.0687076,940.0,False
b3c44,Batch 3,270.0,1.0684675,940.0,False
b3c44,Batch 3,275.0,1.0684345,940.0,False
b3c44,Batch 3,279.0,1.0682096,940.0,False
b3c44,Batch 3,283.0,1.0681554,940.0,False
b3c44,Batch 3,287.0,1.0678176,940.0,False
b3c44,Batch 3,292.0,1.06767,940.0,False
b3c44,Batch 3,296.0,1.0674928,940.0,False
b3c44,Batch 3,300.0,1.0673813,940.0,False
b3c44,Batch 3,305.0,1.0671641,940.0,False
b3c44,Batch 3,309.0,1.066976,940.0,False
b3c44,Batch 3,313.0,1.0668063,940.0,False
b3c44,Batch 3,317.0,1.0665665,940.0,False
b3c44,Batch 3,322.0,1.0663923,940.0,False
b3c44,Batch 3,326.0,1.0663289,940.0,False
b3c44,Batch 3,330.0,1.0661888,940.0,False
b3c44,Batch 3,335.0,1.0659807,940.0,False
b3c44,Batch 3,339.0,1.0658308,940.0,False
b3c44,Batch 3,343.0,1.0656379,940.0,False
b3c44,Batch 3,347.0,1.0654179,940.0,False
b3c44,Batch 3,352.0,1.0651885,940.0,False
b3c44,Batch 3,356.0,1.0650183,940.0,False
b3c44,Batch 3,360.0,1.0648836,940.0,False
b3c44,Batch 3,365.0,1.0648823,940.0,False
b3c44,Batch 3,369.0,1.0645982,940.0,False
b3c44,Batch 3,373.0,1.0645214,940.0,False
b3c44,Batch 3,377.0,1.0643656,940.0,False
b3c44,Batch 3,382.0,1.0642008,940.0,False
b3c44,Batch 3,386.0,1.0639358,940.0,False
b3c44,Batch 3,390.0,1.0638144,940.0,False
b3c44,Batch 3,395.0,1.063542,940.0,False
b3c44,Batch 3,399.0,1.0632476,940.0,False
b3c44,Batch 3,403.0,1.0630697,940.0,False
b3c44,Batch 3,407.0,1.062941,940.0,False
b3c44,Batch 3,412.0,1.0627518,940.0,False
b3c44,Batch 3,416.0,1.0624958,940.0,False
b3c44,Batch 3,420.0,1.0623714,940.0,False
b3c44,Batch 3,425.0,1.0621279,940.0,False
b3c44,Batch 3,429.0,1.0618485,940.0,False
b3c44,Batch 3,433.0,1.0616511,940.0,False
b3c44,Batch 3,437.0,1.0614171,940.0,False
b3c44,Batch 3,442.0,1.0611131,940.0,False
b3c44,Batch 3,446.0,1.0607196,940.0,False
b3c44,Batch 3,450.0,1.0607383,940.0,False
b3c44,Batch 3,455.0,1.0606089,940.0,False
b3c44,Batch 3,459.0,1.0603757,940.0,False
b3c44,Batch 3,463.0,1.0601505,940.0,False
b3c44,Batch 3,467.0,1.0599145,940.0,False
b3c44,Batch 3,472.0,1.0596105,940.0,False
b3c44,Batch 3,476.0,1.0593716,940.0,False
b3c44,Batch 3,480.0,1.0590751,940.0,False
b3c44,Batch 3,484.0,1.0589308,940.0,False
b3c44,Batch 3,489.0,1.0585282,940.0,False
b3c44,Batch 3,493.0,1.0582175,940.0,False
b3c44,Batch 3,497.0,1.0579562,940.0,False
b3c44,Batch 3,502.0,1.0575252,940.0,False
b3c44,Batch 3,506.0,1.0571473,940.0,False
b3c44,Batch 3,510.0,1.056748,940.0,False
b3c44,Batch 3,514.0,1.0566707,940.0,False
b3c44,Batch 3,519.0,1.0564934,940.0,False
b3c44,Batch 3,523.0,1.0562056,940.0,False
b3c44,Batch 3,527.0,1.0558404,940.0,False
b3c44,Batch 3,532.0,1.0555152,940.0,False
b3c44,Batch 3,536.0,1.0550791,940.0,False
b3c44,Batch 3,540.0,1.0546554,940.0,False
b3c44,Batch 3,544.0,1.05443,940.0,False
b3c44,Batch 3,549.0,1.0540799,940.0,False
b3c44,Batch 3,553.0,1.0540103,940.0,False
b3c44,Batch 3,557.0,1.0536841,940.0,False
b3c44,Batch 3,562.0,1.0533756,940.0,False
b3c44,Batch 3,566.0,1.0530745,940.0,False
b3c44,Batch 3,570.0,1.0526735,940.0,False
b3c44,Batch 3,574.0,1.0523915,940.0,False
b3c44,Batch 3,579.0,1.0520427,940.0,False
b3c44,Batch 3,583.0,1.0516891,940.0,False
b3c44,Batch 3,587.0,1.0513985,940.0,False
b3c44,Batch 3,592.0,1.0508893,940.0,False
b3c44,Batch 3,596.0,1.0505428,940.0,False
b3c44,Batch 3,600.0,1.0500879,940.0,False
b3c44,Batch 3,604.0,1.0497069,940.0,False
b3c44,Batch 3,609.0,1.0492219,940.0,False
b3c44,Batch 3,613.0,1.0488874,940.0,False
b3c44,Batch 3,617.0,1.0484388,940.0,False
b3c44,Batch 3,622.0,1.0479852,940.0,False
b3c44,Batch 3,626.0,1.0476069,940.0,False
b3c44,Batch 3,630.0,1.047104,940.0,False
b3c44,Batch 3,634.0,1.0466794,940.0,False
b3c44,Batch 3,639.0,1.0461881,940.0,False
b3c44,Batch 3,643.0,1.0457938,940.0,False
b3c44,Batch 3,647.0,1.0452968,940.0,False
b3c44,Batch 3,652.0,1.0447315,940.0,False
b3c44,Batch 3,656.0,1.0441974,940.0,False
b3c44,Batch 3,660.0,1.0436348,940.0,False
b3c44,Batch 3,664.0,1.0431147,940.0,False
b3c44,Batch 3,669.0,1.0424594,940.0,False
b3c44,Batch 3,673.0,1.0418427,940.0,False
b3c44,Batch 3,677.0,1.0412261,940.0,False
b3c44,Batch 3,682.0,1.0406278,940.0,False
b3c44,Batch 3,686.0,1.0400292,940.0,False
b3c44,Batch 3,690.0,1.0394816,940.0,False
b3c44,Batch 3,694.0,1.0387722,940.0,False
b3c44,Batch 3,699.0,1.0379004,940.0,False
b3c44,Batch 3,703.0,1.0372431,940.0,False
b3c44,Batch 3,707.0,1.0366079,940.0,False
b3c44,Batch 3,711.0,1.0358979,940.0,False
b3c44,Batch 3,716.0,1.0351442,940.0,False
b3c44,Batch 3,720.0,1.0344516,940.0,False
b3c44,Batch 3,724.0,1.033668,940.0,False
b3c44,Batch 3,729.0,1.03281,940.0,False
b3c44,Batch 3,733.0,1.031978,940.0,False
b3c44,Batch 3,737.0,1.0311493,940.0,False
b3c44,Batch 3,741.0,1.0303918,940.0,False
b3c44,Batch 3,746.0,1.0294149,940.0,False
b3c44,Batch 3,750.0,1.0285121,940.0,False
b3c44,Batch 3,754.0,1.0274965,940.0,False
b3c44,Batch 3,759.0,1.0262021,940.0,False
b3c44,Batch 3,763.0,1.0251781,940.0,False
b3c44,Batch 3,767.0,1.0241072,940.0,False
b3c44,Batch 3,771.0,1.0229967,940.0,False
b3c44,Batch 3,776.0,1.0215415,940.0,False
b3c44,Batch 3,780.0,1.0204674,940.0,False
b3c44,Batch 3,784.0,1.019401,940.0,False
b3c44,Batch 3,789.0,1.0177672,940.0,False
b3c44,Batch 3,793.0,1.0163728,940.0,False
b3c44,Batch 3,797.0,1.0150235,940.0,False
b3c44,Batch 3,801.0,1.0135262,940.0,False
b3c44,Batch 3,806.0,1.0115598,940.0,False
b3c44,Batch 3,810.0,1.0099257,940.0,False
b3c44,Batch 3,814.0,1.0082539,940.0,False
b3c44,Batch 3,819.0,1.0060523,940.0,False
b3c44,Batch 3,823.0,1.0042149,940.0,False
b3c44,Batch 3,827.0,1.0023128,940.0,False
b3c44,Batch 3,831.0,1.0002378,940.0,False
b3c44,Batch 3,836.0,0.99765515,940.0,False
b3c44,Batch 3,840.0,0.99534047,940.0,False
b3c44,Batch 3,844.0,0.99295783,940.0,False
b3c44,Batch 3,849.0,0.98972946,940.0,False
b3c44,Batch 3,853.0,0.98692453,940.0,False
b3c44,Batch 3,857.0,0.98406833,940.0,False
b3c44,Batch 3,861.0,0.98089635,940.0,False
b3c44,Batch 3,866.0,0.97667116,940.0,False
b3c44,Batch 3,870.0,0.97297931,940.0,False
b3c44,Batch 3,874.0,0.96906221,940.0,False
b3c44,Batch 3,879.0,0.96386284,940.0,False
b3c44,Batch 3,883.0,0.95953745,940.0,False
b3c44,Batch 3,887.0,0.95499271,940.0,False
b3c44,Batch 3,891.0,0.95040452,940.0,False
b3c44,Batch 3,896.0,0.94417423,940.0,False
b3c44,Batch 3,900.0,0.93897903,940.0,False
b3c44,Batch 3,904.0,0.93357754,940.0,False
b3c44,Batch 3,909.0,0.92650378,940.0,False
b3c44,Batch 3,913.0,0.92065793,940.0,False
b3c44,Batch 3,917.0,0.91484189,940.0,False
b3c44,Batch 3,921.0,0.908629,940.0,False
b3c44,Batch 3,926.0,0.90080309,940.0,False
b3c44,Batch 3,930.0,0.89452678,940.0,False
b3c44,Batch 3,934.0,0.88810039,940.0,False
b3c44,Batch 3,939.0,0.88046378,940.0,False
b3c45,Batch 3,1.0,1.0688018,1801.0,False
b3c45,Batch 3,9.0,1.0711963,1801.0,False
b3c45,Batch 3,17.0,1.0716475,1801.0,False
b3c45,Batch 3,25.0,1.0716166,1801.0,False
b3c45,Batch 3,33.0,1.0720265,1801.0,False
b3c45,Batch 3,42.0,1.0719217,1801.0,False
b3c45,Batch 3,50.0,1.0721447,1801.0,False
b3c45,Batch 3,58.0,1.0717257,1801.0,False
b3c45,Batch 3,66.0,1.0715038,1801.0,False
b3c45,Batch 3,74.0,1.0712664,1801.0,False
b3c45,Batch 3,83.0,1.0714517,1801.0,False
b3c45,Batch 3,91.0,1.0710938,1801.0,False
b3c45,Batch 3,99.0,1.0709292,1801.0,False
b3c45,Batch 3,107.0,1.0707419,1801.0,False
b3c45,Batch 3,116.0,1.0712262,1801.0,False
b3c45,Batch 3,124.0,1.0706987,1801.0,False
b3c45,Batch 3,132.0,1.0704862,1801.0,False
b3c45,Batch 3,140.0,1.0702456,1801.0,False
b3c45,Batch 3,148.0,1.0705181,1801.0,False
b3c45,Batch 3,157.0,1.0701562,1801.0,False
b3c45,Batch 3,165.0,1.069841,1801.0,False
b3c45,Batch 3,173.0,1.0698769,1801.0,False
b3c45,Batch 3,181.0,1.0695621,1801.0,False
b3c45,Batch 3,189.0,1.0693462,1801.0,False
b3c45,Batch 3,198.0,1.0688545,1801.0,False
b3c45,Batch 3,206.0,1.0690255,1801.0,False
b3c45,Batch 3,214.0,1.0687975,1801.0,False
b3c45,Batch 3,222.0,1.0685101,1801.0,False
b3c45,Batch 3,231.0,1.0682909,1801.0,False
b3c45,Batch 3,239.0,1.0680774,1801.0,False
b3c45,Batch 3,247.0,1.0678085,1801.0,False
b3c45,Batch 3,255.0,1.0662856,1801.0,False
b3c45,Batch 3,263.0,1.0671351,1801.0,False
b3c45,Batch 3,272.0,1.0669397,1801.0,False
b3c45,Batch 3,280.0,1.0653938,1801.0,False
b3c45,Batch 3,288.0,1.0662732,1801.0,False
b3c45,Batch 3,296.0,1.0661205,1801.0,False
b3c45,Batch 3,304.0,1.0656247,1801.0,False
b3c45,Batch 3,313.0,1.0654253,1801.0,False
b3c45,Batch 3,321.0,1.0650584,1801.0,False
b3c45,Batch 3,329.0,1.0647722,1801.0,False
b3c45,Batch 3,337.0,1.064535,1801.0,False
b3c45,Batch 3,346.0,1.0642979,1801.0,False
b3c45,Batch 3,354.0,1.0627613,1801.0,False
b3c45,Batch 3,362.0,1.0636368,1801.0,False
b3c45,Batch 3,370.0,1.0635873,1801.0,False
b3c45,Batch 3,378.0,1.0633566,1801.0,False
b3c45,Batch 3,387.0,1.0632658,1801.0,False
b3c45,Batch 3,395.0,1.0629649,1801.0,False
b3c45,Batch 3,403.0,1.0629067,1801.0,False
b3c45,Batch 3,411.0,1.0626346,1801.0,False
b3c45,Batch 3,419.0,1.0623128,1801.0,False
b3c45,Batch 3,428.0,1.0620877,1801.0,False
b3c45,Batch 3,436.0,1.061553,1801.0,False
b3c45,Batch 3,444.0,1.0613569,1801.0,False
b3c45,Batch 3,452.0,1.0606176,1801.0,False
b3c45,Batch 3,461.0,1.0607294,1801.0,False
b3c45,Batch 3,469.0,1.0604625,1801.0,False
b3c45,Batch 3,477.0,1.060001,1801.0,False
b3c45,Batch 3,485.0,1.0596895,1801.0,False
b3c45,Batch 3,493.0,1.0593504,1801.0,False
b3c45,Batch 3,502.0,1.0588758,1801.0,False
b3c45,Batch 3,510.0,1.058588,1801.0,False
b3c45,Batch 3,518.0,1.0582036,1801.0,False
b3c45,Batch 3,526.0,1.0582004,1801.0,False
b3c45,Batch 3,534.0,1.0579962,1801.0,False
b3c45,Batch 3,543.0,1.0574846,1801.0,False
b3c45,Batch 3,551.0,1.0569332,1801.0,False
b3c45,Batch 3,559.0,1.0567143,1801.0,False
b3c45,Batch 3,567.0,1.0567787,1801.0,False
b3c45,Batch 3,576.0,1.056504,1801.0,False
b3c45,Batch 3,584.0,1.0561111,1801.0,False
b3c45,Batch 3,592.0,1.0558465,1801.0,False
b3c45,Batch 3,600.0,1.0554332,1801.0,False
b3c45,Batch 3,608.0,1.0550662,1801.0,False
b3c45,Batch 3,617.0,1.0548435,1801.0,False
b3c45,Batch 3,625.0,1.0544268,1801.0,False
b3c45,Batch 3,633.0,1.0539684,1801.0,False
b3c45,Batch 3,641.0,1.0537922,1801.0,False
b3c45,Batch 3,649.0,1.0521488,1801.0,False
b3c45,Batch 3,658.0,1.0530394,1801.0,False
b3c45,Batch 3,666.0,1.0529174,1801.0,False
b3c45,Batch 3,674.0,1.0521492,1801.0,False
b3c45,Batch 3,682.0,1.0519462,1801.0,False
b3c45,Batch 3,691.0,1.0515143,1801.0,False
b3c45,Batch 3,699.0,1.0512363,1801.0,False
b3c45,Batch 3,707.0,1.051031,1801.0,False
b3c45,Batch 3,715.0,1.0507365,1801.0,False
b3c45,Batch 3,723.0,1.0504448,1801.0,False
b3c45,Batch 3,732.0,1.050266,1801.0,False
b3c45,Batch 3,740.0,1.0498524,1801.0,False
b3c45,Batch 3,748.0,1.0493796,1801.0,False
b3c45,Batch 3,756.0,1.0490494,1801.0,False
b3c45,Batch 3,764.0,1.0489093,1801.0,False
b3c45,Batch 3,773.0,1.0483853,1801.0,False
b3c45,Batch 3,781.0,1.0479901,1801.0,False
b3c45,Batch 3,789.0,1.0474241,1801.0,False
b3c45,Batch 3,797.0,1.0470628,1801.0,False
b3c45,Batch 3,806.0,1.0467534,1801.0,False
b3c45,Batch 3,814.0,1.0463657,1801.0,False
b3c45,Batch 3,822.0,1.0456591,1801.0,False
b3c45,Batch 3,830.0,1.045722,1801.0,False
b3c45,Batch 3,838.0,1.0452946,1801.0,False
b3c45,Batch 3,847.0,1.0449028,1801.0,False
b3c45,Batch 3,855.0,1.044467,1801.0,False
b3c45,Batch 3,863.0,1.0439889,1801.0,False
b3c45,Batch 3,871.0,1.0435791,1801.0,False
b3c45,Batch 3,879.0,1.0431688,1801.0,False
b3c45,Batch 3,888.0,1.0428305,1801.0,False
b3c45,Batch 3,896.0,1.0426475,1801.0,False
b3c45,Batch 3,904.0,1.0424243,1801.0,False
b3c45,Batch 3,912.0,1.0420988,1801.0,False
b3c45,Batch 3,921.0,1.0417376,1801.0,False
b3c45,Batch 3,929.0,1.0409977,1801.0,False
b3c45,Batch 3,937.0,1.0404164,1801.0,False
b3c45,Batch 3,945.0,1.0399547,1801.0,False
b3c45,Batch 3,953.0,1.0395612,1801.0,False
b3c45,Batch 3,962.0,1.039088,1801.0,False
b3c45,Batch 3,970.0,1.0384809,1801.0,False
b3c45,Batch 3,978.0,1.0381981,1801.0,False
b3c45,Batch 3,986.0,1.0375707,1801.0,False
b3c45,Batch 3,994.0,1.0372635,1801.0,False
b3c45,Batch 3,1003.0,1.0366213,1801.0,False
b3c45,Batch 3,1011.0,1.036103,1801.0,False
b3c45,Batch 3,1019.0,1.0357761,1801.0,False
b3c45,Batch 3,1027.0,1.0354794,1801.0,False
b3c45,Batch 3,1036.0,1.0349189,1801.0,False
b3c45,Batch 3,1044.0,1.0343503,1801.0,False
b3c45,Batch 3,1052.0,1.0340512,1801.0,False
b3c45,Batch 3,1060.0,1.0333925,1801.0,False
b3c45,Batch 3,1068.0,1.0329905,1801.0,False
b3c45,Batch 3,1077.0,1.0322857,1801.0,False
b3c45,Batch 3,1085.0,1.0318464,1801.0,False
b3c45,Batch 3,1093.0,1.0311996,1801.0,False
b3c45,Batch 3,1101.0,1.0305773,1801.0,False
b3c45,Batch 3,1109.0,1.0299487,1801.0,False
b3c45,Batch 3,1118.0,1.0293101,1801.0,False
b3c45,Batch 3,1126.0,1.0289546,1801.0,False
b3c45,Batch 3,1134.0,1.028308,1801.0,False
b3c45,Batch 3,1142.0,1.0277361,1801.0,False
b3c45,Batch 3,1151.0,1.0270971,1801.0,False
b3c45,Batch 3,1159.0,1.0265584,1801.0,False
b3c45,Batch 3,1167.0,1.0261518,1801.0,False
b3c45,Batch 3,1175.0,1.0255182,1801.0,False
b3c45,Batch 3,1183.0,1.0249931,1801.0,False
b3c45,Batch 3,1192.0,1.0242363,1801.0,False
b3c45,Batch 3,1200.0,1.0235658,1801.0,False
b3c45,Batch 3,1208.0,1.0230776,1801.0,False
b3c45,Batch 3,1216.0,1.0225194,1801.0,False
b3c45,Batch 3,1224.0,1.0219258,1801.0,False
b3c45,Batch 3,1233.0,1.0210806,1801.0,False
b3c45,Batch 3,1241.0,1.02053,1801.0,False
b3c45,Batch 3,1249.0,1.0201154,1801.0,False
b3c45,Batch 3,1257.0,1.0197891,1801.0,False
b3c45,Batch 3,1266.0,1.0191329,1801.0,False
b3c45,Batch 3,1274.0,1.0183934,1801.0,False
b3c45,Batch 3,1282.0,1.0177513,1801.0,False
b3c45,Batch 3,1290.0,1.017264,1801.0,False
b3c45,Batch 3,1298.0,1.0167859,1801.0,False
b3c45,Batch 3,1307.0,1.0159518,1801.0,False
b3c45,Batch 3,1315.0,1.0152112,1801.0,False
b3c45,Batch 3,1323.0,1.0146393,1801.0,False
b3c45,Batch 3,1331.0,1.0139819,1801.0,False
b3c45,Batch 3,1339.0,1.0133915,1801.0,False
b3c45,Batch 3,1348.0,1.0125176,1801.0,False
b3c45,Batch 3,1356.0,1.011763,1801.0,False
b3c45,Batch 3,1364.0,1.011057,1801.0,False
b3c45,Batch 3,1372.0,1.0100325,1801.0,False
b3c45,Batch 3,1381.0,1.0090322,1801.0,False
b3c45,Batch 3,1389.0,1.0080855,1801.0,False
b3c45,Batch 3,1397.0,1.0073367,1801.0,False
b3c45,Batch 3,1405.0,1.0064274,1801.0,False
b3c45,Batch 3,1413.0,1.0053174,1801.0,False
b3c45,Batch 3,1422.0,1.0042126,1801.0,False
b3c45,Batch 3,1430.0,1.0031673,1801.0,False
b3c45,Batch 3,1438.0,1.0020214,1801.0,False
b3c45,Batch 3,1446.0,1.0007997,1801.0,False
b3c45,Batch 3,1454.0,0.99950606,1801.0,False
b3c45,Batch 3,1463.0,0.99789107,1801.0,False
b3c45,Batch 3,1471.0,0.99641103,1801.0,False
b3c45,Batch 3,1479.0,0.994551,1801.0,False
b3c45,Batch 3,1487.0,0.99299783,1801.0,False
b3c45,Batch 3,1496.0,0.99067354,1801.0,False
b3c45,Batch 3,1504.0,0.98844874,1801.0,False
b3c45,Batch 3,1512.0,0.98651379,1801.0,False
b3c45,Batch 3,1520.0,0.98406106,1801.0,False
b3c45,Batch 3,1528.0,0.98189431,1801.0,False
b3c45,Batch 3,1537.0,0.97926277,1801.0,False
b3c45,Batch 3,1545.0,0.97686982,1801.0,False
b3c45,Batch 3,1553.0,0.97487551,1801.0,False
b3c45,Batch 3,1561.0,0.97246814,1801.0,False
b3c45,Batch 3,1569.0,0.97029203,1801.0,False
b3c45,Batch 3,1578.0,0.96759808,1801.0,False
b3c45,Batch 3,1586.0,0.96515185,1801.0,False
b3c45,Batch 3,1594.0,0.96271223,1801.0,False
b3c45,Batch 3,1602.0,0.96028042,1801.0,False
b3c45,Batch 3,1611.0,0.95756924,1801.0,False
b3c45,Batch 3,1619.0,0.95469439,1801.0,False
b3c45,Batch 3,1627.0,0.95206207,1801.0,False
b3c45,Batch 3,1635.0,0.94905132,1801.0,False
b3c45,Batch 3,1643.0,0.9462024,1801.0,False
b3c45,Batch 3,1652.0,0.94294393,1801.0,False
b3c45,Batch 3,1660.0,0.94014668,1801.0,False
b3c45,Batch 3,1668.0,0.93706888,1801.0,False
b3c45,Batch 3,1676.0,0.93420577,1801.0,False
b3c45,Batch 3,1684.0,0.93112159,1801.0,False
b3c45,Batch 3,1693.0,0.92767042,1801.0,False
b3c45,Batch 3,1701.0,0.92379826,1801.0,False
b3c45,Batch 3,1709.0,0.92095107,1801.0,False
b3c45,Batch 3,1717.0,0.91677183,1801.0,False
b3c45,Batch 3,1726.0,0.9129039,1801.0,False
b3c45,Batch 3,1734.0,0.90978479,1801.0,False
b3c45,Batch 3,1742.0,0.90616596,1801.0,False
b3c45,Batch 3,1750.0,0.90240592,1801.0,False
b3c45,Batch 3,1758.0,0.89854258,1801.0,False
b3c45,Batch 3,1767.0,0.89475375,1801.0,False
b3c45,Batch 3,1775.0,0.89146,1801.0,False
b3c45,Batch 3,1783.0,0.88707632,1801.0,False
b3c45,Batch 3,1791.0,0.88372386,1801.0,False
b3c45,Batch 3,1800.0,0.88047254,1801.0,False
