cell_id,batch,cycle,qd,cycle_life,continued
b1c0,Batch 1,1.0,0.0,1852.0,True
b1c0,Batch 1,6.0,1.0735761,1852.0,True
b1c0,Batch 1,11.0,1.0747814,1852.0,True
b1c0,Batch 1,17.0,1.072405,1852.0,True
b1c0,Batch 1,22.0,1.0766536,1852.0,True
b1c0,Batch 1,28.0,1.0765301,1852.0,True
b1c0,Batch 1,33.0,1.0766001,1852.0,True
b1c0,Batch 1,38.0,1.0766717,1852.0,True
b1c0,Batch 1,44.0,1.0768414,1852.0,True
b1c0,Batch 1,49.0,1.0768253,1852.0,True
b1c0,Batch 1,55.0,1.076645,1852.0,True
b1c0,Batch 1,60.0,1.0767044,1852.0,True
b1c0,Batch 1,66.0,1.0765632,1852.0,True
b1c0,Batch 1,71.0,1.0753345,1852.0,True
b1c0,Batch 1,76.0,1.0763264,1852.0,True
b1c0,Batch 1,82.0,1.0761995,1852.0,True
b1c0,Batch 1,87.0,1.0762264,1852.0,True
b1c0,Batch 1,93.0,1.0759902,1852.0,True
b1c0,Batch 1,98.0,1.0759112,1852.0,True
b1c0,Batch 1,104.0,1.0757833,1852.0,True
b1c0,Batch 1,109.0,1.0757282,1852.0,True
b1c0,Batch 1,114.0,1.0755961,1852.0,True
b1c0,Batch 1,120.0,1.0753888,1852.0,True
b1c0,Batch 1,125.0,1.0752125,1852.0,True
b1c0,Batch 1,131.0,1.0751264,1852.0,True
b1c0,Batch 1,136.0,1.0728441,1852.0,True
b1c0,Batch 1,142.0,1.0746664,1852.0,True
b1c0,Batch 1,147.0,1.0745389,1852.0,True
b1c0,Batch 1,152.0,1.0743593,1852.0,True
b1c0,Batch 1,158.0,1.0737848,1852.0,True
b1c0,Batch 1,163.0,1.0715735,1852.0,True
b1c0,Batch 1,169.0,1.0730176,1852.0,True
b1c0,Batch 1,174.0,1.0700154,1852.0,True
b1c0,Batch 1,180.0,1.0702107,1852.0,True
b1c0,Batch 1,185.0,1.0733159,1852.0,True
b1c0,Batch 1,190.0,1.0716102,1852.0,True
b1c0,Batch 1,196.0,1.0647488,1852.0,True
b1c0,Batch 1,201.0,1.0729612,1852.0,True
b1c0,Batch 1,207.0,1.0722553,1852.0,True
b1c0,Batch 1,212.0,1.0728077,1852.0,True
b1c0,Batch 1,217.0,1.0725292,1852.0,True
b1c0,Batch 1,223.0,1.0720819,1852.0,True
b1c0,Batch 1,228.0,1.0659326,1852.0,True
b1c0,Batch 1,234.0,1.0723016,1852.0,True
b1c0,Batch 1,239.0,1.0634056,1852.0,True
b1c0,Batch 1,245.0,1.0713196,1852.0,True
b1c0,Batch 1,250.0,1.071188,1852.0,True
b1c0,Batch 1,255.0,1.0716691,1852.0,True
b1c0,Batch 1,261.0,1.0675694,1852.0,True
b1c0,Batch 1,266.0,1.0674539,1852.0,True
b1c0,Batch 1,272.0,1.0697244,1852.0,True
b1c0,Batch 1,277.0,1.0700974,1852.0,True
b1c0,Batch 1,283.0,1.0662863,1852.0,True
b1c0,Batch 1,288.0,1.0689743,1852.0,True
b1c0,Batch 1,293.0,1.0698297,1852.0,True
b1c0,Batch 1,299.0,1.0697434,1852.0,True
b1c0,Batch 1,304.0,1.0667444,1852.0,True
b1c0,Batch 1,310.0,1.0684117,1852.0,True
b1c0,Batch 1,315.0,1.0690352,1852.0,True
b1c0,Batch 1,321.0,1.0679969,1852.0,True
b1c0,Batch 1,326.0,1.0685939,1852.0,True
b1c0,Batch 1,331.0,1.0669221,1852.0,True
b1c0,Batch 1,337.0,1.0703403,1852.0,True
b1c0,Batch 1,342.0,1.0695685,1852.0,True
b1c0,Batch 1,348.0,1.0690391,1852.0,True
b1c0,Batch 1,353.0,1.067323,1852.0,True
b1c0,Batch 1,359.0,1.0650654,1852.0,True
b1c0,Batch 1,364.0,1.0687932,1852.0,True
b1c0,Batch 1,369.0,1.0686384,1852.0,True
b1c0,Batch 1,375.0,1.0679543,1852.0,True
b1c0,Batch 1,380.0,1.0653667,1852.0,True
b1c0,Batch 1,386.0,1.0675998,1852.0,True
b1c0,Batch 1,391.0,1.0409842,1852.0,True
b1c0,Batch 1,397.0,1.0632888,1852.0,True
b1c0,Batch 1,402.0,1.0619923,1852.0,True
b1c0,Batch 1,407.0,1.0548323,1852.0,True
b1c0,Batch 1,413.0,1.0629419,1852.0,True
b1c0,Batch 1,418.0,1.0560402,1852.0,True
b1c0,Batch 1,424.0,1.0638028,1852.0,True
b1c0,Batch 1,429.0,1.0622097,1852.0,True
b1c0,Batch 1,434.0,1.0560426,1852.0,True
b1c0,Batch 1,440.0,1.061882,1852.0,True
b1c0,Batch 1,445.0,1.0659555,1852.0,True
b1c0,Batch 1,451.0,1.0651654,1852.0,True
b1c0,Batch 1,456.0,1.0547636,1852.0,True
b1c0,Batch 1,462.0,1.0599377,1852.0,True
b1c0,Batch 1,467.0,1.0594114,1852.0,True
b1c0,Batch 1,472.0,1.0416328,1852.0,True
b1c0,Batch 1,478.0,1.0633408,1852.0,True
b1c0,Batch 1,483.0,1.057606,1852.0,True
b1c0,Batch 1,489.0,1.0610656,1852.0,True
b1c0,Batch 1,494.0,1.06243,1852.0,True
b1c0,Batch 1,500.0,1.061404,1852.0,True
b1c0,Batch 1,505.0,1.0615808,1852.0,True
b1c0,Batch 1,510.0,1.0519124,1852.0,True
b1c0,Batch 1,516.0,1.0567899,1852.0,True
b1c0,Batch 1,521.0,1.0603518,1852.0,True
b1c0,Batch 1,527.0,1.0319518,1852.0,True
b1c0,Batch 1,532.0,1.0449976,1852.0,True
b1c0,Batch 1,538.0,1.0581467,1852.0,True
b1c0,Batch 1,543.0,1.0565674,1852.0,True
b1c0,Batch 1,548.0,1.0382563,1852.0,True
b1c0,Batch 1,554.0,1.0553007,1852.0,True
b1c0,Batch 1,559.0,1.0585767,1852.0,True
b1c0,Batch 1,565.0,1.0568609,1852.0,True
b1c0,Batch 1,570.0,1.0578744,1852.0,True
b1c0,Batch 1,576.0,1.0587294,1852.0,True
b1c0,Batch 1,581.0,1.0580696,1852.0,True
b1c0,Batch 1,586.0,1.0585012,1852.0,True
b1c0,Batch 1,592.0,1.0561335,1852.0,True
b1c0,Batch 1,597.0,1.0432659,1852.0,True
b1c0,Batch 1,603.0,1.0491458,1852.0,True
b1c0,Batch 1,608.0,1.0533774,1852.0,True
b1c0,Batch 1,613.0,1.0574216,1852.0,True
b1c0,Batch 1,619.0,1.0560164,1852.0,True
b1c0,Batch 1,624.0,1.0493277,1852.0,True
b1c0,Batch 1,630.0,1.0564497,1852.0,True
b1c0,Batch 1,635.0,1.0559826,1852.0,True
b1c0,Batch 1,641.0,1.0512593,1852.0,True
b1c0,Batch 1,646.0,1.0555147,1852.0,True
b1c0,Batch 1,651.0,1.0522259,1852.0,True
b1c0,Batch 1,657.0,1.0342624,1852.0,True
b1c0,Batch 1,662.0,1.0492793,1852.0,True
b1c0,Batch 1,668.0,1.0540043,1852.0,True
b1c0,Batch 1,673.0,1.0449505,1852.0,True
b1c0,Batch 1,679.0,1.0511117,1852.0,True
b1c0,Batch 1,684.0,1.0508434,1852.0,True
b1c0,Batch 1,689.0,1.0544376,1852.0,True
b1c0,Batch 1,695.0,1.048334,1852.0,True
b1c0,Batch 1,700.0,1.0526569,1852.0,True
b1c0,Batch 1,706.0,1.0268763,1852.0,True
b1c0,Batch 1,711.0,1.036703,1852.0,True
b1c0,Batch 1,717.0,1.0525217,1852.0,True
b1c0,Batch 1,722.0,1.0521197,1852.0,True
b1c0,Batch 1,727.0,1.0497973,1852.0,True
b1c0,Batch 1,733.0,1.05011,1852.0,True
b1c0,Batch 1,738.0,1.0464046,1852.0,True
b1c0,Batch 1,744.0,1.0461867,1852.0,True
b1c0,Batch 1,749.0,1.0297344,1852.0,True
b1c0,Batch 1,755.0,1.0507765,1852.0,True
b1c0,Batch 1,760.0,1.0506729,1852.0,True
b1c0,Batch 1,765.0,1.0385914,1852.0,True
b1c0,Batch 1,771.0,1.0387102,1852.0,True
b1c0,Batch 1,776.0,1.0399913,1852.0,True
b1c0,Batch 1,782.0,1.0481468,1852.0,True
b1c0,Batch 1,787.0,1.0395273,1852.0,True
b1c0,Batch 1,793.0,1.0395763,1852.0,True
b1c0,Batch 1,798.0,1.0487778,1852.0,True
b1c0,Batch 1,803.0,1.045436,1852.0,True
b1c0,Batch 1,809.0,1.0433052,1852.0,True
b1c0,Batch 1,814.0,1.0456301,1852.0,True
b1c0,Batch 1,820.0,1.0288956,1852.0,True
b1c0,Batch 1,825.0,1.0429114,1852.0,True
b1c0,Batch 1,830.0,1.044595,1852.0,True
b1c0,Batch 1,836.0,1.0436742,1852.0,True
b1c0,Batch 1,841.0,1.044336,1852.0,True
b1c0,Batch 1,847.0,1.0258471,1852.0,True
b1c0,Batch 1,852.0,1.0423036,1852.0,True
b1c0,Batch 1,858.0,1.0449082,1852.0,True
b1c0,Batch 1,863.0,1.0444313,1852.0,True
b1c0,Batch 1,868.0,1.0456389,1852.0,True
b1c0,Batch 1,874.0,1.0456063,1852.0,True
b1c0,Batch 1,879.0,1.0454723,1852.0,True
b1c0,Batch 1,885.0,1.0442295,1852.0,True
b1c0,Batch 1,890.0,1.0447439,1852.0,True
b1c0,Batch 1,896.0,1.0441236,1852.0,True
b1c0,Batch 1,901.0,1.0356491,1852.0,True
b1c0,Batch 1,906.0,1.0443071,1852.0,True
b1c0,Batch 1,912.0,1.0428741,1852.0,True
b1c0,Batch 1,917.0,1.0406038,1852.0,True
b1c0,Batch 1,923.0,1.0410734,1852.0,True
b1c0,Batch 1,928.0,1.0396786,1852.0,True
b1c0,Batch 1,934.0,1.0409799,1852.0,True
b1c0,Batch 1,939.0,1.0407169,1852.0,True
b1c0,Batch 1,944.0,1.0396606,1852.0,True
b1c0,Batch 1,950.0,1.0368004,1852.0,True
b1c0,Batch 1,955.0,1.0400994,1852.0,True
b1c0,Batch 1,961.0,1.0401069,1852.0,True
b1c0,Batch 1,966.0,1.0378004,1852.0,True
b1c0,Batch 1,972.0,1.0389185,1852.0,True
b1c0,Batch 1,977.0,1.0392671,1852.0,True
b1c0,Batch 1,982.0,1.0391037,1852.0,True
b1c0,Batch 1,988.0,1.0396156,1852.0,True
b1c0,Batch 1,993.0,1.0386317,1852.0,True
b1c0,Batch 1,999.0,1.0387062,1852.0,True
b1c0,Batch 1,1004.0,1.0392003,1852.0,True
b1c0,Batch 1,1009.0,1.0381292,1852.0,True
b1c0,Batch 1,1015.0,1.0382508,1852.0,True
b1c0,Batch 1,1020.0,1.0381563,1852.0,True
b1c0,Batch 1,1026.0,1.0375223,1852.0,True
b1c0,Batch 1,1031.0,1.0371883,1852.0,True
b1c0,Batch 1,1037.0,1.0367821,1852.0,True
b1c0,Batch 1,1042.0,1.036988,1852.0,True
b1c0,Batch 1,1047.0,1.0369773,1852.0,True
b1c0,Batch 1,1053.0,1.0359209,1852.0,True
b1c0,Batch 1,1058.0,1.0361643,1852.0,True
b1c0,Batch 1,1064.0,1.035789,1852.0,True
b1c0,Batch 1,1069.0,1.0355663,1852.0,True
b1c0,Batch 1,1075.0,1.0352503,1852.0,True
b1c0,Batch 1,1080.0,1.0348344,1852.0,True
b1c0,Batch 1,1085.0,1.0346419,1852.0,True
b1c0,Batch 1,1091.0,1.0336525,1852.0,True
b1c0,Batch 1,1096.0,1.0332232,1852.0,True
b1c0,Batch 1,1102.0,1.0331461,1852.0,True
b1c0,Batch 1,1107.0,1.0334672,1852.0,True
b1c0,Batch 1,1113.0,1.0328135,1852.0,True
b1c0,Batch 1,1118.0,1.0326695,1852.0,True
b1c0,Batch 1,1123.0,1.0316801,1852.0,True
b1c0,Batch 1,1129.0,1.0310855,1852.0,True
b1c0,Batch 1,1134.0,1.0308222,1852.0,True
b1c0,Batch 1,1140.0,1.0305265,1852.0,True
b1c0,Batch 1,1145.0,1.029824,1852.0,True
b1c0,Batch 1,1151.0,1.0293539,1852.0,True
b1c0,Batch 1,1156.0,1.0296541,1852.0,True
b1c0,Batch 1,1161.0,1.0289192,1852.0,True
b1c0,Batch 1,1167.0,1.02823,1852.0,True
b1c0,Batch 1,1172.0,1.0284221,1852.0,True
b1c0,Batch 1,1178.0,1.0272592,1852.0,True
b1c0,Batch 1,1183.0,1.0265244,1852.0,True
b1c0,Batch 1,1189.0,1.0262098,1852.0,True
b1c1,Batch 1,1.0,0.0,2160.0,True
b1c1,Batch 1,6.0,1.078544,2160.0,True
b1c1,Batch 1,11.0,1.0800153,2160.0,True
b1c1,Batch 1,17.0,1.0820032,2160.0,True
b1c1,Batch 1,22.0,1.0819227,2160.0,True
b1c1,Batch 1,27.0,1.0821023,2160.0,True
b1c1,Batch 1,33.0,1.081911,2160.0,True
b1c1,Batch 1,38.0,1.081722,2160.0,True
b1c1,Batch 1,43.0,1.0818423,2160.0,True
b1c1,Batch 1,49.0,1.0818337,2160.0,True
b1c1,Batch 1,54.0,1.0816261,2160.0,True
b1c1,Batch 1,60.0,1.0816207,2160.0,True
b1c1,Batch 1,65.0,1.0818805,2160.0,True
b1c1,Batch 1,70.0,1.0812522,2160.0,True
b1c1,Batch 1,76.0,1.0813411,2160.0,True
b1c1,Batch 1,81.0,1.0810794,2160.0,True
b1c1,Batch 1,86.0,1.0808662,2160.0,True
b1c1,Batch 1,92.0,1.0810022,2160.0,True
b1c1,Batch 1,97.0,1.0807959,2160.0,True
b1c1,Batch 1,103.0,1.080663,2160.0,True
b1c1,Batch 1,108.0,1.0805452,2160.0,True
b1c1,Batch 1,113.0,1.0803374,2160.0,True
b1c1,Batch 1,119.0,1.0801314,2160.0,True
b1c1,Batch 1,124.0,1.0802521,2160.0,True
b1c1,Batch 1,129.0,1.0801266,2160.0,True
b1c1,Batch 1,135.0,1.0798607,2160.0,True
b1c1,Batch 1,140.0,1.0797476,2160.0,True
b1c1,Batch 1,146.0,1.0794413,2160.0,True
b1c1,Batch 1,151.0,1.0793943,2160.0,True
b1c1,Batch 1,156.0,1.0792705,2160.0,True
b1c1,Batch 1,162.0,1.0792354,2160.0,True
b1c1,Batch 1,167.0,1.0789585,2160.0,True
b1c1,Batch 1,172.0,1.0790746,2160.0,True
b1c1,Batch 1,178.0,1.0786883,2160.0,True
b1c1,Batch 1,183.0,1.0789684,2160.0,True
b1c1,Batch 1,189.0,1.0785203,2160.0,True
b1c1,Batch 1,194.0,1.0782559,2160.0,True
b1c1,Batch 1,199.0,1.0784652,2160.0,True
b1c1,Batch 1,205.0,1.0781268,2160.0,True
b1c1,Batch 1,210.0,1.078465,2160.0,True
b1c1,Batch 1,215.0,1.0777465,2160.0,True
b1c1,Batch 1,221.0,1.0774752,2160.0,True
b1c1,Batch 1,226.0,1.0777867,2160.0,True
b1c1,Batch 1,232.0,1.0772705,2160.0,True
b1c1,Batch 1,237.0,1.0773504,2160.0,True
b1c1,Batch 1,242.0,1.0769674,2160.0,True
b1c1,Batch 1,248.0,1.0766096,2160.0,True
b1c1,Batch 1,253.0,1.0767988,2160.0,True
b1c1,Batch 1,258.0,1.0763994,2160.0,True
b1c1,Batch 1,264.0,1.076591,2160.0,True
b1c1,Batch 1,269.0,1.0761017,2160.0,True
b1c1,Batch 1,275.0,1.0757918,2160.0,True
b1c1,Batch 1,280.0,1.0758315,2160.0,True
b1c1,Batch 1,285.0,1.07567,2160.0,True
b1c1,Batch 1,291.0,1.0760155,2160.0,True
b1c1,Batch 1,296.0,1.0753623,2160.0,True
b1c1,Batch 1,301.0,1.0750923,2160.0,True
b1c1,Batch 1,307.0,1.07499,2160.0,True
b1c1,Batch 1,312.0,1.0748076,2160.0,True
b1c1,Batch 1,318.0,1.0747553,2160.0,True
b1c1,Batch 1,323.0,1.0744097,2160.0,True
b1c1,Batch 1,328.0,1.074285,2160.0,True
b1c1,Batch 1,334.0,1.0750471,2160.0,True
b1c1,Batch 1,339.0,1.0756236,2160.0,True
b1c1,Batch 1,344.0,1.0758578,2160.0,True
b1c1,Batch 1,350.0,1.0745953,2160.0,True
b1c1,Batch 1,355.0,1.0744126,2160.0,True
b1c1,Batch 1,361.0,1.0741948,2160.0,True
b1c1,Batch 1,366.0,1.0746301,2160.0,True
b1c1,Batch 1,371.0,1.0744324,2160.0,True
b1c1,Batch 1,377.0,1.0733318,2160.0,True
b1c1,Batch 1,382.0,1.0736037,2160.0,True
b1c1,Batch 1,387.0,1.0732094,2160.0,True
b1c1,Batch 1,393.0,1.0738062,2160.0,True
b1c1,Batch 1,398.0,1.0736508,2160.0,True
b1c1,Batch 1,404.0,1.0728061,2160.0,True
b1c1,Batch 1,409.0,1.072793,2160.0,True
b1c1,Batch 1,414.0,1.0726027,2160.0,True
b1c1,Batch 1,420.0,1.0730158,2160.0,True
b1c1,Batch 1,425.0,1.0725113,2160.0,True
b1c1,Batch 1,430.0,1.0719351,2160.0,True
b1c1,Batch 1,436.0,1.0718414,2160.0,True
b1c1,Batch 1,441.0,1.0715833,2160.0,True
b1c1,Batch 1,447.0,1.071839,2160.0,True
b1c1,Batch 1,452.0,1.0714047,2160.0,True
b1c1,Batch 1,457.0,1.0709519,2160.0,True
b1c1,Batch 1,463.0,1.070677,2160.0,True
b1c1,Batch 1,468.0,1.0704845,2160.0,True
b1c1,Batch 1,473.0,1.07128,2160.0,True
b1c1,Batch 1,479.0,1.0706192,2160.0,True
b1c1,Batch 1,484.0,1.0683315,2160.0,True
b1c1,Batch 1,490.0,1.0684922,2160.0,True
b1c1,Batch 1,495.0,1.0684254,2160.0,True
b1c1,Batch 1,500.0,1.0687946,2160.0,True
b1c1,Batch 1,506.0,1.0681521,2160.0,True
b1c1,Batch 1,511.0,1.0678998,2160.0,True
b1c1,Batch 1,516.0,1.067811,2160.0,True
b1c1,Batch 1,522.0,1.0675428,2160.0,True
b1c1,Batch 1,527.0,1.067688,2160.0,True
b1c1,Batch 1,533.0,1.0671701,2160.0,True
b1c1,Batch 1,538.0,1.0668935,2160.0,True
b1c1,Batch 1,543.0,1.0667455,2160.0,True
b1c1,Batch 1,549.0,1.0664319,2160.0,True
b1c1,Batch 1,554.0,1.0669525,2160.0,True
b1c1,Batch 1,559.0,1.0662825,2160.0,True
b1c1,Batch 1,565.0,1.0654906,2160.0,True
b1c1,Batch 1,570.0,1.0657018,2160.0,True
b1c1,Batch 1,576.0,1.0655419,2160.0,True
b1c1,Batch 1,581.0,1.0657413,2160.0,True
b1c1,Batch 1,586.0,1.0652108,2160.0,True
b1c1,Batch 1,592.0,1.0650041,2160.0,True
b1c1,Batch 1,597.0,1.0642334,2160.0,True
b1c1,Batch 1,602.0,1.0643867,2160.0,True
b1c1,Batch 1,608.0,1.0642618,2160.0,True
b1c1,Batch 1,613.0,1.0641612,2160.0,True
b1c1,Batch 1,619.0,1.0626298,2160.0,True
b1c1,Batch 1,624.0,1.0635386,2160.0,True
b1c1,Batch 1,629.0,1.0633682,2160.0,True
b1c1,Batch 1,635.0,1.0622646,2160.0,True
b1c1,Batch 1,640.0,1.0630679,2160.0,True
b1c1,Batch 1,645.0,1.062911,2160.0,True
b1c1,Batch 1,651.0,1.062655,2160.0,True
b1c1,Batch 1,656.0,1.0622468,2160.0,True
b1c1,Batch 1,662.0,1.0620153,2160.0,True
b1c1,Batch 1,667.0,1.0620228,2160.0,True
b1c1,Batch 1,672.0,1.0618092,2160.0,True
b1c1,Batch 1,678.0,1.061649,2160.0,True
b1c1,Batch 1,683.0,1.0611457,2160.0,True
b1c1,Batch 1,688.0,1.0612727,2160.0,True
b1c1,Batch 1,694.0,1.0610906,2160.0,True
b1c1,Batch 1,699.0,1.0611581,2160.0,True
b1c1,Batch 1,705.0,1.0611105,2160.0,True
b1c1,Batch 1,710.0,1.0611516,2160.0,True
b1c1,Batch 1,715.0,1.0607669,2160.0,True
b1c1,Batch 1,721.0,1.0599395,2160.0,True
b1c1,Batch 1,726.0,1.0598507,2160.0,True
b1c1,Batch 1,731.0,1.0596892,2160.0,True
b1c1,Batch 1,737.0,1.0589978,2160.0,True
b1c1,Batch 1,742.0,1.0601047,2160.0,True
b1c1,Batch 1,748.0,1.0589339,2160.0,True
b1c1,Batch 1,753.0,1.0585463,2160.0,True
b1c1,Batch 1,758.0,1.0584539,2160.0,True
b1c1,Batch 1,764.0,1.0585494,2160.0,True
b1c1,Batch 1,769.0,1.0588419,2160.0,True
b1c1,Batch 1,774.0,1.0578251,2160.0,True
b1c1,Batch 1,780.0,1.0577223,2160.0,True
b1c1,Batch 1,785.0,1.0573571,2160.0,True
b1c1,Batch 1,791.0,1.0567009,2160.0,True
b1c1,Batch 1,796.0,1.0576138,2160.0,True
b1c1,Batch 1,801.0,1.0559119,2160.0,True
b1c1,Batch 1,807.0,1.0562061,2160.0,True
b1c1,Batch 1,812.0,1.0560746,2160.0,True
b1c1,Batch 1,817.0,1.0558696,2160.0,True
b1c1,Batch 1,823.0,1.0560207,2160.0,True
b1c1,Batch 1,828.0,1.0551714,2160.0,True
b1c1,Batch 1,834.0,1.0551609,2160.0,True
b1c1,Batch 1,839.0,1.0549945,2160.0,True
b1c1,Batch 1,844.0,1.0547237,2160.0,True
b1c1,Batch 1,850.0,1.0508832,2160.0,True
b1c1,Batch 1,855.0,1.0534256,2160.0,True
b1c1,Batch 1,860.0,1.0536325,2160.0,True
b1c1,Batch 1,866.0,1.0535423,2160.0,True
b1c1,Batch 1,871.0,1.0531764,2160.0,True
b1c1,Batch 1,877.0,1.0530014,2160.0,True
b1c1,Batch 1,882.0,1.052588,2160.0,True
b1c1,Batch 1,887.0,1.0526328,2160.0,True
b1c1,Batch 1,893.0,1.0528119,2160.0,True
b1c1,Batch 1,898.0,1.0531281,2160.0,True
b1c1,Batch 1,903.0,1.0523605,2160.0,True
b1c1,Batch 1,909.0,1.0520968,2160.0,True
b1c1,Batch 1,914.0,1.0511354,2160.0,True
b1c1,Batch 1,920.0,1.0495332,2160.0,True
b1c1,Batch 1,925.0,1.0500113,2160.0,True
b1c1,Batch 1,930.0,1.0500941,2160.0,True
b1c1,Batch 1,936.0,1.0485555,2160.0,True
b1c1,Batch 1,941.0,1.0493623,2160.0,True
b1c1,Batch 1,946.0,1.0487156,2160.0,True
b1c1,Batch 1,952.0,1.0492337,2160.0,True
b1c1,Batch 1,957.0,1.0486931,2160.0,True
b1c1,Batch 1,963.0,1.0488014,2160.0,True
b1c1,Batch 1,968.0,1.0486084,2160.0,True
b1c1,Batch 1,973.0,1.0475863,2160.0,True
b1c1,Batch 1,979.0,1.047369,2160.0,True
b1c1,Batch 1,984.0,1.0472673,2160.0,True
b1c1,Batch 1,989.0,1.0479215,2160.0,True
b1c1,Batch 1,995.0,1.0483732,2160.0,True
b1c1,Batch 1,1000.0,1.0474339,2160.0,True
b1c1,Batch 1,1006.0,1.0474768,2160.0,True
b1c1,Batch 1,1011.0,1.0472913,2160.0,True
b1c1,Batch 1,1016.0,1.0466272,2160.0,True
b1c1,Batch 1,1022.0,1.0468143,2160.0,True
b1c1,Batch 1,1027.0,1.0458431,2160.0,True
b1c1,Batch 1,1032.0,1.046383,2160.0,True
b1c1,Batch 1,1038.0,1.0464143,2160.0,True
b1c1,Batch 1,1043.0,1.0455962,2160.0,True
b1c1,Batch 1,1049.0,1.0448896,2160.0,True
b1c1,Batch 1,1054.0,1.0446144,2160.0,True
b1c1,Batch 1,1059.0,1.045031,2160.0,True
b1c1,Batch 1,1065.0,1.044369,2160.0,True
b1c1,Batch 1,1070.0,1.0443172,2160.0,True
b1c1,Batch 1,1075.0,1.0432632,2160.0,True
b1c1,Batch 1,1081.0,1.0435672,2160.0,True
b1c1,Batch 1,1086.0,1.0430939,2160.0,True
b1c1,Batch 1,1092.0,1.0424494,2160.0,True
b1c1,Batch 1,1097.0,1.0421392,2160.0,True
b1c1,Batch 1,1102.0,1.042474,2160.0,True
b1c1,Batch 1,1108.0,1.0428393,2160.0,True
b1c1,Batch 1,1113.0,1.04219,2160.0,True
b1c1,Batch 1,1118.0,1.0420191,2160.0,True
b1c1,Batch 1,1124.0,1.0419319,2160.0,True
b1c1,Batch 1,1129.0,1.0414959,2160.0,True
b1c1,Batch 1,1135.0,1.0410837,2160.0,True
b1c1,Batch 1,1140.0,1.0404038,2160.0,True
b1c1,Batch 1,1145.0,1.0402254,2160.0,True
b1c1,Batch 1,1151.0,1.0405564,2160.0,True
b1c1,Batch 1,1156.0,1.0399191,2160.0,True
b1c1,Batch 1,1161.0,1.0389351,2160.0,True
b1c1,Batch 1,1167.0,1.0392122,2160.0,True
b1c1,Batch 1,1172.0,1.0390577,2160.0,True
b1c1,Batch 1,1178.0,1.0382246,2160.0,True
b1c2,Batch 1,1.0,0.0,2237.0,True
b1c2,Batch 1,6.0,1.0830303,2237.0,True
b1c2,Batch 1,11.0,1.0839587,2237.0,True
b1c2,Batch 1,17.0,1.085543,2237.0,True
b1c2,Batch 1,22.0,1.0855669,2237.0,True
b1c2,Batch 1,27.0,1.0858128,2237.0,True
b1c2,Batch 1,33.0,1.0858334,2237.0,True
b1c2,Batch 1,38.0,1.0857095,2237.0,True
b1c2,Batch 1,43.0,1.0858977,2237.0,True
b1c2,Batch 1,49.0,1.0858871,2237.0,True
b1c2,Batch 1,54.0,1.0857573,2237.0,True
b1c2,Batch 1,60.0,1.0859101,2237.0,True
b1c2,Batch 1,65.0,1.086134,2237.0,True
b1c2,Batch 1,70.0,1.0855246,2237.0,True
b1c2,Batch 1,76.0,1.0856991,2237.0,True
b1c2,Batch 1,81.0,1.0853778,2237.0,True
b1c2,Batch 1,86.0,1.0851971,2237.0,True
b1c2,Batch 1,92.0,1.0853715,2237.0,True
b1c2,Batch 1,97.0,1.0851239,2237.0,True
b1c2,Batch 1,102.0,1.0849578,2237.0,True
b1c2,Batch 1,108.0,1.0848944,2237.0,True
b1c2,Batch 1,113.0,1.0845947,2237.0,True
b1c2,Batch 1,119.0,1.0844105,2237.0,True
b1c2,Batch 1,124.0,1.0845835,2237.0,True
b1c2,Batch 1,129.0,1.0844644,2237.0,True
b1c2,Batch 1,135.0,1.0842357,2237.0,True
b1c2,Batch 1,140.0,1.0841625,2237.0,True
b1c2,Batch 1,145.0,1.0838717,2237.0,True
b1c2,Batch 1,151.0,1.0837967,2237.0,True
b1c2,Batch 1,156.0,1.0835862,2237.0,True
b1c2,Batch 1,161.0,1.0836015,2237.0,True
b1c2,Batch 1,167.0,1.0832872,2237.0,True
b1c2,Batch 1,172.0,1.0834041,2237.0,True
b1c2,Batch 1,178.0,1.0830775,2237.0,True
b1c2,Batch 1,183.0,1.0833685,2237.0,True
b1c2,Batch 1,188.0,1.0830317,2237.0,True
b1c2,Batch 1,194.0,1.0826709,2237.0,True
b1c2,Batch 1,199.0,1.082886,2237.0,True
b1c2,Batch 1,204.0,1.0823528,2237.0,True
b1c2,Batch 1,210.0,1.0829171,2237.0,True
b1c2,Batch 1,215.0,1.0821924,2237.0,True
b1c2,Batch 1,220.0,1.0819827,2237.0,True
b1c2,Batch 1,226.0,1.0822335,2237.0,True
b1c2,Batch 1,231.0,1.0817292,2237.0,True
b1c2,Batch 1,237.0,1.0818729,2237.0,True
b1c2,Batch 1,242.0,1.0814655,2237.0,True
b1c2,Batch 1,247.0,1.0811816,2237.0,True
b1c2,Batch 1,253.0,1.0813817,2237.0,True
b1c2,Batch 1,258.0,1.0810324,2237.0,True
b1c2,Batch 1,263.0,1.0812389,2237.0,True
b1c2,Batch 1,269.0,1.0806446,2237.0,True
b1c2,Batch 1,274.0,1.0803565,2237.0,True
b1c2,Batch 1,279.0,1.0804815,2237.0,True
b1c2,Batch 1,285.0,1.0802788,2237.0,True
b1c2,Batch 1,290.0,1.0804945,2237.0,True
b1c2,Batch 1,296.0,1.0798849,2237.0,True
b1c2,Batch 1,301.0,1.0796536,2237.0,True
b1c2,Batch 1,306.0,1.0795106,2237.0,True
b1c2,Batch 1,312.0,1.0793947,2237.0,True
b1c2,Batch 1,317.0,1.0794613,2237.0,True
b1c2,Batch 1,322.0,1.0790309,2237.0,True
b1c2,Batch 1,328.0,1.0789254,2237.0,True
b1c2,Batch 1,333.0,1.0797831,2237.0,True
b1c2,Batch 1,339.0,1.0802031,2237.0,True
b1c2,Batch 1,344.0,1.0804534,2237.0,True
b1c2,Batch 1,349.0,1.0792198,2237.0,True
b1c2,Batch 1,355.0,1.0789891,2237.0,True
b1c2,Batch 1,360.0,1.0788248,2237.0,True
b1c2,Batch 1,365.0,1.0790184,2237.0,True
b1c2,Batch 1,371.0,1.0791715,2237.0,True
b1c2,Batch 1,376.0,1.0782696,2237.0,True
b1c2,Batch 1,381.0,1.0781236,2237.0,True
b1c2,Batch 1,387.0,1.0779345,2237.0,True
b1c2,Batch 1,392.0,1.0782228,2237.0,True
b1c2,Batch 1,398.0,1.0781161,2237.0,True
b1c2,Batch 1,403.0,1.0773478,2237.0,True
b1c2,Batch 1,408.0,1.0772508,2237.0,True
b1c2,Batch 1,414.0,1.0770916,2237.0,True
b1c2,Batch 1,419.0,1.0774344,2237.0,True
b1c2,Batch 1,424.0,1.0771635,2237.0,True
b1c2,Batch 1,430.0,1.0763853,2237.0,True
b1c2,Batch 1,435.0,1.0762957,2237.0,True
b1c2,Batch 1,440.0,1.0761455,2237.0,True
b1c2,Batch 1,446.0,1.0763732,2237.0,True
b1c2,Batch 1,451.0,1.0761533,2237.0,True
b1c2,Batch 1,457.0,1.0755167,2237.0,True
b1c2,Batch 1,462.0,1.0752944,2237.0,True
b1c2,Batch 1,467.0,1.0750637,2237.0,True
b1c2,Batch 1,473.0,1.07585,2237.0,True
b1c2,Batch 1,478.0,1.0753821,2237.0,True
b1c2,Batch 1,483.0,1.0743852,2237.0,True
b1c2,Batch 1,489.0,1.0729429,2237.0,True
b1c2,Batch 1,494.0,1.0731803,2237.0,True
b1c2,Batch 1,499.0,1.0733747,2237.0,True
b1c2,Batch 1,505.0,1.0729102,2237.0,True
b1c2,Batch 1,510.0,1.07251,2237.0,True
b1c2,Batch 1,516.0,1.0723759,2237.0,True
b1c2,Batch 1,521.0,1.0723287,2237.0,True
b1c2,Batch 1,526.0,1.0723447,2237.0,True
b1c2,Batch 1,532.0,1.0719041,2237.0,True
b1c2,Batch 1,537.0,1.071584,2237.0,True
b1c2,Batch 1,542.0,1.0713767,2237.0,True
b1c2,Batch 1,548.0,1.0711744,2237.0,True
b1c2,Batch 1,553.0,1.0715699,2237.0,True
b1c2,Batch 1,558.0,1.0708642,2237.0,True
b1c2,Batch 1,564.0,1.0705581,2237.0,True
b1c2,Batch 1,569.0,1.070323,2237.0,True
b1c2,Batch 1,575.0,1.0701541,2237.0,True
b1c2,Batch 1,580.0,1.0704612,2237.0,True
b1c2,Batch 1,585.0,1.0698546,2237.0,True
b1c2,Batch 1,591.0,1.0697805,2237.0,True
b1c2,Batch 1,596.0,1.0693538,2237.0,True
b1c2,Batch 1,601.0,1.0693264,2237.0,True
b1c2,Batch 1,607.0,1.068989,2237.0,True
b1c2,Batch 1,612.0,1.0687183,2237.0,True
b1c2,Batch 1,618.0,1.0686022,2237.0,True
b1c2,Batch 1,623.0,1.0684493,2237.0,True
b1c2,Batch 1,628.0,1.0682316,2237.0,True
b1c2,Batch 1,634.0,1.0681164,2237.0,True
b1c2,Batch 1,639.0,1.068091,2237.0,True
b1c2,Batch 1,644.0,1.0678359,2237.0,True
b1c2,Batch 1,650.0,1.0676128,2237.0,True
b1c2,Batch 1,655.0,1.0672724,2237.0,True
b1c2,Batch 1,660.0,1.0671724,2237.0,True
b1c2,Batch 1,666.0,1.0671585,2237.0,True
b1c2,Batch 1,671.0,1.0668824,2237.0,True
b1c2,Batch 1,677.0,1.0667084,2237.0,True
b1c2,Batch 1,682.0,1.0662735,2237.0,True
b1c2,Batch 1,687.0,1.0663233,2237.0,True
b1c2,Batch 1,693.0,1.0662458,2237.0,True
b1c2,Batch 1,698.0,1.0662749,2237.0,True
b1c2,Batch 1,703.0,1.0663254,2237.0,True
b1c2,Batch 1,709.0,1.0662963,2237.0,True
b1c2,Batch 1,714.0,1.0666331,2237.0,True
b1c2,Batch 1,719.0,1.0658286,2237.0,True
b1c2,Batch 1,725.0,1.0650959,2237.0,True
b1c2,Batch 1,730.0,1.0649015,2237.0,True
b1c2,Batch 1,736.0,1.0651149,2237.0,True
b1c2,Batch 1,741.0,1.065359,2237.0,True
b1c2,Batch 1,746.0,1.0642923,2237.0,True
b1c2,Batch 1,752.0,1.0639431,2237.0,True
b1c2,Batch 1,757.0,1.0635099,2237.0,True
b1c2,Batch 1,762.0,1.0636553,2237.0,True
b1c2,Batch 1,768.0,1.0640761,2237.0,True
b1c2,Batch 1,773.0,1.0631253,2237.0,True
b1c2,Batch 1,778.0,1.0628085,2237.0,True
b1c2,Batch 1,784.0,1.0620188,2237.0,True
b1c2,Batch 1,789.0,1.062296,2237.0,True
b1c2,Batch 1,795.0,1.0628572,2237.0,True
b1c2,Batch 1,800.0,1.0618213,2237.0,True
b1c2,Batch 1,805.0,1.0615748,2237.0,True
b1c2,Batch 1,811.0,1.0613459,2237.0,True
b1c2,Batch 1,816.0,1.0614434,2237.0,True
b1c2,Batch 1,821.0,1.0613143,2237.0,True
b1c2,Batch 1,827.0,1.0605929,2237.0,True
b1c2,Batch 1,832.0,1.0603994,2237.0,True
b1c2,Batch 1,837.0,1.0602677,2237.0,True
b1c2,Batch 1,843.0,1.0604105,2237.0,True
b1c2,Batch 1,848.0,1.062176,2237.0,True
b1c2,Batch 1,854.0,1.0595294,2237.0,True
b1c2,Batch 1,859.0,1.0592238,2237.0,True
b1c2,Batch 1,864.0,1.0591102,2237.0,True
b1c2,Batch 1,870.0,1.0590367,2237.0,True
b1c2,Batch 1,875.0,1.0583018,2237.0,True
b1c2,Batch 1,880.0,1.0580301,2237.0,True
b1c2,Batch 1,886.0,1.0574573,2237.0,True
b1c2,Batch 1,891.0,1.057636,2237.0,True
b1c2,Batch 1,897.0,1.0582325,2237.0,True
b1c2,Batch 1,902.0,1.0565991,2237.0,True
b1c2,Batch 1,907.0,1.0565366,2237.0,True
b1c2,Batch 1,913.0,1.0550219,2237.0,True
b1c2,Batch 1,918.0,1.0553397,2237.0,True
b1c2,Batch 1,923.0,1.0548018,2237.0,True
b1c2,Batch 1,929.0,1.0539442,2237.0,True
b1c2,Batch 1,934.0,1.0529473,2237.0,True
b1c2,Batch 1,939.0,1.0538545,2237.0,True
b1c2,Batch 1,945.0,1.0541276,2237.0,True
b1c2,Batch 1,950.0,1.054206,2237.0,True
b1c2,Batch 1,956.0,1.0527052,2237.0,True
b1c2,Batch 1,961.0,1.0526924,2237.0,True
b1c2,Batch 1,966.0,1.0529879,2237.0,True
b1c2,Batch 1,972.0,1.0529341,2237.0,True
b1c2,Batch 1,977.0,1.0522573,2237.0,True
b1c2,Batch 1,982.0,1.0516167,2237.0,True
b1c2,Batch 1,988.0,1.0525717,2237.0,True
b1c2,Batch 1,993.0,1.0521611,2237.0,True
b1c2,Batch 1,998.0,1.0516541,2237.0,True
b1c2,Batch 1,1004.0,1.0512042,2237.0,True
b1c2,Batch 1,1009.0,1.0510714,2237.0,True
b1c2,Batch 1,1015.0,1.050727,2237.0,True
b1c2,Batch 1,1020.0,1.0504007,2237.0,True
b1c2,Batch 1,1025.0,1.0508226,2237.0,True
b1c2,Batch 1,1031.0,1.0499517,2237.0,True
b1c2,Batch 1,1036.0,1.0505613,2237.0,True
b1c2,Batch 1,1041.0,1.0497787,2237.0,True
b1c2,Batch 1,1047.0,1.0493788,2237.0,True
b1c2,Batch 1,1052.0,1.0495656,2237.0,True
b1c2,Batch 1,1057.0,1.04895,2237.0,True
b1c2,Batch 1,1063.0,1.0488908,2237.0,True
b1c2,Batch 1,1068.0,1.0479783,2237.0,True
b1c2,Batch 1,1074.0,1.0476408,2237.0,True
b1c2,Batch 1,1079.0,1.0484403,2237.0,True
b1c2,Batch 1,1084.0,1.047765,2237.0,True
b1c2,Batch 1,1090.0,1.0467182,2237.0,True
b1c2,Batch 1,1095.0,1.0469722,2237.0,True
b1c2,Batch 1,1100.0,1.0472029,2237.0,True
b1c2,Batch 1,1106.0,1.0469934,2237.0,True
b1c2,Batch 1,1111.0,1.0463606,2237.0,True
b1c2,Batch 1,1116.0,1.0461715,2237.0,True
b1c2,Batch 1,1122.0,1.0456678,2237.0,True
b1c2,Batch 1,1127.0,1.045821,2237.0,True
b1c2,Batch 1,1133.0,1.0461125,2237.0,True
b1c2,Batch 1,1138.0,1.0454863,2237.0,True
b1c2,Batch 1,1143.0,1.0449892,2237.0,True
b1c2,Batch 1,1149.0,1.0447837,2237.0,True
b1c2,Batch 1,1154.0,1.0444428,2237.0,True
b1c2,Batch 1,1159.0,1.0440586,2237.0,True
b1c2,Batch 1,1165.0,1.0439044,2237.0,True
b1c2,Batch 1,1170.0,1.0438913,2237.0,True
b1c2,Batch 1,1176.0,1.0432786,2237.0,True
b1c3,Batch 1,1.0,0.0,1434.0,True
b1c3,Batch 1,6.0,1.083112,1434.0,True
b1c3,Batch 1,12.0,1.084146,1434.0,True
b1c3,Batch 1,17.0,1.0842366,1434.0,True
b1c3,Batch 1,23.0,1.0852121,1434.0,True
b1c3,Batch 1,28.0,1.0854679,1434.0,True
b1c3,Batch 1,34.0,1.085397,1434.0,True
b1c3,Batch 1,40.0,1.0854635,1434.0,True
b1c3,Batch 1,45.0,1.0855333,1434.0,True
b1c3,Batch 1,51.0,1.0856825,1434.0,True
b1c3,Batch 1,56.0,1.0855734,1434.0,True
b1c3,Batch 1,62.0,1.085326,1434.0,True
b1c3,Batch 1,68.0,1.086253,1434.0,True
b1c3,Batch 1,73.0,1.0854259,1434.0,True
b1c3,Batch 1,79.0,1.0853767,1434.0,True
b1c3,Batch 1,84.0,1.0850787,1434.0,True
b1c3,Batch 1,90.0,1.0848633,1434.0,True
b1c3,Batch 1,96.0,1.0847682,1434.0,True
b1c3,Batch 1,101.0,1.0846678,1434.0,True
b1c3,Batch 1,107.0,1.0845556,1434.0,True
b1c3,Batch 1,112.0,1.0843788,1434.0,True
b1c3,Batch 1,118.0,1.084121,1434.0,True
b1c3,Batch 1,123.0,1.0840232,1434.0,True
b1c3,Batch 1,129.0,1.0839114,1434.0,True
b1c3,Batch 1,135.0,1.08401,1434.0,True
b1c3,Batch 1,140.0,1.0836221,1434.0,True
b1c3,Batch 1,146.0,1.0833584,1434.0,True
b1c3,Batch 1,151.0,1.0831208,1434.0,True
b1c3,Batch 1,157.0,1.0828562,1434.0,True
b1c3,Batch 1,163.0,1.0828105,1434.0,True
b1c3,Batch 1,168.0,1.0827383,1434.0,True
b1c3,Batch 1,174.0,1.0823199,1434.0,True
b1c3,Batch 1,179.0,1.0824127,1434.0,True
b1c3,Batch 1,185.0,1.082386,1434.0,True
b1c3,Batch 1,191.0,1.0818874,1434.0,True
b1c3,Batch 1,196.0,1.081736,1434.0,True
b1c3,Batch 1,202.0,1.0814177,1434.0,True
b1c3,Batch 1,207.0,1.081393,1434.0,True
b1c3,Batch 1,213.0,1.0817045,1434.0,True
b1c3,Batch 1,218.0,1.0812286,1434.0,True
b1c3,Batch 1,224.0,1.0806947,1434.0,True
b1c3,Batch 1,230.0,1.0805447,1434.0,True
b1c3,Batch 1,235.0,1.080267,1434.0,True
b1c3,Batch 1,241.0,1.080435,1434.0,True
b1c3,Batch 1,246.0,1.0798657,1434.0,True
b1c3,Batch 1,252.0,1.0795416,1434.0,True
b1c3,Batch 1,258.0,1.0795105,1434.0,True
b1c3,Batch 1,263.0,1.0791957,1434.0,True
b1c3,Batch 1,269.0,1.0794497,1434.0,True
b1c3,Batch 1,274.0,1.0789319,1434.0,True
b1c3,Batch 1,280.0,1.0786195,1434.0,True
b1c3,Batch 1,286.0,1.0784618,1434.0,True
b1c3,Batch 1,291.0,1.0781975,1434.0,True
b1c3,Batch 1,297.0,1.0785078,1434.0,True
b1c3,Batch 1,302.0,1.0777988,1434.0,True
b1c3,Batch 1,308.0,1.0774319,1434.0,True
b1c3,Batch 1,313.0,1.0773222,1434.0,True
b1c3,Batch 1,319.0,1.0770893,1434.0,True
b1c3,Batch 1,325.0,1.0770859,1434.0,True
b1c3,Batch 1,330.0,1.0768789,1434.0,True
b1c3,Batch 1,336.0,1.0765491,1434.0,True
b1c3,Batch 1,341.0,1.0774496,1434.0,True
b1c3,Batch 1,347.0,1.0775622,1434.0,True
b1c3,Batch 1,353.0,1.0783143,1434.0,True
b1c3,Batch 1,358.0,1.0771856,1434.0,True
b1c3,Batch 1,364.0,1.0767064,1434.0,True
b1c3,Batch 1,369.0,1.0766546,1434.0,True
b1c3,Batch 1,375.0,1.0764942,1434.0,True
b1c3,Batch 1,381.0,1.0770178,1434.0,True
b1c3,Batch 1,386.0,1.0759372,1434.0,True
b1c3,Batch 1,392.0,1.0756763,1434.0,True
b1c3,Batch 1,397.0,1.0756688,1434.0,True
b1c3,Batch 1,403.0,1.0755324,1434.0,True
b1c3,Batch 1,409.0,1.0757962,1434.0,True
b1c3,Batch 1,414.0,1.0747521,1434.0,True
b1c3,Batch 1,420.0,1.0745198,1434.0,True
b1c3,Batch 1,425.0,1.0745052,1434.0,True
b1c3,Batch 1,431.0,1.0744506,1434.0,True
b1c3,Batch 1,436.0,1.0744752,1434.0,True
b1c3,Batch 1,442.0,1.0734398,1434.0,True
b1c3,Batch 1,448.0,1.0732222,1434.0,True
b1c3,Batch 1,453.0,1.0730406,1434.0,True
b1c3,Batch 1,459.0,1.0730311,1434.0,True
b1c3,Batch 1,464.0,1.0730141,1434.0,True
b1c3,Batch 1,470.0,1.0720574,1434.0,True
b1c3,Batch 1,476.0,1.0717462,1434.0,True
b1c3,Batch 1,481.0,1.0714942,1434.0,True
b1c3,Batch 1,487.0,1.0721149,1434.0,True
b1c3,Batch 1,492.0,1.0719745,1434.0,True
b1c3,Batch 1,498.0,1.0706998,1434.0,True
b1c3,Batch 1,504.0,1.0691772,1434.0,True
b1c3,Batch 1,509.0,1.069098,1434.0,True
b1c3,Batch 1,515.0,1.0690925,1434.0,True
b1c3,Batch 1,520.0,1.0688432,1434.0,True
b1c3,Batch 1,526.0,1.0681629,1434.0,True
b1c3,Batch 1,531.0,1.067935,1434.0,True
b1c3,Batch 1,537.0,1.0676483,1434.0,True
b1c3,Batch 1,543.0,1.0677736,1434.0,True
b1c3,Batch 1,548.0,1.0671737,1434.0,True
b1c3,Batch 1,554.0,1.0669023,1434.0,True
b1c3,Batch 1,559.0,1.0665894,1434.0,True
b1c3,Batch 1,565.0,1.06644,1434.0,True
b1c3,Batch 1,571.0,1.0667042,1434.0,True
b1c3,Batch 1,576.0,1.0659221,1434.0,True
b1c3,Batch 1,582.0,1.0654867,1434.0,True
b1c3,Batch 1,587.0,1.0652369,1434.0,True
b1c3,Batch 1,593.0,1.0650409,1434.0,True
b1c3,Batch 1,599.0,1.0651878,1434.0,True
b1c3,Batch 1,604.0,1.0646367,1434.0,True
b1c3,Batch 1,610.0,1.0643855,1434.0,True
b1c3,Batch 1,615.0,1.063948,1434.0,True
b1c3,Batch 1,621.0,1.0637401,1434.0,True
b1c3,Batch 1,626.0,1.063555,1434.0,True
b1c3,Batch 1,632.0,1.0632769,1434.0,True
b1c3,Batch 1,638.0,1.0629972,1434.0,True
b1c3,Batch 1,643.0,1.062469,1434.0,True
b1c3,Batch 1,649.0,1.0623401,1434.0,True
b1c3,Batch 1,654.0,1.0621463,1434.0,True
b1c3,Batch 1,660.0,1.0619216,1434.0,True
b1c3,Batch 1,666.0,1.061769,1434.0,True
b1c3,Batch 1,671.0,1.0610991,1434.0,True
b1c3,Batch 1,677.0,1.0610174,1434.0,True
b1c3,Batch 1,682.0,1.0608768,1434.0,True
b1c3,Batch 1,688.0,1.0605693,1434.0,True
b1c3,Batch 1,694.0,1.0601079,1434.0,True
b1c3,Batch 1,699.0,1.0601205,1434.0,True
b1c3,Batch 1,705.0,1.0595857,1434.0,True
b1c3,Batch 1,710.0,1.0595437,1434.0,True
b1c3,Batch 1,716.0,1.0587605,1434.0,True
b1c3,Batch 1,721.0,1.0589333,1434.0,True
b1c3,Batch 1,727.0,1.0592481,1434.0,True
b1c3,Batch 1,733.0,1.0592582,1434.0,True
b1c3,Batch 1,738.0,1.0598613,1434.0,True
b1c3,Batch 1,744.0,1.058035,1434.0,True
b1c3,Batch 1,749.0,1.0577149,1434.0,True
b1c3,Batch 1,755.0,1.0575042,1434.0,True
b1c3,Batch 1,761.0,1.057641,1434.0,True
b1c3,Batch 1,766.0,1.0576183,1434.0,True
b1c3,Batch 1,772.0,1.0565761,1434.0,True
b1c3,Batch 1,777.0,1.0560248,1434.0,True
b1c3,Batch 1,783.0,1.0556289,1434.0,True
b1c3,Batch 1,789.0,1.0559169,1434.0,True
b1c3,Batch 1,794.0,1.0554994,1434.0,True
b1c3,Batch 1,800.0,1.0550013,1434.0,True
b1c3,Batch 1,805.0,1.0541332,1434.0,True
b1c3,Batch 1,811.0,1.0539931,1434.0,True
b1c3,Batch 1,817.0,1.0540172,1434.0,True
b1c3,Batch 1,822.0,1.0539148,1434.0,True
b1c3,Batch 1,828.0,1.0526242,1434.0,True
b1c3,Batch 1,833.0,1.0518551,1434.0,True
b1c3,Batch 1,839.0,1.0521134,1434.0,True
b1c3,Batch 1,844.0,1.0514009,1434.0,True
b1c3,Batch 1,850.0,1.0514907,1434.0,True
b1c3,Batch 1,856.0,1.0508981,1434.0,True
b1c3,Batch 1,861.0,1.0505993,1434.0,True
b1c3,Batch 1,867.0,1.0501623,1434.0,True
b1c3,Batch 1,872.0,1.0495473,1434.0,True
b1c3,Batch 1,878.0,1.0497844,1434.0,True
b1c3,Batch 1,884.0,1.0479676,1434.0,True
b1c3,Batch 1,889.0,1.0476091,1434.0,True
b1c3,Batch 1,895.0,1.0477891,1434.0,True
b1c3,Batch 1,900.0,1.0479707,1434.0,True
b1c3,Batch 1,906.0,1.0468796,1434.0,True
b1c3,Batch 1,912.0,1.0461751,1434.0,True
b1c3,Batch 1,917.0,1.0460229,1434.0,True
b1c3,Batch 1,923.0,1.0456436,1434.0,True
b1c3,Batch 1,928.0,1.0461746,1434.0,True
b1c3,Batch 1,934.0,1.0440915,1434.0,True
b1c3,Batch 1,939.0,1.0442891,1434.0,True
b1c3,Batch 1,945.0,1.0416316,1434.0,True
b1c3,Batch 1,951.0,1.0409452,1434.0,True
b1c3,Batch 1,956.0,1.0413861,1434.0,True
b1c3,Batch 1,962.0,1.0410136,1434.0,True
b1c3,Batch 1,967.0,1.0387063,1434.0,True
b1c3,Batch 1,973.0,1.0377055,1434.0,True
b1c3,Batch 1,979.0,1.038424,1434.0,True
b1c3,Batch 1,984.0,1.0365694,1434.0,True
b1c3,Batch 1,990.0,1.0366871,1434.0,True
b1c3,Batch 1,995.0,1.0354655,1434.0,True
b1c3,Batch 1,1001.0,1.0339092,1434.0,True
b1c3,Batch 1,1007.0,1.0333815,1434.0,True
b1c3,Batch 1,1012.0,1.0332307,1434.0,True
b1c3,Batch 1,1018.0,1.0314797,1434.0,True
b1c3,Batch 1,1023.0,1.0317698,1434.0,True
b1c3,Batch 1,1029.0,1.030941,1434.0,True
b1c3,Batch 1,1034.0,1.0302528,1434.0,True
b1c3,Batch 1,1040.0,1.028901,1434.0,True
b1c3,Batch 1,1046.0,1.0279512,1434.0,True
b1c3,Batch 1,1051.0,1.0274351,1434.0,True
b1c3,Batch 1,1057.0,1.0254036,1434.0,True
b1c3,Batch 1,1062.0,1.0255353,1434.0,True
b1c3,Batch 1,1068.0,1.0236692,1434.0,True
b1c3,Batch 1,1074.0,1.023285,1434.0,True
b1c3,Batch 1,1079.0,1.0224628,1434.0,True
b1c3,Batch 1,1085.0,1.02079,1434.0,True
b1c3,Batch 1,1090.0,1.0192835,1434.0,True
b1c3,Batch 1,1096.0,1.0186344,1434.0,True
b1c3,Batch 1,1102.0,1.0164695,1434.0,True
b1c3,Batch 1,1107.0,1.0157059,1434.0,True
b1c3,Batch 1,1113.0,1.0144005,1434.0,True
b1c3,Batch 1,1118.0,1.0128709,1434.0,True
b1c3,Batch 1,1124.0,1.0115647,1434.0,True
b1c3,Batch 1,1129.0,1.0100909,1434.0,True
b1c3,Batch 1,1135.0,1.0083911,1434.0,True
b1c3,Batch 1,1141.0,1.0062513,1434.0,True
b1c3,Batch 1,1146.0,1.0040045,1434.0,True
b1c3,Batch 1,1152.0,1.001165,1434.0,True
b1c3,Batch 1,1157.0,1.0000892,1434.0,True
b1c3,Batch 1,1163.0,0.99726117,1434.0,True
b1c3,Batch 1,1169.0,0.99474818,1434.0,True
b1c3,Batch 1,1174.0,0.99304283,1434.0,True
b1c3,Batch 1,1180.0,0.99025893,1434.0,True
b1c3,Batch 1,1185.0,0.98798817,1434.0,True
b1c3,Batch 1,1191.0,0.98484164,1434.0,True
b1c3,Batch 1,1197.0,0.98252946,1434.0,True
b1c3,Batch 1,1202.0,0.98014438,1434.0,True
b1c3,Batch 1,1208.0,0.97818154,1434.0,True
b1c3,Batch 1,1213.0,0.97544026,1434.0,True
b1c3,Batch 1,1219.0,0.97286212,1434.0,True
b1c3,Batch 1,1225.0,0.97092122,1434.0,True
b1c4,Batch 1,1.0,0.0,1709.0,True
b1c4,Batch 1,6.0,1.0807526,1709.0,True
b1c4,Batch 1,12.0,1.0816935,1709.0,True
b1c4,Batch 1,17.0,1.0821286,1709.0,True
b1c4,Batch 1,23.0,1.0830723,1709.0,True
b1c4,Batch 1,28.0,1.0832411,1709.0,True
b1c4,Batch 1,34.0,1.0833225,1709.0,True
b1c4,Batch 1,40.0,1.0833584,1709.0,True
b1c4,Batch 1,45.0,1.0834149,1709.0,True
b1c4,Batch 1,51.0,1.0835305,1709.0,True
b1c4,Batch 1,56.0,1.0834645,1709.0,True
b1c4,Batch 1,62.0,1.0832406,1709.0,True
b1c4,Batch 1,68.0,1.0843166,1709.0,True
b1c4,Batch 1,73.0,1.083271,1709.0,True
b1c4,Batch 1,79.0,1.0832195,1709.0,True
b1c4,Batch 1,84.0,1.0830745,1709.0,True
b1c4,Batch 1,90.0,1.0828978,1709.0,True
b1c4,Batch 1,96.0,1.0827262,1709.0,True
b1c4,Batch 1,101.0,1.0825965,1709.0,True
b1c4,Batch 1,107.0,1.0825765,1709.0,True
b1c4,Batch 1,112.0,1.0824379,1709.0,True
b1c4,Batch 1,118.0,1.0822048,1709.0,True
b1c4,Batch 1,124.0,1.0820768,1709.0,True
b1c4,Batch 1,129.0,1.0819483,1709.0,True
b1c4,Batch 1,135.0,1.0819813,1709.0,True
b1c4,Batch 1,140.0,1.0817571,1709.0,True
b1c4,Batch 1,146.0,1.0815066,1709.0,True
b1c4,Batch 1,152.0,1.0813512,1709.0,True
b1c4,Batch 1,157.0,1.0810821,1709.0,True
b1c4,Batch 1,163.0,1.0809784,1709.0,True
b1c4,Batch 1,168.0,1.0809239,1709.0,True
b1c4,Batch 1,174.0,1.0805943,1709.0,True
b1c4,Batch 1,179.0,1.0807381,1709.0,True
b1c4,Batch 1,185.0,1.0806159,1709.0,True
b1c4,Batch 1,191.0,1.0802116,1709.0,True
b1c4,Batch 1,196.0,1.0799811,1709.0,True
b1c4,Batch 1,202.0,1.0797601,1709.0,True
b1c4,Batch 1,207.0,1.0797813,1709.0,True
b1c4,Batch 1,213.0,1.079999,1709.0,True
b1c4,Batch 1,219.0,1.0792447,1709.0,True
b1c4,Batch 1,224.0,1.0789447,1709.0,True
b1c4,Batch 1,230.0,1.0788893,1709.0,True
b1c4,Batch 1,235.0,1.0786197,1709.0,True
b1c4,Batch 1,241.0,1.0787437,1709.0,True
b1c4,Batch 1,247.0,1.0782588,1709.0,True
b1c4,Batch 1,252.0,1.0779976,1709.0,True
b1c4,Batch 1,258.0,1.0779778,1709.0,True
b1c4,Batch 1,263.0,1.077687,1709.0,True
b1c4,Batch 1,269.0,1.077876,1709.0,True
b1c4,Batch 1,275.0,1.0772376,1709.0,True
b1c4,Batch 1,280.0,1.07698,1709.0,True
b1c4,Batch 1,286.0,1.0768659,1709.0,True
b1c4,Batch 1,291.0,1.0766578,1709.0,True
b1c4,Batch 1,297.0,1.0768988,1709.0,True
b1c4,Batch 1,303.0,1.0762137,1709.0,True
b1c4,Batch 1,308.0,1.0759625,1709.0,True
b1c4,Batch 1,314.0,1.0757933,1709.0,True
b1c4,Batch 1,319.0,1.0755073,1709.0,True
b1c4,Batch 1,325.0,1.0756034,1709.0,True
b1c4,Batch 1,331.0,1.0751057,1709.0,True
b1c4,Batch 1,336.0,1.0749476,1709.0,True
b1c4,Batch 1,342.0,1.0761347,1709.0,True
b1c4,Batch 1,347.0,1.0759937,1709.0,True
b1c4,Batch 1,353.0,1.0768239,1709.0,True
b1c4,Batch 1,358.0,1.0755397,1709.0,True
b1c4,Batch 1,364.0,1.0752783,1709.0,True
b1c4,Batch 1,370.0,1.0751752,1709.0,True
b1c4,Batch 1,375.0,1.0748106,1709.0,True
b1c4,Batch 1,381.0,1.0753967,1709.0,True
b1c4,Batch 1,386.0,1.074438,1709.0,True
b1c4,Batch 1,392.0,1.0741453,1709.0,True
b1c4,Batch 1,398.0,1.0739986,1709.0,True
b1c4,Batch 1,403.0,1.0739428,1709.0,True
b1c4,Batch 1,409.0,1.0742438,1709.0,True
b1c4,Batch 1,414.0,1.0732383,1709.0,True
b1c4,Batch 1,420.0,1.0726943,1709.0,True
b1c4,Batch 1,426.0,1.0728844,1709.0,True
b1c4,Batch 1,431.0,1.0729455,1709.0,True
b1c4,Batch 1,437.0,1.0728327,1709.0,True
b1c4,Batch 1,442.0,1.0719178,1709.0,True
b1c4,Batch 1,448.0,1.0716718,1709.0,True
b1c4,Batch 1,454.0,1.0714514,1709.0,True
b1c4,Batch 1,459.0,1.0716008,1709.0,True
b1c4,Batch 1,465.0,1.0714111,1709.0,True
b1c4,Batch 1,470.0,1.0707461,1709.0,True
b1c4,Batch 1,476.0,1.0703946,1709.0,True
b1c4,Batch 1,482.0,1.0700216,1709.0,True
b1c4,Batch 1,487.0,1.0706224,1709.0,True
b1c4,Batch 1,493.0,1.0702871,1709.0,True
b1c4,Batch 1,498.0,1.0695099,1709.0,True
b1c4,Batch 1,504.0,1.0685173,1709.0,True
b1c4,Batch 1,510.0,1.0674704,1709.0,True
b1c4,Batch 1,515.0,1.0676547,1709.0,True
b1c4,Batch 1,521.0,1.0671657,1709.0,True
b1c4,Batch 1,526.0,1.0666679,1709.0,True
b1c4,Batch 1,532.0,1.0664978,1709.0,True
b1c4,Batch 1,537.0,1.0663766,1709.0,True
b1c4,Batch 1,543.0,1.0663913,1709.0,True
b1c4,Batch 1,549.0,1.0658078,1709.0,True
b1c4,Batch 1,554.0,1.0654565,1709.0,True
b1c4,Batch 1,560.0,1.065226,1709.0,True
b1c4,Batch 1,565.0,1.0650445,1709.0,True
b1c4,Batch 1,571.0,1.0653306,1709.0,True
b1c4,Batch 1,577.0,1.0645199,1709.0,True
b1c4,Batch 1,582.0,1.0643051,1709.0,True
b1c4,Batch 1,588.0,1.0639412,1709.0,True
b1c4,Batch 1,593.0,1.0638784,1709.0,True
b1c4,Batch 1,599.0,1.0640097,1709.0,True
b1c4,Batch 1,605.0,1.0633626,1709.0,True
b1c4,Batch 1,610.0,1.0630463,1709.0,True
b1c4,Batch 1,616.0,1.0627942,1709.0,True
b1c4,Batch 1,621.0,1.0626491,1709.0,True
b1c4,Batch 1,627.0,1.0623778,1709.0,True
b1c4,Batch 1,633.0,1.0621216,1709.0,True
b1c4,Batch 1,638.0,1.0618258,1709.0,True
b1c4,Batch 1,644.0,1.0616672,1709.0,True
b1c4,Batch 1,649.0,1.0614252,1709.0,True
b1c4,Batch 1,655.0,1.0612398,1709.0,True
b1c4,Batch 1,661.0,1.0608886,1709.0,True
b1c4,Batch 1,666.0,1.0597804,1709.0,True
b1c4,Batch 1,672.0,1.0596294,1709.0,True
b1c4,Batch 1,677.0,1.0599831,1709.0,True
b1c4,Batch 1,683.0,1.0596986,1709.0,True
b1c4,Batch 1,689.0,1.0596433,1709.0,True
b1c4,Batch 1,694.0,1.0594513,1709.0,True
b1c4,Batch 1,700.0,1.059128,1709.0,True
b1c4,Batch 1,705.0,1.0586667,1709.0,True
b1c4,Batch 1,711.0,1.0584875,1709.0,True
b1c4,Batch 1,716.0,1.0582945,1709.0,True
b1c4,Batch 1,722.0,1.0585293,1709.0,True
b1c4,Batch 1,728.0,1.0587828,1709.0,True
b1c4,Batch 1,733.0,1.0585189,1709.0,True
b1c4,Batch 1,739.0,1.0590781,1709.0,True
b1c4,Batch 1,744.0,1.0583315,1709.0,True
b1c4,Batch 1,750.0,1.0576212,1709.0,True
b1c4,Batch 1,756.0,1.0568349,1709.0,True
b1c4,Batch 1,761.0,1.0566255,1709.0,True
b1c4,Batch 1,767.0,1.056917,1709.0,True
b1c4,Batch 1,772.0,1.0565608,1709.0,True
b1c4,Batch 1,778.0,1.0558912,1709.0,True
b1c4,Batch 1,784.0,1.0554427,1709.0,True
b1c4,Batch 1,789.0,1.0557095,1709.0,True
b1c4,Batch 1,795.0,1.0559732,1709.0,True
b1c4,Batch 1,800.0,1.055364,1709.0,True
b1c4,Batch 1,806.0,1.054879,1709.0,True
b1c4,Batch 1,812.0,1.05405,1709.0,True
b1c4,Batch 1,817.0,1.0537639,1709.0,True
b1c4,Batch 1,823.0,1.0542253,1709.0,True
b1c4,Batch 1,828.0,1.053291,1709.0,True
b1c4,Batch 1,834.0,1.0531861,1709.0,True
b1c4,Batch 1,840.0,1.0526032,1709.0,True
b1c4,Batch 1,845.0,1.0528327,1709.0,True
b1c4,Batch 1,851.0,1.051962,1709.0,True
b1c4,Batch 1,856.0,1.0522848,1709.0,True
b1c4,Batch 1,862.0,1.051827,1709.0,True
b1c4,Batch 1,868.0,1.0511304,1709.0,True
b1c4,Batch 1,873.0,1.0514677,1709.0,True
b1c4,Batch 1,879.0,1.0513761,1709.0,True
b1c4,Batch 1,884.0,1.0509202,1709.0,True
b1c4,Batch 1,890.0,1.0512995,1709.0,True
b1c4,Batch 1,895.0,1.0502949,1709.0,True
b1c4,Batch 1,901.0,1.0511544,1709.0,True
b1c4,Batch 1,907.0,1.050114,1709.0,True
b1c4,Batch 1,912.0,1.0500565,1709.0,True
b1c4,Batch 1,918.0,1.0499315,1709.0,True
b1c4,Batch 1,923.0,1.0491117,1709.0,True
b1c4,Batch 1,929.0,1.0495912,1709.0,True
b1c4,Batch 1,935.0,1.048974,1709.0,True
b1c4,Batch 1,940.0,1.0488441,1709.0,True
b1c4,Batch 1,946.0,1.0461093,1709.0,True
b1c4,Batch 1,951.0,1.0478525,1709.0,True
b1c4,Batch 1,957.0,1.0460676,1709.0,True
b1c4,Batch 1,963.0,1.04454,1709.0,True
b1c4,Batch 1,968.0,1.0454533,1709.0,True
b1c4,Batch 1,974.0,1.0430501,1709.0,True
b1c4,Batch 1,979.0,1.0441275,1709.0,True
b1c4,Batch 1,985.0,1.0442096,1709.0,True
b1c4,Batch 1,991.0,1.0439441,1709.0,True
b1c4,Batch 1,996.0,1.0422603,1709.0,True
b1c4,Batch 1,1002.0,1.0422678,1709.0,True
b1c4,Batch 1,1007.0,1.0417516,1709.0,True
b1c4,Batch 1,1013.0,1.0417429,1709.0,True
b1c4,Batch 1,1019.0,1.040864,1709.0,True
b1c4,Batch 1,1024.0,1.0410465,1709.0,True
b1c4,Batch 1,1030.0,1.0410976,1709.0,True
b1c4,Batch 1,1035.0,1.0405912,1709.0,True
b1c4,Batch 1,1041.0,1.0400369,1709.0,True
b1c4,Batch 1,1047.0,1.0401541,1709.0,True
b1c4,Batch 1,1052.0,1.0394186,1709.0,True
b1c4,Batch 1,1058.0,1.0384703,1709.0,True
b1c4,Batch 1,1063.0,1.0385536,1709.0,True
b1c4,Batch 1,1069.0,1.0379362,1709.0,True
b1c4,Batch 1,1074.0,1.0376858,1709.0,True
b1c4,Batch 1,1080.0,1.0369163,1709.0,True
b1c4,Batch 1,1086.0,1.0361474,1709.0,True
b1c4,Batch 1,1091.0,1.0362996,1709.0,True
b1c4,Batch 1,1097.0,1.0351753,1709.0,True
b1c4,Batch 1,1102.0,1.0348244,1709.0,True
b1c4,Batch 1,1108.0,1.0340178,1709.0,True
b1c4,Batch 1,1114.0,1.0335437,1709.0,True
b1c4,Batch 1,1119.0,1.0333363,1709.0,True
b1c4,Batch 1,1125.0,1.0324684,1709.0,True
b1c4,Batch 1,1130.0,1.0323311,1709.0,True
b1c4,Batch 1,1136.0,1.0320987,1709.0,True
b1c4,Batch 1,1142.0,1.0313699,1709.0,True
b1c4,Batch 1,1147.0,1.0306261,1709.0,True
b1c4,Batch 1,1153.0,1.0300809,1709.0,True
b1c4,Batch 1,1158.0,1.0286609,1709.0,True
b1c4,Batch 1,1164.0,1.0291457,1709.0,True
b1c4,Batch 1,1170.0,1.0278732,1709.0,True
b1c4,Batch 1,1175.0,1.0279913,1709.0,True
b1c4,Batch 1,1181.0,1.0273776,1709.0,True
b1c4,Batch 1,1186.0,1.026916,1709.0,True
b1c4,Batch 1,1192.0,1.0257254,1709.0,True
b1c4,Batch 1,1198.0,1.0254372,1709.0,True
b1c4,Batch 1,1203.0,1.0245644,1709.0,True
b1c4,Batch 1,1209.0,1.0237769,1709.0,True
b1c4,Batch 1,1214.0,1.0234849,1709.0,True
b1c4,Batch 1,1220.0,1.0225276,1709.0,True
b1c4,Batch 1,1226.0,1.0219597,1709.0,True
b1c5,Batch 1,1.0,0.0,1074.0,False
b1c5,Batch 1,5.0,1.0785232,1074.0,False
b1c5,Batch 1,10.0,1.080176,1074.0,False
b1c5,Batch 1,15.0,1.0790153,1074.0,False
b1c5,Batch 1,20.0,1.0802556,1074.0,False
b1c5,Batch 1,25.0,1.0805809,1074.0,False
b1c5,Batch 1,30.0,1.0807087,1074.0,False
b1c5,Batch 1,35.0,1.0808622,1074.0,False
b1c5,Batch 1,40.0,1.0808747,1074.0,False
b1c5,Batch 1,45.0,1.0809205,1074.0,False
b1c5,Batch 1,49.0,1.080974,1074.0,False
b1c5,Batch 1,54.0,1.0809915,1074.0,False
b1c5,Batch 1,59.0,1.0808135,1074.0,False
b1c5,Batch 1,64.0,1.0807602,1074.0,False
b1c5,Batch 1,69.0,1.0820422,1074.0,False
b1c5,Batch 1,74.0,1.0805962,1074.0,False
b1c5,Batch 1,79.0,1.0804417,1074.0,False
b1c5,Batch 1,84.0,1.0801896,1074.0,False
b1c5,Batch 1,89.0,1.0800275,1074.0,False
b1c5,Batch 1,94.0,1.0798928,1074.0,False
b1c5,Batch 1,98.0,1.0797906,1074.0,False
b1c5,Batch 1,103.0,1.0796072,1074.0,False
b1c5,Batch 1,108.0,1.079452,1074.0,False
b1c5,Batch 1,113.0,1.0793198,1074.0,False
b1c5,Batch 1,118.0,1.0792228,1074.0,False
b1c5,Batch 1,123.0,1.0790277,1074.0,False
b1c5,Batch 1,128.0,1.0788862,1074.0,False
b1c5,Batch 1,133.0,1.0787274,1074.0,False
b1c5,Batch 1,138.0,1.0784733,1074.0,False
b1c5,Batch 1,142.0,1.0782487,1074.0,False
b1c5,Batch 1,147.0,1.0780414,1074.0,False
b1c5,Batch 1,152.0,1.0778425,1074.0,False
b1c5,Batch 1,157.0,1.0776892,1074.0,False
b1c5,Batch 1,162.0,1.0774777,1074.0,False
b1c5,Batch 1,167.0,1.0773293,1074.0,False
b1c5,Batch 1,172.0,1.0771332,1074.0,False
b1c5,Batch 1,177.0,1.0769155,1074.0,False
b1c5,Batch 1,182.0,1.0770476,1074.0,False
b1c5,Batch 1,187.0,1.0766978,1074.0,False
b1c5,Batch 1,191.0,1.0768023,1074.0,False
b1c5,Batch 1,196.0,1.0761532,1074.0,False
b1c5,Batch 1,201.0,1.0759215,1074.0,False
b1c5,Batch 1,206.0,1.0757512,1074.0,False
b1c5,Batch 1,211.0,1.0756541,1074.0,False
b1c5,Batch 1,216.0,1.0757931,1074.0,False
b1c5,Batch 1,221.0,1.0756748,1074.0,False
b1c5,Batch 1,226.0,1.0747855,1074.0,False
b1c5,Batch 1,231.0,1.0745447,1074.0,False
b1c5,Batch 1,235.0,1.0747014,1074.0,False
b1c5,Batch 1,240.0,1.0742226,1074.0,False
b1c5,Batch 1,245.0,1.0744731,1074.0,False
b1c5,Batch 1,250.0,1.0739073,1074.0,False
b1c5,Batch 1,255.0,1.0734874,1074.0,False
b1c5,Batch 1,260.0,1.0732626,1074.0,False
b1c5,Batch 1,265.0,1.0733881,1074.0,False
b1c5,Batch 1,270.0,1.0728656,1074.0,False
b1c5,Batch 1,275.0,1.0730792,1074.0,False
b1c5,Batch 1,280.0,1.0723293,1074.0,False
b1c5,Batch 1,284.0,1.0721129,1074.0,False
b1c5,Batch 1,289.0,1.0718646,1074.0,False
b1c5,Batch 1,294.0,1.0716811,1074.0,False
b1c5,Batch 1,299.0,1.0715939,1074.0,False
b1c5,Batch 1,304.0,1.0717994,1074.0,False
b1c5,Batch 1,309.0,1.0709573,1074.0,False
b1c5,Batch 1,314.0,1.070591,1074.0,False
b1c5,Batch 1,319.0,1.0703875,1074.0,False
b1c5,Batch 1,324.0,1.0700713,1074.0,False
b1c5,Batch 1,328.0,1.0699861,1074.0,False
b1c5,Batch 1,333.0,1.0699489,1074.0,False
b1c5,Batch 1,338.0,1.0693228,1074.0,False
b1c5,Batch 1,343.0,1.0690833,1074.0,False
b1c5,Batch 1,348.0,1.0705382,1074.0,False
b1c5,Batch 1,353.0,1.0703757,1074.0,False
b1c5,Batch 1,358.0,1.0710983,1074.0,False
b1c5,Batch 1,363.0,1.0703243,1074.0,False
b1c5,Batch 1,368.0,1.0695475,1074.0,False
b1c5,Batch 1,373.0,1.0692323,1074.0,False
b1c5,Batch 1,377.0,1.069167,1074.0,False
b1c5,Batch 1,382.0,1.0690644,1074.0,False
b1c5,Batch 1,387.0,1.0694494,1074.0,False
b1c5,Batch 1,392.0,1.068589,1074.0,False
b1c5,Batch 1,397.0,1.0681144,1074.0,False
b1c5,Batch 1,402.0,1.0679975,1074.0,False
b1c5,Batch 1,407.0,1.0676011,1074.0,False
b1c5,Batch 1,412.0,1.0679401,1074.0,False
b1c5,Batch 1,417.0,1.0678297,1074.0,False
b1c5,Batch 1,421.0,1.0669172,1074.0,False
b1c5,Batch 1,426.0,1.0665689,1074.0,False
b1c5,Batch 1,431.0,1.0666243,1074.0,False
b1c5,Batch 1,436.0,1.0659473,1074.0,False
b1c5,Batch 1,441.0,1.0664411,1074.0,False
b1c5,Batch 1,446.0,1.0651278,1074.0,False
b1c5,Batch 1,451.0,1.0651001,1074.0,False
b1c5,Batch 1,456.0,1.0648829,1074.0,False
b1c5,Batch 1,461.0,1.0645384,1074.0,False
b1c5,Batch 1,466.0,1.0641856,1074.0,False
b1c5,Batch 1,470.0,1.0644428,1074.0,False
b1c5,Batch 1,475.0,1.0635947,1074.0,False
b1c5,Batch 1,480.0,1.0633868,1074.0,False
b1c5,Batch 1,485.0,1.0625076,1074.0,False
b1c5,Batch 1,490.0,1.0625261,1074.0,False
b1c5,Batch 1,495.0,1.0626549,1074.0,False
b1c5,Batch 1,500.0,1.0632571,1074.0,False
b1c5,Batch 1,505.0,1.0617596,1074.0,False
b1c5,Batch 1,510.0,1.0595877,1074.0,False
b1c5,Batch 1,514.0,1.0590222,1074.0,False
b1c5,Batch 1,519.0,1.0590509,1074.0,False
b1c5,Batch 1,524.0,1.0590523,1074.0,False
b1c5,Batch 1,529.0,1.0590296,1074.0,False
b1c5,Batch 1,534.0,1.0579047,1074.0,False
b1c5,Batch 1,539.0,1.0575643,1074.0,False
b1c5,Batch 1,544.0,1.0572938,1074.0,False
b1c5,Batch 1,549.0,1.0566868,1074.0,False
b1c5,Batch 1,554.0,1.0563027,1074.0,False
b1c5,Batch 1,559.0,1.0559431,1074.0,False
b1c5,Batch 1,563.0,1.0555089,1074.0,False
b1c5,Batch 1,568.0,1.0550896,1074.0,False
b1c5,Batch 1,573.0,1.0543658,1074.0,False
b1c5,Batch 1,578.0,1.0542949,1074.0,False
b1c5,Batch 1,583.0,1.0543523,1074.0,False
b1c5,Batch 1,588.0,1.0535622,1074.0,False
b1c5,Batch 1,593.0,1.0523363,1074.0,False
b1c5,Batch 1,598.0,1.0525566,1074.0,False
b1c5,Batch 1,603.0,1.0517887,1074.0,False
b1c5,Batch 1,607.0,1.0517718,1074.0,False
b1c5,Batch 1,612.0,1.0518903,1074.0,False
b1c5,Batch 1,617.0,1.0509351,1074.0,False
b1c5,Batch 1,622.0,1.0501291,1074.0,False
b1c5,Batch 1,627.0,1.0500011,1074.0,False
b1c5,Batch 1,632.0,1.0490444,1074.0,False
b1c5,Batch 1,637.0,1.0488824,1074.0,False
b1c5,Batch 1,642.0,1.0482709,1074.0,False
b1c5,Batch 1,647.0,1.0480272,1074.0,False
b1c5,Batch 1,652.0,1.0468993,1074.0,False
b1c5,Batch 1,656.0,1.0469084,1074.0,False
b1c5,Batch 1,661.0,1.0463759,1074.0,False
b1c5,Batch 1,666.0,1.0461082,1074.0,False
b1c5,Batch 1,671.0,1.0455543,1074.0,False
b1c5,Batch 1,676.0,1.0446318,1074.0,False
b1c5,Batch 1,681.0,1.0441369,1074.0,False
b1c5,Batch 1,686.0,1.0433983,1074.0,False
b1c5,Batch 1,691.0,1.0428294,1074.0,False
b1c5,Batch 1,696.0,1.0430261,1074.0,False
b1c5,Batch 1,700.0,1.0425462,1074.0,False
b1c5,Batch 1,705.0,1.0413504,1074.0,False
b1c5,Batch 1,710.0,1.0410584,1074.0,False
b1c5,Batch 1,715.0,1.0401564,1074.0,False
b1c5,Batch 1,720.0,1.0395005,1074.0,False
b1c5,Batch 1,725.0,1.0387959,1074.0,False
b1c5,Batch 1,730.0,1.0383205,1074.0,False
b1c5,Batch 1,735.0,1.0376377,1074.0,False
b1c5,Batch 1,740.0,1.0379891,1074.0,False
b1c5,Batch 1,745.0,1.0373859,1074.0,False
b1c5,Batch 1,749.0,1.0369849,1074.0,False
b1c5,Batch 1,754.0,1.0373914,1074.0,False
b1c5,Batch 1,759.0,1.0370288,1074.0,False
b1c5,Batch 1,764.0,1.0353047,1074.0,False
b1c5,Batch 1,769.0,1.0342703,1074.0,False
b1c5,Batch 1,774.0,1.0341389,1074.0,False
b1c5,Batch 1,779.0,1.0334727,1074.0,False
b1c5,Batch 1,784.0,1.032952,1074.0,False
b1c5,Batch 1,789.0,1.0329527,1074.0,False
b1c5,Batch 1,793.0,1.0316856,1074.0,False
b1c5,Batch 1,798.0,1.0309386,1074.0,False
b1c5,Batch 1,803.0,1.0299692,1074.0,False
b1c5,Batch 1,808.0,1.0289165,1074.0,False
b1c5,Batch 1,813.0,1.0286465,1074.0,False
b1c5,Batch 1,818.0,1.0278044,1074.0,False
b1c5,Batch 1,823.0,1.026474,1074.0,False
b1c5,Batch 1,828.0,1.0253804,1074.0,False
b1c5,Batch 1,833.0,1.0245184,1074.0,False
b1c5,Batch 1,838.0,1.0239725,1074.0,False
b1c5,Batch 1,842.0,1.0233378,1074.0,False
b1c5,Batch 1,847.0,1.0227298,1074.0,False
b1c5,Batch 1,852.0,1.021168,1074.0,False
b1c5,Batch 1,857.0,1.0199815,1074.0,False
b1c5,Batch 1,862.0,1.0188494,1074.0,False
b1c5,Batch 1,867.0,1.0172023,1074.0,False
b1c5,Batch 1,872.0,1.0161166,1074.0,False
b1c5,Batch 1,877.0,1.0154423,1074.0,False
b1c5,Batch 1,882.0,1.0137283,1074.0,False
b1c5,Batch 1,886.0,1.0122982,1074.0,False
b1c5,Batch 1,891.0,1.0108948,1074.0,False
b1c5,Batch 1,896.0,1.0089979,1074.0,False
b1c5,Batch 1,901.0,1.0075223,1074.0,False
b1c5,Batch 1,906.0,1.0069849,1074.0,False
b1c5,Batch 1,911.0,1.0039538,1074.0,False
b1c5,Batch 1,916.0,1.0025051,1074.0,False
b1c5,Batch 1,921.0,0.99992585,1074.0,False
b1c5,Batch 1,926.0,0.99803859,1074.0,False
b1c5,Batch 1,931.0,0.99681687,1074.0,False
b1c5,Batch 1,935.0,0.99486935,1074.0,False
b1c5,Batch 1,940.0,0.99211264,1074.0,False
b1c5,Batch 1,945.0,0.98975372,1074.0,False
b1c5,Batch 1,950.0,0.9871434,1074.0,False
b1c5,Batch 1,955.0,0.98485523,1074.0,False
b1c5,Batch 1,960.0,0.98208505,1074.0,False
b1c5,Batch 1,965.0,0.98011339,1074.0,False
b1c5,Batch 1,970.0,0.97637248,1074.0,False
b1c5,Batch 1,975.0,0.9733758,1074.0,False
b1c5,Batch 1,979.0,0.9701696,1074.0,False
b1c5,Batch 1,984.0,0.96691215,1074.0,False
b1c5,Batch 1,989.0,0.9614386,1074.0,False
b1c5,Batch 1,994.0,0.95758379,1074.0,False
b1c5,Batch 1,999.0,0.95419627,1074.0,False
b1c5,Batch 1,1004.0,0.94891131,1074.0,False
b1c5,Batch 1,1009.0,0.94487584,1074.0,False
b1c5,Batch 1,1014.0,0.93939257,1074.0,False
b1c5,Batch 1,1019.0,0.93552274,1074.0,False
b1c5,Batch 1,1024.0,0.93102294,1074.0,False
b1c5,Batch 1,1028.0,0.92667025,1074.0,False
b1c5,Batch 1,1033.0,0.9216128,1074.0,False
b1c5,Batch 1,1038.0,0.91694129,1074.0,False
b1c5,Batch 1,1043.0,0.91170013,1074.0,False
b1c5,Batch 1,1048.0,0.90610236,1074.0,False
b1c5,Batch 1,1053.0,0.90158254,1074.0,False
b1c5,Batch 1,1058.0,0.89625603,1074.0,False
b1c5,Batch 1,1063.0,0.89061004,1074.0,False
b1c5,Batch 1,1068.0,0.8851667,1074.0,False
b1c5,Batch 1,1073.0,0.88053626,1074.0,False
b1c6,Batch 1,1.0,0.0,636.0,False
b1c6,Batch 1,3.0,1.0772603,636.0,False
b1c6,Batch 1,6.0,1.0798916,636.0,False
b1c6,Batch 1,9.0,1.08091,636.0,False
b1c6,Batch 1,12.0,1.0814111,636.0,False
b1c6,Batch 1,15.0,1.0797371,636.0,False
b1c6,Batch 1,18.0,1.0811822,636.0,False
b1c6,Batch 1,21.0,1.0817535,636.0,False
b1c6,Batch 1,24.0,1.0819178,636.0,False
b1c6,Batch 1,27.0,1.0821004,636.0,False
b1c6,Batch 1,29.0,1.0820864,636.0,False
b1c6,Batch 1,32.0,1.0819528,636.0,False
b1c6,Batch 1,35.0,1.0819893,636.0,False
b1c6,Batch 1,38.0,1.0819323,636.0,False
b1c6,Batch 1,41.0,1.0818461,636.0,False
b1c6,Batch 1,44.0,1.0818357,636.0,False
b1c6,Batch 1,47.0,1.0818621,636.0,False
b1c6,Batch 1,50.0,1.0817347,636.0,False
b1c6,Batch 1,53.0,1.0816847,636.0,False
b1c6,Batch 1,56.0,1.0816139,636.0,False
b1c6,Batch 1,58.0,1.0815461,636.0,False
b1c6,Batch 1,61.0,1.0813696,636.0,False
b1c6,Batch 1,64.0,1.0812583,636.0,False
b1c6,Batch 1,67.0,1.0809867,636.0,False
b1c6,Batch 1,70.0,1.0814364,636.0,False
b1c6,Batch 1,73.0,1.0809479,636.0,False
b1c6,Batch 1,76.0,1.0807834,636.0,False
b1c6,Batch 1,79.0,1.0806477,636.0,False
b1c6,Batch 1,82.0,1.0804737,636.0,False
b1c6,Batch 1,84.0,1.0803323,636.0,False
b1c6,Batch 1,87.0,1.0800928,636.0,False
b1c6,Batch 1,90.0,1.0798993,636.0,False
b1c6,Batch 1,93.0,1.0797207,636.0,False
b1c6,Batch 1,96.0,1.0795305,636.0,False
b1c6,Batch 1,99.0,1.0793252,636.0,False
b1c6,Batch 1,102.0,1.0791534,636.0,False
b1c6,Batch 1,105.0,1.0788585,636.0,False
b1c6,Batch 1,108.0,1.0786266,636.0,False
b1c6,Batch 1,111.0,1.0784836,636.0,False
b1c6,Batch 1,113.0,1.078338,636.0,False
b1c6,Batch 1,116.0,1.0780998,636.0,False
b1c6,Batch 1,119.0,1.0779065,636.0,False
b1c6,Batch 1,122.0,1.077742,636.0,False
b1c6,Batch 1,125.0,1.0773915,636.0,False
b1c6,Batch 1,128.0,1.0771934,636.0,False
b1c6,Batch 1,131.0,1.0769944,636.0,False
b1c6,Batch 1,134.0,1.0766827,636.0,False
b1c6,Batch 1,137.0,1.0764493,636.0,False
b1c6,Batch 1,139.0,1.0763074,636.0,False
b1c6,Batch 1,142.0,1.0760466,636.0,False
b1c6,Batch 1,145.0,1.0756786,636.0,False
b1c6,Batch 1,148.0,1.0754632,636.0,False
b1c6,Batch 1,151.0,1.0752029,636.0,False
b1c6,Batch 1,154.0,1.074891,636.0,False
b1c6,Batch 1,157.0,1.0746876,636.0,False
b1c6,Batch 1,160.0,1.0744982,636.0,False
b1c6,Batch 1,163.0,1.0741153,636.0,False
b1c6,Batch 1,166.0,1.0738795,636.0,False
b1c6,Batch 1,168.0,1.0737089,636.0,False
b1c6,Batch 1,171.0,1.0735425,636.0,False
b1c6,Batch 1,174.0,1.0732729,636.0,False
b1c6,Batch 1,177.0,1.0729429,636.0,False
b1c6,Batch 1,180.0,1.0726306,636.0,False
b1c6,Batch 1,183.0,1.0726471,636.0,False
b1c6,Batch 1,186.0,1.072355,636.0,False
b1c6,Batch 1,189.0,1.071867,636.0,False
b1c6,Batch 1,192.0,1.0720365,636.0,False
b1c6,Batch 1,194.0,1.0719541,636.0,False
b1c6,Batch 1,197.0,1.0715749,636.0,False
b1c6,Batch 1,200.0,1.0710633,636.0,False
b1c6,Batch 1,203.0,1.0706832,636.0,False
b1c6,Batch 1,206.0,1.0703309,636.0,False
b1c6,Batch 1,209.0,1.070078,636.0,False
b1c6,Batch 1,212.0,1.0701951,636.0,False
b1c6,Batch 1,215.0,1.0697296,636.0,False
b1c6,Batch 1,218.0,1.069384,636.0,False
b1c6,Batch 1,221.0,1.0696869,636.0,False
b1c6,Batch 1,223.0,1.0695927,636.0,False
b1c6,Batch 1,226.0,1.0689701,636.0,False
b1c6,Batch 1,229.0,1.068351,636.0,False
b1c6,Batch 1,232.0,1.0679258,636.0,False
b1c6,Batch 1,235.0,1.0676122,636.0,False
b1c6,Batch 1,238.0,1.0674969,636.0,False
b1c6,Batch 1,241.0,1.0675638,636.0,False
b1c6,Batch 1,244.0,1.066808,636.0,False
b1c6,Batch 1,247.0,1.0666482,636.0,False
b1c6,Batch 1,249.0,1.0667436,636.0,False
b1c6,Batch 1,252.0,1.0664465,636.0,False
b1c6,Batch 1,255.0,1.0657036,636.0,False
b1c6,Batch 1,258.0,1.0653899,636.0,False
b1c6,Batch 1,261.0,1.0649894,636.0,False
b1c6,Batch 1,264.0,1.0646707,636.0,False
b1c6,Batch 1,267.0,1.0646049,636.0,False
b1c6,Batch 1,270.0,1.0641392,636.0,False
b1c6,Batch 1,273.0,1.0637678,636.0,False
b1c6,Batch 1,276.0,1.0636957,636.0,False
b1c6,Batch 1,278.0,1.0635026,636.0,False
b1c6,Batch 1,281.0,1.0633839,636.0,False
b1c6,Batch 1,284.0,1.0623744,636.0,False
b1c6,Batch 1,287.0,1.0622644,636.0,False
b1c6,Batch 1,290.0,1.0618762,636.0,False
b1c6,Batch 1,293.0,1.0614927,636.0,False
b1c6,Batch 1,296.0,1.0612273,636.0,False
b1c6,Batch 1,299.0,1.0605741,636.0,False
b1c6,Batch 1,302.0,1.0604275,636.0,False
b1c6,Batch 1,304.0,1.0603468,636.0,False
b1c6,Batch 1,307.0,1.0598302,636.0,False
b1c6,Batch 1,310.0,1.0592251,636.0,False
b1c6,Batch 1,313.0,1.0592643,636.0,False
b1c6,Batch 1,316.0,1.0588117,636.0,False
b1c6,Batch 1,319.0,1.0583985,636.0,False
b1c6,Batch 1,322.0,1.0576839,636.0,False
b1c6,Batch 1,325.0,1.0576631,636.0,False
b1c6,Batch 1,328.0,1.0571694,636.0,False
b1c6,Batch 1,331.0,1.056838,636.0,False
b1c6,Batch 1,333.0,1.056743,636.0,False
b1c6,Batch 1,336.0,1.0564938,636.0,False
b1c6,Batch 1,339.0,1.0558317,636.0,False
b1c6,Batch 1,342.0,1.0553547,636.0,False
b1c6,Batch 1,345.0,1.0549424,636.0,False
b1c6,Batch 1,348.0,1.0545563,636.0,False
b1c6,Batch 1,351.0,1.0537657,636.0,False
b1c6,Batch 1,354.0,1.0546526,636.0,False
b1c6,Batch 1,357.0,1.0543921,636.0,False
b1c6,Batch 1,359.0,1.0539758,636.0,False
b1c6,Batch 1,362.0,1.0546213,636.0,False
b1c6,Batch 1,365.0,1.0545479,636.0,False
b1c6,Batch 1,368.0,1.0539083,636.0,False
b1c6,Batch 1,371.0,1.0528466,636.0,False
b1c6,Batch 1,374.0,1.0524173,636.0,False
b1c6,Batch 1,377.0,1.0514734,636.0,False
b1c6,Batch 1,380.0,1.0513525,636.0,False
b1c6,Batch 1,383.0,1.0510007,636.0,False
b1c6,Batch 1,386.0,1.0506561,636.0,False
b1c6,Batch 1,388.0,1.0503486,636.0,False
b1c6,Batch 1,391.0,1.0508199,636.0,False
b1c6,Batch 1,394.0,1.0498977,636.0,False
b1c6,Batch 1,397.0,1.0496367,636.0,False
b1c6,Batch 1,400.0,1.049055,636.0,False
b1c6,Batch 1,403.0,1.0479277,636.0,False
b1c6,Batch 1,406.0,1.0478573,636.0,False
b1c6,Batch 1,409.0,1.0474684,636.0,False
b1c6,Batch 1,412.0,1.0469261,636.0,False
b1c6,Batch 1,414.0,1.0466276,636.0,False
b1c6,Batch 1,417.0,1.0461262,636.0,False
b1c6,Batch 1,420.0,1.0461489,636.0,False
b1c6,Batch 1,423.0,1.0457525,636.0,False
b1c6,Batch 1,426.0,1.0445797,636.0,False
b1c6,Batch 1,429.0,1.0438466,636.0,False
b1c6,Batch 1,432.0,1.0426956,636.0,False
b1c6,Batch 1,435.0,1.042567,636.0,False
b1c6,Batch 1,438.0,1.0423677,636.0,False
b1c6,Batch 1,441.0,1.0417081,636.0,False
b1c6,Batch 1,443.0,1.0409975,636.0,False
b1c6,Batch 1,446.0,1.0402628,636.0,False
b1c6,Batch 1,449.0,1.0400503,636.0,False
b1c6,Batch 1,452.0,1.0392524,636.0,False
b1c6,Batch 1,455.0,1.0382768,636.0,False
b1c6,Batch 1,458.0,1.0376468,636.0,False
b1c6,Batch 1,461.0,1.0360777,636.0,False
b1c6,Batch 1,464.0,1.0356617,636.0,False
b1c6,Batch 1,467.0,1.0351892,636.0,False
b1c6,Batch 1,469.0,1.034663,636.0,False
b1c6,Batch 1,472.0,1.0333395,636.0,False
b1c6,Batch 1,475.0,1.0327927,636.0,False
b1c6,Batch 1,478.0,1.0324953,636.0,False
b1c6,Batch 1,481.0,1.0317889,636.0,False
b1c6,Batch 1,484.0,1.0305094,636.0,False
b1c6,Batch 1,487.0,1.0293379,636.0,False
b1c6,Batch 1,490.0,1.0283939,636.0,False
b1c6,Batch 1,493.0,1.0269475,636.0,False
b1c6,Batch 1,496.0,1.0259019,636.0,False
b1c6,Batch 1,498.0,1.0257219,636.0,False
b1c6,Batch 1,501.0,1.0236229,636.0,False
b1c6,Batch 1,504.0,1.0232158,636.0,False
b1c6,Batch 1,507.0,1.0224826,636.0,False
b1c6,Batch 1,510.0,1.0211393,636.0,False
b1c6,Batch 1,513.0,1.0200983,636.0,False
b1c6,Batch 1,516.0,1.0186158,636.0,False
b1c6,Batch 1,519.0,1.0170077,636.0,False
b1c6,Batch 1,522.0,1.0130334,636.0,False
b1c6,Batch 1,524.0,1.0124396,636.0,False
b1c6,Batch 1,527.0,1.0109456,636.0,False
b1c6,Batch 1,530.0,1.0093521,636.0,False
b1c6,Batch 1,533.0,1.0071666,636.0,False
b1c6,Batch 1,536.0,1.0061229,636.0,False
b1c6,Batch 1,539.0,1.0039213,636.0,False
b1c6,Batch 1,542.0,1.0022383,636.0,False
b1c6,Batch 1,545.0,0.99950409,636.0,False
b1c6,Batch 1,548.0,0.99721116,636.0,False
b1c6,Batch 1,551.0,0.99479431,636.0,False
b1c6,Batch 1,553.0,0.99298501,636.0,False
b1c6,Batch 1,556.0,0.99055612,636.0,False
b1c6,Batch 1,559.0,0.98838395,636.0,False
b1c6,Batch 1,562.0,0.98529375,636.0,False
b1c6,Batch 1,565.0,0.98249489,636.0,False
b1c6,Batch 1,568.0,0.97961414,636.0,False
b1c6,Batch 1,571.0,0.97640193,636.0,False
b1c6,Batch 1,574.0,0.97310829,636.0,False
b1c6,Batch 1,577.0,0.9695276,636.0,False
b1c6,Batch 1,579.0,0.96724606,636.0,False
b1c6,Batch 1,582.0,0.96359003,636.0,False
b1c6,Batch 1,585.0,0.95968348,636.0,False
b1c6,Batch 1,588.0,0.95530993,636.0,False
b1c6,Batch 1,591.0,0.95121789,636.0,False
b1c6,Batch 1,594.0,0.94688213,636.0,False
b1c6,Batch 1,597.0,0.94175071,636.0,False
b1c6,Batch 1,600.0,0.93773991,636.0,False
b1c6,Batch 1,603.0,0.93312365,636.0,False
b1c6,Batch 1,606.0,0.92804724,636.0,False
b1c6,Batch 1,608.0,0.92432088,636.0,False
b1c6,Batch 1,611.0,0.91913021,636.0,False
b1c6,Batch 1,614.0,0.91445959,636.0,False
b1c6,Batch 1,617.0,0.90905344,636.0,False
b1c6,Batch 1,620.0,0.90420043,636.0,False
b1c6,Batch 1,623.0,0.89971495,636.0,False
b1c6,Batch 1,626.0,0.89443779,636.0,False
b1c6,Batch 1,629.0,0.88948327,636.0,False
b1c6,Batch 1,632.0,0.88449401,636.0,False
b1c6,Batch 1,635.0,0.8800565,636.0,False
b1c7,Batch 1,1.0,0.0,870.0,False
b1c7,Batch 1,4.0,1.0959545,870.0,False
b1c7,Batch 1,8.0,1.0974655,870.0,False
b1c7,Batch 1,12.0,1.0978042,870.0,False
b1c7,Batch 1,16.0,1.0964152,870.0,False
b1c7,Batch 1,20.0,1.0948926,870.0,False
b1c7,Batch 1,24.0,1.09762,870.0,False
b1c7,Batch 1,28.0,1.0979686,870.0,False
b1c7,Batch 1,32.0,1.0977647,870.0,False
b1c7,Batch 1,36.0,1.0976315,870.0,False
b1c7,Batch 1,40.0,1.0974603,870.0,False
b1c7,Batch 1,44.0,1.0975101,870.0,False
b1c7,Batch 1,48.0,1.0975606,870.0,False
b1c7,Batch 1,52.0,1.097564,870.0,False
b1c7,Batch 1,56.0,1.0973593,870.0,False
b1c7,Batch 1,60.0,1.09716,870.0,False
b1c7,Batch 1,64.0,1.0971147,870.0,False
b1c7,Batch 1,68.0,1.0969489,870.0,False
b1c7,Batch 1,72.0,1.097258,870.0,False
b1c7,Batch 1,76.0,1.0966536,870.0,False
b1c7,Batch 1,80.0,1.0965805,870.0,False
b1c7,Batch 1,84.0,1.0964056,870.0,False
b1c7,Batch 1,88.0,1.0962472,870.0,False
b1c7,Batch 1,92.0,1.0960773,870.0,False
b1c7,Batch 1,96.0,1.0959332,870.0,False
b1c7,Batch 1,100.0,1.0957625,870.0,False
b1c7,Batch 1,104.0,1.0954053,870.0,False
b1c7,Batch 1,108.0,1.0952303,870.0,False
b1c7,Batch 1,111.0,1.0953189,870.0,False
b1c7,Batch 1,115.0,1.0950345,870.0,False
b1c7,Batch 1,119.0,1.0948979,870.0,False
b1c7,Batch 1,123.0,1.0947505,870.0,False
b1c7,Batch 1,127.0,1.0943452,870.0,False
b1c7,Batch 1,131.0,1.0944263,870.0,False
b1c7,Batch 1,135.0,1.0941746,870.0,False
b1c7,Batch 1,139.0,1.094015,870.0,False
b1c7,Batch 1,143.0,1.0937942,870.0,False
b1c7,Batch 1,147.0,1.0934728,870.0,False
b1c7,Batch 1,151.0,1.0933349,870.0,False
b1c7,Batch 1,155.0,1.0931213,870.0,False
b1c7,Batch 1,159.0,1.0930486,870.0,False
b1c7,Batch 1,163.0,1.0927472,870.0,False
b1c7,Batch 1,167.0,1.0925164,870.0,False
b1c7,Batch 1,171.0,1.0923284,870.0,False
b1c7,Batch 1,175.0,1.0920869,870.0,False
b1c7,Batch 1,179.0,1.0918808,870.0,False
b1c7,Batch 1,183.0,1.0920669,870.0,False
b1c7,Batch 1,187.0,1.0915468,870.0,False
b1c7,Batch 1,191.0,1.0916808,870.0,False
b1c7,Batch 1,195.0,1.0915564,870.0,False
b1c7,Batch 1,199.0,1.0909803,870.0,False
b1c7,Batch 1,203.0,1.0906798,870.0,False
b1c7,Batch 1,207.0,1.0904289,870.0,False
b1c7,Batch 1,211.0,1.0906012,870.0,False
b1c7,Batch 1,215.0,1.090315,870.0,False
b1c7,Batch 1,218.0,1.0901761,870.0,False
b1c7,Batch 1,222.0,1.0906404,870.0,False
b1c7,Batch 1,226.0,1.0900322,870.0,False
b1c7,Batch 1,230.0,1.0893611,870.0,False
b1c7,Batch 1,234.0,1.0889913,870.0,False
b1c7,Batch 1,238.0,1.0888366,870.0,False
b1c7,Batch 1,242.0,1.0890428,870.0,False
b1c7,Batch 1,246.0,1.0884664,870.0,False
b1c7,Batch 1,250.0,1.0888276,870.0,False
b1c7,Batch 1,254.0,1.0883882,870.0,False
b1c7,Batch 1,258.0,1.0878379,870.0,False
b1c7,Batch 1,262.0,1.0875961,870.0,False
b1c7,Batch 1,266.0,1.0874422,870.0,False
b1c7,Batch 1,270.0,1.0873622,870.0,False
b1c7,Batch 1,274.0,1.0869024,870.0,False
b1c7,Batch 1,278.0,1.0870825,870.0,False
b1c7,Batch 1,282.0,1.0867324,870.0,False
b1c7,Batch 1,286.0,1.0861205,870.0,False
b1c7,Batch 1,290.0,1.0857214,870.0,False
b1c7,Batch 1,294.0,1.0854981,870.0,False
b1c7,Batch 1,298.0,1.0854259,870.0,False
b1c7,Batch 1,302.0,1.0849041,870.0,False
b1c7,Batch 1,306.0,1.085081,870.0,False
b1c7,Batch 1,310.0,1.0852072,870.0,False
b1c7,Batch 1,314.0,1.0842696,870.0,False
b1c7,Batch 1,318.0,1.0838547,870.0,False
b1c7,Batch 1,322.0,1.0836265,870.0,False
b1c7,Batch 1,326.0,1.0833067,870.0,False
b1c7,Batch 1,329.0,1.0832028,870.0,False
b1c7,Batch 1,333.0,1.0829771,870.0,False
b1c7,Batch 1,337.0,1.0829746,870.0,False
b1c7,Batch 1,341.0,1.0823321,870.0,False
b1c7,Batch 1,345.0,1.0820291,870.0,False
b1c7,Batch 1,349.0,1.0816271,870.0,False
b1c7,Batch 1,353.0,1.0822263,870.0,False
b1c7,Batch 1,357.0,1.0821077,870.0,False
b1c7,Batch 1,361.0,1.0825204,870.0,False
b1c7,Batch 1,365.0,1.0829278,870.0,False
b1c7,Batch 1,369.0,1.0820301,870.0,False
b1c7,Batch 1,373.0,1.0811448,870.0,False
b1c7,Batch 1,377.0,1.0808675,870.0,False
b1c7,Batch 1,381.0,1.0807034,870.0,False
b1c7,Batch 1,385.0,1.080273,870.0,False
b1c7,Batch 1,389.0,1.0803353,870.0,False
b1c7,Batch 1,393.0,1.0806509,870.0,False
b1c7,Batch 1,397.0,1.0800562,870.0,False
b1c7,Batch 1,401.0,1.0793226,870.0,False
b1c7,Batch 1,405.0,1.078867,870.0,False
b1c7,Batch 1,409.0,1.0788653,870.0,False
b1c7,Batch 1,413.0,1.0784807,870.0,False
b1c7,Batch 1,417.0,1.0783159,870.0,False
b1c7,Batch 1,421.0,1.0786234,870.0,False
b1c7,Batch 1,425.0,1.0780692,870.0,False
b1c7,Batch 1,429.0,1.0771013,870.0,False
b1c7,Batch 1,433.0,1.0768442,870.0,False
b1c7,Batch 1,436.0,1.076702,870.0,False
b1c7,Batch 1,440.0,1.0765724,870.0,False
b1c7,Batch 1,444.0,1.0759033,870.0,False
b1c7,Batch 1,448.0,1.0763688,870.0,False
b1c7,Batch 1,452.0,1.076215,870.0,False
b1c7,Batch 1,456.0,1.0750121,870.0,False
b1c7,Batch 1,460.0,1.074613,870.0,False
b1c7,Batch 1,464.0,1.0742694,870.0,False
b1c7,Batch 1,468.0,1.0741698,870.0,False
b1c7,Batch 1,472.0,1.0734648,870.0,False
b1c7,Batch 1,476.0,1.0736934,870.0,False
b1c7,Batch 1,480.0,1.0710361,870.0,False
b1c7,Batch 1,484.0,1.0725349,870.0,False
b1c7,Batch 1,488.0,1.0718902,870.0,False
b1c7,Batch 1,492.0,1.0714165,870.0,False
b1c7,Batch 1,496.0,1.0710567,870.0,False
b1c7,Batch 1,500.0,1.0705566,870.0,False
b1c7,Batch 1,504.0,1.069693,870.0,False
b1c7,Batch 1,508.0,1.0711005,870.0,False
b1c7,Batch 1,512.0,1.0697888,870.0,False
b1c7,Batch 1,516.0,1.068797,870.0,False
b1c7,Batch 1,520.0,1.0655781,870.0,False
b1c7,Batch 1,524.0,1.0663627,870.0,False
b1c7,Batch 1,528.0,1.0654224,870.0,False
b1c7,Batch 1,532.0,1.0654985,870.0,False
b1c7,Batch 1,536.0,1.0654258,870.0,False
b1c7,Batch 1,540.0,1.0640819,870.0,False
b1c7,Batch 1,543.0,1.0635592,870.0,False
b1c7,Batch 1,547.0,1.061667,870.0,False
b1c7,Batch 1,551.0,1.0619768,870.0,False
b1c7,Batch 1,555.0,1.0615432,870.0,False
b1c7,Batch 1,559.0,1.0608714,870.0,False
b1c7,Batch 1,563.0,1.0592488,870.0,False
b1c7,Batch 1,567.0,1.0594652,870.0,False
b1c7,Batch 1,571.0,1.0555787,870.0,False
b1c7,Batch 1,575.0,1.0576559,870.0,False
b1c7,Batch 1,579.0,1.0567771,870.0,False
b1c7,Batch 1,583.0,1.054817,870.0,False
b1c7,Batch 1,587.0,1.0551299,870.0,False
b1c7,Batch 1,591.0,1.0551821,870.0,False
b1c7,Batch 1,595.0,1.0523422,870.0,False
b1c7,Batch 1,599.0,1.051186,870.0,False
b1c7,Batch 1,603.0,1.0507581,870.0,False
b1c7,Batch 1,607.0,1.0504009,870.0,False
b1c7,Batch 1,611.0,1.049006,870.0,False
b1c7,Batch 1,615.0,1.0481035,870.0,False
b1c7,Batch 1,619.0,1.0465868,870.0,False
b1c7,Batch 1,623.0,1.0464588,870.0,False
b1c7,Batch 1,627.0,1.0449215,870.0,False
b1c7,Batch 1,631.0,1.0434449,870.0,False
b1c7,Batch 1,635.0,1.0421718,870.0,False
b1c7,Batch 1,639.0,1.0411013,870.0,False
b1c7,Batch 1,643.0,1.0397269,870.0,False
b1c7,Batch 1,647.0,1.0386903,870.0,False
b1c7,Batch 1,651.0,1.0375682,870.0,False
b1c7,Batch 1,654.0,1.0366098,870.0,False
b1c7,Batch 1,658.0,1.0350996,870.0,False
b1c7,Batch 1,662.0,1.0334167,870.0,False
b1c7,Batch 1,666.0,1.0322006,870.0,False
b1c7,Batch 1,670.0,1.0299678,870.0,False
b1c7,Batch 1,674.0,1.0287749,870.0,False
b1c7,Batch 1,678.0,1.0275806,870.0,False
b1c7,Batch 1,682.0,1.0257592,870.0,False
b1c7,Batch 1,686.0,1.0240835,870.0,False
b1c7,Batch 1,690.0,1.0216674,870.0,False
b1c7,Batch 1,694.0,1.0204391,870.0,False
b1c7,Batch 1,698.0,1.0183011,870.0,False
b1c7,Batch 1,702.0,1.0163674,870.0,False
b1c7,Batch 1,706.0,1.0143287,870.0,False
b1c7,Batch 1,710.0,1.0125799,870.0,False
b1c7,Batch 1,714.0,1.0105475,870.0,False
b1c7,Batch 1,718.0,1.0082372,870.0,False
b1c7,Batch 1,722.0,1.0058007,870.0,False
b1c7,Batch 1,726.0,1.0035484,870.0,False
b1c7,Batch 1,730.0,1.0009743,870.0,False
b1c7,Batch 1,734.0,0.9984569,870.0,False
b1c7,Batch 1,738.0,0.99610174,870.0,False
b1c7,Batch 1,742.0,0.99348068,870.0,False
b1c7,Batch 1,746.0,0.99076372,870.0,False
b1c7,Batch 1,750.0,0.98805022,870.0,False
b1c7,Batch 1,754.0,0.98506129,870.0,False
b1c7,Batch 1,758.0,0.98251903,870.0,False
b1c7,Batch 1,761.0,0.98002547,870.0,False
b1c7,Batch 1,765.0,0.97764587,870.0,False
b1c7,Batch 1,769.0,0.9746145,870.0,False
b1c7,Batch 1,773.0,0.97145933,870.0,False
b1c7,Batch 1,777.0,0.96791196,870.0,False
b1c7,Batch 1,781.0,0.9642778,870.0,False
b1c7,Batch 1,785.0,0.96079749,870.0,False
b1c7,Batch 1,789.0,0.95732009,870.0,False
b1c7,Batch 1,793.0,0.9541046,870.0,False
b1c7,Batch 1,797.0,0.95048153,870.0,False
b1c7,Batch 1,801.0,0.94720805,870.0,False
b1c7,Batch 1,805.0,0.94317406,870.0,False
b1c7,Batch 1,809.0,0.93918401,870.0,False
b1c7,Batch 1,813.0,0.93523479,870.0,False
b1c7,Batch 1,817.0,0.93185842,870.0,False
b1c7,Batch 1,821.0,0.92784506,870.0,False
b1c7,Batch 1,825.0,0.92399311,870.0,False
b1c7,Batch 1,829.0,0.92045516,870.0,False
b1c7,Batch 1,833.0,0.91689777,870.0,False
b1c7,Batch 1,837.0,0.91261542,870.0,False
b1c7,Batch 1,841.0,0.90907705,870.0,False
b1c7,Batch 1,845.0,0.90450048,870.0,False
b1c7,Batch 1,849.0,0.90095425,870.0,False
b1c7,Batch 1,853.0,0.89698845,870.0,False
b1c7,Batch 1,857.0,0.89277506,870.0,False
b1c7,Batch 1,861.0,0.88902521,870.0,False
b1c7,Batch 1,865.0,0.88517129,870.0,False
b1c7,Batch 1,869.0,0.88110596,870.0,False
b1c9,Batch 1,1.0,0.0,1054.0,False
b1c9,Batch 1,5.0,1.0847102,1054.0,False
b1c9,Batch 1,10.0,1.0866315,1054.0,False
b1c9,Batch 1,15.0,1.0871215,1054.0,False
b1c9,Batch 1,20.0,1.0875694,1054.0,False
b1c9,Batch 1,25.0,1.0877383,1054.0,False
b1c9,Batch 1,29.0,1.0879239,1054.0,False
b1c9,Batch 1,34.0,1.0879275,1054.0,False
b1c9,Batch 1,39.0,1.0880574,1054.0,False
b1c9,Batch 1,44.0,1.0879619,1054.0,False
b1c9,Batch 1,49.0,1.0880865,1054.0,False
b1c9,Batch 1,53.0,1.088695,1054.0,False
b1c9,Batch 1,58.0,1.0883187,1054.0,False
b1c9,Batch 1,63.0,1.0883681,1054.0,False
b1c9,Batch 1,68.0,1.0882499,1054.0,False
b1c9,Batch 1,73.0,1.0882043,1054.0,False
b1c9,Batch 1,77.0,1.0881171,1054.0,False
b1c9,Batch 1,82.0,1.0879772,1054.0,False
b1c9,Batch 1,87.0,1.0878869,1054.0,False
b1c9,Batch 1,92.0,1.0877366,1054.0,False
b1c9,Batch 1,97.0,1.0876859,1054.0,False
b1c9,Batch 1,101.0,1.0876603,1054.0,False
b1c9,Batch 1,106.0,1.0874407,1054.0,False
b1c9,Batch 1,111.0,1.0873665,1054.0,False
b1c9,Batch 1,116.0,1.0872233,1054.0,False
b1c9,Batch 1,121.0,1.0871811,1054.0,False
b1c9,Batch 1,125.0,1.0870261,1054.0,False
b1c9,Batch 1,130.0,1.0866878,1054.0,False
b1c9,Batch 1,135.0,1.0865159,1054.0,False
b1c9,Batch 1,140.0,1.0863174,1054.0,False
b1c9,Batch 1,145.0,1.0861142,1054.0,False
b1c9,Batch 1,149.0,1.0859958,1054.0,False
b1c9,Batch 1,154.0,1.0858878,1054.0,False
b1c9,Batch 1,159.0,1.0856601,1054.0,False
b1c9,Batch 1,164.0,1.0855515,1054.0,False
b1c9,Batch 1,169.0,1.0853578,1054.0,False
b1c9,Batch 1,173.0,1.0854286,1054.0,False
b1c9,Batch 1,178.0,1.0853806,1054.0,False
b1c9,Batch 1,183.0,1.0849605,1054.0,False
b1c9,Batch 1,188.0,1.0846609,1054.0,False
b1c9,Batch 1,193.0,1.0847336,1054.0,False
b1c9,Batch 1,197.0,1.0844349,1054.0,False
b1c9,Batch 1,202.0,1.0848092,1054.0,False
b1c9,Batch 1,207.0,1.0845296,1054.0,False
b1c9,Batch 1,212.0,1.0837955,1054.0,False
b1c9,Batch 1,217.0,1.0835176,1054.0,False
b1c9,Batch 1,221.0,1.0837895,1054.0,False
b1c9,Batch 1,226.0,1.0832022,1054.0,False
b1c9,Batch 1,231.0,1.0834057,1054.0,False
b1c9,Batch 1,236.0,1.0828172,1054.0,False
b1c9,Batch 1,241.0,1.0825779,1054.0,False
b1c9,Batch 1,245.0,1.082346,1054.0,False
b1c9,Batch 1,250.0,1.0825491,1054.0,False
b1c9,Batch 1,255.0,1.0819241,1054.0,False
b1c9,Batch 1,260.0,1.0822103,1054.0,False
b1c9,Batch 1,265.0,1.0816245,1054.0,False
b1c9,Batch 1,270.0,1.0813214,1054.0,False
b1c9,Batch 1,274.0,1.0810571,1054.0,False
b1c9,Batch 1,279.0,1.0809599,1054.0,False
b1c9,Batch 1,284.0,1.0808164,1054.0,False
b1c9,Batch 1,289.0,1.0810342,1054.0,False
b1c9,Batch 1,294.0,1.0801615,1054.0,False
b1c9,Batch 1,298.0,1.0799716,1054.0,False
b1c9,Batch 1,303.0,1.0797487,1054.0,False
b1c9,Batch 1,308.0,1.0795346,1054.0,False
b1c9,Batch 1,313.0,1.0794671,1054.0,False
b1c9,Batch 1,318.0,1.0794079,1054.0,False
b1c9,Batch 1,322.0,1.0789205,1054.0,False
b1c9,Batch 1,327.0,1.0786239,1054.0,False
b1c9,Batch 1,332.0,1.0791762,1054.0,False
b1c9,Batch 1,337.0,1.0792623,1054.0,False
b1c9,Batch 1,342.0,1.0800157,1054.0,False
b1c9,Batch 1,346.0,1.0801107,1054.0,False
b1c9,Batch 1,351.0,1.0787719,1054.0,False
b1c9,Batch 1,356.0,1.0784105,1054.0,False
b1c9,Batch 1,361.0,1.0783226,1054.0,False
b1c9,Batch 1,366.0,1.0778399,1054.0,False
b1c9,Batch 1,370.0,1.0783018,1054.0,False
b1c9,Batch 1,375.0,1.0781064,1054.0,False
b1c9,Batch 1,380.0,1.0771756,1054.0,False
b1c9,Batch 1,385.0,1.0769166,1054.0,False
b1c9,Batch 1,390.0,1.0768772,1054.0,False
b1c9,Batch 1,394.0,1.0763681,1054.0,False
b1c9,Batch 1,399.0,1.0769031,1054.0,False
b1c9,Batch 1,404.0,1.0762978,1054.0,False
b1c9,Batch 1,409.0,1.0755568,1054.0,False
b1c9,Batch 1,414.0,1.0752838,1054.0,False
b1c9,Batch 1,418.0,1.075115,1054.0,False
b1c9,Batch 1,423.0,1.0736797,1054.0,False
b1c9,Batch 1,428.0,1.0752436,1054.0,False
b1c9,Batch 1,433.0,1.0744033,1054.0,False
b1c9,Batch 1,438.0,1.0738982,1054.0,False
b1c9,Batch 1,442.0,1.0737009,1054.0,False
b1c9,Batch 1,447.0,1.0734634,1054.0,False
b1c9,Batch 1,452.0,1.0733738,1054.0,False
b1c9,Batch 1,457.0,1.0733733,1054.0,False
b1c9,Batch 1,462.0,1.0725198,1054.0,False
b1c9,Batch 1,466.0,1.0721772,1054.0,False
b1c9,Batch 1,471.0,1.0718341,1054.0,False
b1c9,Batch 1,476.0,1.0714501,1054.0,False
b1c9,Batch 1,481.0,1.0716312,1054.0,False
b1c9,Batch 1,486.0,1.0720114,1054.0,False
b1c9,Batch 1,490.0,1.0708549,1054.0,False
b1c9,Batch 1,495.0,1.0692073,1054.0,False
b1c9,Batch 1,500.0,1.0688217,1054.0,False
b1c9,Batch 1,505.0,1.0684664,1054.0,False
b1c9,Batch 1,510.0,1.0685529,1054.0,False
b1c9,Batch 1,514.0,1.0685443,1054.0,False
b1c9,Batch 1,519.0,1.0674738,1054.0,False
b1c9,Batch 1,524.0,1.0671142,1054.0,False
b1c9,Batch 1,529.0,1.066941,1054.0,False
b1c9,Batch 1,534.0,1.0664227,1054.0,False
b1c9,Batch 1,539.0,1.0664653,1054.0,False
b1c9,Batch 1,543.0,1.0660019,1054.0,False
b1c9,Batch 1,548.0,1.0639778,1054.0,False
b1c9,Batch 1,553.0,1.0650144,1054.0,False
b1c9,Batch 1,558.0,1.0647796,1054.0,False
b1c9,Batch 1,563.0,1.0642668,1054.0,False
b1c9,Batch 1,567.0,1.0646132,1054.0,False
b1c9,Batch 1,572.0,1.0640353,1054.0,False
b1c9,Batch 1,577.0,1.0632486,1054.0,False
b1c9,Batch 1,582.0,1.0628415,1054.0,False
b1c9,Batch 1,587.0,1.0624679,1054.0,False
b1c9,Batch 1,591.0,1.0619256,1054.0,False
b1c9,Batch 1,596.0,1.0621673,1054.0,False
b1c9,Batch 1,601.0,1.0614123,1054.0,False
b1c9,Batch 1,606.0,1.0609319,1054.0,False
b1c9,Batch 1,611.0,1.0601563,1054.0,False
b1c9,Batch 1,615.0,1.0599149,1054.0,False
b1c9,Batch 1,620.0,1.0594785,1054.0,False
b1c9,Batch 1,625.0,1.0591198,1054.0,False
b1c9,Batch 1,630.0,1.0586411,1054.0,False
b1c9,Batch 1,635.0,1.0580858,1054.0,False
b1c9,Batch 1,639.0,1.0576829,1054.0,False
b1c9,Batch 1,644.0,1.0572282,1054.0,False
b1c9,Batch 1,649.0,1.0565774,1054.0,False
b1c9,Batch 1,654.0,1.0562233,1054.0,False
b1c9,Batch 1,659.0,1.0553513,1054.0,False
b1c9,Batch 1,663.0,1.0551218,1054.0,False
b1c9,Batch 1,668.0,1.0540272,1054.0,False
b1c9,Batch 1,673.0,1.0530467,1054.0,False
b1c9,Batch 1,678.0,1.0531466,1054.0,False
b1c9,Batch 1,683.0,1.0525815,1054.0,False
b1c9,Batch 1,687.0,1.0516995,1054.0,False
b1c9,Batch 1,692.0,1.051507,1054.0,False
b1c9,Batch 1,697.0,1.0507653,1054.0,False
b1c9,Batch 1,702.0,1.0501248,1054.0,False
b1c9,Batch 1,707.0,1.0485859,1054.0,False
b1c9,Batch 1,711.0,1.0482408,1054.0,False
b1c9,Batch 1,716.0,1.0468136,1054.0,False
b1c9,Batch 1,721.0,1.0467907,1054.0,False
b1c9,Batch 1,726.0,1.0464444,1054.0,False
b1c9,Batch 1,731.0,1.045261,1054.0,False
b1c9,Batch 1,735.0,1.0456027,1054.0,False
b1c9,Batch 1,740.0,1.0447941,1054.0,False
b1c9,Batch 1,745.0,1.0425111,1054.0,False
b1c9,Batch 1,750.0,1.0423375,1054.0,False
b1c9,Batch 1,755.0,1.0414184,1054.0,False
b1c9,Batch 1,759.0,1.0402187,1054.0,False
b1c9,Batch 1,764.0,1.0393487,1054.0,False
b1c9,Batch 1,769.0,1.0390093,1054.0,False
b1c9,Batch 1,774.0,1.0370382,1054.0,False
b1c9,Batch 1,779.0,1.0354577,1054.0,False
b1c9,Batch 1,783.0,1.0348589,1054.0,False
b1c9,Batch 1,788.0,1.033313,1054.0,False
b1c9,Batch 1,793.0,1.0326312,1054.0,False
b1c9,Batch 1,798.0,1.0322144,1054.0,False
b1c9,Batch 1,803.0,1.0296226,1054.0,False
b1c9,Batch 1,808.0,1.0289485,1054.0,False
b1c9,Batch 1,812.0,1.0279162,1054.0,False
b1c9,Batch 1,817.0,1.0261602,1054.0,False
b1c9,Batch 1,822.0,1.0239978,1054.0,False
b1c9,Batch 1,827.0,1.0233124,1054.0,False
b1c9,Batch 1,832.0,1.0211849,1054.0,False
b1c9,Batch 1,836.0,1.0193729,1054.0,False
b1c9,Batch 1,841.0,1.0173728,1054.0,False
b1c9,Batch 1,846.0,1.0142046,1054.0,False
b1c9,Batch 1,851.0,1.0140615,1054.0,False
b1c9,Batch 1,856.0,1.0122278,1054.0,False
b1c9,Batch 1,860.0,1.0101873,1054.0,False
b1c9,Batch 1,865.0,1.0078532,1054.0,False
b1c9,Batch 1,870.0,1.0057313,1054.0,False
b1c9,Batch 1,875.0,1.0029507,1054.0,False
b1c9,Batch 1,880.0,1.0010675,1054.0,False
b1c9,Batch 1,884.0,1.0000472,1054.0,False
b1c9,Batch 1,889.0,0.99775982,1054.0,False
b1c9,Batch 1,894.0,0.99456352,1054.0,False
b1c9,Batch 1,899.0,0.99209636,1054.0,False
b1c9,Batch 1,904.0,0.98945832,1054.0,False
b1c9,Batch 1,908.0,0.98773795,1054.0,False
b1c9,Batch 1,913.0,0.98513877,1054.0,False
b1c9,Batch 1,918.0,0.98231572,1054.0,False
b1c9,Batch 1,923.0,0.97933131,1054.0,False
b1c9,Batch 1,928.0,0.97728765,1054.0,False
b1c9,Batch 1,932.0,0.97515291,1054.0,False
b1c9,Batch 1,937.0,0.97312236,1054.0,False
b1c9,Batch 1,942.0,0.97127539,1054.0,False
b1c9,Batch 1,947.0,0.96795309,1054.0,False
b1c9,Batch 1,952.0,0.96538734,1054.0,False
b1c9,Batch 1,956.0,0.9632346,1054.0,False
b1c9,Batch 1,961.0,0.96009982,1054.0,False
b1c9,Batch 1,966.0,0.95536542,1054.0,False
b1c9,Batch 1,971.0,0.95269281,1054.0,False
b1c9,Batch 1,976.0,0.94854951,1054.0,False
b1c9,Batch 1,980.0,0.94642389,1054.0,False
b1c9,Batch 1,985.0,0.94240654,1054.0,False
b1c9,Batch 1,990.0,0.93745929,1054.0,False
b1c9,Batch 1,995.0,0.93473768,1054.0,False
b1c9,Batch 1,1000.0,0.93108302,1054.0,False
b1c9,Batch 1,1004.0,0.92792463,1054.0,False
b1c9,Batch 1,1009.0,0.92387253,1054.0,False
b1c9,Batch 1,1014.0,0.91917914,1054.0,False
b1c9,Batch 1,1019.0,0.91472,1054.0,False
b1c9,Batch 1,1024.0,0.91031653,1054.0,False
b1c9,Batch 1,1028.0,0.90676421,1054.0,False
b1c9,Batch 1,1033.0,0.90187025,1054.0,False
b1c9,Batch 1,1038.0,0.89665502,1054.0,False
b1c9,Batch 1,1043.0,0.89099294,1054.0,False
b1c9,Batch 1,1048.0,0.88605517,1054.0,False
b1c9,Batch 1,1053.0,0.8809284,1054.0,False
b1c11,Batch 1,1.0,0.0,788.0,False
b1c11,Batch 1,4.0,1.0558786,788.0,False
b1c11,Batch 1,8.0,1.0577066,788.0,False
b1c11,Batch 1,11.0,1.0582161,788.0,False
b1c11,Batch 1,15.0,1.0592513,788.0,False
b1c11,Batch 1,18.0,1.0598733,788.0,False
b1c11,Batch 1,22.0,1.0603255,788.0,False
b1c11,Batch 1,26.0,1.0605817,788.0,False
b1c11,Batch 1,29.0,1.0605912,788.0,False
b1c11,Batch 1,33.0,1.0607289,788.0,False
b1c11,Batch 1,36.0,1.060778,788.0,False
b1c11,Batch 1,40.0,1.0607281,788.0,False
b1c11,Batch 1,44.0,1.0608656,788.0,False
b1c11,Batch 1,47.0,1.0608016,788.0,False
b1c11,Batch 1,51.0,1.0608244,788.0,False
b1c11,Batch 1,54.0,1.0608684,788.0,False
b1c11,Batch 1,58.0,1.0607977,788.0,False
b1c11,Batch 1,62.0,1.0608056,788.0,False
b1c11,Batch 1,65.0,1.0607895,788.0,False
b1c11,Batch 1,69.0,1.0613277,788.0,False
b1c11,Batch 1,72.0,1.0606213,788.0,False
b1c11,Batch 1,76.0,1.0604928,788.0,False
b1c11,Batch 1,79.0,1.0604252,788.0,False
b1c11,Batch 1,83.0,1.0602574,788.0,False
b1c11,Batch 1,87.0,1.0601398,788.0,False
b1c11,Batch 1,90.0,1.0600952,788.0,False
b1c11,Batch 1,94.0,1.0600255,788.0,False
b1c11,Batch 1,97.0,1.0599943,788.0,False
b1c11,Batch 1,101.0,1.0599171,788.0,False
b1c11,Batch 1,105.0,1.0597833,788.0,False
b1c11,Batch 1,108.0,1.0597739,788.0,False
b1c11,Batch 1,112.0,1.0596083,788.0,False
b1c11,Batch 1,115.0,1.0594072,788.0,False
b1c11,Batch 1,119.0,1.0592885,788.0,False
b1c11,Batch 1,123.0,1.0590785,788.0,False
b1c11,Batch 1,126.0,1.0589752,788.0,False
b1c11,Batch 1,130.0,1.0588459,788.0,False
b1c11,Batch 1,133.0,1.058798,788.0,False
b1c11,Batch 1,137.0,1.0587127,788.0,False
b1c11,Batch 1,140.0,1.0585274,788.0,False
b1c11,Batch 1,144.0,1.0583593,788.0,False
b1c11,Batch 1,148.0,1.0581229,788.0,False
b1c11,Batch 1,151.0,1.0579938,788.0,False
b1c11,Batch 1,155.0,1.0579307,788.0,False
b1c11,Batch 1,158.0,1.057735,788.0,False
b1c11,Batch 1,162.0,1.0575669,788.0,False
b1c11,Batch 1,166.0,1.0574424,788.0,False
b1c11,Batch 1,169.0,1.0573112,788.0,False
b1c11,Batch 1,173.0,1.0570463,788.0,False
b1c11,Batch 1,176.0,1.0569324,788.0,False
b1c11,Batch 1,180.0,1.0570842,788.0,False
b1c11,Batch 1,184.0,1.0565971,788.0,False
b1c11,Batch 1,187.0,1.0568588,788.0,False
b1c11,Batch 1,191.0,1.0566065,788.0,False
b1c11,Batch 1,194.0,1.0562128,788.0,False
b1c11,Batch 1,198.0,1.0560333,788.0,False
b1c11,Batch 1,201.0,1.0557829,788.0,False
b1c11,Batch 1,205.0,1.0558652,788.0,False
b1c11,Batch 1,209.0,1.0556285,788.0,False
b1c11,Batch 1,212.0,1.0555768,788.0,False
b1c11,Batch 1,216.0,1.0558655,788.0,False
b1c11,Batch 1,219.0,1.0555491,788.0,False
b1c11,Batch 1,223.0,1.0549352,788.0,False
b1c11,Batch 1,227.0,1.0547147,788.0,False
b1c11,Batch 1,230.0,1.0546463,788.0,False
b1c11,Batch 1,234.0,1.0547936,788.0,False
b1c11,Batch 1,237.0,1.0542611,788.0,False
b1c11,Batch 1,241.0,1.0543637,788.0,False
b1c11,Batch 1,245.0,1.0542499,788.0,False
b1c11,Batch 1,248.0,1.0537807,788.0,False
b1c11,Batch 1,252.0,1.0535216,788.0,False
b1c11,Batch 1,255.0,1.0533315,788.0,False
b1c11,Batch 1,259.0,1.0532529,788.0,False
b1c11,Batch 1,263.0,1.0531065,788.0,False
b1c11,Batch 1,266.0,1.052654,788.0,False
b1c11,Batch 1,270.0,1.0529584,788.0,False
b1c11,Batch 1,273.0,1.052884,788.0,False
b1c11,Batch 1,277.0,1.0523571,788.0,False
b1c11,Batch 1,280.0,1.0521512,788.0,False
b1c11,Batch 1,284.0,1.0519257,788.0,False
b1c11,Batch 1,288.0,1.0518798,788.0,False
b1c11,Batch 1,291.0,1.0516065,788.0,False
b1c11,Batch 1,295.0,1.0514201,788.0,False
b1c11,Batch 1,298.0,1.0516248,788.0,False
b1c11,Batch 1,302.0,1.0512592,788.0,False
b1c11,Batch 1,306.0,1.0508279,788.0,False
b1c11,Batch 1,309.0,1.0505503,788.0,False
b1c11,Batch 1,313.0,1.050378,788.0,False
b1c11,Batch 1,316.0,1.0501778,788.0,False
b1c11,Batch 1,320.0,1.0500566,788.0,False
b1c11,Batch 1,324.0,1.049932,788.0,False
b1c11,Batch 1,327.0,1.0493073,788.0,False
b1c11,Batch 1,331.0,1.0492357,788.0,False
b1c11,Batch 1,334.0,1.0491722,788.0,False
b1c11,Batch 1,338.0,1.0489451,788.0,False
b1c11,Batch 1,341.0,1.049099,788.0,False
b1c11,Batch 1,345.0,1.0491973,788.0,False
b1c11,Batch 1,349.0,1.0496259,788.0,False
b1c11,Batch 1,352.0,1.0499997,788.0,False
b1c11,Batch 1,356.0,1.049714,788.0,False
b1c11,Batch 1,359.0,1.0485139,788.0,False
b1c11,Batch 1,363.0,1.0483857,788.0,False
b1c11,Batch 1,367.0,1.0475732,788.0,False
b1c11,Batch 1,370.0,1.0476764,788.0,False
b1c11,Batch 1,374.0,1.0477525,788.0,False
b1c11,Batch 1,377.0,1.0478513,788.0,False
b1c11,Batch 1,381.0,1.0477983,788.0,False
b1c11,Batch 1,385.0,1.0474279,788.0,False
b1c11,Batch 1,388.0,1.046759,788.0,False
b1c11,Batch 1,392.0,1.0462624,788.0,False
b1c11,Batch 1,395.0,1.046203,788.0,False
b1c11,Batch 1,399.0,1.0462949,788.0,False
b1c11,Batch 1,402.0,1.0454631,788.0,False
b1c11,Batch 1,406.0,1.0458083,788.0,False
b1c11,Batch 1,410.0,1.0457615,788.0,False
b1c11,Batch 1,413.0,1.0451494,788.0,False
b1c11,Batch 1,417.0,1.0447029,788.0,False
b1c11,Batch 1,420.0,1.0441918,788.0,False
b1c11,Batch 1,424.0,1.0439115,788.0,False
b1c11,Batch 1,428.0,1.0439696,788.0,False
b1c11,Batch 1,431.0,1.0432009,788.0,False
b1c11,Batch 1,435.0,1.043039,788.0,False
b1c11,Batch 1,438.0,1.0426103,788.0,False
b1c11,Batch 1,442.0,1.0427042,788.0,False
b1c11,Batch 1,446.0,1.0421399,788.0,False
b1c11,Batch 1,449.0,1.0417867,788.0,False
b1c11,Batch 1,453.0,1.0409023,788.0,False
b1c11,Batch 1,456.0,1.0411062,788.0,False
b1c11,Batch 1,460.0,1.0403678,788.0,False
b1c11,Batch 1,463.0,1.0406646,788.0,False
b1c11,Batch 1,467.0,1.0399539,788.0,False
b1c11,Batch 1,471.0,1.0398967,788.0,False
b1c11,Batch 1,474.0,1.0392731,788.0,False
b1c11,Batch 1,478.0,1.0391777,788.0,False
b1c11,Batch 1,481.0,1.0381858,788.0,False
b1c11,Batch 1,485.0,1.0374424,788.0,False
b1c11,Batch 1,489.0,1.0376089,788.0,False
b1c11,Batch 1,492.0,1.0370148,788.0,False
b1c11,Batch 1,496.0,1.0371023,788.0,False
b1c11,Batch 1,499.0,1.0359265,788.0,False
b1c11,Batch 1,503.0,1.0351617,788.0,False
b1c11,Batch 1,507.0,1.03455,788.0,False
b1c11,Batch 1,510.0,1.0336785,788.0,False
b1c11,Batch 1,514.0,1.0338162,788.0,False
b1c11,Batch 1,517.0,1.0327098,788.0,False
b1c11,Batch 1,521.0,1.0327749,788.0,False
b1c11,Batch 1,525.0,1.0322243,788.0,False
b1c11,Batch 1,528.0,1.0314332,788.0,False
b1c11,Batch 1,532.0,1.0303632,788.0,False
b1c11,Batch 1,535.0,1.0302043,788.0,False
b1c11,Batch 1,539.0,1.0293051,788.0,False
b1c11,Batch 1,542.0,1.0292506,788.0,False
b1c11,Batch 1,546.0,1.0282789,788.0,False
b1c11,Batch 1,550.0,1.0276612,788.0,False
b1c11,Batch 1,553.0,1.0274322,788.0,False
b1c11,Batch 1,557.0,1.0260926,788.0,False
b1c11,Batch 1,560.0,1.0253305,788.0,False
b1c11,Batch 1,564.0,1.0246537,788.0,False
b1c11,Batch 1,568.0,1.0240511,788.0,False
b1c11,Batch 1,571.0,1.0233638,788.0,False
b1c11,Batch 1,575.0,1.0221646,788.0,False
b1c11,Batch 1,578.0,1.0217239,788.0,False
b1c11,Batch 1,582.0,1.0203843,788.0,False
b1c11,Batch 1,586.0,1.0188456,788.0,False
b1c11,Batch 1,589.0,1.0175853,788.0,False
b1c11,Batch 1,593.0,1.0163308,788.0,False
b1c11,Batch 1,596.0,1.0161295,788.0,False
b1c11,Batch 1,600.0,1.0146234,788.0,False
b1c11,Batch 1,603.0,1.0133767,788.0,False
b1c11,Batch 1,607.0,1.0125673,788.0,False
b1c11,Batch 1,611.0,1.0113211,788.0,False
b1c11,Batch 1,614.0,1.0096911,788.0,False
b1c11,Batch 1,618.0,1.0081778,788.0,False
b1c11,Batch 1,621.0,1.0072067,788.0,False
b1c11,Batch 1,625.0,1.0053395,788.0,False
b1c11,Batch 1,629.0,1.0040156,788.0,False
b1c11,Batch 1,632.0,1.0024723,788.0,False
b1c11,Batch 1,636.0,1.0006446,788.0,False
b1c11,Batch 1,639.0,0.99902719,788.0,False
b1c11,Batch 1,643.0,0.99767292,788.0,False
b1c11,Batch 1,647.0,0.99567205,788.0,False
b1c11,Batch 1,650.0,0.99323666,788.0,False
b1c11,Batch 1,654.0,0.99180931,788.0,False
b1c11,Batch 1,657.0,0.98994023,788.0,False
b1c11,Batch 1,661.0,0.98723608,788.0,False
b1c11,Batch 1,664.0,0.98476899,788.0,False
b1c11,Batch 1,668.0,0.98212016,788.0,False
b1c11,Batch 1,672.0,0.97881752,788.0,False
b1c11,Batch 1,675.0,0.976322,788.0,False
b1c11,Batch 1,679.0,0.97314364,788.0,False
b1c11,Batch 1,682.0,0.97069496,788.0,False
b1c11,Batch 1,686.0,0.96750975,788.0,False
b1c11,Batch 1,690.0,0.96368116,788.0,False
b1c11,Batch 1,693.0,0.96172422,788.0,False
b1c11,Batch 1,697.0,0.95853102,788.0,False
b1c11,Batch 1,700.0,0.95624417,788.0,False
b1c11,Batch 1,704.0,0.95300061,788.0,False
b1c11,Batch 1,708.0,0.94987732,788.0,False
b1c11,Batch 1,711.0,0.94697273,788.0,False
b1c11,Batch 1,715.0,0.94446492,788.0,False
b1c11,Batch 1,718.0,0.94220126,788.0,False
b1c11,Batch 1,722.0,0.93916613,788.0,False
b1c11,Batch 1,725.0,0.93666631,788.0,False
b1c11,Batch 1,729.0,0.93367487,788.0,False
b1c11,Batch 1,733.0,0.93033928,788.0,False
b1c11,Batch 1,736.0,0.92784661,788.0,False
b1c11,Batch 1,740.0,0.92441911,788.0,False
b1c11,Batch 1,743.0,0.92216808,788.0,False
b1c11,Batch 1,747.0,0.91839457,788.0,False
b1c11,Batch 1,751.0,0.91516417,788.0,False
b1c11,Batch 1,754.0,0.91233635,788.0,False
b1c11,Batch 1,758.0,0.9089914,788.0,False
b1c11,Batch 1,761.0,0.90675062,788.0,False
b1c11,Batch 1,765.0,0.90353298,788.0,False
b1c11,Batch 1,769.0,0.89923292,788.0,False
b1c11,Batch 1,772.0,0.89597261,788.0,False
b1c11,Batch 1,776.0,0.8917374,788.0,False
b1c11,Batch 1,779.0,0.88881153,788.0,False
b1c11,Batch 1,783.0,0.88486862,788.0,False
b1c11,Batch 1,787.0,0.88054359,788.0,False
b1c14,Batch 1,1.0,0.0,880.0,False
b1c14,Batch 1,5.0,1.0733926,880.0,False
b1c14,Batch 1,9.0,1.0750496,880.0,False
b1c14,Batch 1,13.0,1.0708272,880.0,False
b1c14,Batch 1,17.0,1.075002,880.0,False
b1c14,Batch 1,21.0,1.0757278,880.0,False
b1c14,Batch 1,25.0,1.0761058,880.0,False
b1c14,Batch 1,29.0,1.0762902,880.0,False
b1c14,Batch 1,33.0,1.0764148,880.0,False
b1c14,Batch 1,37.0,1.0764903,880.0,False
b1c14,Batch 1,41.0,1.0765719,880.0,False
b1c14,Batch 1,45.0,1.0766463,880.0,False
b1c14,Batch 1,49.0,1.0766773,880.0,False
b1c14,Batch 1,53.0,1.0767175,880.0,False
b1c14,Batch 1,57.0,1.0766966,880.0,False
b1c14,Batch 1,61.0,1.0767188,880.0,False
b1c14,Batch 1,65.0,1.0766987,880.0,False
b1c14,Batch 1,69.0,1.0777957,880.0,False
b1c14,Batch 1,73.0,1.0767423,880.0,False
b1c14,Batch 1,77.0,1.0767032,880.0,False
b1c14,Batch 1,81.0,1.076647,880.0,False
b1c14,Batch 1,85.0,1.0765196,880.0,False
b1c14,Batch 1,89.0,1.0764339,880.0,False
b1c14,Batch 1,93.0,1.0763344,880.0,False
b1c14,Batch 1,97.0,1.0762461,880.0,False
b1c14,Batch 1,101.0,1.0761763,880.0,False
b1c14,Batch 1,105.0,1.0760748,880.0,False
b1c14,Batch 1,109.0,1.0759765,880.0,False
b1c14,Batch 1,113.0,1.0758474,880.0,False
b1c14,Batch 1,117.0,1.0757239,880.0,False
b1c14,Batch 1,121.0,1.0756235,880.0,False
b1c14,Batch 1,125.0,1.0755522,880.0,False
b1c14,Batch 1,129.0,1.0753812,880.0,False
b1c14,Batch 1,133.0,1.0752723,880.0,False
b1c14,Batch 1,137.0,1.0751736,880.0,False
b1c14,Batch 1,141.0,1.0750308,880.0,False
b1c14,Batch 1,145.0,1.0748999,880.0,False
b1c14,Batch 1,149.0,1.0747135,880.0,False
b1c14,Batch 1,153.0,1.0745742,880.0,False
b1c14,Batch 1,157.0,1.0744082,880.0,False
b1c14,Batch 1,161.0,1.0742661,880.0,False
b1c14,Batch 1,165.0,1.0740743,880.0,False
b1c14,Batch 1,169.0,1.0739577,880.0,False
b1c14,Batch 1,173.0,1.0738035,880.0,False
b1c14,Batch 1,177.0,1.0736223,880.0,False
b1c14,Batch 1,181.0,1.0737971,880.0,False
b1c14,Batch 1,185.0,1.0733598,880.0,False
b1c14,Batch 1,189.0,1.073527,880.0,False
b1c14,Batch 1,193.0,1.0733941,880.0,False
b1c14,Batch 1,197.0,1.0728344,880.0,False
b1c14,Batch 1,201.0,1.0726478,880.0,False
b1c14,Batch 1,205.0,1.0724474,880.0,False
b1c14,Batch 1,209.0,1.0726131,880.0,False
b1c14,Batch 1,213.0,1.0719386,880.0,False
b1c14,Batch 1,217.0,1.0723622,880.0,False
b1c14,Batch 1,221.0,1.0724399,880.0,False
b1c14,Batch 1,225.0,1.071589,880.0,False
b1c14,Batch 1,229.0,1.0713238,880.0,False
b1c14,Batch 1,233.0,1.0711671,880.0,False
b1c14,Batch 1,237.0,1.0714015,880.0,False
b1c14,Batch 1,241.0,1.0707713,880.0,False
b1c14,Batch 1,245.0,1.0708808,880.0,False
b1c14,Batch 1,249.0,1.0701928,880.0,False
b1c14,Batch 1,253.0,1.0700634,880.0,False
b1c14,Batch 1,257.0,1.069895,880.0,False
b1c14,Batch 1,261.0,1.069564,880.0,False
b1c14,Batch 1,265.0,1.0697794,880.0,False
b1c14,Batch 1,269.0,1.0692235,880.0,False
b1c14,Batch 1,273.0,1.0691103,880.0,False
b1c14,Batch 1,277.0,1.0691361,880.0,False
b1c14,Batch 1,281.0,1.0684394,880.0,False
b1c14,Batch 1,285.0,1.068241,880.0,False
b1c14,Batch 1,289.0,1.0680788,880.0,False
b1c14,Batch 1,293.0,1.0675089,880.0,False
b1c14,Batch 1,297.0,1.0675268,880.0,False
b1c14,Batch 1,301.0,1.0676078,880.0,False
b1c14,Batch 1,305.0,1.0677375,880.0,False
b1c14,Batch 1,309.0,1.0671755,880.0,False
b1c14,Batch 1,313.0,1.066481,880.0,False
b1c14,Batch 1,317.0,1.0662171,880.0,False
b1c14,Batch 1,321.0,1.0663328,880.0,False
b1c14,Batch 1,325.0,1.0657138,880.0,False
b1c14,Batch 1,329.0,1.0659044,880.0,False
b1c14,Batch 1,333.0,1.0658633,880.0,False
b1c14,Batch 1,337.0,1.065227,880.0,False
b1c14,Batch 1,341.0,1.0646026,880.0,False
b1c14,Batch 1,345.0,1.0644691,880.0,False
b1c14,Batch 1,349.0,1.0651183,880.0,False
b1c14,Batch 1,353.0,1.0649062,880.0,False
b1c14,Batch 1,357.0,1.0653281,880.0,False
b1c14,Batch 1,361.0,1.0655724,880.0,False
b1c14,Batch 1,365.0,1.0647111,880.0,False
b1c14,Batch 1,369.0,1.0640799,880.0,False
b1c14,Batch 1,373.0,1.0638963,880.0,False
b1c14,Batch 1,377.0,1.0635281,880.0,False
b1c14,Batch 1,381.0,1.0634338,880.0,False
b1c14,Batch 1,385.0,1.063195,880.0,False
b1c14,Batch 1,389.0,1.0638902,880.0,False
b1c14,Batch 1,393.0,1.0632064,880.0,False
b1c14,Batch 1,397.0,1.0622283,880.0,False
b1c14,Batch 1,401.0,1.0613029,880.0,False
b1c14,Batch 1,405.0,1.0615284,880.0,False
b1c14,Batch 1,409.0,1.0618516,880.0,False
b1c14,Batch 1,413.0,1.0611136,880.0,False
b1c14,Batch 1,417.0,1.0609968,880.0,False
b1c14,Batch 1,421.0,1.0611227,880.0,False
b1c14,Batch 1,425.0,1.0599308,880.0,False
b1c14,Batch 1,429.0,1.060238,880.0,False
b1c14,Batch 1,433.0,1.0601336,880.0,False
b1c14,Batch 1,437.0,1.0589902,880.0,False
b1c14,Batch 1,442.0,1.0581622,880.0,False
b1c14,Batch 1,446.0,1.0588629,880.0,False
b1c14,Batch 1,450.0,1.0584692,880.0,False
b1c14,Batch 1,454.0,1.0578643,880.0,False
b1c14,Batch 1,458.0,1.057373,880.0,False
b1c14,Batch 1,462.0,1.0568171,880.0,False
b1c14,Batch 1,466.0,1.0568089,880.0,False
b1c14,Batch 1,470.0,1.0561032,880.0,False
b1c14,Batch 1,474.0,1.0565008,880.0,False
b1c14,Batch 1,478.0,1.0558739,880.0,False
b1c14,Batch 1,482.0,1.055622,880.0,False
b1c14,Batch 1,486.0,1.0547183,880.0,False
b1c14,Batch 1,490.0,1.0545485,880.0,False
b1c14,Batch 1,494.0,1.0544914,880.0,False
b1c14,Batch 1,498.0,1.0538282,880.0,False
b1c14,Batch 1,502.0,1.0538145,880.0,False
b1c14,Batch 1,506.0,1.0538681,880.0,False
b1c14,Batch 1,510.0,1.0534755,880.0,False
b1c14,Batch 1,514.0,1.0527031,880.0,False
b1c14,Batch 1,518.0,1.0502868,880.0,False
b1c14,Batch 1,522.0,1.0506403,880.0,False
b1c14,Batch 1,526.0,1.0503784,880.0,False
b1c14,Batch 1,530.0,1.0495763,880.0,False
b1c14,Batch 1,534.0,1.0498378,880.0,False
b1c14,Batch 1,538.0,1.0493506,880.0,False
b1c14,Batch 1,542.0,1.0487777,880.0,False
b1c14,Batch 1,546.0,1.0483391,880.0,False
b1c14,Batch 1,550.0,1.0475703,880.0,False
b1c14,Batch 1,554.0,1.047079,880.0,False
b1c14,Batch 1,558.0,1.0467006,880.0,False
b1c14,Batch 1,562.0,1.0464352,880.0,False
b1c14,Batch 1,566.0,1.0462762,880.0,False
b1c14,Batch 1,570.0,1.0451934,880.0,False
b1c14,Batch 1,574.0,1.0445797,880.0,False
b1c14,Batch 1,578.0,1.044184,880.0,False
b1c14,Batch 1,582.0,1.0441282,880.0,False
b1c14,Batch 1,586.0,1.0431265,880.0,False
b1c14,Batch 1,590.0,1.0429729,880.0,False
b1c14,Batch 1,594.0,1.0421592,880.0,False
b1c14,Batch 1,598.0,1.0421571,880.0,False
b1c14,Batch 1,602.0,1.0410792,880.0,False
b1c14,Batch 1,606.0,1.0399598,880.0,False
b1c14,Batch 1,610.0,1.0397974,880.0,False
b1c14,Batch 1,614.0,1.0391209,880.0,False
b1c14,Batch 1,618.0,1.0380207,880.0,False
b1c14,Batch 1,622.0,1.0374213,880.0,False
b1c14,Batch 1,626.0,1.0361983,880.0,False
b1c14,Batch 1,630.0,1.0357703,880.0,False
b1c14,Batch 1,634.0,1.0349091,880.0,False
b1c14,Batch 1,638.0,1.0334466,880.0,False
b1c14,Batch 1,642.0,1.0324244,880.0,False
b1c14,Batch 1,646.0,1.0322812,880.0,False
b1c14,Batch 1,650.0,1.0308014,880.0,False
b1c14,Batch 1,654.0,1.0298471,880.0,False
b1c14,Batch 1,658.0,1.028826,880.0,False
b1c14,Batch 1,662.0,1.0275455,880.0,False
b1c14,Batch 1,666.0,1.0263397,880.0,False
b1c14,Batch 1,670.0,1.0248368,880.0,False
b1c14,Batch 1,674.0,1.0231578,880.0,False
b1c14,Batch 1,678.0,1.0222522,880.0,False
b1c14,Batch 1,682.0,1.021023,880.0,False
b1c14,Batch 1,686.0,1.0193435,880.0,False
b1c14,Batch 1,690.0,1.0171087,880.0,False
b1c14,Batch 1,694.0,1.0156176,880.0,False
b1c14,Batch 1,698.0,1.0137665,880.0,False
b1c14,Batch 1,702.0,1.0118906,880.0,False
b1c14,Batch 1,706.0,1.0094061,880.0,False
b1c14,Batch 1,710.0,1.0074606,880.0,False
b1c14,Batch 1,714.0,1.0045927,880.0,False
b1c14,Batch 1,718.0,1.0024903,880.0,False
b1c14,Batch 1,722.0,0.99978411,880.0,False
b1c14,Batch 1,726.0,0.99722105,880.0,False
b1c14,Batch 1,730.0,0.99432588,880.0,False
b1c14,Batch 1,734.0,0.99124056,880.0,False
b1c14,Batch 1,738.0,0.98863566,880.0,False
b1c14,Batch 1,742.0,0.9855094,880.0,False
b1c14,Batch 1,746.0,0.98277694,880.0,False
b1c14,Batch 1,750.0,0.97991472,880.0,False
b1c14,Batch 1,754.0,0.9767257,880.0,False
b1c14,Batch 1,758.0,0.97394502,880.0,False
b1c14,Batch 1,762.0,0.97104162,880.0,False
b1c14,Batch 1,766.0,0.96844774,880.0,False
b1c14,Batch 1,770.0,0.96568352,880.0,False
b1c14,Batch 1,774.0,0.96303058,880.0,False
b1c14,Batch 1,778.0,0.9605279,880.0,False
b1c14,Batch 1,782.0,0.95797181,880.0,False
b1c14,Batch 1,786.0,0.95421338,880.0,False
b1c14,Batch 1,790.0,0.95133895,880.0,False
b1c14,Batch 1,794.0,0.94873297,880.0,False
b1c14,Batch 1,798.0,0.9456771,880.0,False
b1c14,Batch 1,802.0,0.94296688,880.0,False
b1c14,Batch 1,806.0,0.94011396,880.0,False
b1c14,Batch 1,810.0,0.93785232,880.0,False
b1c14,Batch 1,814.0,0.93496448,880.0,False
b1c14,Batch 1,818.0,0.93178105,880.0,False
b1c14,Batch 1,822.0,0.92844957,880.0,False
b1c14,Batch 1,826.0,0.92539394,880.0,False
b1c14,Batch 1,830.0,0.92218769,880.0,False
b1c14,Batch 1,834.0,0.91930002,880.0,False
b1c14,Batch 1,838.0,0.91581607,880.0,False
b1c14,Batch 1,842.0,0.91334307,880.0,False
b1c14,Batch 1,846.0,0.90947014,880.0,False
b1c14,Batch 1,850.0,0.90672946,880.0,False
b1c14,Batch 1,854.0,0.90328288,880.0,False
b1c14,Batch 1,858.0,0.89946091,880.0,False
b1c14,Batch 1,862.0,0.89591509,880.0,False
b1c14,Batch 1,866.0,0.89210731,880.0,False
b1c14,Batch 1,870.0,0.88810295,880.0,False
b1c14,Batch 1,874.0,0.88472718,880.0,False
b1c14,Batch 1,879.0,0.8800649,880.0,False
b1c15,Batch 1,1.0,0.0,719.0,False
b1c15,Batch 1,4.0,1.0637267,719.0,False
b1c15,Batch 1,7.0,1.0656844,719.0,False
b1c15,Batch 1,10.0,1.0666022,719.0,False
b1c15,Batch 1,14.0,1.064705,719.0,False
b1c15,Batch 1,17.0,1.0665389,719.0,False
b1c15,Batch 1,20.0,1.0670619,719.0,False
b1c15,Batch 1,23.0,1.0674989,719.0,False
b1c15,Batch 1,27.0,1.0678054,719.0,False
b1c15,Batch 1,30.0,1.0679092,719.0,False
b1c15,Batch 1,33.0,1.0680311,719.0,False
b1c15,Batch 1,37.0,1.0681505,719.0,False
b1c15,Batch 1,40.0,1.0681452,719.0,False
b1c15,Batch 1,43.0,1.0682268,719.0,False
b1c15,Batch 1,46.0,1.0683416,719.0,False
b1c15,Batch 1,50.0,1.0684544,719.0,False
b1c15,Batch 1,53.0,1.0684671,719.0,False
b1c15,Batch 1,56.0,1.0685147,719.0,False
b1c15,Batch 1,59.0,1.068458,719.0,False
b1c15,Batch 1,63.0,1.0685083,719.0,False
b1c15,Batch 1,66.0,1.068681,719.0,False
b1c15,Batch 1,69.0,1.0692786,719.0,False
b1c15,Batch 1,73.0,1.0684167,719.0,False
b1c15,Batch 1,76.0,1.0682559,719.0,False
b1c15,Batch 1,79.0,1.0682192,719.0,False
b1c15,Batch 1,82.0,1.0681331,719.0,False
b1c15,Batch 1,86.0,1.0680398,719.0,False
b1c15,Batch 1,89.0,1.0679672,719.0,False
b1c15,Batch 1,92.0,1.067925,719.0,False
b1c15,Batch 1,95.0,1.0678562,719.0,False
b1c15,Batch 1,99.0,1.0677376,719.0,False
b1c15,Batch 1,102.0,1.0676888,719.0,False
b1c15,Batch 1,105.0,1.0675367,719.0,False
b1c15,Batch 1,109.0,1.0675218,719.0,False
b1c15,Batch 1,112.0,1.0674373,719.0,False
b1c15,Batch 1,115.0,1.0673642,719.0,False
b1c15,Batch 1,118.0,1.0671942,719.0,False
b1c15,Batch 1,122.0,1.0670319,719.0,False
b1c15,Batch 1,125.0,1.0669295,719.0,False
b1c15,Batch 1,128.0,1.0668527,719.0,False
b1c15,Batch 1,131.0,1.0667676,719.0,False
b1c15,Batch 1,135.0,1.0666857,719.0,False
b1c15,Batch 1,138.0,1.0666456,719.0,False
b1c15,Batch 1,141.0,1.0664827,719.0,False
b1c15,Batch 1,145.0,1.0662609,719.0,False
b1c15,Batch 1,148.0,1.0661188,719.0,False
b1c15,Batch 1,151.0,1.0658966,719.0,False
b1c15,Batch 1,154.0,1.0657946,719.0,False
b1c15,Batch 1,158.0,1.0657607,719.0,False
b1c15,Batch 1,161.0,1.0656003,719.0,False
b1c15,Batch 1,164.0,1.065403,719.0,False
b1c15,Batch 1,167.0,1.0653876,719.0,False
b1c15,Batch 1,171.0,1.0652581,719.0,False
b1c15,Batch 1,174.0,1.065051,719.0,False
b1c15,Batch 1,177.0,1.0649511,719.0,False
b1c15,Batch 1,181.0,1.0650616,719.0,False
b1c15,Batch 1,184.0,1.0648996,719.0,False
b1c15,Batch 1,187.0,1.0646039,719.0,False
b1c15,Batch 1,190.0,1.0648475,719.0,False
b1c15,Batch 1,194.0,1.0645423,719.0,False
b1c15,Batch 1,197.0,1.0641149,719.0,False
b1c15,Batch 1,200.0,1.0639936,719.0,False
b1c15,Batch 1,203.0,1.0638654,719.0,False
b1c15,Batch 1,207.0,1.0636773,719.0,False
b1c15,Batch 1,210.0,1.0638709,719.0,False
b1c15,Batch 1,213.0,1.0633965,719.0,False
b1c15,Batch 1,217.0,1.0637002,719.0,False
b1c15,Batch 1,220.0,1.0636183,719.0,False
b1c15,Batch 1,223.0,1.0633161,719.0,False
b1c15,Batch 1,226.0,1.0627031,719.0,False
b1c15,Batch 1,230.0,1.0624629,719.0,False
b1c15,Batch 1,233.0,1.0624002,719.0,False
b1c15,Batch 1,236.0,1.0624065,719.0,False
b1c15,Batch 1,240.0,1.0621116,719.0,False
b1c15,Batch 1,243.0,1.0618635,719.0,False
b1c15,Batch 1,246.0,1.0620456,719.0,False
b1c15,Batch 1,249.0,1.0619004,719.0,False
b1c15,Batch 1,253.0,1.0613605,719.0,False
b1c15,Batch 1,256.0,1.0612162,719.0,False
b1c15,Batch 1,259.0,1.0609407,719.0,False
b1c15,Batch 1,262.0,1.0605431,719.0,False
b1c15,Batch 1,266.0,1.0609368,719.0,False
b1c15,Batch 1,269.0,1.0604773,719.0,False
b1c15,Batch 1,272.0,1.0604701,719.0,False
b1c15,Batch 1,276.0,1.0604894,719.0,False
b1c15,Batch 1,279.0,1.0601256,719.0,False
b1c15,Batch 1,282.0,1.0597847,719.0,False
b1c15,Batch 1,285.0,1.0595595,719.0,False
b1c15,Batch 1,289.0,1.0592558,719.0,False
b1c15,Batch 1,292.0,1.0592394,719.0,False
b1c15,Batch 1,295.0,1.0590019,719.0,False
b1c15,Batch 1,298.0,1.0587373,719.0,False
b1c15,Batch 1,302.0,1.0589625,719.0,False
b1c15,Batch 1,305.0,1.058911,719.0,False
b1c15,Batch 1,308.0,1.0578667,719.0,False
b1c15,Batch 1,312.0,1.057781,719.0,False
b1c15,Batch 1,315.0,1.0576935,719.0,False
b1c15,Batch 1,318.0,1.057443,719.0,False
b1c15,Batch 1,321.0,1.0573165,719.0,False
b1c15,Batch 1,325.0,1.0570065,719.0,False
b1c15,Batch 1,328.0,1.0566882,719.0,False
b1c15,Batch 1,331.0,1.056806,719.0,False
b1c15,Batch 1,334.0,1.0566233,719.0,False
b1c15,Batch 1,338.0,1.0560863,719.0,False
b1c15,Batch 1,341.0,1.0557832,719.0,False
b1c15,Batch 1,344.0,1.0555898,719.0,False
b1c15,Batch 1,348.0,1.0561537,719.0,False
b1c15,Batch 1,351.0,1.0562364,719.0,False
b1c15,Batch 1,354.0,1.0558411,719.0,False
b1c15,Batch 1,357.0,1.0560422,719.0,False
b1c15,Batch 1,361.0,1.0562212,719.0,False
b1c15,Batch 1,364.0,1.0557796,719.0,False
b1c15,Batch 1,367.0,1.0548532,719.0,False
b1c15,Batch 1,370.0,1.0547857,719.0,False
b1c15,Batch 1,374.0,1.0543913,719.0,False
b1c15,Batch 1,377.0,1.0543153,719.0,False
b1c15,Batch 1,380.0,1.0539083,719.0,False
b1c15,Batch 1,384.0,1.0537604,719.0,False
b1c15,Batch 1,387.0,1.0533956,719.0,False
b1c15,Batch 1,390.0,1.0533599,719.0,False
b1c15,Batch 1,393.0,1.0526975,719.0,False
b1c15,Batch 1,397.0,1.0519143,719.0,False
b1c15,Batch 1,400.0,1.0519264,719.0,False
b1c15,Batch 1,403.0,1.0516361,719.0,False
b1c15,Batch 1,406.0,1.0514307,719.0,False
b1c15,Batch 1,410.0,1.0512275,719.0,False
b1c15,Batch 1,413.0,1.0509083,719.0,False
b1c15,Batch 1,416.0,1.0510336,719.0,False
b1c15,Batch 1,420.0,1.0501306,719.0,False
b1c15,Batch 1,423.0,1.0495094,719.0,False
b1c15,Batch 1,426.0,1.0489707,719.0,False
b1c15,Batch 1,429.0,1.048491,719.0,False
b1c15,Batch 1,433.0,1.0490462,719.0,False
b1c15,Batch 1,436.0,1.0482315,719.0,False
b1c15,Batch 1,439.0,1.0471705,719.0,False
b1c15,Batch 1,442.0,1.048133,719.0,False
b1c15,Batch 1,446.0,1.0479263,719.0,False
b1c15,Batch 1,449.0,1.0471467,719.0,False
b1c15,Batch 1,452.0,1.046225,719.0,False
b1c15,Batch 1,456.0,1.0456144,719.0,False
b1c15,Batch 1,459.0,1.045496,719.0,False
b1c15,Batch 1,462.0,1.0452901,719.0,False
b1c15,Batch 1,465.0,1.0444939,719.0,False
b1c15,Batch 1,469.0,1.0440274,719.0,False
b1c15,Batch 1,472.0,1.0437154,719.0,False
b1c15,Batch 1,475.0,1.0430874,719.0,False
b1c15,Batch 1,479.0,1.0423396,719.0,False
b1c15,Batch 1,482.0,1.0421239,719.0,False
b1c15,Batch 1,485.0,1.0419134,719.0,False
b1c15,Batch 1,488.0,1.0411838,719.0,False
b1c15,Batch 1,492.0,1.0402293,719.0,False
b1c15,Batch 1,495.0,1.0400881,719.0,False
b1c15,Batch 1,498.0,1.0399024,719.0,False
b1c15,Batch 1,501.0,1.0399183,719.0,False
b1c15,Batch 1,505.0,1.0391933,719.0,False
b1c15,Batch 1,508.0,1.0378937,719.0,False
b1c15,Batch 1,511.0,1.0371425,719.0,False
b1c15,Batch 1,515.0,1.033918,719.0,False
b1c15,Batch 1,518.0,1.0332818,719.0,False
b1c15,Batch 1,521.0,1.0331335,719.0,False
b1c15,Batch 1,524.0,1.0329446,719.0,False
b1c15,Batch 1,528.0,1.0309894,719.0,False
b1c15,Batch 1,531.0,1.0313088,719.0,False
b1c15,Batch 1,534.0,1.0310966,719.0,False
b1c15,Batch 1,537.0,1.0293198,719.0,False
b1c15,Batch 1,541.0,1.0281403,719.0,False
b1c15,Batch 1,544.0,1.0275295,719.0,False
b1c15,Batch 1,547.0,1.0261171,719.0,False
b1c15,Batch 1,551.0,1.0247735,719.0,False
b1c15,Batch 1,554.0,1.0243372,719.0,False
b1c15,Batch 1,557.0,1.0229807,719.0,False
b1c15,Batch 1,560.0,1.0224289,719.0,False
b1c15,Batch 1,564.0,1.0207778,719.0,False
b1c15,Batch 1,567.0,1.0185094,719.0,False
b1c15,Batch 1,570.0,1.0177814,719.0,False
b1c15,Batch 1,573.0,1.0159678,719.0,False
b1c15,Batch 1,577.0,1.0144591,719.0,False
b1c15,Batch 1,580.0,1.0127908,719.0,False
b1c15,Batch 1,583.0,1.011126,719.0,False
b1c15,Batch 1,587.0,1.008938,719.0,False
b1c15,Batch 1,590.0,1.007694,719.0,False
b1c15,Batch 1,593.0,1.0058235,719.0,False
b1c15,Batch 1,596.0,1.0031288,719.0,False
b1c15,Batch 1,600.0,1.0005533,719.0,False
b1c15,Batch 1,603.0,0.99852324,719.0,False
b1c15,Batch 1,606.0,0.99616605,719.0,False
b1c15,Batch 1,609.0,0.99379063,719.0,False
b1c15,Batch 1,613.0,0.99017876,719.0,False
b1c15,Batch 1,616.0,0.98723203,719.0,False
b1c15,Batch 1,619.0,0.98485345,719.0,False
b1c15,Batch 1,623.0,0.98056936,719.0,False
b1c15,Batch 1,626.0,0.977364,719.0,False
b1c15,Batch 1,629.0,0.97420824,719.0,False
b1c15,Batch 1,632.0,0.97173762,719.0,False
b1c15,Batch 1,636.0,0.9673968,719.0,False
b1c15,Batch 1,639.0,0.96457273,719.0,False
b1c15,Batch 1,642.0,0.96166724,719.0,False
b1c15,Batch 1,645.0,0.95881599,719.0,False
b1c15,Batch 1,649.0,0.95508575,719.0,False
b1c15,Batch 1,652.0,0.95179069,719.0,False
b1c15,Batch 1,655.0,0.94910818,719.0,False
b1c15,Batch 1,659.0,0.9445613,719.0,False
b1c15,Batch 1,662.0,0.94200027,719.0,False
b1c15,Batch 1,665.0,0.9389149,719.0,False
b1c15,Batch 1,668.0,0.93587643,719.0,False
b1c15,Batch 1,672.0,0.93200904,719.0,False
b1c15,Batch 1,675.0,0.92874634,719.0,False
b1c15,Batch 1,678.0,0.92569864,719.0,False
b1c15,Batch 1,681.0,0.92260879,719.0,False
b1c15,Batch 1,685.0,0.9188379,719.0,False
b1c15,Batch 1,688.0,0.91541463,719.0,False
b1c15,Batch 1,691.0,0.91230011,719.0,False
b1c15,Batch 1,695.0,0.90821481,719.0,False
b1c15,Batch 1,698.0,0.90466875,719.0,False
b1c15,Batch 1,701.0,0.90134037,719.0,False
b1c15,Batch 1,704.0,0.89819646,719.0,False
b1c15,Batch 1,708.0,0.89406502,719.0,False
b1c15,Batch 1,711.0,0.89046675,719.0,False
b1c15,Batch 1,714.0,0.88748389,719.0,False
b1c15,Batch 1,718.0,0.88298881,719.0,False
b1c16,Batch 1,1.0,0.0,862.0,False
b1c16,Batch 1,4.0,1.0833585,862.0,False
b1c16,Batch 1,8.0,1.0853211,862.0,False
b1c16,Batch 1,12.0,1.0861808,862.0,False
b1c16,Batch 1,16.0,1.0848767,862.0,False
b1c16,Batch 1,20.0,1.0859253,862.0,False
b1c16,Batch 1,24.0,1.0864252,862.0,False
b1c16,Batch 1,28.0,1.0867027,862.0,False
b1c16,Batch 1,32.0,1.0867687,862.0,False
b1c16,Batch 1,36.0,1.0868685,862.0,False
b1c16,Batch 1,40.0,1.0869437,862.0,False
b1c16,Batch 1,44.0,1.0870183,862.0,False
b1c16,Batch 1,48.0,1.0870367,862.0,False
b1c16,Batch 1,52.0,1.0871048,862.0,False
b1c16,Batch 1,55.0,1.0870818,862.0,False
b1c16,Batch 1,59.0,1.0870382,862.0,False
b1c16,Batch 1,63.0,1.0870113,862.0,False
b1c16,Batch 1,67.0,1.0878274,862.0,False
b1c16,Batch 1,71.0,1.0885919,862.0,False
b1c16,Batch 1,75.0,1.087036,862.0,False
b1c16,Batch 1,79.0,1.0869007,862.0,False
b1c16,Batch 1,83.0,1.0867825,862.0,False
b1c16,Batch 1,87.0,1.0866933,862.0,False
b1c16,Batch 1,91.0,1.0865942,862.0,False
b1c16,Batch 1,95.0,1.0864272,862.0,False
b1c16,Batch 1,99.0,1.0863119,862.0,False
b1c16,Batch 1,103.0,1.0862318,862.0,False
b1c16,Batch 1,107.0,1.0861137,862.0,False
b1c16,Batch 1,110.0,1.0860258,862.0,False
b1c16,Batch 1,114.0,1.0859028,862.0,False
b1c16,Batch 1,118.0,1.0857942,862.0,False
b1c16,Batch 1,122.0,1.0856279,862.0,False
b1c16,Batch 1,126.0,1.0854585,862.0,False
b1c16,Batch 1,130.0,1.0853846,862.0,False
b1c16,Batch 1,134.0,1.0852405,862.0,False
b1c16,Batch 1,138.0,1.0851481,862.0,False
b1c16,Batch 1,142.0,1.0849969,862.0,False
b1c16,Batch 1,146.0,1.0848571,862.0,False
b1c16,Batch 1,150.0,1.0847001,862.0,False
b1c16,Batch 1,154.0,1.0845107,862.0,False
b1c16,Batch 1,158.0,1.0843827,862.0,False
b1c16,Batch 1,162.0,1.0842242,862.0,False
b1c16,Batch 1,165.0,1.084172,862.0,False
b1c16,Batch 1,169.0,1.0839729,862.0,False
b1c16,Batch 1,173.0,1.0838144,862.0,False
b1c16,Batch 1,177.0,1.0836118,862.0,False
b1c16,Batch 1,181.0,1.0834877,862.0,False
b1c16,Batch 1,185.0,1.0837729,862.0,False
b1c16,Batch 1,189.0,1.0832417,862.0,False
b1c16,Batch 1,193.0,1.0835375,862.0,False
b1c16,Batch 1,197.0,1.0833291,862.0,False
b1c16,Batch 1,201.0,1.0826703,862.0,False
b1c16,Batch 1,205.0,1.0824441,862.0,False
b1c16,Batch 1,209.0,1.0822357,862.0,False
b1c16,Batch 1,213.0,1.0825472,862.0,False
b1c16,Batch 1,216.0,1.0821519,862.0,False
b1c16,Batch 1,220.0,1.0822321,862.0,False
b1c16,Batch 1,224.0,1.0824516,862.0,False
b1c16,Batch 1,228.0,1.0816588,862.0,False
b1c16,Batch 1,232.0,1.0812615,862.0,False
b1c16,Batch 1,236.0,1.0798274,862.0,False
b1c16,Batch 1,240.0,1.0810809,862.0,False
b1c16,Batch 1,244.0,1.0808874,862.0,False
b1c16,Batch 1,248.0,1.0805399,862.0,False
b1c16,Batch 1,252.0,1.0807542,862.0,False
b1c16,Batch 1,256.0,1.0802398,862.0,False
b1c16,Batch 1,260.0,1.0798256,862.0,False
b1c16,Batch 1,264.0,1.0796103,862.0,False
b1c16,Batch 1,268.0,1.0795623,862.0,False
b1c16,Batch 1,271.0,1.0797831,862.0,False
b1c16,Batch 1,275.0,1.0791303,862.0,False
b1c16,Batch 1,279.0,1.0794147,862.0,False
b1c16,Batch 1,283.0,1.0792465,862.0,False
b1c16,Batch 1,287.0,1.0785129,862.0,False
b1c16,Batch 1,291.0,1.0782565,862.0,False
b1c16,Batch 1,295.0,1.0780613,862.0,False
b1c16,Batch 1,299.0,1.0781635,862.0,False
b1c16,Batch 1,303.0,1.0776916,862.0,False
b1c16,Batch 1,307.0,1.0777785,862.0,False
b1c16,Batch 1,311.0,1.0778974,862.0,False
b1c16,Batch 1,315.0,1.0770848,862.0,False
b1c16,Batch 1,319.0,1.0768052,862.0,False
b1c16,Batch 1,323.0,1.0765238,862.0,False
b1c16,Batch 1,326.0,1.0763288,862.0,False
b1c16,Batch 1,330.0,1.0761288,862.0,False
b1c16,Batch 1,334.0,1.0759219,862.0,False
b1c16,Batch 1,338.0,1.0759902,862.0,False
b1c16,Batch 1,342.0,1.0756719,862.0,False
b1c16,Batch 1,346.0,1.0751076,862.0,False
b1c16,Batch 1,350.0,1.0749124,862.0,False
b1c16,Batch 1,354.0,1.0749002,862.0,False
b1c16,Batch 1,358.0,1.0762111,862.0,False
b1c16,Batch 1,362.0,1.0760864,862.0,False
b1c16,Batch 1,366.0,1.0767254,862.0,False
b1c16,Batch 1,370.0,1.0766515,862.0,False
b1c16,Batch 1,374.0,1.0754633,862.0,False
b1c16,Batch 1,377.0,1.0751016,862.0,False
b1c16,Batch 1,381.0,1.0749114,862.0,False
b1c16,Batch 1,385.0,1.0747138,862.0,False
b1c16,Batch 1,389.0,1.0742863,862.0,False
b1c16,Batch 1,393.0,1.0745983,862.0,False
b1c16,Batch 1,397.0,1.0746914,862.0,False
b1c16,Batch 1,401.0,1.0738994,862.0,False
b1c16,Batch 1,405.0,1.0733346,862.0,False
b1c16,Batch 1,409.0,1.0730824,862.0,False
b1c16,Batch 1,413.0,1.0730468,862.0,False
b1c16,Batch 1,417.0,1.0725412,862.0,False
b1c16,Batch 1,421.0,1.072137,862.0,False
b1c16,Batch 1,425.0,1.0728462,862.0,False
b1c16,Batch 1,429.0,1.0720912,862.0,False
b1c16,Batch 1,432.0,1.0714854,862.0,False
b1c16,Batch 1,436.0,1.0711192,862.0,False
b1c16,Batch 1,440.0,1.0709822,862.0,False
b1c16,Batch 1,444.0,1.0708309,862.0,False
b1c16,Batch 1,448.0,1.0703788,862.0,False
b1c16,Batch 1,452.0,1.0707867,862.0,False
b1c16,Batch 1,456.0,1.0704104,862.0,False
b1c16,Batch 1,460.0,1.0694336,862.0,False
b1c16,Batch 1,464.0,1.0690219,862.0,False
b1c16,Batch 1,468.0,1.0688312,862.0,False
b1c16,Batch 1,472.0,1.0686743,862.0,False
b1c16,Batch 1,476.0,1.0681365,862.0,False
b1c16,Batch 1,480.0,1.067811,862.0,False
b1c16,Batch 1,484.0,1.0681072,862.0,False
b1c16,Batch 1,487.0,1.0673884,862.0,False
b1c16,Batch 1,491.0,1.0669192,862.0,False
b1c16,Batch 1,495.0,1.0666037,862.0,False
b1c16,Batch 1,499.0,1.0662355,862.0,False
b1c16,Batch 1,503.0,1.0658506,862.0,False
b1c16,Batch 1,507.0,1.0659434,862.0,False
b1c16,Batch 1,511.0,1.0662595,862.0,False
b1c16,Batch 1,515.0,1.0655234,862.0,False
b1c16,Batch 1,519.0,1.0645083,862.0,False
b1c16,Batch 1,523.0,1.0619885,862.0,False
b1c16,Batch 1,527.0,1.0620143,862.0,False
b1c16,Batch 1,531.0,1.0616286,862.0,False
b1c16,Batch 1,535.0,1.0612546,862.0,False
b1c16,Batch 1,538.0,1.0614603,862.0,False
b1c16,Batch 1,542.0,1.0613139,862.0,False
b1c16,Batch 1,546.0,1.0601338,862.0,False
b1c16,Batch 1,550.0,1.0596046,862.0,False
b1c16,Batch 1,554.0,1.0591319,862.0,False
b1c16,Batch 1,558.0,1.0588275,862.0,False
b1c16,Batch 1,562.0,1.0582373,862.0,False
b1c16,Batch 1,566.0,1.0580565,862.0,False
b1c16,Batch 1,570.0,1.0574439,862.0,False
b1c16,Batch 1,574.0,1.0565342,862.0,False
b1c16,Batch 1,578.0,1.0561101,862.0,False
b1c16,Batch 1,582.0,1.0554954,862.0,False
b1c16,Batch 1,586.0,1.0550946,862.0,False
b1c16,Batch 1,590.0,1.0544597,862.0,False
b1c16,Batch 1,593.0,1.0541317,862.0,False
b1c16,Batch 1,597.0,1.0536807,862.0,False
b1c16,Batch 1,601.0,1.0531735,862.0,False
b1c16,Batch 1,605.0,1.0518197,862.0,False
b1c16,Batch 1,609.0,1.0513245,862.0,False
b1c16,Batch 1,613.0,1.0505903,862.0,False
b1c16,Batch 1,617.0,1.0499126,862.0,False
b1c16,Batch 1,621.0,1.0491766,862.0,False
b1c16,Batch 1,625.0,1.0488032,862.0,False
b1c16,Batch 1,629.0,1.0476288,862.0,False
b1c16,Batch 1,633.0,1.0464598,862.0,False
b1c16,Batch 1,637.0,1.0454568,862.0,False
b1c16,Batch 1,641.0,1.0447018,862.0,False
b1c16,Batch 1,645.0,1.0436813,862.0,False
b1c16,Batch 1,648.0,1.0432184,862.0,False
b1c16,Batch 1,652.0,1.0420252,862.0,False
b1c16,Batch 1,656.0,1.0407774,862.0,False
b1c16,Batch 1,660.0,1.0397655,862.0,False
b1c16,Batch 1,664.0,1.0383819,862.0,False
b1c16,Batch 1,668.0,1.0371066,862.0,False
b1c16,Batch 1,672.0,1.0359793,862.0,False
b1c16,Batch 1,676.0,1.034918,862.0,False
b1c16,Batch 1,680.0,1.033428,862.0,False
b1c16,Batch 1,684.0,1.0323836,862.0,False
b1c16,Batch 1,688.0,1.0305549,862.0,False
b1c16,Batch 1,692.0,1.0286039,862.0,False
b1c16,Batch 1,696.0,1.0271177,862.0,False
b1c16,Batch 1,699.0,1.0255297,862.0,False
b1c16,Batch 1,703.0,1.0236744,862.0,False
b1c16,Batch 1,707.0,1.0219121,862.0,False
b1c16,Batch 1,711.0,1.0195878,862.0,False
b1c16,Batch 1,715.0,1.0171382,862.0,False
b1c16,Batch 1,719.0,1.0149277,862.0,False
b1c16,Batch 1,723.0,1.0120188,862.0,False
b1c16,Batch 1,727.0,1.0097035,862.0,False
b1c16,Batch 1,731.0,1.0069913,862.0,False
b1c16,Batch 1,735.0,1.0036378,862.0,False
b1c16,Batch 1,739.0,1.0001674,862.0,False
b1c16,Batch 1,743.0,0.99685836,862.0,False
b1c16,Batch 1,747.0,0.99349499,862.0,False
b1c16,Batch 1,751.0,0.9896841,862.0,False
b1c16,Batch 1,754.0,0.98721766,862.0,False
b1c16,Batch 1,758.0,0.98353201,862.0,False
b1c16,Batch 1,762.0,0.98048818,862.0,False
b1c16,Batch 1,766.0,0.97627133,862.0,False
b1c16,Batch 1,770.0,0.97294497,862.0,False
b1c16,Batch 1,774.0,0.96964592,862.0,False
b1c16,Batch 1,778.0,0.96592587,862.0,False
b1c16,Batch 1,782.0,0.96181035,862.0,False
b1c16,Batch 1,786.0,0.95767462,862.0,False
b1c16,Batch 1,790.0,0.9537943,862.0,False
b1c16,Batch 1,794.0,0.94997495,862.0,False
b1c16,Batch 1,798.0,0.94628721,862.0,False
b1c16,Batch 1,802.0,0.9425087,862.0,False
b1c16,Batch 1,806.0,0.93885672,862.0,False
b1c16,Batch 1,809.0,0.93629438,862.0,False
b1c16,Batch 1,813.0,0.93195486,862.0,False
b1c16,Batch 1,817.0,0.92798054,862.0,False
b1c16,Batch 1,821.0,0.92368174,862.0,False
b1c16,Batch 1,825.0,0.9195776,862.0,False
b1c16,Batch 1,829.0,0.91486382,862.0,False
b1c16,Batch 1,833.0,0.91121763,862.0,False
b1c16,Batch 1,837.0,0.90755546,862.0,False
b1c16,Batch 1,841.0,0.90312523,862.0,False
b1c16,Batch 1,845.0,0.8987357,862.0,False
b1c16,Batch 1,849.0,0.89446598,862.0,False
b1c16,Batch 1,853.0,0.89009207,862.0,False
b1c16,Batch 1,857.0,0.88558096,862.0,False
b1c16,Batch 1,861.0,0.88096577,862.0,False
b1c17,Batch 1,1.0,0.0,857.0,False
b1c17,Batch 1,4.0,1.073923,857.0,False
b1c17,Batch 1,8.0,1.0753995,857.0,False
b1c17,Batch 1,12.0,1.0761592,857.0,False
b1c17,Batch 1,16.0,1.0765961,857.0,False
b1c17,Batch 1,20.0,1.0769346,857.0,False
b1c17,Batch 1,24.0,1.0771024,857.0,False
b1c17,Batch 1,28.0,1.0772779,857.0,False
b1c17,Batch 1,32.0,1.0774169,857.0,False
b1c17,Batch 1,36.0,1.0774944,857.0,False
b1c17,Batch 1,40.0,1.0774671,857.0,False
b1c17,Batch 1,43.0,1.0774778,857.0,False
b1c17,Batch 1,47.0,1.0775291,857.0,False
b1c17,Batch 1,51.0,1.0775217,857.0,False
b1c17,Batch 1,55.0,1.0790675,857.0,False
b1c17,Batch 1,59.0,1.0777899,857.0,False
b1c17,Batch 1,63.0,1.0776398,857.0,False
b1c17,Batch 1,67.0,1.0775678,857.0,False
b1c17,Batch 1,71.0,1.077492,857.0,False
b1c17,Batch 1,75.0,1.0774537,857.0,False
b1c17,Batch 1,79.0,1.0774002,857.0,False
b1c17,Batch 1,82.0,1.077256,857.0,False
b1c17,Batch 1,86.0,1.0771948,857.0,False
b1c17,Batch 1,90.0,1.0771109,857.0,False
b1c17,Batch 1,94.0,1.0770836,857.0,False
b1c17,Batch 1,98.0,1.0770168,857.0,False
b1c17,Batch 1,102.0,1.0769624,857.0,False
b1c17,Batch 1,106.0,1.0768362,857.0,False
b1c17,Batch 1,110.0,1.0766864,857.0,False
b1c17,Batch 1,114.0,1.0766603,857.0,False
b1c17,Batch 1,118.0,1.0765781,857.0,False
b1c17,Batch 1,122.0,1.0765209,857.0,False
b1c17,Batch 1,125.0,1.0763884,857.0,False
b1c17,Batch 1,129.0,1.0762416,857.0,False
b1c17,Batch 1,133.0,1.0760993,857.0,False
b1c17,Batch 1,137.0,1.0760039,857.0,False
b1c17,Batch 1,141.0,1.0759364,857.0,False
b1c17,Batch 1,145.0,1.0757445,857.0,False
b1c17,Batch 1,149.0,1.0757025,857.0,False
b1c17,Batch 1,153.0,1.0755458,857.0,False
b1c17,Batch 1,157.0,1.0754673,857.0,False
b1c17,Batch 1,161.0,1.0752683,857.0,False
b1c17,Batch 1,164.0,1.0751429,857.0,False
b1c17,Batch 1,168.0,1.0751966,857.0,False
b1c17,Batch 1,172.0,1.0751119,857.0,False
b1c17,Batch 1,176.0,1.0750164,857.0,False
b1c17,Batch 1,180.0,1.0752072,857.0,False
b1c17,Batch 1,184.0,1.0745739,857.0,False
b1c17,Batch 1,188.0,1.0743847,857.0,False
b1c17,Batch 1,192.0,1.0742184,857.0,False
b1c17,Batch 1,196.0,1.0742465,857.0,False
b1c17,Batch 1,200.0,1.074227,857.0,False
b1c17,Batch 1,204.0,1.0740893,857.0,False
b1c17,Batch 1,207.0,1.074517,857.0,False
b1c17,Batch 1,211.0,1.074247,857.0,False
b1c17,Batch 1,215.0,1.073422,857.0,False
b1c17,Batch 1,219.0,1.0731621,857.0,False
b1c17,Batch 1,223.0,1.0731168,857.0,False
b1c17,Batch 1,227.0,1.0733758,857.0,False
b1c17,Batch 1,231.0,1.0726514,857.0,False
b1c17,Batch 1,235.0,1.0730436,857.0,False
b1c17,Batch 1,239.0,1.0728573,857.0,False
b1c17,Batch 1,243.0,1.0722098,857.0,False
b1c17,Batch 1,246.0,1.0720334,857.0,False
b1c17,Batch 1,250.0,1.0718176,857.0,False
b1c17,Batch 1,254.0,1.0720692,857.0,False
b1c17,Batch 1,258.0,1.0714974,857.0,False
b1c17,Batch 1,262.0,1.0716693,857.0,False
b1c17,Batch 1,266.0,1.0716672,857.0,False
b1c17,Batch 1,270.0,1.0709718,857.0,False
b1c17,Batch 1,274.0,1.0707184,857.0,False
b1c17,Batch 1,278.0,1.0705035,857.0,False
b1c17,Batch 1,282.0,1.0705506,857.0,False
b1c17,Batch 1,286.0,1.0701486,857.0,False
b1c17,Batch 1,289.0,1.0700998,857.0,False
b1c17,Batch 1,293.0,1.0704498,857.0,False
b1c17,Batch 1,297.0,1.0701085,857.0,False
b1c17,Batch 1,301.0,1.0694498,857.0,False
b1c17,Batch 1,305.0,1.069219,857.0,False
b1c17,Batch 1,309.0,1.0690569,857.0,False
b1c17,Batch 1,313.0,1.0688394,857.0,False
b1c17,Batch 1,317.0,1.0686613,857.0,False
b1c17,Batch 1,321.0,1.0687405,857.0,False
b1c17,Batch 1,325.0,1.0684485,857.0,False
b1c17,Batch 1,328.0,1.0680066,857.0,False
b1c17,Batch 1,332.0,1.0678252,857.0,False
b1c17,Batch 1,336.0,1.0674871,857.0,False
b1c17,Batch 1,340.0,1.0691534,857.0,False
b1c17,Batch 1,344.0,1.0689144,857.0,False
b1c17,Batch 1,348.0,1.0695369,857.0,False
b1c17,Batch 1,352.0,1.0696481,857.0,False
b1c17,Batch 1,356.0,1.0686388,857.0,False
b1c17,Batch 1,360.0,1.0680865,857.0,False
b1c17,Batch 1,364.0,1.0678588,857.0,False
b1c17,Batch 1,367.0,1.0677722,857.0,False
b1c17,Batch 1,371.0,1.0674827,857.0,False
b1c17,Batch 1,375.0,1.0675753,857.0,False
b1c17,Batch 1,379.0,1.0677555,857.0,False
b1c17,Batch 1,383.0,1.0672151,857.0,False
b1c17,Batch 1,387.0,1.0664825,857.0,False
b1c17,Batch 1,391.0,1.0662289,857.0,False
b1c17,Batch 1,395.0,1.0661284,857.0,False
b1c17,Batch 1,399.0,1.0658115,857.0,False
b1c17,Batch 1,403.0,1.0657275,857.0,False
b1c17,Batch 1,407.0,1.0660038,857.0,False
b1c17,Batch 1,410.0,1.0658565,857.0,False
b1c17,Batch 1,414.0,1.0648595,857.0,False
b1c17,Batch 1,418.0,1.0644801,857.0,False
b1c17,Batch 1,422.0,1.0642742,857.0,False
b1c17,Batch 1,426.0,1.0642288,857.0,False
b1c17,Batch 1,430.0,1.0636424,857.0,False
b1c17,Batch 1,434.0,1.0640682,857.0,False
b1c17,Batch 1,438.0,1.0638698,857.0,False
b1c17,Batch 1,442.0,1.0628595,857.0,False
b1c17,Batch 1,446.0,1.0624909,857.0,False
b1c17,Batch 1,449.0,1.062294,857.0,False
b1c17,Batch 1,453.0,1.0622698,857.0,False
b1c17,Batch 1,457.0,1.0617161,857.0,False
b1c17,Batch 1,461.0,1.0617429,857.0,False
b1c17,Batch 1,465.0,1.0616692,857.0,False
b1c17,Batch 1,469.0,1.060966,857.0,False
b1c17,Batch 1,473.0,1.0604253,857.0,False
b1c17,Batch 1,477.0,1.0600574,857.0,False
b1c17,Batch 1,481.0,1.0597185,857.0,False
b1c17,Batch 1,485.0,1.0593338,857.0,False
b1c17,Batch 1,489.0,1.0595329,857.0,False
b1c17,Batch 1,492.0,1.059637,857.0,False
b1c17,Batch 1,496.0,1.0593876,857.0,False
b1c17,Batch 1,500.0,1.0582639,857.0,False
b1c17,Batch 1,504.0,1.0561864,857.0,False
b1c17,Batch 1,508.0,1.0549879,857.0,False
b1c17,Batch 1,512.0,1.0551044,857.0,False
b1c17,Batch 1,516.0,1.0546014,857.0,False
b1c17,Batch 1,520.0,1.0547068,857.0,False
b1c17,Batch 1,524.0,1.0546168,857.0,False
b1c17,Batch 1,528.0,1.0533996,857.0,False
b1c17,Batch 1,531.0,1.0530341,857.0,False
b1c17,Batch 1,535.0,1.0526006,857.0,False
b1c17,Batch 1,539.0,1.0523444,857.0,False
b1c17,Batch 1,543.0,1.0516108,857.0,False
b1c17,Batch 1,547.0,1.0515568,857.0,False
b1c17,Batch 1,551.0,1.0511307,857.0,False
b1c17,Batch 1,555.0,1.0502506,857.0,False
b1c17,Batch 1,559.0,1.0496942,857.0,False
b1c17,Batch 1,563.0,1.0490873,857.0,False
b1c17,Batch 1,567.0,1.048647,857.0,False
b1c17,Batch 1,571.0,1.0478364,857.0,False
b1c17,Batch 1,574.0,1.0475813,857.0,False
b1c17,Batch 1,578.0,1.0475653,857.0,False
b1c17,Batch 1,582.0,1.0468113,857.0,False
b1c17,Batch 1,586.0,1.0456834,857.0,False
b1c17,Batch 1,590.0,1.0449898,857.0,False
b1c17,Batch 1,594.0,1.0443133,857.0,False
b1c17,Batch 1,598.0,1.0436236,857.0,False
b1c17,Batch 1,602.0,1.0429101,857.0,False
b1c17,Batch 1,606.0,1.0425422,857.0,False
b1c17,Batch 1,610.0,1.0415319,857.0,False
b1c17,Batch 1,613.0,1.0408558,857.0,False
b1c17,Batch 1,617.0,1.0400356,857.0,False
b1c17,Batch 1,621.0,1.0389047,857.0,False
b1c17,Batch 1,625.0,1.037572,857.0,False
b1c17,Batch 1,629.0,1.0374552,857.0,False
b1c17,Batch 1,633.0,1.0365423,857.0,False
b1c17,Batch 1,637.0,1.0355622,857.0,False
b1c17,Batch 1,641.0,1.034552,857.0,False
b1c17,Batch 1,645.0,1.0332162,857.0,False
b1c17,Batch 1,649.0,1.0323098,857.0,False
b1c17,Batch 1,652.0,1.0314524,857.0,False
b1c17,Batch 1,656.0,1.0300561,857.0,False
b1c17,Batch 1,660.0,1.0289314,857.0,False
b1c17,Batch 1,664.0,1.0277121,857.0,False
b1c17,Batch 1,668.0,1.0263519,857.0,False
b1c17,Batch 1,672.0,1.0250425,857.0,False
b1c17,Batch 1,676.0,1.0237565,857.0,False
b1c17,Batch 1,680.0,1.0216005,857.0,False
b1c17,Batch 1,684.0,1.0203239,857.0,False
b1c17,Batch 1,688.0,1.0187917,857.0,False
b1c17,Batch 1,692.0,1.0169436,857.0,False
b1c17,Batch 1,695.0,1.0155131,857.0,False
b1c17,Batch 1,699.0,1.012926,857.0,False
b1c17,Batch 1,703.0,1.0106386,857.0,False
b1c17,Batch 1,707.0,1.0082271,857.0,False
b1c17,Batch 1,711.0,1.0058136,857.0,False
b1c17,Batch 1,715.0,1.0037365,857.0,False
b1c17,Batch 1,719.0,1.0005286,857.0,False
b1c17,Batch 1,723.0,0.99818707,857.0,False
b1c17,Batch 1,727.0,0.99518567,857.0,False
b1c17,Batch 1,731.0,0.99059343,857.0,False
b1c17,Batch 1,734.0,0.98952377,857.0,False
b1c17,Batch 1,738.0,0.98726076,857.0,False
b1c17,Batch 1,742.0,0.98387033,857.0,False
b1c17,Batch 1,746.0,0.98076856,857.0,False
b1c17,Batch 1,750.0,0.97748458,857.0,False
b1c17,Batch 1,754.0,0.97436631,857.0,False
b1c17,Batch 1,758.0,0.97092682,857.0,False
b1c17,Batch 1,762.0,0.96741879,857.0,False
b1c17,Batch 1,766.0,0.96333778,857.0,False
b1c17,Batch 1,770.0,0.95995569,857.0,False
b1c17,Batch 1,774.0,0.95673549,857.0,False
b1c17,Batch 1,777.0,0.95417196,857.0,False
b1c17,Batch 1,781.0,0.95057672,857.0,False
b1c17,Batch 1,785.0,0.94769609,857.0,False
b1c17,Batch 1,789.0,0.94421911,857.0,False
b1c17,Batch 1,793.0,0.94048834,857.0,False
b1c17,Batch 1,797.0,0.93696523,857.0,False
b1c17,Batch 1,801.0,0.93360281,857.0,False
b1c17,Batch 1,805.0,0.9300608,857.0,False
b1c17,Batch 1,809.0,0.9264009,857.0,False
b1c17,Batch 1,813.0,0.92270803,857.0,False
b1c17,Batch 1,816.0,0.92081463,857.0,False
b1c17,Batch 1,820.0,0.91721904,857.0,False
b1c17,Batch 1,824.0,0.91369569,857.0,False
b1c17,Batch 1,828.0,0.90978092,857.0,False
b1c17,Batch 1,832.0,0.90597868,857.0,False
b1c17,Batch 1,836.0,0.90237463,857.0,False
b1c17,Batch 1,840.0,0.89845562,857.0,False
b1c17,Batch 1,844.0,0.89446753,857.0,False
b1c17,Batch 1,848.0,0.89075464,857.0,False
b1c17,Batch 1,852.0,0.88712192,857.0,False
b1c17,Batch 1,856.0,0.8832469,857.0,False
b1c18,Batch 1,1.0,0.0,691.0,False
b1c18,Batch 1,4.0,1.0674137,691.0,False
b1c18,Batch 1,7.0,1.068862,691.0,False
b1c18,Batch 1,10.0,1.0695512,691.0,False
b1c18,Batch 1,13.0,1.0698236,691.0,False
b1c18,Batch 1,16.0,1.0699476,691.0,False
b1c18,Batch 1,19.0,1.0701458,691.0,False
b1c18,Batch 1,23.0,1.0700816,691.0,False
b1c18,Batch 1,26.0,1.0699711,691.0,False
b1c18,Batch 1,29.0,1.0696832,691.0,False
b1c18,Batch 1,32.0,1.0697455,691.0,False
b1c18,Batch 1,35.0,1.0696578,691.0,False
b1c18,Batch 1,38.0,1.0695733,691.0,False
b1c18,Batch 1,41.0,1.0694818,691.0,False
b1c18,Batch 1,45.0,1.0692852,691.0,False
b1c18,Batch 1,48.0,1.0690513,691.0,False
b1c18,Batch 1,51.0,1.0688115,691.0,False
b1c18,Batch 1,54.0,1.0688134,691.0,False
b1c18,Batch 1,57.0,1.0690312,691.0,False
b1c18,Batch 1,60.0,1.0682666,691.0,False
b1c18,Batch 1,63.0,1.068053,691.0,False
b1c18,Batch 1,67.0,1.0677707,691.0,False
b1c18,Batch 1,70.0,1.0674714,691.0,False
b1c18,Batch 1,73.0,1.0672312,691.0,False
b1c18,Batch 1,76.0,1.0669148,691.0,False
b1c18,Batch 1,79.0,1.0666827,691.0,False
b1c18,Batch 1,82.0,1.0663667,691.0,False
b1c18,Batch 1,85.0,1.0662024,691.0,False
b1c18,Batch 1,89.0,1.0656552,691.0,False
b1c18,Batch 1,92.0,1.0654104,691.0,False
b1c18,Batch 1,95.0,1.0638232,691.0,False
b1c18,Batch 1,98.0,1.0647006,691.0,False
b1c18,Batch 1,101.0,1.0644009,691.0,False
b1c18,Batch 1,104.0,1.0640787,691.0,False
b1c18,Batch 1,107.0,1.0638094,691.0,False
b1c18,Batch 1,111.0,1.0632008,691.0,False
b1c18,Batch 1,114.0,1.0630087,691.0,False
b1c18,Batch 1,117.0,1.0626279,691.0,False
b1c18,Batch 1,120.0,1.0621755,691.0,False
b1c18,Batch 1,123.0,1.0618163,691.0,False
b1c18,Batch 1,126.0,1.0614775,691.0,False
b1c18,Batch 1,129.0,1.0610393,691.0,False
b1c18,Batch 1,133.0,1.0605973,691.0,False
b1c18,Batch 1,136.0,1.0601475,691.0,False
b1c18,Batch 1,139.0,1.0596255,691.0,False
b1c18,Batch 1,142.0,1.0592937,691.0,False
b1c18,Batch 1,145.0,1.0590456,691.0,False
b1c18,Batch 1,148.0,1.0584548,691.0,False
b1c18,Batch 1,152.0,1.0578343,691.0,False
b1c18,Batch 1,155.0,1.0573943,691.0,False
b1c18,Batch 1,158.0,1.056906,691.0,False
b1c18,Batch 1,161.0,1.0566707,691.0,False
b1c18,Batch 1,164.0,1.0562255,691.0,False
b1c18,Batch 1,167.0,1.0557734,691.0,False
b1c18,Batch 1,170.0,1.0550247,691.0,False
b1c18,Batch 1,174.0,1.0547761,691.0,False
b1c18,Batch 1,177.0,1.0542277,691.0,False
b1c18,Batch 1,180.0,1.0544393,691.0,False
b1c18,Batch 1,183.0,1.054028,691.0,False
b1c18,Batch 1,186.0,1.05327,691.0,False
b1c18,Batch 1,189.0,1.0527596,691.0,False
b1c18,Batch 1,192.0,1.0523962,691.0,False
b1c18,Batch 1,196.0,1.0519122,691.0,False
b1c18,Batch 1,199.0,1.0518582,691.0,False
b1c18,Batch 1,202.0,1.0511804,691.0,False
b1c18,Batch 1,205.0,1.0506072,691.0,False
b1c18,Batch 1,208.0,1.0508418,691.0,False
b1c18,Batch 1,211.0,1.0506319,691.0,False
b1c18,Batch 1,214.0,1.0496776,691.0,False
b1c18,Batch 1,218.0,1.0490845,691.0,False
b1c18,Batch 1,221.0,1.0487095,691.0,False
b1c18,Batch 1,224.0,1.0482377,691.0,False
b1c18,Batch 1,227.0,1.0483683,691.0,False
b1c18,Batch 1,230.0,1.0477026,691.0,False
b1c18,Batch 1,233.0,1.047305,691.0,False
b1c18,Batch 1,236.0,1.0467714,691.0,False
b1c18,Batch 1,240.0,1.0468119,691.0,False
b1c18,Batch 1,243.0,1.0460632,691.0,False
b1c18,Batch 1,246.0,1.0458528,691.0,False
b1c18,Batch 1,249.0,1.0454366,691.0,False
b1c18,Batch 1,252.0,1.0447404,691.0,False
b1c18,Batch 1,255.0,1.0449761,691.0,False
b1c18,Batch 1,258.0,1.044396,691.0,False
b1c18,Batch 1,262.0,1.0439508,691.0,False
b1c18,Batch 1,265.0,1.0439053,691.0,False
b1c18,Batch 1,268.0,1.0436894,691.0,False
b1c18,Batch 1,271.0,1.0428857,691.0,False
b1c18,Batch 1,274.0,1.0424575,691.0,False
b1c18,Batch 1,277.0,1.0422713,691.0,False
b1c18,Batch 1,281.0,1.0418079,691.0,False
b1c18,Batch 1,284.0,1.0414609,691.0,False
b1c18,Batch 1,287.0,1.0410432,691.0,False
b1c18,Batch 1,290.0,1.0406716,691.0,False
b1c18,Batch 1,293.0,1.0408894,691.0,False
b1c18,Batch 1,296.0,1.04053,691.0,False
b1c18,Batch 1,299.0,1.0402251,691.0,False
b1c18,Batch 1,303.0,1.0391914,691.0,False
b1c18,Batch 1,306.0,1.0375519,691.0,False
b1c18,Batch 1,309.0,1.0388676,691.0,False
b1c18,Batch 1,312.0,1.0382323,691.0,False
b1c18,Batch 1,315.0,1.0376761,691.0,False
b1c18,Batch 1,318.0,1.0374341,691.0,False
b1c18,Batch 1,321.0,1.0366327,691.0,False
b1c18,Batch 1,325.0,1.0367575,691.0,False
b1c18,Batch 1,328.0,1.0364622,691.0,False
b1c18,Batch 1,331.0,1.0362668,691.0,False
b1c18,Batch 1,334.0,1.0363188,691.0,False
b1c18,Batch 1,337.0,1.0357708,691.0,False
b1c18,Batch 1,340.0,1.0354043,691.0,False
b1c18,Batch 1,343.0,1.0361764,691.0,False
b1c18,Batch 1,347.0,1.0353692,691.0,False
b1c18,Batch 1,350.0,1.0348641,691.0,False
b1c18,Batch 1,353.0,1.035915,691.0,False
b1c18,Batch 1,356.0,1.0351347,691.0,False
b1c18,Batch 1,359.0,1.0337479,691.0,False
b1c18,Batch 1,362.0,1.0340257,691.0,False
b1c18,Batch 1,365.0,1.0336334,691.0,False
b1c18,Batch 1,369.0,1.0329415,691.0,False
b1c18,Batch 1,372.0,1.0322808,691.0,False
b1c18,Batch 1,375.0,1.032529,691.0,False
b1c18,Batch 1,378.0,1.0318849,691.0,False
b1c18,Batch 1,381.0,1.0315663,691.0,False
b1c18,Batch 1,384.0,1.0322871,691.0,False
b1c18,Batch 1,387.0,1.0310373,691.0,False
b1c18,Batch 1,391.0,1.0308313,691.0,False
b1c18,Batch 1,394.0,1.029906,691.0,False
b1c18,Batch 1,397.0,1.0302135,691.0,False
b1c18,Batch 1,400.0,1.0292772,691.0,False
b1c18,Batch 1,403.0,1.0284078,691.0,False
b1c18,Batch 1,406.0,1.0287755,691.0,False
b1c18,Batch 1,409.0,1.0285882,691.0,False
b1c18,Batch 1,413.0,1.0290848,691.0,False
b1c18,Batch 1,416.0,1.0283927,691.0,False
b1c18,Batch 1,419.0,1.0271667,691.0,False
b1c18,Batch 1,422.0,1.0263801,691.0,False
b1c18,Batch 1,425.0,1.0266622,691.0,False
b1c18,Batch 1,428.0,1.0257901,691.0,False
b1c18,Batch 1,432.0,1.0258166,691.0,False
b1c18,Batch 1,435.0,1.0251144,691.0,False
b1c18,Batch 1,438.0,1.0252177,691.0,False
b1c18,Batch 1,441.0,1.0251082,691.0,False
b1c18,Batch 1,444.0,1.0248654,691.0,False
b1c18,Batch 1,447.0,1.0242447,691.0,False
b1c18,Batch 1,450.0,1.0232821,691.0,False
b1c18,Batch 1,454.0,1.0226916,691.0,False
b1c18,Batch 1,457.0,1.0220739,691.0,False
b1c18,Batch 1,460.0,1.0223346,691.0,False
b1c18,Batch 1,463.0,1.0210935,691.0,False
b1c18,Batch 1,466.0,1.019923,691.0,False
b1c18,Batch 1,469.0,1.0194412,691.0,False
b1c18,Batch 1,472.0,1.0201504,691.0,False
b1c18,Batch 1,476.0,1.0200067,691.0,False
b1c18,Batch 1,479.0,1.0185199,691.0,False
b1c18,Batch 1,482.0,1.016948,691.0,False
b1c18,Batch 1,485.0,1.0178555,691.0,False
b1c18,Batch 1,488.0,1.0173903,691.0,False
b1c18,Batch 1,491.0,1.016656,691.0,False
b1c18,Batch 1,494.0,1.015879,691.0,False
b1c18,Batch 1,498.0,1.0156324,691.0,False
b1c18,Batch 1,501.0,1.0151365,691.0,False
b1c18,Batch 1,504.0,1.0143774,691.0,False
b1c18,Batch 1,507.0,1.0141363,691.0,False
b1c18,Batch 1,510.0,1.0129005,691.0,False
b1c18,Batch 1,513.0,1.0120682,691.0,False
b1c18,Batch 1,516.0,1.0082052,691.0,False
b1c18,Batch 1,520.0,1.009611,691.0,False
b1c18,Batch 1,523.0,1.0077535,691.0,False
b1c18,Batch 1,526.0,1.0079271,691.0,False
b1c18,Batch 1,529.0,1.0065554,691.0,False
b1c18,Batch 1,532.0,1.0063084,691.0,False
b1c18,Batch 1,535.0,1.0056684,691.0,False
b1c18,Batch 1,538.0,1.0040696,691.0,False
b1c18,Batch 1,542.0,1.0024016,691.0,False
b1c18,Batch 1,545.0,1.0018573,691.0,False
b1c18,Batch 1,548.0,1.001008,691.0,False
b1c18,Batch 1,551.0,1.0000492,691.0,False
b1c18,Batch 1,554.0,0.99886298,691.0,False
b1c18,Batch 1,557.0,0.99708861,691.0,False
b1c18,Batch 1,561.0,0.99623173,691.0,False
b1c18,Batch 1,564.0,0.99505806,691.0,False
b1c18,Batch 1,567.0,0.99403268,691.0,False
b1c18,Batch 1,570.0,0.9928695,691.0,False
b1c18,Batch 1,573.0,0.9909386,691.0,False
b1c18,Batch 1,576.0,0.98965722,691.0,False
b1c18,Batch 1,579.0,0.98814142,691.0,False
b1c18,Batch 1,583.0,0.98624343,691.0,False
b1c18,Batch 1,586.0,0.98459613,691.0,False
b1c18,Batch 1,589.0,0.98346001,691.0,False
b1c18,Batch 1,592.0,0.98124343,691.0,False
b1c18,Batch 1,595.0,0.97875977,691.0,False
b1c18,Batch 1,598.0,0.97691172,691.0,False
b1c18,Batch 1,601.0,0.9751392,691.0,False
b1c18,Batch 1,605.0,0.97177833,691.0,False
b1c18,Batch 1,608.0,0.96912432,691.0,False
b1c18,Batch 1,611.0,0.96280789,691.0,False
b1c18,Batch 1,614.0,0.96397132,691.0,False
b1c18,Batch 1,617.0,0.96118701,691.0,False
b1c18,Batch 1,620.0,0.95862919,691.0,False
b1c18,Batch 1,623.0,0.95518917,691.0,False
b1c18,Batch 1,627.0,0.95069653,691.0,False
b1c18,Batch 1,630.0,0.94670558,691.0,False
b1c18,Batch 1,633.0,0.94385505,691.0,False
b1c18,Batch 1,636.0,0.93996084,691.0,False
b1c18,Batch 1,639.0,0.93658143,691.0,False
b1c18,Batch 1,642.0,0.93277371,691.0,False
b1c18,Batch 1,645.0,0.92936403,691.0,False
b1c18,Batch 1,649.0,0.92459172,691.0,False
b1c18,Batch 1,652.0,0.92153156,691.0,False
b1c18,Batch 1,655.0,0.91763759,691.0,False
b1c18,Batch 1,658.0,0.91454923,691.0,False
b1c18,Batch 1,661.0,0.91116947,691.0,False
b1c18,Batch 1,664.0,0.90791112,691.0,False
b1c18,Batch 1,667.0,0.90471947,691.0,False
b1c18,Batch 1,671.0,0.90080345,691.0,False
b1c18,Batch 1,674.0,0.8973735,691.0,False
b1c18,Batch 1,677.0,0.8940714,691.0,False
b1c18,Batch 1,680.0,0.89145201,691.0,False
b1c18,Batch 1,683.0,0.88819897,691.0,False
b1c18,Batch 1,686.0,0.88017046,691.0,False
b1c18,Batch 1,690.0,0.88114411,691.0,False
b1c19,Batch 1,1.0,0.0,788.0,False
b1c19,Batch 1,4.0,1.0869932,788.0,False
b1c19,Batch 1,8.0,1.0882633,788.0,False
b1c19,Batch 1,11.0,1.0875366,788.0,False
b1c19,Batch 1,15.0,1.0889834,788.0,False
b1c19,Batch 1,18.0,1.0890222,788.0,False
b1c19,Batch 1,22.0,1.0891057,788.0,False
b1c19,Batch 1,26.0,1.0889785,788.0,False
b1c19,Batch 1,29.0,1.0890207,788.0,False
b1c19,Batch 1,33.0,1.0890123,788.0,False
b1c19,Batch 1,36.0,1.0889432,788.0,False
b1c19,Batch 1,40.0,1.0890228,788.0,False
b1c19,Batch 1,44.0,1.0888951,788.0,False
b1c19,Batch 1,47.0,1.0888164,788.0,False
b1c19,Batch 1,51.0,1.0887594,788.0,False
b1c19,Batch 1,54.0,1.0890024,788.0,False
b1c19,Batch 1,58.0,1.0888802,788.0,False
b1c19,Batch 1,62.0,1.0885627,788.0,False
b1c19,Batch 1,65.0,1.0885271,788.0,False
b1c19,Batch 1,69.0,1.0883075,788.0,False
b1c19,Batch 1,72.0,1.0882611,788.0,False
b1c19,Batch 1,76.0,1.0881809,788.0,False
b1c19,Batch 1,79.0,1.0881134,788.0,False
b1c19,Batch 1,83.0,1.0878754,788.0,False
b1c19,Batch 1,87.0,1.0877154,788.0,False
b1c19,Batch 1,90.0,1.0875441,788.0,False
b1c19,Batch 1,94.0,1.087322,788.0,False
b1c19,Batch 1,97.0,1.0871605,788.0,False
b1c19,Batch 1,101.0,1.0870329,788.0,False
b1c19,Batch 1,105.0,1.0868399,788.0,False
b1c19,Batch 1,108.0,1.0866896,788.0,False
b1c19,Batch 1,112.0,1.0862944,788.0,False
b1c19,Batch 1,115.0,1.0863483,788.0,False
b1c19,Batch 1,119.0,1.0860115,788.0,False
b1c19,Batch 1,123.0,1.0858513,788.0,False
b1c19,Batch 1,126.0,1.0857749,788.0,False
b1c19,Batch 1,130.0,1.0853925,788.0,False
b1c19,Batch 1,133.0,1.0852261,788.0,False
b1c19,Batch 1,137.0,1.0837362,788.0,False
b1c19,Batch 1,140.0,1.0846874,788.0,False
b1c19,Batch 1,144.0,1.0845544,788.0,False
b1c19,Batch 1,148.0,1.0842429,788.0,False
b1c19,Batch 1,151.0,1.0840869,788.0,False
b1c19,Batch 1,155.0,1.083787,788.0,False
b1c19,Batch 1,158.0,1.0836408,788.0,False
b1c19,Batch 1,162.0,1.0833762,788.0,False
b1c19,Batch 1,166.0,1.0830746,788.0,False
b1c19,Batch 1,169.0,1.0830892,788.0,False
b1c19,Batch 1,173.0,1.0826759,788.0,False
b1c19,Batch 1,176.0,1.0824383,788.0,False
b1c19,Batch 1,180.0,1.0826174,788.0,False
b1c19,Batch 1,184.0,1.0820456,788.0,False
b1c19,Batch 1,187.0,1.0816408,788.0,False
b1c19,Batch 1,191.0,1.0813046,788.0,False
b1c19,Batch 1,194.0,1.0810376,788.0,False
b1c19,Batch 1,198.0,1.0810937,788.0,False
b1c19,Batch 1,201.0,1.080748,788.0,False
b1c19,Batch 1,205.0,1.080566,788.0,False
b1c19,Batch 1,209.0,1.0807701,788.0,False
b1c19,Batch 1,212.0,1.0803511,788.0,False
b1c19,Batch 1,216.0,1.0794778,788.0,False
b1c19,Batch 1,219.0,1.0792129,788.0,False
b1c19,Batch 1,223.0,1.0788445,788.0,False
b1c19,Batch 1,227.0,1.0789809,788.0,False
b1c19,Batch 1,230.0,1.0783181,788.0,False
b1c19,Batch 1,234.0,1.0781693,788.0,False
b1c19,Batch 1,237.0,1.0781969,788.0,False
b1c19,Batch 1,241.0,1.0775309,788.0,False
b1c19,Batch 1,245.0,1.0770854,788.0,False
b1c19,Batch 1,248.0,1.0767474,788.0,False
b1c19,Batch 1,252.0,1.0765026,788.0,False
b1c19,Batch 1,255.0,1.0765537,788.0,False
b1c19,Batch 1,259.0,1.0758983,788.0,False
b1c19,Batch 1,263.0,1.0746278,788.0,False
b1c19,Batch 1,266.0,1.0757807,788.0,False
b1c19,Batch 1,270.0,1.0750562,788.0,False
b1c19,Batch 1,273.0,1.0748326,788.0,False
b1c19,Batch 1,277.0,1.0744216,788.0,False
b1c19,Batch 1,280.0,1.0741816,788.0,False
b1c19,Batch 1,284.0,1.0740722,788.0,False
b1c19,Batch 1,288.0,1.0735717,788.0,False
b1c19,Batch 1,291.0,1.0735304,788.0,False
b1c19,Batch 1,295.0,1.0735519,788.0,False
b1c19,Batch 1,298.0,1.0730169,788.0,False
b1c19,Batch 1,302.0,1.0724784,788.0,False
b1c19,Batch 1,306.0,1.0720463,788.0,False
b1c19,Batch 1,309.0,1.0716898,788.0,False
b1c19,Batch 1,313.0,1.0714731,788.0,False
b1c19,Batch 1,316.0,1.0712018,788.0,False
b1c19,Batch 1,320.0,1.0709324,788.0,False
b1c19,Batch 1,324.0,1.0707414,788.0,False
b1c19,Batch 1,327.0,1.0701915,788.0,False
b1c19,Batch 1,331.0,1.0698743,788.0,False
b1c19,Batch 1,334.0,1.0696096,788.0,False
b1c19,Batch 1,338.0,1.0694335,788.0,False
b1c19,Batch 1,341.0,1.0701379,788.0,False
b1c19,Batch 1,345.0,1.0697162,788.0,False
b1c19,Batch 1,349.0,1.070354,788.0,False
b1c19,Batch 1,352.0,1.0703322,788.0,False
b1c19,Batch 1,356.0,1.0692271,788.0,False
b1c19,Batch 1,359.0,1.0685503,788.0,False
b1c19,Batch 1,363.0,1.0681387,788.0,False
b1c19,Batch 1,367.0,1.0677546,788.0,False
b1c19,Batch 1,370.0,1.0675811,788.0,False
b1c19,Batch 1,374.0,1.0671494,788.0,False
b1c19,Batch 1,377.0,1.0674288,788.0,False
b1c19,Batch 1,381.0,1.0673736,788.0,False
b1c19,Batch 1,385.0,1.0663122,788.0,False
b1c19,Batch 1,388.0,1.0656974,788.0,False
b1c19,Batch 1,392.0,1.0653336,788.0,False
b1c19,Batch 1,395.0,1.065008,788.0,False
b1c19,Batch 1,399.0,1.0647721,788.0,False
b1c19,Batch 1,402.0,1.0643018,788.0,False
b1c19,Batch 1,406.0,1.0641203,788.0,False
b1c19,Batch 1,410.0,1.064445,788.0,False
b1c19,Batch 1,413.0,1.0633513,788.0,False
b1c19,Batch 1,417.0,1.0625374,788.0,False
b1c19,Batch 1,420.0,1.0623597,788.0,False
b1c19,Batch 1,424.0,1.0620267,788.0,False
b1c19,Batch 1,428.0,1.060681,788.0,False
b1c19,Batch 1,431.0,1.0609879,788.0,False
b1c19,Batch 1,435.0,1.0614052,788.0,False
b1c19,Batch 1,438.0,1.0611564,788.0,False
b1c19,Batch 1,442.0,1.0600903,788.0,False
b1c19,Batch 1,446.0,1.0591671,788.0,False
b1c19,Batch 1,449.0,1.0591486,788.0,False
b1c19,Batch 1,453.0,1.0585935,788.0,False
b1c19,Batch 1,456.0,1.0583407,788.0,False
b1c19,Batch 1,460.0,1.0579661,788.0,False
b1c19,Batch 1,463.0,1.0577836,788.0,False
b1c19,Batch 1,467.0,1.0575497,788.0,False
b1c19,Batch 1,471.0,1.0551256,788.0,False
b1c19,Batch 1,474.0,1.0554264,788.0,False
b1c19,Batch 1,478.0,1.0552402,788.0,False
b1c19,Batch 1,481.0,1.0548004,788.0,False
b1c19,Batch 1,485.0,1.0542824,788.0,False
b1c19,Batch 1,489.0,1.0540884,788.0,False
b1c19,Batch 1,492.0,1.0543059,788.0,False
b1c19,Batch 1,496.0,1.0537195,788.0,False
b1c19,Batch 1,499.0,1.0525678,788.0,False
b1c19,Batch 1,503.0,1.0500335,788.0,False
b1c19,Batch 1,507.0,1.0490376,788.0,False
b1c19,Batch 1,510.0,1.0491924,788.0,False
b1c19,Batch 1,514.0,1.0484833,788.0,False
b1c19,Batch 1,517.0,1.0479892,788.0,False
b1c19,Batch 1,521.0,1.0476766,788.0,False
b1c19,Batch 1,525.0,1.0465064,788.0,False
b1c19,Batch 1,528.0,1.0457079,788.0,False
b1c19,Batch 1,532.0,1.0446116,788.0,False
b1c19,Batch 1,535.0,1.0428388,788.0,False
b1c19,Batch 1,539.0,1.0433482,788.0,False
b1c19,Batch 1,542.0,1.0426153,788.0,False
b1c19,Batch 1,546.0,1.0417886,788.0,False
b1c19,Batch 1,550.0,1.0409749,788.0,False
b1c19,Batch 1,553.0,1.0397857,788.0,False
b1c19,Batch 1,557.0,1.0384513,788.0,False
b1c19,Batch 1,560.0,1.0369904,788.0,False
b1c19,Batch 1,564.0,1.0357666,788.0,False
b1c19,Batch 1,568.0,1.0346586,788.0,False
b1c19,Batch 1,571.0,1.0341579,788.0,False
b1c19,Batch 1,575.0,1.0336642,788.0,False
b1c19,Batch 1,578.0,1.0330758,788.0,False
b1c19,Batch 1,582.0,1.0309314,788.0,False
b1c19,Batch 1,586.0,1.0293221,788.0,False
b1c19,Batch 1,589.0,1.0285501,788.0,False
b1c19,Batch 1,593.0,1.0264009,788.0,False
b1c19,Batch 1,596.0,1.0258179,788.0,False
b1c19,Batch 1,600.0,1.0241332,788.0,False
b1c19,Batch 1,603.0,1.0234107,788.0,False
b1c19,Batch 1,607.0,1.0216811,788.0,False
b1c19,Batch 1,611.0,1.0191991,788.0,False
b1c19,Batch 1,614.0,1.017143,788.0,False
b1c19,Batch 1,618.0,1.015834,788.0,False
b1c19,Batch 1,621.0,1.0143415,788.0,False
b1c19,Batch 1,625.0,1.012134,788.0,False
b1c19,Batch 1,629.0,1.0098609,788.0,False
b1c19,Batch 1,632.0,1.007702,788.0,False
b1c19,Batch 1,636.0,1.005463,788.0,False
b1c19,Batch 1,639.0,1.0021727,788.0,False
b1c19,Batch 1,643.0,1.0002398,788.0,False
b1c19,Batch 1,647.0,0.99747729,788.0,False
b1c19,Batch 1,650.0,0.99478924,788.0,False
b1c19,Batch 1,654.0,0.99141973,788.0,False
b1c19,Batch 1,657.0,0.98892313,788.0,False
b1c19,Batch 1,661.0,0.98636949,788.0,False
b1c19,Batch 1,664.0,0.98362774,788.0,False
b1c19,Batch 1,668.0,0.98063916,788.0,False
b1c19,Batch 1,672.0,0.97784203,788.0,False
b1c19,Batch 1,675.0,0.97557557,788.0,False
b1c19,Batch 1,679.0,0.97225165,788.0,False
b1c19,Batch 1,682.0,0.96983153,788.0,False
b1c19,Batch 1,686.0,0.96727002,788.0,False
b1c19,Batch 1,690.0,0.96387666,788.0,False
b1c19,Batch 1,693.0,0.9619478,788.0,False
b1c19,Batch 1,697.0,0.95845515,788.0,False
b1c19,Batch 1,700.0,0.9565143,788.0,False
b1c19,Batch 1,704.0,0.95282,788.0,False
b1c19,Batch 1,708.0,0.94996643,788.0,False
b1c19,Batch 1,711.0,0.94684798,788.0,False
b1c19,Batch 1,715.0,0.94430411,788.0,False
b1c19,Batch 1,718.0,0.94182807,788.0,False
b1c19,Batch 1,722.0,0.93854272,788.0,False
b1c19,Batch 1,725.0,0.93635905,788.0,False
b1c19,Batch 1,729.0,0.93309969,788.0,False
b1c19,Batch 1,733.0,0.92957151,788.0,False
b1c19,Batch 1,736.0,0.92687625,788.0,False
b1c19,Batch 1,740.0,0.92341048,788.0,False
b1c19,Batch 1,743.0,0.9214012,788.0,False
b1c19,Batch 1,747.0,0.91749144,788.0,False
b1c19,Batch 1,751.0,0.91440719,788.0,False
b1c19,Batch 1,754.0,0.91207612,788.0,False
b1c19,Batch 1,758.0,0.90891314,788.0,False
b1c19,Batch 1,761.0,0.906501,788.0,False
b1c19,Batch 1,765.0,0.90228516,788.0,False
b1c19,Batch 1,769.0,0.89806151,788.0,False
b1c19,Batch 1,772.0,0.89572263,788.0,False
b1c19,Batch 1,776.0,0.89191902,788.0,False
b1c19,Batch 1,779.0,0.88887721,788.0,False
b1c19,Batch 1,783.0,0.88460773,788.0,False
b1c19,Batch 1,787.0,0.88093972,788.0,False
b1c20,Batch 1,1.0,0.0,534.0,False
b1c20,Batch 1,3.0,1.0737344,534.0,False
b1c20,Batch 1,5.0,1.0750004,534.0,False
b1c20,Batch 1,8.0,1.0755837,534.0,False
b1c20,Batch 1,10.0,1.0757242,534.0,False
b1c20,Batch 1,13.0,1.0683215,534.0,False
b1c20,Batch 1,15.0,1.0739651,534.0,False
b1c20,Batch 1,18.0,1.0742261,534.0,False
b1c20,Batch 1,20.0,1.0741806,534.0,False
b1c20,Batch 1,22.0,1.0740329,534.0,False
b1c20,Batch 1,25.0,1.0739038,534.0,False
b1c20,Batch 1,27.0,1.0738262,534.0,False
b1c20,Batch 1,30.0,1.0735315,534.0,False
b1c20,Batch 1,32.0,1.0733368,534.0,False
b1c20,Batch 1,35.0,1.0730039,534.0,False
b1c20,Batch 1,37.0,1.0727948,534.0,False
b1c20,Batch 1,39.0,1.0725213,534.0,False
b1c20,Batch 1,42.0,1.072116,534.0,False
b1c20,Batch 1,44.0,1.0718075,534.0,False
b1c20,Batch 1,47.0,1.0714734,534.0,False
b1c20,Batch 1,49.0,1.0711482,534.0,False
b1c20,Batch 1,52.0,1.0707365,534.0,False
b1c20,Batch 1,54.0,1.0704747,534.0,False
b1c20,Batch 1,56.0,1.0701216,534.0,False
b1c20,Batch 1,59.0,1.0695163,534.0,False
b1c20,Batch 1,61.0,1.0690746,534.0,False
b1c20,Batch 1,64.0,1.0685072,534.0,False
b1c20,Batch 1,66.0,1.0680753,534.0,False
b1c20,Batch 1,69.0,1.067669,534.0,False
b1c20,Batch 1,71.0,1.0676162,534.0,False
b1c20,Batch 1,73.0,1.0673591,534.0,False
b1c20,Batch 1,76.0,1.0663497,534.0,False
b1c20,Batch 1,78.0,1.0660059,534.0,False
b1c20,Batch 1,81.0,1.0654674,534.0,False
b1c20,Batch 1,83.0,1.0650879,534.0,False
b1c20,Batch 1,86.0,1.0644661,534.0,False
b1c20,Batch 1,88.0,1.0640264,534.0,False
b1c20,Batch 1,90.0,1.0636089,534.0,False
b1c20,Batch 1,93.0,1.062915,534.0,False
b1c20,Batch 1,95.0,1.0624748,534.0,False
b1c20,Batch 1,98.0,1.0617476,534.0,False
b1c20,Batch 1,100.0,1.0612478,534.0,False
b1c20,Batch 1,103.0,1.0606102,534.0,False
b1c20,Batch 1,105.0,1.060091,534.0,False
b1c20,Batch 1,107.0,1.0595372,534.0,False
b1c20,Batch 1,110.0,1.0588939,534.0,False
b1c20,Batch 1,112.0,1.0584276,534.0,False
b1c20,Batch 1,115.0,1.0576832,534.0,False
b1c20,Batch 1,117.0,1.0571884,534.0,False
b1c20,Batch 1,120.0,1.056464,534.0,False
b1c20,Batch 1,122.0,1.0559883,534.0,False
b1c20,Batch 1,124.0,1.0555333,534.0,False
b1c20,Batch 1,127.0,1.0548905,534.0,False
b1c20,Batch 1,129.0,1.0542823,534.0,False
b1c20,Batch 1,132.0,1.0537084,534.0,False
b1c20,Batch 1,134.0,1.0531932,534.0,False
b1c20,Batch 1,137.0,1.0523545,534.0,False
b1c20,Batch 1,139.0,1.0518239,534.0,False
b1c20,Batch 1,141.0,1.0513744,534.0,False
b1c20,Batch 1,144.0,1.0507442,534.0,False
b1c20,Batch 1,146.0,1.050137,534.0,False
b1c20,Batch 1,149.0,1.0493796,534.0,False
b1c20,Batch 1,151.0,1.0488689,534.0,False
b1c20,Batch 1,154.0,1.0480647,534.0,False
b1c20,Batch 1,156.0,1.0474507,534.0,False
b1c20,Batch 1,158.0,1.0468529,534.0,False
b1c20,Batch 1,161.0,1.0461049,534.0,False
b1c20,Batch 1,163.0,1.0455692,534.0,False
b1c20,Batch 1,166.0,1.0448866,534.0,False
b1c20,Batch 1,168.0,1.0441209,534.0,False
b1c20,Batch 1,171.0,1.0433724,534.0,False
b1c20,Batch 1,173.0,1.0429289,534.0,False
b1c20,Batch 1,175.0,1.0424112,534.0,False
b1c20,Batch 1,178.0,1.0416793,534.0,False
b1c20,Batch 1,180.0,1.0411444,534.0,False
b1c20,Batch 1,183.0,1.040153,534.0,False
b1c20,Batch 1,185.0,1.0389303,534.0,False
b1c20,Batch 1,188.0,1.0390429,534.0,False
b1c20,Batch 1,190.0,1.0380758,534.0,False
b1c20,Batch 1,192.0,1.0379374,534.0,False
b1c20,Batch 1,195.0,1.0364285,534.0,False
b1c20,Batch 1,197.0,1.0360771,534.0,False
b1c20,Batch 1,200.0,1.0360799,534.0,False
b1c20,Batch 1,202.0,1.0353382,534.0,False
b1c20,Batch 1,205.0,1.0343549,534.0,False
b1c20,Batch 1,207.0,1.0336615,534.0,False
b1c20,Batch 1,209.0,1.0327997,534.0,False
b1c20,Batch 1,212.0,1.0317845,534.0,False
b1c20,Batch 1,214.0,1.0315677,534.0,False
b1c20,Batch 1,217.0,1.0301462,534.0,False
b1c20,Batch 1,219.0,1.0301495,534.0,False
b1c20,Batch 1,222.0,1.0295105,534.0,False
b1c20,Batch 1,224.0,1.0285385,534.0,False
b1c20,Batch 1,226.0,1.0279517,534.0,False
b1c20,Batch 1,229.0,1.0281192,534.0,False
b1c20,Batch 1,231.0,1.0275111,534.0,False
b1c20,Batch 1,234.0,1.0267862,534.0,False
b1c20,Batch 1,236.0,1.0254583,534.0,False
b1c20,Batch 1,239.0,1.0242122,534.0,False
b1c20,Batch 1,241.0,1.0236671,534.0,False
b1c20,Batch 1,243.0,1.0233648,534.0,False
b1c20,Batch 1,246.0,1.0224205,534.0,False
b1c20,Batch 1,248.0,1.0223299,534.0,False
b1c20,Batch 1,251.0,1.0206741,534.0,False
b1c20,Batch 1,253.0,1.0207502,534.0,False
b1c20,Batch 1,256.0,1.0197228,534.0,False
b1c20,Batch 1,258.0,1.0194695,534.0,False
b1c20,Batch 1,260.0,1.0186024,534.0,False
b1c20,Batch 1,263.0,1.018096,534.0,False
b1c20,Batch 1,265.0,1.017038,534.0,False
b1c20,Batch 1,268.0,1.0160674,534.0,False
b1c20,Batch 1,270.0,1.0160774,534.0,False
b1c20,Batch 1,273.0,1.0141522,534.0,False
b1c20,Batch 1,275.0,1.0140872,534.0,False
b1c20,Batch 1,277.0,1.0136139,534.0,False
b1c20,Batch 1,280.0,1.012306,534.0,False
b1c20,Batch 1,282.0,1.0113311,534.0,False
b1c20,Batch 1,285.0,1.0108429,534.0,False
b1c20,Batch 1,287.0,1.0106105,534.0,False
b1c20,Batch 1,290.0,1.0096731,534.0,False
b1c20,Batch 1,292.0,1.0095162,534.0,False
b1c20,Batch 1,294.0,1.0087403,534.0,False
b1c20,Batch 1,297.0,1.0078304,534.0,False
b1c20,Batch 1,299.0,1.0069367,534.0,False
b1c20,Batch 1,302.0,1.0063689,534.0,False
b1c20,Batch 1,304.0,1.0051603,534.0,False
b1c20,Batch 1,307.0,1.0042849,534.0,False
b1c20,Batch 1,309.0,1.0040368,534.0,False
b1c20,Batch 1,311.0,1.0036922,534.0,False
b1c20,Batch 1,314.0,1.0026002,534.0,False
b1c20,Batch 1,316.0,1.0016532,534.0,False
b1c20,Batch 1,319.0,1.0009476,534.0,False
b1c20,Batch 1,321.0,1.0002736,534.0,False
b1c20,Batch 1,324.0,0.99894989,534.0,False
b1c20,Batch 1,326.0,0.99906409,534.0,False
b1c20,Batch 1,328.0,0.99825656,534.0,False
b1c20,Batch 1,331.0,0.99725068,534.0,False
b1c20,Batch 1,333.0,0.99614304,534.0,False
b1c20,Batch 1,336.0,0.99612767,534.0,False
b1c20,Batch 1,338.0,0.99447072,534.0,False
b1c20,Batch 1,341.0,0.99384665,534.0,False
b1c20,Batch 1,343.0,0.99318177,534.0,False
b1c20,Batch 1,345.0,0.9926613,534.0,False
b1c20,Batch 1,348.0,0.99120194,534.0,False
b1c20,Batch 1,350.0,0.99077535,534.0,False
b1c20,Batch 1,353.0,0.99007201,534.0,False
b1c20,Batch 1,355.0,0.98864979,534.0,False
b1c20,Batch 1,358.0,0.9884789,534.0,False
b1c20,Batch 1,360.0,0.98704636,534.0,False
b1c20,Batch 1,362.0,0.98597175,534.0,False
b1c20,Batch 1,365.0,0.98510742,534.0,False
b1c20,Batch 1,367.0,0.98493737,534.0,False
b1c20,Batch 1,370.0,0.98328209,534.0,False
b1c20,Batch 1,372.0,0.98249471,534.0,False
b1c20,Batch 1,375.0,0.98187429,534.0,False
b1c20,Batch 1,377.0,0.98160136,534.0,False
b1c20,Batch 1,379.0,0.98058897,534.0,False
b1c20,Batch 1,382.0,0.97994179,534.0,False
b1c20,Batch 1,384.0,0.97937834,534.0,False
b1c20,Batch 1,387.0,0.97880375,534.0,False
b1c20,Batch 1,389.0,0.97857952,534.0,False
b1c20,Batch 1,392.0,0.97748023,534.0,False
b1c20,Batch 1,394.0,0.97670734,534.0,False
b1c20,Batch 1,396.0,0.97549224,534.0,False
b1c20,Batch 1,399.0,0.97473323,534.0,False
b1c20,Batch 1,401.0,0.97388738,534.0,False
b1c20,Batch 1,404.0,0.97210222,534.0,False
b1c20,Batch 1,406.0,0.97148281,534.0,False
b1c20,Batch 1,409.0,0.97023207,534.0,False
b1c20,Batch 1,411.0,0.96954083,534.0,False
b1c20,Batch 1,413.0,0.96823686,534.0,False
b1c20,Batch 1,416.0,0.96708751,534.0,False
b1c20,Batch 1,418.0,0.96625417,534.0,False
b1c20,Batch 1,421.0,0.96532851,534.0,False
b1c20,Batch 1,423.0,0.96468478,534.0,False
b1c20,Batch 1,426.0,0.96384239,534.0,False
b1c20,Batch 1,428.0,0.96243703,534.0,False
b1c20,Batch 1,430.0,0.96106911,534.0,False
b1c20,Batch 1,433.0,0.95998716,534.0,False
b1c20,Batch 1,435.0,0.95807165,534.0,False
b1c20,Batch 1,438.0,0.95689148,534.0,False
b1c20,Batch 1,440.0,0.95629805,534.0,False
b1c20,Batch 1,443.0,0.95490491,534.0,False
b1c20,Batch 1,445.0,0.95353544,534.0,False
b1c20,Batch 1,447.0,0.95225322,534.0,False
b1c20,Batch 1,450.0,0.95048141,534.0,False
b1c20,Batch 1,452.0,0.94972175,534.0,False
b1c20,Batch 1,455.0,0.94831449,534.0,False
b1c20,Batch 1,457.0,0.94722074,534.0,False
b1c20,Batch 1,460.0,0.94553894,534.0,False
b1c20,Batch 1,462.0,0.94488615,534.0,False
b1c20,Batch 1,464.0,0.94306254,534.0,False
b1c20,Batch 1,467.0,0.94032121,534.0,False
b1c20,Batch 1,469.0,0.93950468,534.0,False
b1c20,Batch 1,472.0,0.93727958,534.0,False
b1c20,Batch 1,474.0,0.93588352,534.0,False
b1c20,Batch 1,477.0,0.93389934,534.0,False
b1c20,Batch 1,479.0,0.93279862,534.0,False
b1c20,Batch 1,481.0,0.93080264,534.0,False
b1c20,Batch 1,484.0,0.92851925,534.0,False
b1c20,Batch 1,486.0,0.92691976,534.0,False
b1c20,Batch 1,489.0,0.92501682,534.0,False
b1c20,Batch 1,491.0,0.92374009,534.0,False
b1c20,Batch 1,494.0,0.92162186,534.0,False
b1c20,Batch 1,496.0,0.91963381,534.0,False
b1c20,Batch 1,498.0,0.91792017,534.0,False
b1c20,Batch 1,501.0,0.91512638,534.0,False
b1c20,Batch 1,503.0,0.91331422,534.0,False
b1c20,Batch 1,506.0,0.91050011,534.0,False
b1c20,Batch 1,508.0,0.90903288,534.0,False
b1c20,Batch 1,511.0,0.90586394,534.0,False
b1c20,Batch 1,513.0,0.90410107,534.0,False
b1c20,Batch 1,515.0,0.90187591,534.0,False
b1c20,Batch 1,518.0,0.89854807,534.0,False
b1c20,Batch 1,520.0,0.89638388,534.0,False
b1c20,Batch 1,523.0,0.89319301,534.0,False
b1c20,Batch 1,525.0,0.89104283,534.0,False
b1c20,Batch 1,528.0,0.88726306,534.0,False
b1c20,Batch 1,530.0,0.884893,534.0,False
b1c20,Batch 1,533.0,0.88078493,534.0,False
b1c21,Batch 1,1.0,0.0,559.0,False
b1c21,Batch 1,3.0,1.0836138,559.0,False
b1c21,Batch 1,6.0,1.0851753,559.0,False
b1c21,Batch 1,8.0,1.0855731,559.0,False
b1c21,Batch 1,11.0,1.0857977,559.0,False
b1c21,Batch 1,13.0,1.078456,559.0,False
b1c21,Batch 1,16.0,1.084345,559.0,False
b1c21,Batch 1,18.0,1.0846463,559.0,False
b1c21,Batch 1,21.0,1.0847108,559.0,False
b1c21,Batch 1,23.0,1.0846689,559.0,False
b1c21,Batch 1,26.0,1.0847682,559.0,False
b1c21,Batch 1,28.0,1.0847611,559.0,False
b1c21,Batch 1,31.0,1.0847214,559.0,False
b1c21,Batch 1,34.0,1.0844665,559.0,False
b1c21,Batch 1,36.0,1.0843612,559.0,False
b1c21,Batch 1,39.0,1.0842443,559.0,False
b1c21,Batch 1,41.0,1.084085,559.0,False
b1c21,Batch 1,44.0,1.0839156,559.0,False
b1c21,Batch 1,46.0,1.0838051,559.0,False
b1c21,Batch 1,49.0,1.0835741,559.0,False
b1c21,Batch 1,51.0,1.0833209,559.0,False
b1c21,Batch 1,54.0,1.0829098,559.0,False
b1c21,Batch 1,56.0,1.0826069,559.0,False
b1c21,Batch 1,59.0,1.0821826,559.0,False
b1c21,Batch 1,62.0,1.0817163,559.0,False
b1c21,Batch 1,64.0,1.0814885,559.0,False
b1c21,Batch 1,67.0,1.0810775,559.0,False
b1c21,Batch 1,69.0,1.0809373,559.0,False
b1c21,Batch 1,72.0,1.0810294,559.0,False
b1c21,Batch 1,74.0,1.0804702,559.0,False
b1c21,Batch 1,77.0,1.0799414,559.0,False
b1c21,Batch 1,79.0,1.0797124,559.0,False
b1c21,Batch 1,82.0,1.0794206,559.0,False
b1c21,Batch 1,84.0,1.0791852,559.0,False
b1c21,Batch 1,87.0,1.0787864,559.0,False
b1c21,Batch 1,90.0,1.0783319,559.0,False
b1c21,Batch 1,92.0,1.077999,559.0,False
b1c21,Batch 1,95.0,1.0775657,559.0,False
b1c21,Batch 1,97.0,1.0772309,559.0,False
b1c21,Batch 1,100.0,1.0767291,559.0,False
b1c21,Batch 1,102.0,1.0764461,559.0,False
b1c21,Batch 1,105.0,1.0759557,559.0,False
b1c21,Batch 1,107.0,1.0756122,559.0,False
b1c21,Batch 1,110.0,1.0751595,559.0,False
b1c21,Batch 1,112.0,1.0748699,559.0,False
b1c21,Batch 1,115.0,1.0744358,559.0,False
b1c21,Batch 1,117.0,1.0740558,559.0,False
b1c21,Batch 1,120.0,1.0735306,559.0,False
b1c21,Batch 1,123.0,1.0731279,559.0,False
b1c21,Batch 1,125.0,1.0728143,559.0,False
b1c21,Batch 1,128.0,1.072309,559.0,False
b1c21,Batch 1,130.0,1.0718634,559.0,False
b1c21,Batch 1,133.0,1.0715657,559.0,False
b1c21,Batch 1,135.0,1.0712119,559.0,False
b1c21,Batch 1,138.0,1.0706373,559.0,False
b1c21,Batch 1,140.0,1.0702991,559.0,False
b1c21,Batch 1,143.0,1.0698652,559.0,False
b1c21,Batch 1,145.0,1.0694885,559.0,False
b1c21,Batch 1,148.0,1.0688641,559.0,False
b1c21,Batch 1,151.0,1.068357,559.0,False
b1c21,Batch 1,153.0,1.0679923,559.0,False
b1c21,Batch 1,156.0,1.0673828,559.0,False
b1c21,Batch 1,158.0,1.0669775,559.0,False
b1c21,Batch 1,161.0,1.0665003,559.0,False
b1c21,Batch 1,163.0,1.0662376,559.0,False
b1c21,Batch 1,166.0,1.0655169,559.0,False
b1c21,Batch 1,168.0,1.0651042,559.0,False
b1c21,Batch 1,171.0,1.0645822,559.0,False
b1c21,Batch 1,173.0,1.064276,559.0,False
b1c21,Batch 1,176.0,1.0637621,559.0,False
b1c21,Batch 1,179.0,1.0631467,559.0,False
b1c21,Batch 1,181.0,1.0627486,559.0,False
b1c21,Batch 1,184.0,1.062165,559.0,False
b1c21,Batch 1,186.0,1.0618099,559.0,False
b1c21,Batch 1,189.0,1.0614693,559.0,False
b1c21,Batch 1,191.0,1.0609087,559.0,False
b1c21,Batch 1,194.0,1.0602378,559.0,False
b1c21,Batch 1,196.0,1.0601739,559.0,False
b1c21,Batch 1,199.0,1.0596925,559.0,False
b1c21,Batch 1,201.0,1.0592452,559.0,False
b1c21,Batch 1,204.0,1.0585335,559.0,False
b1c21,Batch 1,207.0,1.0579079,559.0,False
b1c21,Batch 1,209.0,1.057465,559.0,False
b1c21,Batch 1,212.0,1.0566677,559.0,False
b1c21,Batch 1,214.0,1.0563954,559.0,False
b1c21,Batch 1,217.0,1.0561594,559.0,False
b1c21,Batch 1,219.0,1.0557415,559.0,False
b1c21,Batch 1,222.0,1.0548979,559.0,False
b1c21,Batch 1,224.0,1.0547496,559.0,False
b1c21,Batch 1,227.0,1.0544835,559.0,False
b1c21,Batch 1,229.0,1.0539858,559.0,False
b1c21,Batch 1,232.0,1.0533062,559.0,False
b1c21,Batch 1,234.0,1.0524012,559.0,False
b1c21,Batch 1,237.0,1.0521148,559.0,False
b1c21,Batch 1,240.0,1.0514261,559.0,False
b1c21,Batch 1,242.0,1.0510449,559.0,False
b1c21,Batch 1,245.0,1.0506935,559.0,False
b1c21,Batch 1,247.0,1.050429,559.0,False
b1c21,Batch 1,250.0,1.0495542,559.0,False
b1c21,Batch 1,252.0,1.0490526,559.0,False
b1c21,Batch 1,255.0,1.0487944,559.0,False
b1c21,Batch 1,257.0,1.0480702,559.0,False
b1c21,Batch 1,260.0,1.0477285,559.0,False
b1c21,Batch 1,262.0,1.0472056,559.0,False
b1c21,Batch 1,265.0,1.0460942,559.0,False
b1c21,Batch 1,268.0,1.0456318,559.0,False
b1c21,Batch 1,270.0,1.0451885,559.0,False
b1c21,Batch 1,273.0,1.0444329,559.0,False
b1c21,Batch 1,275.0,1.0435082,559.0,False
b1c21,Batch 1,278.0,1.0433695,559.0,False
b1c21,Batch 1,280.0,1.0433054,559.0,False
b1c21,Batch 1,283.0,1.0420983,559.0,False
b1c21,Batch 1,285.0,1.0421903,559.0,False
b1c21,Batch 1,288.0,1.0415477,559.0,False
b1c21,Batch 1,290.0,1.0413326,559.0,False
b1c21,Batch 1,293.0,1.0403202,559.0,False
b1c21,Batch 1,296.0,1.0396458,559.0,False
b1c21,Batch 1,298.0,1.038875,559.0,False
b1c21,Batch 1,301.0,1.0387024,559.0,False
b1c21,Batch 1,303.0,1.0370569,559.0,False
b1c21,Batch 1,306.0,1.0377033,559.0,False
b1c21,Batch 1,308.0,1.0364512,559.0,False
b1c21,Batch 1,311.0,1.0358617,559.0,False
b1c21,Batch 1,313.0,1.0349368,559.0,False
b1c21,Batch 1,316.0,1.0353001,559.0,False
b1c21,Batch 1,318.0,1.0344188,559.0,False
b1c21,Batch 1,321.0,1.0338039,559.0,False
b1c21,Batch 1,324.0,1.0331609,559.0,False
b1c21,Batch 1,326.0,1.0322334,559.0,False
b1c21,Batch 1,329.0,1.0313189,559.0,False
b1c21,Batch 1,331.0,1.0311563,559.0,False
b1c21,Batch 1,334.0,1.0300601,559.0,False
b1c21,Batch 1,336.0,1.0300373,559.0,False
b1c21,Batch 1,339.0,1.0283377,559.0,False
b1c21,Batch 1,341.0,1.028791,559.0,False
b1c21,Batch 1,344.0,1.0280198,559.0,False
b1c21,Batch 1,346.0,1.0265274,559.0,False
b1c21,Batch 1,349.0,1.0264541,559.0,False
b1c21,Batch 1,351.0,1.0254353,559.0,False
b1c21,Batch 1,354.0,1.0244914,559.0,False
b1c21,Batch 1,357.0,1.023459,559.0,False
b1c21,Batch 1,359.0,1.0233482,559.0,False
b1c21,Batch 1,362.0,1.0228018,559.0,False
b1c21,Batch 1,364.0,1.0221392,559.0,False
b1c21,Batch 1,367.0,1.0220022,559.0,False
b1c21,Batch 1,369.0,1.0213821,559.0,False
b1c21,Batch 1,372.0,1.0207133,559.0,False
b1c21,Batch 1,374.0,1.0203395,559.0,False
b1c21,Batch 1,377.0,1.0198544,559.0,False
b1c21,Batch 1,379.0,1.0197027,559.0,False
b1c21,Batch 1,382.0,1.018218,559.0,False
b1c21,Batch 1,385.0,1.017094,559.0,False
b1c21,Batch 1,387.0,1.0168331,559.0,False
b1c21,Batch 1,390.0,1.0160353,559.0,False
b1c21,Batch 1,392.0,1.0146965,559.0,False
b1c21,Batch 1,395.0,1.0139549,559.0,False
b1c21,Batch 1,397.0,1.0133895,559.0,False
b1c21,Batch 1,400.0,1.0122448,559.0,False
b1c21,Batch 1,402.0,1.0114834,559.0,False
b1c21,Batch 1,405.0,1.0110037,559.0,False
b1c21,Batch 1,407.0,1.0101162,559.0,False
b1c21,Batch 1,410.0,1.0091108,559.0,False
b1c21,Batch 1,413.0,1.0082626,559.0,False
b1c21,Batch 1,415.0,1.0069772,559.0,False
b1c21,Batch 1,418.0,1.0058844,559.0,False
b1c21,Batch 1,420.0,1.0054511,559.0,False
b1c21,Batch 1,423.0,1.0043751,559.0,False
b1c21,Batch 1,425.0,1.0032455,559.0,False
b1c21,Batch 1,428.0,1.0020809,559.0,False
b1c21,Batch 1,430.0,1.0014876,559.0,False
b1c21,Batch 1,433.0,0.99944305,559.0,False
b1c21,Batch 1,435.0,0.9987011,559.0,False
b1c21,Batch 1,438.0,0.99734229,559.0,False
b1c21,Batch 1,441.0,0.99655765,559.0,False
b1c21,Batch 1,443.0,0.9959957,559.0,False
b1c21,Batch 1,446.0,0.9934935,559.0,False
b1c21,Batch 1,448.0,0.99321592,559.0,False
b1c21,Batch 1,451.0,0.99135303,559.0,False
b1c21,Batch 1,453.0,0.98998195,559.0,False
b1c21,Batch 1,456.0,0.98857701,559.0,False
b1c21,Batch 1,458.0,0.98774648,559.0,False
b1c21,Batch 1,461.0,0.98552734,559.0,False
b1c21,Batch 1,463.0,0.98518467,559.0,False
b1c21,Batch 1,466.0,0.98290306,559.0,False
b1c21,Batch 1,468.0,0.98146409,559.0,False
b1c21,Batch 1,471.0,0.98035526,559.0,False
b1c21,Batch 1,474.0,0.97874415,559.0,False
b1c21,Batch 1,476.0,0.97719377,559.0,False
b1c21,Batch 1,479.0,0.97486919,559.0,False
b1c21,Batch 1,481.0,0.97346783,559.0,False
b1c21,Batch 1,484.0,0.97136021,559.0,False
b1c21,Batch 1,486.0,0.97011423,559.0,False
b1c21,Batch 1,489.0,0.96789581,559.0,False
b1c21,Batch 1,491.0,0.96658826,559.0,False
b1c21,Batch 1,494.0,0.96413374,559.0,False
b1c21,Batch 1,496.0,0.96274298,559.0,False
b1c21,Batch 1,499.0,0.95998442,559.0,False
b1c21,Batch 1,502.0,0.95741415,559.0,False
b1c21,Batch 1,504.0,0.9557988,559.0,False
b1c21,Batch 1,507.0,0.95313966,559.0,False
b1c21,Batch 1,509.0,0.95154423,559.0,False
b1c21,Batch 1,512.0,0.94844538,559.0,False
b1c21,Batch 1,514.0,0.94620615,559.0,False
b1c21,Batch 1,517.0,0.94281054,559.0,False
b1c21,Batch 1,519.0,0.9408316,559.0,False
b1c21,Batch 1,522.0,0.93758845,559.0,False
b1c21,Batch 1,524.0,0.93449223,559.0,False
b1c21,Batch 1,527.0,0.93097252,559.0,False
b1c21,Batch 1,530.0,0.927185,559.0,False
b1c21,Batch 1,532.0,0.92470551,559.0,False
b1c21,Batch 1,535.0,0.9204917,559.0,False
b1c21,Batch 1,537.0,0.91804022,559.0,False
b1c21,Batch 1,540.0,0.91375136,559.0,False
b1c21,Batch 1,542.0,0.91067737,559.0,False
b1c21,Batch 1,545.0,0.90575385,559.0,False
b1c21,Batch 1,547.0,0.90236896,559.0,False
b1c21,Batch 1,550.0,0.89689088,559.0,False
b1c21,Batch 1,552.0,0.89364028,559.0,False
b1c21,Batch 1,555.0,0.88558298,559.0,False
b1c21,Batch 1,558.0,0.88016534,559.0,False
b1c23,Batch 1,1.0,0.0,1014.0,False
b1c23,Batch 1,5.0,1.0818073,1014.0,False
b1c23,Batch 1,10.0,1.0826545,1014.0,False
b1c23,Batch 1,14.0,1.0829387,1014.0,False
b1c23,Batch 1,19.0,1.0830266,1014.0,False
b1c23,Batch 1,24.0,1.0817287,1014.0,False
b1c23,Batch 1,28.0,1.0829701,1014.0,False
b1c23,Batch 1,33.0,1.0829035,1014.0,False
b1c23,Batch 1,37.0,1.0829116,1014.0,False
b1c23,Batch 1,42.0,1.0828433,1014.0,False
b1c23,Batch 1,47.0,1.0827651,1014.0,False
b1c23,Batch 1,51.0,1.0834737,1014.0,False
b1c23,Batch 1,56.0,1.0827938,1014.0,False
b1c23,Batch 1,61.0,1.082581,1014.0,False
b1c23,Batch 1,65.0,1.0824679,1014.0,False
b1c23,Batch 1,70.0,1.0823532,1014.0,False
b1c23,Batch 1,74.0,1.0821892,1014.0,False
b1c23,Batch 1,79.0,1.0821283,1014.0,False
b1c23,Batch 1,84.0,1.0808197,1014.0,False
b1c23,Batch 1,88.0,1.0819287,1014.0,False
b1c23,Batch 1,93.0,1.0818446,1014.0,False
b1c23,Batch 1,98.0,1.08172,1014.0,False
b1c23,Batch 1,102.0,1.0816346,1014.0,False
b1c23,Batch 1,107.0,1.0814837,1014.0,False
b1c23,Batch 1,111.0,1.0813652,1014.0,False
b1c23,Batch 1,116.0,1.0812134,1014.0,False
b1c23,Batch 1,121.0,1.0811044,1014.0,False
b1c23,Batch 1,125.0,1.0809731,1014.0,False
b1c23,Batch 1,130.0,1.0808594,1014.0,False
b1c23,Batch 1,135.0,1.080704,1014.0,False
b1c23,Batch 1,139.0,1.0806313,1014.0,False
b1c23,Batch 1,144.0,1.0804774,1014.0,False
b1c23,Batch 1,148.0,1.0803558,1014.0,False
b1c23,Batch 1,153.0,1.0801827,1014.0,False
b1c23,Batch 1,158.0,1.0800109,1014.0,False
b1c23,Batch 1,162.0,1.0799034,1014.0,False
b1c23,Batch 1,167.0,1.0798372,1014.0,False
b1c23,Batch 1,171.0,1.079855,1014.0,False
b1c23,Batch 1,176.0,1.0798403,1014.0,False
b1c23,Batch 1,181.0,1.0792261,1014.0,False
b1c23,Batch 1,185.0,1.0790776,1014.0,False
b1c23,Batch 1,190.0,1.0790019,1014.0,False
b1c23,Batch 1,195.0,1.0788425,1014.0,False
b1c23,Batch 1,199.0,1.0790861,1014.0,False
b1c23,Batch 1,204.0,1.0791178,1014.0,False
b1c23,Batch 1,208.0,1.0783111,1014.0,False
b1c23,Batch 1,213.0,1.0780616,1014.0,False
b1c23,Batch 1,218.0,1.0781099,1014.0,False
b1c23,Batch 1,222.0,1.077956,1014.0,False
b1c23,Batch 1,227.0,1.0778812,1014.0,False
b1c23,Batch 1,232.0,1.0777438,1014.0,False
b1c23,Batch 1,236.0,1.0771816,1014.0,False
b1c23,Batch 1,241.0,1.0769635,1014.0,False
b1c23,Batch 1,245.0,1.0768964,1014.0,False
b1c23,Batch 1,250.0,1.0767999,1014.0,False
b1c23,Batch 1,255.0,1.0767647,1014.0,False
b1c23,Batch 1,259.0,1.0767651,1014.0,False
b1c23,Batch 1,264.0,1.0761102,1014.0,False
b1c23,Batch 1,269.0,1.0758346,1014.0,False
b1c23,Batch 1,273.0,1.075667,1014.0,False
b1c23,Batch 1,278.0,1.0754845,1014.0,False
b1c23,Batch 1,282.0,1.0754684,1014.0,False
b1c23,Batch 1,287.0,1.0756831,1014.0,False
b1c23,Batch 1,292.0,1.0748918,1014.0,False
b1c23,Batch 1,296.0,1.0734464,1014.0,False
b1c23,Batch 1,301.0,1.0743958,1014.0,False
b1c23,Batch 1,305.0,1.074294,1014.0,False
b1c23,Batch 1,310.0,1.0741155,1014.0,False
b1c23,Batch 1,315.0,1.0741305,1014.0,False
b1c23,Batch 1,319.0,1.0736047,1014.0,False
b1c23,Batch 1,324.0,1.0733517,1014.0,False
b1c23,Batch 1,329.0,1.0734564,1014.0,False
b1c23,Batch 1,333.0,1.0743234,1014.0,False
b1c23,Batch 1,338.0,1.074579,1014.0,False
b1c23,Batch 1,342.0,1.0746566,1014.0,False
b1c23,Batch 1,347.0,1.0736951,1014.0,False
b1c23,Batch 1,352.0,1.0734276,1014.0,False
b1c23,Batch 1,356.0,1.0731525,1014.0,False
b1c23,Batch 1,361.0,1.0730169,1014.0,False
b1c23,Batch 1,366.0,1.0730406,1014.0,False
b1c23,Batch 1,370.0,1.0733162,1014.0,False
b1c23,Batch 1,375.0,1.0721135,1014.0,False
b1c23,Batch 1,379.0,1.0716357,1014.0,False
b1c23,Batch 1,384.0,1.071699,1014.0,False
b1c23,Batch 1,389.0,1.0715181,1014.0,False
b1c23,Batch 1,393.0,1.0714012,1014.0,False
b1c23,Batch 1,398.0,1.0718668,1014.0,False
b1c23,Batch 1,403.0,1.0707543,1014.0,False
b1c23,Batch 1,407.0,1.070137,1014.0,False
b1c23,Batch 1,412.0,1.0700629,1014.0,False
b1c23,Batch 1,416.0,1.070312,1014.0,False
b1c23,Batch 1,421.0,1.0693665,1014.0,False
b1c23,Batch 1,426.0,1.0701809,1014.0,False
b1c23,Batch 1,430.0,1.0692918,1014.0,False
b1c23,Batch 1,435.0,1.0684401,1014.0,False
b1c23,Batch 1,439.0,1.0686487,1014.0,False
b1c23,Batch 1,444.0,1.0679893,1014.0,False
b1c23,Batch 1,449.0,1.0668021,1014.0,False
b1c23,Batch 1,453.0,1.0681325,1014.0,False
b1c23,Batch 1,458.0,1.0676898,1014.0,False
b1c23,Batch 1,463.0,1.0667698,1014.0,False
b1c23,Batch 1,467.0,1.0661428,1014.0,False
b1c23,Batch 1,472.0,1.0662923,1014.0,False
b1c23,Batch 1,476.0,1.0659231,1014.0,False
b1c23,Batch 1,481.0,1.0668503,1014.0,False
b1c23,Batch 1,486.0,1.0659355,1014.0,False
b1c23,Batch 1,490.0,1.0652281,1014.0,False
b1c23,Batch 1,495.0,1.0618682,1014.0,False
b1c23,Batch 1,500.0,1.0633765,1014.0,False
b1c23,Batch 1,504.0,1.0630628,1014.0,False
b1c23,Batch 1,509.0,1.0627652,1014.0,False
b1c23,Batch 1,513.0,1.063194,1014.0,False
b1c23,Batch 1,518.0,1.0620638,1014.0,False
b1c23,Batch 1,523.0,1.0616409,1014.0,False
b1c23,Batch 1,527.0,1.0614485,1014.0,False
b1c23,Batch 1,532.0,1.0604079,1014.0,False
b1c23,Batch 1,537.0,1.0606191,1014.0,False
b1c23,Batch 1,541.0,1.0603808,1014.0,False
b1c23,Batch 1,546.0,1.0596431,1014.0,False
b1c23,Batch 1,550.0,1.0592082,1014.0,False
b1c23,Batch 1,555.0,1.0582657,1014.0,False
b1c23,Batch 1,560.0,1.0583967,1014.0,False
b1c23,Batch 1,564.0,1.0584466,1014.0,False
b1c23,Batch 1,569.0,1.0582477,1014.0,False
b1c23,Batch 1,574.0,1.0570732,1014.0,False
b1c23,Batch 1,578.0,1.0571164,1014.0,False
b1c23,Batch 1,583.0,1.0565516,1014.0,False
b1c23,Batch 1,587.0,1.0559802,1014.0,False
b1c23,Batch 1,592.0,1.0561457,1014.0,False
b1c23,Batch 1,597.0,1.0556625,1014.0,False
b1c23,Batch 1,601.0,1.0548005,1014.0,False
b1c23,Batch 1,606.0,1.0541723,1014.0,False
b1c23,Batch 1,610.0,1.0542023,1014.0,False
b1c23,Batch 1,615.0,1.0530638,1014.0,False
b1c23,Batch 1,620.0,1.0527949,1014.0,False
b1c23,Batch 1,624.0,1.052436,1014.0,False
b1c23,Batch 1,629.0,1.0516975,1014.0,False
b1c23,Batch 1,634.0,1.051088,1014.0,False
b1c23,Batch 1,638.0,1.0506464,1014.0,False
b1c23,Batch 1,643.0,1.0500847,1014.0,False
b1c23,Batch 1,647.0,1.0496535,1014.0,False
b1c23,Batch 1,652.0,1.04854,1014.0,False
b1c23,Batch 1,657.0,1.047923,1014.0,False
b1c23,Batch 1,661.0,1.0474579,1014.0,False
b1c23,Batch 1,666.0,1.0466604,1014.0,False
b1c23,Batch 1,671.0,1.046172,1014.0,False
b1c23,Batch 1,675.0,1.0450405,1014.0,False
b1c23,Batch 1,680.0,1.0450575,1014.0,False
b1c23,Batch 1,684.0,1.0445492,1014.0,False
b1c23,Batch 1,689.0,1.0434321,1014.0,False
b1c23,Batch 1,694.0,1.0425098,1014.0,False
b1c23,Batch 1,698.0,1.0420325,1014.0,False
b1c23,Batch 1,703.0,1.0410656,1014.0,False
b1c23,Batch 1,708.0,1.0401294,1014.0,False
b1c23,Batch 1,712.0,1.0399125,1014.0,False
b1c23,Batch 1,717.0,1.0388455,1014.0,False
b1c23,Batch 1,721.0,1.0379846,1014.0,False
b1c23,Batch 1,726.0,1.0370984,1014.0,False
b1c23,Batch 1,731.0,1.0364383,1014.0,False
b1c23,Batch 1,735.0,1.035533,1014.0,False
b1c23,Batch 1,740.0,1.0353776,1014.0,False
b1c23,Batch 1,744.0,1.0350305,1014.0,False
b1c23,Batch 1,749.0,1.0330017,1014.0,False
b1c23,Batch 1,754.0,1.0316044,1014.0,False
b1c23,Batch 1,758.0,1.0304303,1014.0,False
b1c23,Batch 1,763.0,1.0296063,1014.0,False
b1c23,Batch 1,768.0,1.028386,1014.0,False
b1c23,Batch 1,772.0,1.0276026,1014.0,False
b1c23,Batch 1,777.0,1.0260084,1014.0,False
b1c23,Batch 1,781.0,1.024747,1014.0,False
b1c23,Batch 1,786.0,1.0231951,1014.0,False
b1c23,Batch 1,791.0,1.0213553,1014.0,False
b1c23,Batch 1,795.0,1.0204159,1014.0,False
b1c23,Batch 1,800.0,1.0196865,1014.0,False
b1c23,Batch 1,805.0,1.0180269,1014.0,False
b1c23,Batch 1,809.0,1.0161649,1014.0,False
b1c23,Batch 1,814.0,1.0144261,1014.0,False
b1c23,Batch 1,818.0,1.0128111,1014.0,False
b1c23,Batch 1,823.0,1.0104827,1014.0,False
b1c23,Batch 1,828.0,1.0091957,1014.0,False
b1c23,Batch 1,832.0,1.0078003,1014.0,False
b1c23,Batch 1,837.0,1.0047038,1014.0,False
b1c23,Batch 1,842.0,1.0023403,1014.0,False
b1c23,Batch 1,846.0,1.0006275,1014.0,False
b1c23,Batch 1,851.0,0.99795395,1014.0,False
b1c23,Batch 1,855.0,0.99584693,1014.0,False
b1c23,Batch 1,860.0,0.99386173,1014.0,False
b1c23,Batch 1,865.0,0.99124575,1014.0,False
b1c23,Batch 1,869.0,0.98888409,1014.0,False
b1c23,Batch 1,874.0,0.98586994,1014.0,False
b1c23,Batch 1,878.0,0.98377806,1014.0,False
b1c23,Batch 1,883.0,0.98090577,1014.0,False
b1c23,Batch 1,888.0,0.97862279,1014.0,False
b1c23,Batch 1,892.0,0.97580552,1014.0,False
b1c23,Batch 1,897.0,0.97252142,1014.0,False
b1c23,Batch 1,902.0,0.96912885,1014.0,False
b1c23,Batch 1,906.0,0.96599424,1014.0,False
b1c23,Batch 1,911.0,0.96259838,1014.0,False
b1c23,Batch 1,915.0,0.96038127,1014.0,False
b1c23,Batch 1,920.0,0.956954,1014.0,False
b1c23,Batch 1,925.0,0.95347506,1014.0,False
b1c23,Batch 1,929.0,0.9505707,1014.0,False
b1c23,Batch 1,934.0,0.94747895,1014.0,False
b1c23,Batch 1,939.0,0.94417161,1014.0,False
b1c23,Batch 1,943.0,0.94116163,1014.0,False
b1c23,Batch 1,948.0,0.93864548,1014.0,False
b1c23,Batch 1,952.0,0.93643886,1014.0,False
b1c23,Batch 1,957.0,0.93238008,1014.0,False
b1c23,Batch 1,962.0,0.92872316,1014.0,False
b1c23,Batch 1,966.0,0.92602342,1014.0,False
b1c23,Batch 1,971.0,0.92134088,1014.0,False
b1c23,Batch 1,976.0,0.91671193,1014.0,False
b1c23,Batch 1,980.0,0.91394663,1014.0,False
b1c23,Batch 1,985.0,0.90960908,1014.0,False
b1c23,Batch 1,989.0,0.90543878,1014.0,False
b1c23,Batch 1,994.0,0.90024316,1014.0,False
b1c23,Batch 1,999.0,0.89541662,1014.0,False
b1c23,Batch 1,1003.0,0.89102775,1014.0,False
b1c23,Batch 1,1008.0,0.88600373,1014.0,False
b1c23,Batch 1,1013.0,0.88066453,1014.0,False
b1c24,Batch 1,1.0,0.0,1017.0,False
b1c24,Batch 1,5.0,1.0764751,1017.0,False
b1c24,Batch 1,10.0,1.077704,1017.0,False
b1c24,Batch 1,14.0,1.0781317,1017.0,False
b1c24,Batch 1,19.0,1.0782139,1017.0,False
b1c24,Batch 1,24.0,1.0783392,1017.0,False
b1c24,Batch 1,28.0,1.0783178,1017.0,False
b1c24,Batch 1,33.0,1.0785158,1017.0,False
b1c24,Batch 1,38.0,1.0787392,1017.0,False
b1c24,Batch 1,42.0,1.0786376,1017.0,False
b1c24,Batch 1,47.0,1.0785208,1017.0,False
b1c24,Batch 1,51.0,1.0786479,1017.0,False
b1c24,Batch 1,56.0,1.0784972,1017.0,False
b1c24,Batch 1,61.0,1.0785013,1017.0,False
b1c24,Batch 1,65.0,1.0783776,1017.0,False
b1c24,Batch 1,70.0,1.0771291,1017.0,False
b1c24,Batch 1,75.0,1.0780915,1017.0,False
b1c24,Batch 1,79.0,1.0780777,1017.0,False
b1c24,Batch 1,84.0,1.0779066,1017.0,False
b1c24,Batch 1,89.0,1.0777652,1017.0,False
b1c24,Batch 1,93.0,1.0777181,1017.0,False
b1c24,Batch 1,98.0,1.0764607,1017.0,False
b1c24,Batch 1,102.0,1.0775763,1017.0,False
b1c24,Batch 1,107.0,1.07733,1017.0,False
b1c24,Batch 1,112.0,1.0772142,1017.0,False
b1c24,Batch 1,116.0,1.077093,1017.0,False
b1c24,Batch 1,121.0,1.0770984,1017.0,False
b1c24,Batch 1,126.0,1.0768374,1017.0,False
b1c24,Batch 1,130.0,1.0766652,1017.0,False
b1c24,Batch 1,135.0,1.076401,1017.0,False
b1c24,Batch 1,140.0,1.0762991,1017.0,False
b1c24,Batch 1,144.0,1.074959,1017.0,False
b1c24,Batch 1,149.0,1.075981,1017.0,False
b1c24,Batch 1,153.0,1.0759357,1017.0,False
b1c24,Batch 1,158.0,1.0758066,1017.0,False
b1c24,Batch 1,163.0,1.0756094,1017.0,False
b1c24,Batch 1,167.0,1.0753769,1017.0,False
b1c24,Batch 1,172.0,1.0755279,1017.0,False
b1c24,Batch 1,177.0,1.0752698,1017.0,False
b1c24,Batch 1,181.0,1.0748894,1017.0,False
b1c24,Batch 1,186.0,1.0746043,1017.0,False
b1c24,Batch 1,191.0,1.0747643,1017.0,False
b1c24,Batch 1,195.0,1.0743738,1017.0,False
b1c24,Batch 1,200.0,1.0746939,1017.0,False
b1c24,Batch 1,204.0,1.0733827,1017.0,False
b1c24,Batch 1,209.0,1.0738318,1017.0,False
b1c24,Batch 1,214.0,1.0735301,1017.0,False
b1c24,Batch 1,218.0,1.0737878,1017.0,False
b1c24,Batch 1,223.0,1.0732473,1017.0,False
b1c24,Batch 1,228.0,1.0733839,1017.0,False
b1c24,Batch 1,232.0,1.0730684,1017.0,False
b1c24,Batch 1,237.0,1.0726417,1017.0,False
b1c24,Batch 1,242.0,1.0723708,1017.0,False
b1c24,Batch 1,246.0,1.0724436,1017.0,False
b1c24,Batch 1,251.0,1.0719459,1017.0,False
b1c24,Batch 1,255.0,1.0721351,1017.0,False
b1c24,Batch 1,260.0,1.0717579,1017.0,False
b1c24,Batch 1,265.0,1.0713331,1017.0,False
b1c24,Batch 1,269.0,1.0710915,1017.0,False
b1c24,Batch 1,274.0,1.0708812,1017.0,False
b1c24,Batch 1,279.0,1.0705878,1017.0,False
b1c24,Batch 1,283.0,1.0708532,1017.0,False
b1c24,Batch 1,288.0,1.0703071,1017.0,False
b1c24,Batch 1,292.0,1.070037,1017.0,False
b1c24,Batch 1,297.0,1.0697199,1017.0,False
b1c24,Batch 1,302.0,1.0696046,1017.0,False
b1c24,Batch 1,306.0,1.0691093,1017.0,False
b1c24,Batch 1,311.0,1.0692174,1017.0,False
b1c24,Batch 1,316.0,1.0685778,1017.0,False
b1c24,Batch 1,320.0,1.0683845,1017.0,False
b1c24,Batch 1,325.0,1.0683382,1017.0,False
b1c24,Batch 1,330.0,1.0685639,1017.0,False
b1c24,Batch 1,334.0,1.0684806,1017.0,False
b1c24,Batch 1,339.0,1.0689368,1017.0,False
b1c24,Batch 1,343.0,1.0690566,1017.0,False
b1c24,Batch 1,348.0,1.0674552,1017.0,False
b1c24,Batch 1,353.0,1.0673571,1017.0,False
b1c24,Batch 1,357.0,1.0674509,1017.0,False
b1c24,Batch 1,362.0,1.0670449,1017.0,False
b1c24,Batch 1,367.0,1.0667129,1017.0,False
b1c24,Batch 1,371.0,1.0673364,1017.0,False
b1c24,Batch 1,376.0,1.0663942,1017.0,False
b1c24,Batch 1,381.0,1.0654818,1017.0,False
b1c24,Batch 1,385.0,1.0618771,1017.0,False
b1c24,Batch 1,390.0,1.0651575,1017.0,False
b1c24,Batch 1,394.0,1.0648624,1017.0,False
b1c24,Batch 1,399.0,1.0657983,1017.0,False
b1c24,Batch 1,404.0,1.064729,1017.0,False
b1c24,Batch 1,408.0,1.0640144,1017.0,False
b1c24,Batch 1,413.0,1.0632358,1017.0,False
b1c24,Batch 1,418.0,1.0637432,1017.0,False
b1c24,Batch 1,422.0,1.0633699,1017.0,False
b1c24,Batch 1,427.0,1.0637006,1017.0,False
b1c24,Batch 1,432.0,1.0629107,1017.0,False
b1c24,Batch 1,436.0,1.0620556,1017.0,False
b1c24,Batch 1,441.0,1.0621535,1017.0,False
b1c24,Batch 1,445.0,1.062143,1017.0,False
b1c24,Batch 1,450.0,1.0612718,1017.0,False
b1c24,Batch 1,455.0,1.0613545,1017.0,False
b1c24,Batch 1,459.0,1.061018,1017.0,False
b1c24,Batch 1,464.0,1.0598756,1017.0,False
b1c24,Batch 1,469.0,1.0599741,1017.0,False
b1c24,Batch 1,473.0,1.0595772,1017.0,False
b1c24,Batch 1,478.0,1.0593928,1017.0,False
b1c24,Batch 1,483.0,1.0602386,1017.0,False
b1c24,Batch 1,487.0,1.0595826,1017.0,False
b1c24,Batch 1,492.0,1.0583283,1017.0,False
b1c24,Batch 1,496.0,1.0564817,1017.0,False
b1c24,Batch 1,501.0,1.0567625,1017.0,False
b1c24,Batch 1,506.0,1.0568181,1017.0,False
b1c24,Batch 1,510.0,1.0563596,1017.0,False
b1c24,Batch 1,515.0,1.0567975,1017.0,False
b1c24,Batch 1,520.0,1.0555468,1017.0,False
b1c24,Batch 1,524.0,1.0551169,1017.0,False
b1c24,Batch 1,529.0,1.0553102,1017.0,False
b1c24,Batch 1,533.0,1.0545664,1017.0,False
b1c24,Batch 1,538.0,1.0539045,1017.0,False
b1c24,Batch 1,543.0,1.0537866,1017.0,False
b1c24,Batch 1,547.0,1.05173,1017.0,False
b1c24,Batch 1,552.0,1.0528382,1017.0,False
b1c24,Batch 1,557.0,1.0525668,1017.0,False
b1c24,Batch 1,561.0,1.0526175,1017.0,False
b1c24,Batch 1,566.0,1.051584,1017.0,False
b1c24,Batch 1,571.0,1.0521106,1017.0,False
b1c24,Batch 1,575.0,1.0512532,1017.0,False
b1c24,Batch 1,580.0,1.0505992,1017.0,False
b1c24,Batch 1,584.0,1.0508703,1017.0,False
b1c24,Batch 1,589.0,1.0498585,1017.0,False
b1c24,Batch 1,594.0,1.0495672,1017.0,False
b1c24,Batch 1,598.0,1.049618,1017.0,False
b1c24,Batch 1,603.0,1.0493886,1017.0,False
b1c24,Batch 1,608.0,1.0481073,1017.0,False
b1c24,Batch 1,612.0,1.0476589,1017.0,False
b1c24,Batch 1,617.0,1.0473592,1017.0,False
b1c24,Batch 1,622.0,1.0468289,1017.0,False
b1c24,Batch 1,626.0,1.0461795,1017.0,False
b1c24,Batch 1,631.0,1.0455825,1017.0,False
b1c24,Batch 1,635.0,1.0448817,1017.0,False
b1c24,Batch 1,640.0,1.0445257,1017.0,False
b1c24,Batch 1,645.0,1.0439198,1017.0,False
b1c24,Batch 1,649.0,1.0438797,1017.0,False
b1c24,Batch 1,654.0,1.0428288,1017.0,False
b1c24,Batch 1,659.0,1.0422518,1017.0,False
b1c24,Batch 1,663.0,1.041813,1017.0,False
b1c24,Batch 1,668.0,1.0413903,1017.0,False
b1c24,Batch 1,673.0,1.0402411,1017.0,False
b1c24,Batch 1,677.0,1.0397005,1017.0,False
b1c24,Batch 1,682.0,1.0392092,1017.0,False
b1c24,Batch 1,686.0,1.0387208,1017.0,False
b1c24,Batch 1,691.0,1.0381892,1017.0,False
b1c24,Batch 1,696.0,1.0365099,1017.0,False
b1c24,Batch 1,700.0,1.036085,1017.0,False
b1c24,Batch 1,705.0,1.0352865,1017.0,False
b1c24,Batch 1,710.0,1.0341197,1017.0,False
b1c24,Batch 1,714.0,1.0341249,1017.0,False
b1c24,Batch 1,719.0,1.0326554,1017.0,False
b1c24,Batch 1,724.0,1.0314244,1017.0,False
b1c24,Batch 1,728.0,1.0307263,1017.0,False
b1c24,Batch 1,733.0,1.029891,1017.0,False
b1c24,Batch 1,737.0,1.0288268,1017.0,False
b1c24,Batch 1,742.0,1.0277988,1017.0,False
b1c24,Batch 1,747.0,1.0273377,1017.0,False
b1c24,Batch 1,751.0,1.0272151,1017.0,False
b1c24,Batch 1,756.0,1.0248686,1017.0,False
b1c24,Batch 1,761.0,1.0233775,1017.0,False
b1c24,Batch 1,765.0,1.0220242,1017.0,False
b1c24,Batch 1,770.0,1.0212747,1017.0,False
b1c24,Batch 1,774.0,1.0198897,1017.0,False
b1c24,Batch 1,779.0,1.0195472,1017.0,False
b1c24,Batch 1,784.0,1.0162115,1017.0,False
b1c24,Batch 1,788.0,1.0134398,1017.0,False
b1c24,Batch 1,793.0,1.0140543,1017.0,False
b1c24,Batch 1,798.0,1.0125686,1017.0,False
b1c24,Batch 1,802.0,1.0112529,1017.0,False
b1c24,Batch 1,807.0,1.0096097,1017.0,False
b1c24,Batch 1,812.0,1.0077333,1017.0,False
b1c24,Batch 1,816.0,1.0058036,1017.0,False
b1c24,Batch 1,821.0,1.0038806,1017.0,False
b1c24,Batch 1,825.0,1.002146,1017.0,False
b1c24,Batch 1,830.0,0.99983364,1017.0,False
b1c24,Batch 1,835.0,0.99744499,1017.0,False
b1c24,Batch 1,839.0,0.99602807,1017.0,False
b1c24,Batch 1,844.0,0.99345648,1017.0,False
b1c24,Batch 1,849.0,0.99105346,1017.0,False
b1c24,Batch 1,853.0,0.98924816,1017.0,False
b1c24,Batch 1,858.0,0.98676068,1017.0,False
b1c24,Batch 1,863.0,0.98409146,1017.0,False
b1c24,Batch 1,867.0,0.98264641,1017.0,False
b1c24,Batch 1,872.0,0.97982377,1017.0,False
b1c24,Batch 1,876.0,0.97768748,1017.0,False
b1c24,Batch 1,881.0,0.974967,1017.0,False
b1c24,Batch 1,886.0,0.97232097,1017.0,False
b1c24,Batch 1,890.0,0.97019303,1017.0,False
b1c24,Batch 1,895.0,0.96779418,1017.0,False
b1c24,Batch 1,900.0,0.96506536,1017.0,False
b1c24,Batch 1,904.0,0.96101391,1017.0,False
b1c24,Batch 1,909.0,0.95832145,1017.0,False
b1c24,Batch 1,914.0,0.9560352,1017.0,False
b1c24,Batch 1,918.0,0.95362771,1017.0,False
b1c24,Batch 1,923.0,0.95110118,1017.0,False
b1c24,Batch 1,927.0,0.94926441,1017.0,False
b1c24,Batch 1,932.0,0.94577068,1017.0,False
b1c24,Batch 1,937.0,0.94253236,1017.0,False
b1c24,Batch 1,941.0,0.94008172,1017.0,False
b1c24,Batch 1,946.0,0.93700969,1017.0,False
b1c24,Batch 1,951.0,0.93352199,1017.0,False
b1c24,Batch 1,955.0,0.93148494,1017.0,False
b1c24,Batch 1,960.0,0.92861623,1017.0,False
b1c24,Batch 1,965.0,0.92477578,1017.0,False
b1c24,Batch 1,969.0,0.92170334,1017.0,False
b1c24,Batch 1,974.0,0.91793072,1017.0,False
b1c24,Batch 1,978.0,0.91488326,1017.0,False
b1c24,Batch 1,983.0,0.90968263,1017.0,False
b1c24,Batch 1,988.0,0.90610766,1017.0,False
b1c24,Batch 1,992.0,0.90267265,1017.0,False
b1c24,Batch 1,997.0,0.89817756,1017.0,False
b1c24,Batch 1,1002.0,0.89338166,1017.0,False
b1c24,Batch 1,1006.0,0.88962364,1017.0,False
b1c24,Batch 1,1011.0,0.88524294,1017.0,False
b1c24,Batch 1,1016.0,0.88046598,1017.0,False
b1c25,Batch 1,1.0,0.0,854.0,False
b1c25,Batch 1,4.0,1.0766819,854.0,False
b1c25,Batch 1,8.0,1.0779704,854.0,False
b1c25,Batch 1,12.0,1.0787464,854.0,False
b1c25,Batch 1,16.0,1.0789938,854.0,False
b1c25,Batch 1,20.0,1.0792229,854.0,False
b1c25,Batch 1,24.0,1.0792787,854.0,False
b1c25,Batch 1,28.0,1.0792816,854.0,False
b1c25,Batch 1,32.0,1.0794182,854.0,False
b1c25,Batch 1,36.0,1.0794848,854.0,False
b1c25,Batch 1,39.0,1.0795426,854.0,False
b1c25,Batch 1,43.0,1.0794564,854.0,False
b1c25,Batch 1,47.0,1.0793488,854.0,False
b1c25,Batch 1,51.0,1.0794868,854.0,False
b1c25,Batch 1,55.0,1.0798471,854.0,False
b1c25,Batch 1,59.0,1.0792495,854.0,False
b1c25,Batch 1,63.0,1.0791804,854.0,False
b1c25,Batch 1,67.0,1.0790472,854.0,False
b1c25,Batch 1,71.0,1.0788885,854.0,False
b1c25,Batch 1,74.0,1.0788136,854.0,False
b1c25,Batch 1,78.0,1.0786921,854.0,False
b1c25,Batch 1,82.0,1.0786008,854.0,False
b1c25,Batch 1,86.0,1.0784715,854.0,False
b1c25,Batch 1,90.0,1.0783623,854.0,False
b1c25,Batch 1,94.0,1.0782938,854.0,False
b1c25,Batch 1,98.0,1.0781267,854.0,False
b1c25,Batch 1,102.0,1.0779567,854.0,False
b1c25,Batch 1,106.0,1.0777849,854.0,False
b1c25,Batch 1,109.0,1.0776812,854.0,False
b1c25,Batch 1,113.0,1.0775777,854.0,False
b1c25,Batch 1,117.0,1.0774043,854.0,False
b1c25,Batch 1,121.0,1.0773815,854.0,False
b1c25,Batch 1,125.0,1.0770926,854.0,False
b1c25,Batch 1,129.0,1.0769514,854.0,False
b1c25,Batch 1,133.0,1.0767418,854.0,False
b1c25,Batch 1,137.0,1.0765868,854.0,False
b1c25,Batch 1,141.0,1.0764037,854.0,False
b1c25,Batch 1,144.0,1.0763103,854.0,False
b1c25,Batch 1,148.0,1.0761292,854.0,False
b1c25,Batch 1,152.0,1.0760185,854.0,False
b1c25,Batch 1,156.0,1.0758206,854.0,False
b1c25,Batch 1,160.0,1.075608,854.0,False
b1c25,Batch 1,164.0,1.0757153,854.0,False
b1c25,Batch 1,168.0,1.0751754,854.0,False
b1c25,Batch 1,172.0,1.0754471,854.0,False
b1c25,Batch 1,176.0,1.0751215,854.0,False
b1c25,Batch 1,179.0,1.0746765,854.0,False
b1c25,Batch 1,183.0,1.0743113,854.0,False
b1c25,Batch 1,187.0,1.074356,854.0,False
b1c25,Batch 1,191.0,1.0742301,854.0,False
b1c25,Batch 1,195.0,1.0739274,854.0,False
b1c25,Batch 1,199.0,1.0743867,854.0,False
b1c25,Batch 1,203.0,1.0741456,854.0,False
b1c25,Batch 1,207.0,1.0735093,854.0,False
b1c25,Batch 1,211.0,1.0732356,854.0,False
b1c25,Batch 1,214.0,1.0730973,854.0,False
b1c25,Batch 1,218.0,1.0728192,854.0,False
b1c25,Batch 1,222.0,1.0724531,854.0,False
b1c25,Batch 1,226.0,1.0728689,854.0,False
b1c25,Batch 1,230.0,1.0725095,854.0,False
b1c25,Batch 1,234.0,1.0720328,854.0,False
b1c25,Batch 1,238.0,1.0718282,854.0,False
b1c25,Batch 1,242.0,1.071511,854.0,False
b1c25,Batch 1,246.0,1.0716337,854.0,False
b1c25,Batch 1,249.0,1.0712671,854.0,False
b1c25,Batch 1,253.0,1.0710055,854.0,False
b1c25,Batch 1,257.0,1.0713273,854.0,False
b1c25,Batch 1,261.0,1.0702078,854.0,False
b1c25,Batch 1,265.0,1.0700244,854.0,False
b1c25,Batch 1,269.0,1.070137,854.0,False
b1c25,Batch 1,273.0,1.0697021,854.0,False
b1c25,Batch 1,277.0,1.069451,854.0,False
b1c25,Batch 1,281.0,1.0699413,854.0,False
b1c25,Batch 1,285.0,1.0699176,854.0,False
b1c25,Batch 1,288.0,1.0692235,854.0,False
b1c25,Batch 1,292.0,1.0686703,854.0,False
b1c25,Batch 1,296.0,1.0682563,854.0,False
b1c25,Batch 1,300.0,1.0681267,854.0,False
b1c25,Batch 1,304.0,1.0682564,854.0,False
b1c25,Batch 1,308.0,1.0679941,854.0,False
b1c25,Batch 1,312.0,1.0677485,854.0,False
b1c25,Batch 1,316.0,1.0672448,854.0,False
b1c25,Batch 1,320.0,1.0672297,854.0,False
b1c25,Batch 1,323.0,1.0671104,854.0,False
b1c25,Batch 1,327.0,1.0673741,854.0,False
b1c25,Batch 1,331.0,1.0673971,854.0,False
b1c25,Batch 1,335.0,1.0676986,854.0,False
b1c25,Batch 1,339.0,1.067926,854.0,False
b1c25,Batch 1,343.0,1.0667577,854.0,False
b1c25,Batch 1,347.0,1.065812,854.0,False
b1c25,Batch 1,351.0,1.0655265,854.0,False
b1c25,Batch 1,355.0,1.0657223,854.0,False
b1c25,Batch 1,358.0,1.0651037,854.0,False
b1c25,Batch 1,362.0,1.0659198,854.0,False
b1c25,Batch 1,366.0,1.0660353,854.0,False
b1c25,Batch 1,370.0,1.0648073,854.0,False
b1c25,Batch 1,374.0,1.0645819,854.0,False
b1c25,Batch 1,378.0,1.0636176,854.0,False
b1c25,Batch 1,382.0,1.0640949,854.0,False
b1c25,Batch 1,386.0,1.0635589,854.0,False
b1c25,Batch 1,390.0,1.0634371,854.0,False
b1c25,Batch 1,393.0,1.0637691,854.0,False
b1c25,Batch 1,397.0,1.0629394,854.0,False
b1c25,Batch 1,401.0,1.0623345,854.0,False
b1c25,Batch 1,405.0,1.0619489,854.0,False
b1c25,Batch 1,409.0,1.0614341,854.0,False
b1c25,Batch 1,413.0,1.0615608,854.0,False
b1c25,Batch 1,417.0,1.0613873,854.0,False
b1c25,Batch 1,421.0,1.0613542,854.0,False
b1c25,Batch 1,425.0,1.0609702,854.0,False
b1c25,Batch 1,428.0,1.0602294,854.0,False
b1c25,Batch 1,432.0,1.0596335,854.0,False
b1c25,Batch 1,436.0,1.0594201,854.0,False
b1c25,Batch 1,440.0,1.059399,854.0,False
b1c25,Batch 1,444.0,1.0590355,854.0,False
b1c25,Batch 1,448.0,1.0593113,854.0,False
b1c25,Batch 1,452.0,1.0588114,854.0,False
b1c25,Batch 1,456.0,1.0578609,854.0,False
b1c25,Batch 1,460.0,1.0575964,854.0,False
b1c25,Batch 1,463.0,1.0571864,854.0,False
b1c25,Batch 1,467.0,1.0567961,854.0,False
b1c25,Batch 1,471.0,1.0561078,854.0,False
b1c25,Batch 1,475.0,1.0557103,854.0,False
b1c25,Batch 1,479.0,1.0563956,854.0,False
b1c25,Batch 1,483.0,1.0553296,854.0,False
b1c25,Batch 1,487.0,1.0548266,854.0,False
b1c25,Batch 1,491.0,1.0523109,854.0,False
b1c25,Batch 1,495.0,1.0530088,854.0,False
b1c25,Batch 1,498.0,1.0526109,854.0,False
b1c25,Batch 1,502.0,1.0525141,854.0,False
b1c25,Batch 1,506.0,1.051223,854.0,False
b1c25,Batch 1,510.0,1.0519098,854.0,False
b1c25,Batch 1,514.0,1.0512164,854.0,False
b1c25,Batch 1,518.0,1.0502561,854.0,False
b1c25,Batch 1,522.0,1.0503067,854.0,False
b1c25,Batch 1,526.0,1.0496862,854.0,False
b1c25,Batch 1,530.0,1.0492752,854.0,False
b1c25,Batch 1,533.0,1.0484189,854.0,False
b1c25,Batch 1,537.0,1.0468765,854.0,False
b1c25,Batch 1,541.0,1.0469893,854.0,False
b1c25,Batch 1,545.0,1.0467559,854.0,False
b1c25,Batch 1,549.0,1.0458111,854.0,False
b1c25,Batch 1,553.0,1.045119,854.0,False
b1c25,Batch 1,557.0,1.0445431,854.0,False
b1c25,Batch 1,561.0,1.0445738,854.0,False
b1c25,Batch 1,565.0,1.0438018,854.0,False
b1c25,Batch 1,569.0,1.0429664,854.0,False
b1c25,Batch 1,572.0,1.041573,854.0,False
b1c25,Batch 1,576.0,1.0412697,854.0,False
b1c25,Batch 1,580.0,1.0404522,854.0,False
b1c25,Batch 1,584.0,1.0392838,854.0,False
b1c25,Batch 1,588.0,1.0390356,854.0,False
b1c25,Batch 1,592.0,1.0385152,854.0,False
b1c25,Batch 1,596.0,1.0370954,854.0,False
b1c25,Batch 1,600.0,1.0358559,854.0,False
b1c25,Batch 1,604.0,1.0347283,854.0,False
b1c25,Batch 1,607.0,1.0342745,854.0,False
b1c25,Batch 1,611.0,1.0323797,854.0,False
b1c25,Batch 1,615.0,1.0319854,854.0,False
b1c25,Batch 1,619.0,1.0306921,854.0,False
b1c25,Batch 1,623.0,1.0293462,854.0,False
b1c25,Batch 1,627.0,1.0278414,854.0,False
b1c25,Batch 1,631.0,1.0253599,854.0,False
b1c25,Batch 1,635.0,1.0251204,854.0,False
b1c25,Batch 1,639.0,1.0236888,854.0,False
b1c25,Batch 1,642.0,1.022645,854.0,False
b1c25,Batch 1,646.0,1.0210687,854.0,False
b1c25,Batch 1,650.0,1.0193359,854.0,False
b1c25,Batch 1,654.0,1.0175548,854.0,False
b1c25,Batch 1,658.0,1.0155805,854.0,False
b1c25,Batch 1,662.0,1.0136927,854.0,False
b1c25,Batch 1,666.0,1.0120116,854.0,False
b1c25,Batch 1,670.0,1.0097805,854.0,False
b1c25,Batch 1,674.0,1.0079335,854.0,False
b1c25,Batch 1,677.0,1.0061194,854.0,False
b1c25,Batch 1,681.0,1.0037631,854.0,False
b1c25,Batch 1,685.0,1.0012727,854.0,False
b1c25,Batch 1,689.0,0.99918187,854.0,False
b1c25,Batch 1,693.0,0.99667501,854.0,False
b1c25,Batch 1,697.0,0.99419796,854.0,False
b1c25,Batch 1,701.0,0.99229676,854.0,False
b1c25,Batch 1,705.0,0.98943812,854.0,False
b1c25,Batch 1,709.0,0.98732263,854.0,False
b1c25,Batch 1,712.0,0.98550272,854.0,False
b1c25,Batch 1,716.0,0.98266065,854.0,False
b1c25,Batch 1,720.0,0.9801203,854.0,False
b1c25,Batch 1,724.0,0.97780758,854.0,False
b1c25,Batch 1,728.0,0.97557998,854.0,False
b1c25,Batch 1,732.0,0.97308511,854.0,False
b1c25,Batch 1,736.0,0.97074848,854.0,False
b1c25,Batch 1,740.0,0.96892887,854.0,False
b1c25,Batch 1,744.0,0.96650505,854.0,False
b1c25,Batch 1,747.0,0.9642759,854.0,False
b1c25,Batch 1,751.0,0.9612906,854.0,False
b1c25,Batch 1,755.0,0.95859712,854.0,False
b1c25,Batch 1,759.0,0.95618719,854.0,False
b1c25,Batch 1,763.0,0.9535374,854.0,False
b1c25,Batch 1,767.0,0.95074409,854.0,False
b1c25,Batch 1,771.0,0.94881308,854.0,False
b1c25,Batch 1,775.0,0.94612676,854.0,False
b1c25,Batch 1,779.0,0.94332093,854.0,False
b1c25,Batch 1,782.0,0.94111907,854.0,False
b1c25,Batch 1,786.0,0.93843234,854.0,False
b1c25,Batch 1,790.0,0.93585765,854.0,False
b1c25,Batch 1,794.0,0.93265229,854.0,False
b1c25,Batch 1,798.0,0.93000311,854.0,False
b1c25,Batch 1,802.0,0.92714924,854.0,False
b1c25,Batch 1,806.0,0.92387348,854.0,False
b1c25,Batch 1,810.0,0.92073238,854.0,False
b1c25,Batch 1,814.0,0.91755974,854.0,False
b1c25,Batch 1,817.0,0.91490299,854.0,False
b1c25,Batch 1,821.0,0.91143388,854.0,False
b1c25,Batch 1,825.0,0.9080174,854.0,False
b1c25,Batch 1,829.0,0.90425187,854.0,False
b1c25,Batch 1,833.0,0.90074521,854.0,False
b1c25,Batch 1,837.0,0.89705354,854.0,False
b1c25,Batch 1,841.0,0.8930077,854.0,False
b1c25,Batch 1,845.0,0.88863361,854.0,False
b1c25,Batch 1,849.0,0.88432902,854.0,False
b1c25,Batch 1,853.0,0.88019997,854.0,False
b1c26,Batch 1,1.0,0.0,870.0,False
b1c26,Batch 1,4.0,1.0895739,870.0,False
b1c26,Batch 1,8.0,1.0907471,870.0,False
b1c26,Batch 1,12.0,1.0912602,870.0,False
b1c26,Batch 1,16.0,1.0913129,870.0,False
b1c26,Batch 1,20.0,1.0901743,870.0,False
b1c26,Batch 1,24.0,1.0912943,870.0,False
b1c26,Batch 1,28.0,1.0913707,870.0,False
b1c26,Batch 1,32.0,1.0913274,870.0,False
b1c26,Batch 1,36.0,1.0912079,870.0,False
b1c26,Batch 1,40.0,1.0914745,870.0,False
b1c26,Batch 1,44.0,1.0911652,870.0,False
b1c26,Batch 1,48.0,1.0910726,870.0,False
b1c26,Batch 1,52.0,1.0912036,870.0,False
b1c26,Batch 1,56.0,1.0912392,870.0,False
b1c26,Batch 1,60.0,1.0907686,870.0,False
b1c26,Batch 1,64.0,1.0906993,870.0,False
b1c26,Batch 1,68.0,1.0904849,870.0,False
b1c26,Batch 1,72.0,1.0890392,870.0,False
b1c26,Batch 1,76.0,1.0901288,870.0,False
b1c26,Batch 1,80.0,1.0900801,870.0,False
b1c26,Batch 1,84.0,1.0899715,870.0,False
b1c26,Batch 1,88.0,1.0899559,870.0,False
b1c26,Batch 1,92.0,1.0896732,870.0,False
b1c26,Batch 1,96.0,1.0897247,870.0,False
b1c26,Batch 1,100.0,1.0893713,870.0,False
b1c26,Batch 1,104.0,1.0892806,870.0,False
b1c26,Batch 1,108.0,1.0891033,870.0,False
b1c26,Batch 1,111.0,1.0889994,870.0,False
b1c26,Batch 1,115.0,1.0889076,870.0,False
b1c26,Batch 1,119.0,1.0886892,870.0,False
b1c26,Batch 1,123.0,1.088726,870.0,False
b1c26,Batch 1,127.0,1.0884321,870.0,False
b1c26,Batch 1,131.0,1.0881619,870.0,False
b1c26,Batch 1,135.0,1.0880955,870.0,False
b1c26,Batch 1,139.0,1.0878104,870.0,False
b1c26,Batch 1,143.0,1.0876323,870.0,False
b1c26,Batch 1,147.0,1.087509,870.0,False
b1c26,Batch 1,151.0,1.0872726,870.0,False
b1c26,Batch 1,155.0,1.0872194,870.0,False
b1c26,Batch 1,159.0,1.0871891,870.0,False
b1c26,Batch 1,163.0,1.0869284,870.0,False
b1c26,Batch 1,167.0,1.0869846,870.0,False
b1c26,Batch 1,171.0,1.0865206,870.0,False
b1c26,Batch 1,175.0,1.0867232,870.0,False
b1c26,Batch 1,179.0,1.0864171,870.0,False
b1c26,Batch 1,183.0,1.0860898,870.0,False
b1c26,Batch 1,187.0,1.0844769,870.0,False
b1c26,Batch 1,191.0,1.0856162,870.0,False
b1c26,Batch 1,195.0,1.0858339,870.0,False
b1c26,Batch 1,199.0,1.085269,870.0,False
b1c26,Batch 1,203.0,1.0856246,870.0,False
b1c26,Batch 1,207.0,1.0855299,870.0,False
b1c26,Batch 1,211.0,1.0848739,870.0,False
b1c26,Batch 1,215.0,1.0844878,870.0,False
b1c26,Batch 1,218.0,1.084384,870.0,False
b1c26,Batch 1,222.0,1.0846028,870.0,False
b1c26,Batch 1,226.0,1.0840092,870.0,False
b1c26,Batch 1,230.0,1.0842131,870.0,False
b1c26,Batch 1,234.0,1.0840206,870.0,False
b1c26,Batch 1,238.0,1.0834867,870.0,False
b1c26,Batch 1,242.0,1.0831791,870.0,False
b1c26,Batch 1,246.0,1.0830119,870.0,False
b1c26,Batch 1,250.0,1.0831664,870.0,False
b1c26,Batch 1,254.0,1.0826614,870.0,False
b1c26,Batch 1,258.0,1.0828162,870.0,False
b1c26,Batch 1,262.0,1.0814288,870.0,False
b1c26,Batch 1,266.0,1.0820854,870.0,False
b1c26,Batch 1,270.0,1.0817906,870.0,False
b1c26,Batch 1,274.0,1.0815554,870.0,False
b1c26,Batch 1,278.0,1.0815682,870.0,False
b1c26,Batch 1,282.0,1.0812467,870.0,False
b1c26,Batch 1,286.0,1.081177,870.0,False
b1c26,Batch 1,290.0,1.0812186,870.0,False
b1c26,Batch 1,294.0,1.0805564,870.0,False
b1c26,Batch 1,298.0,1.0802978,870.0,False
b1c26,Batch 1,302.0,1.0799769,870.0,False
b1c26,Batch 1,306.0,1.0797125,870.0,False
b1c26,Batch 1,310.0,1.0795863,870.0,False
b1c26,Batch 1,314.0,1.078159,870.0,False
b1c26,Batch 1,318.0,1.0792896,870.0,False
b1c26,Batch 1,322.0,1.0789329,870.0,False
b1c26,Batch 1,326.0,1.0785494,870.0,False
b1c26,Batch 1,329.0,1.078364,870.0,False
b1c26,Batch 1,333.0,1.0788926,870.0,False
b1c26,Batch 1,337.0,1.0788726,870.0,False
b1c26,Batch 1,341.0,1.0791587,870.0,False
b1c26,Batch 1,345.0,1.0793658,870.0,False
b1c26,Batch 1,349.0,1.0785505,870.0,False
b1c26,Batch 1,353.0,1.0777845,870.0,False
b1c26,Batch 1,357.0,1.0775125,870.0,False
b1c26,Batch 1,361.0,1.0773995,870.0,False
b1c26,Batch 1,365.0,1.0766208,870.0,False
b1c26,Batch 1,369.0,1.0770921,870.0,False
b1c26,Batch 1,373.0,1.0771828,870.0,False
b1c26,Batch 1,377.0,1.0765197,870.0,False
b1c26,Batch 1,381.0,1.0758646,870.0,False
b1c26,Batch 1,385.0,1.0756835,870.0,False
b1c26,Batch 1,389.0,1.0755192,870.0,False
b1c26,Batch 1,393.0,1.0751089,870.0,False
b1c26,Batch 1,397.0,1.0753721,870.0,False
b1c26,Batch 1,401.0,1.0742519,870.0,False
b1c26,Batch 1,405.0,1.0745716,870.0,False
b1c26,Batch 1,409.0,1.073782,870.0,False
b1c26,Batch 1,413.0,1.0736333,870.0,False
b1c26,Batch 1,417.0,1.0736076,870.0,False
b1c26,Batch 1,421.0,1.0730634,870.0,False
b1c26,Batch 1,425.0,1.0731933,870.0,False
b1c26,Batch 1,429.0,1.0731084,870.0,False
b1c26,Batch 1,433.0,1.0723279,870.0,False
b1c26,Batch 1,436.0,1.0704237,870.0,False
b1c26,Batch 1,440.0,1.0701239,870.0,False
b1c26,Batch 1,444.0,1.0711676,870.0,False
b1c26,Batch 1,448.0,1.0708817,870.0,False
b1c26,Batch 1,452.0,1.0705924,870.0,False
b1c26,Batch 1,456.0,1.070686,870.0,False
b1c26,Batch 1,460.0,1.0701933,870.0,False
b1c26,Batch 1,464.0,1.0694613,870.0,False
b1c26,Batch 1,468.0,1.0689881,870.0,False
b1c26,Batch 1,472.0,1.0686157,870.0,False
b1c26,Batch 1,476.0,1.0682285,870.0,False
b1c26,Batch 1,480.0,1.0668353,870.0,False
b1c26,Batch 1,484.0,1.0684628,870.0,False
b1c26,Batch 1,488.0,1.0678014,870.0,False
b1c26,Batch 1,492.0,1.0667669,870.0,False
b1c26,Batch 1,496.0,1.0647081,870.0,False
b1c26,Batch 1,500.0,1.0650561,870.0,False
b1c26,Batch 1,504.0,1.0644979,870.0,False
b1c26,Batch 1,508.0,1.0641615,870.0,False
b1c26,Batch 1,512.0,1.0641552,870.0,False
b1c26,Batch 1,516.0,1.0636189,870.0,False
b1c26,Batch 1,520.0,1.0626762,870.0,False
b1c26,Batch 1,524.0,1.0619426,870.0,False
b1c26,Batch 1,528.0,1.0616823,870.0,False
b1c26,Batch 1,532.0,1.0613276,870.0,False
b1c26,Batch 1,536.0,1.0606958,870.0,False
b1c26,Batch 1,540.0,1.0605545,870.0,False
b1c26,Batch 1,543.0,1.0589209,870.0,False
b1c26,Batch 1,547.0,1.0593131,870.0,False
b1c26,Batch 1,551.0,1.0585049,870.0,False
b1c26,Batch 1,555.0,1.0578109,870.0,False
b1c26,Batch 1,559.0,1.057472,870.0,False
b1c26,Batch 1,563.0,1.056749,870.0,False
b1c26,Batch 1,567.0,1.0565796,870.0,False
b1c26,Batch 1,571.0,1.056141,870.0,False
b1c26,Batch 1,575.0,1.0548365,870.0,False
b1c26,Batch 1,579.0,1.0540707,870.0,False
b1c26,Batch 1,583.0,1.0533531,870.0,False
b1c26,Batch 1,587.0,1.0523295,870.0,False
b1c26,Batch 1,591.0,1.0513659,870.0,False
b1c26,Batch 1,595.0,1.0507212,870.0,False
b1c26,Batch 1,599.0,1.0485772,870.0,False
b1c26,Batch 1,603.0,1.0493824,870.0,False
b1c26,Batch 1,607.0,1.0485169,870.0,False
b1c26,Batch 1,611.0,1.0474864,870.0,False
b1c26,Batch 1,615.0,1.0466797,870.0,False
b1c26,Batch 1,619.0,1.0451225,870.0,False
b1c26,Batch 1,623.0,1.0440583,870.0,False
b1c26,Batch 1,627.0,1.0433539,870.0,False
b1c26,Batch 1,631.0,1.0422821,870.0,False
b1c26,Batch 1,635.0,1.0410271,870.0,False
b1c26,Batch 1,639.0,1.040104,870.0,False
b1c26,Batch 1,643.0,1.0389922,870.0,False
b1c26,Batch 1,647.0,1.0377529,870.0,False
b1c26,Batch 1,651.0,1.0368658,870.0,False
b1c26,Batch 1,654.0,1.0364224,870.0,False
b1c26,Batch 1,658.0,1.0334647,870.0,False
b1c26,Batch 1,662.0,1.0333592,870.0,False
b1c26,Batch 1,666.0,1.0318244,870.0,False
b1c26,Batch 1,670.0,1.0280874,870.0,False
b1c26,Batch 1,674.0,1.0293332,870.0,False
b1c26,Batch 1,678.0,1.0277493,870.0,False
b1c26,Batch 1,682.0,1.0248036,870.0,False
b1c26,Batch 1,686.0,1.0246569,870.0,False
b1c26,Batch 1,690.0,1.0225899,870.0,False
b1c26,Batch 1,694.0,1.0195655,870.0,False
b1c26,Batch 1,698.0,1.0168711,870.0,False
b1c26,Batch 1,702.0,1.0169151,870.0,False
b1c26,Batch 1,706.0,1.0133262,870.0,False
b1c26,Batch 1,710.0,1.0128828,870.0,False
b1c26,Batch 1,714.0,1.0104787,870.0,False
b1c26,Batch 1,718.0,1.0080557,870.0,False
b1c26,Batch 1,722.0,1.0050129,870.0,False
b1c26,Batch 1,726.0,1.0036297,870.0,False
b1c26,Batch 1,730.0,1.0010337,870.0,False
b1c26,Batch 1,734.0,0.99847299,870.0,False
b1c26,Batch 1,738.0,0.99547291,870.0,False
b1c26,Batch 1,742.0,0.99337244,870.0,False
b1c26,Batch 1,746.0,0.99073458,870.0,False
b1c26,Batch 1,750.0,0.98736703,870.0,False
b1c26,Batch 1,754.0,0.98394156,870.0,False
b1c26,Batch 1,758.0,0.98091352,870.0,False
b1c26,Batch 1,761.0,0.97903365,870.0,False
b1c26,Batch 1,765.0,0.97535455,870.0,False
b1c26,Batch 1,769.0,0.97314197,870.0,False
b1c26,Batch 1,773.0,0.97038376,870.0,False
b1c26,Batch 1,777.0,0.96709079,870.0,False
b1c26,Batch 1,781.0,0.96359318,870.0,False
b1c26,Batch 1,785.0,0.96029049,870.0,False
b1c26,Batch 1,789.0,0.95738494,870.0,False
b1c26,Batch 1,793.0,0.95362556,870.0,False
b1c26,Batch 1,797.0,0.95034033,870.0,False
b1c26,Batch 1,801.0,0.9464277,870.0,False
b1c26,Batch 1,805.0,0.94426942,870.0,False
b1c26,Batch 1,809.0,0.94098353,870.0,False
b1c26,Batch 1,813.0,0.93703699,870.0,False
b1c26,Batch 1,817.0,0.93336481,870.0,False
b1c26,Batch 1,821.0,0.93023908,870.0,False
b1c26,Batch 1,825.0,0.92634928,870.0,False
b1c26,Batch 1,829.0,0.92237955,870.0,False
b1c26,Batch 1,833.0,0.91847599,870.0,False
b1c26,Batch 1,837.0,0.91468078,870.0,False
b1c26,Batch 1,841.0,0.91059494,870.0,False
b1c26,Batch 1,845.0,0.90653872,870.0,False
b1c26,Batch 1,849.0,0.90222514,870.0,False
b1c26,Batch 1,853.0,0.89786583,870.0,False
b1c26,Batch 1,857.0,0.89377385,870.0,False
b1c26,Batch 1,861.0,0.88960809,870.0,False
b1c26,Batch 1,865.0,0.88532728,870.0,False
b1c26,Batch 1,869.0,0.88105017,870.0,False
b1c27,Batch 1,1.0,0.0,842.0,False
b1c27,Batch 1,4.0,1.0807079,842.0,False
b1c27,Batch 1,8.0,1.0817883,842.0,False
b1c27,Batch 1,12.0,1.0824897,842.0,False
b1c27,Batch 1,16.0,1.0826588,842.0,False
b1c27,Batch 1,20.0,1.0814627,842.0,False
b1c27,Batch 1,24.0,1.082706,842.0,False
b1c27,Batch 1,27.0,1.082715,842.0,False
b1c27,Batch 1,31.0,1.0827864,842.0,False
b1c27,Batch 1,35.0,1.0828063,842.0,False
b1c27,Batch 1,39.0,1.0828133,842.0,False
b1c27,Batch 1,43.0,1.0813862,842.0,False
b1c27,Batch 1,47.0,1.0824839,842.0,False
b1c27,Batch 1,50.0,1.0824821,842.0,False
b1c27,Batch 1,54.0,1.0829773,842.0,False
b1c27,Batch 1,58.0,1.0823215,842.0,False
b1c27,Batch 1,62.0,1.0822634,842.0,False
b1c27,Batch 1,66.0,1.0808402,842.0,False
b1c27,Batch 1,70.0,1.0818719,842.0,False
b1c27,Batch 1,73.0,1.0818212,842.0,False
b1c27,Batch 1,77.0,1.0816406,842.0,False
b1c27,Batch 1,81.0,1.0816014,842.0,False
b1c27,Batch 1,85.0,1.0815166,842.0,False
b1c27,Batch 1,89.0,1.0812186,842.0,False
b1c27,Batch 1,93.0,1.0811688,842.0,False
b1c27,Batch 1,96.0,1.08117,842.0,False
b1c27,Batch 1,100.0,1.0810226,842.0,False
b1c27,Batch 1,104.0,1.0807935,842.0,False
b1c27,Batch 1,108.0,1.0806746,842.0,False
b1c27,Batch 1,112.0,1.0805527,842.0,False
b1c27,Batch 1,116.0,1.0803661,842.0,False
b1c27,Batch 1,119.0,1.0804024,842.0,False
b1c27,Batch 1,123.0,1.0802821,842.0,False
b1c27,Batch 1,127.0,1.0800728,842.0,False
b1c27,Batch 1,131.0,1.0798912,842.0,False
b1c27,Batch 1,135.0,1.0796363,842.0,False
b1c27,Batch 1,139.0,1.0795063,842.0,False
b1c27,Batch 1,142.0,1.0794307,842.0,False
b1c27,Batch 1,146.0,1.0791239,842.0,False
b1c27,Batch 1,150.0,1.0790049,842.0,False
b1c27,Batch 1,154.0,1.0789111,842.0,False
b1c27,Batch 1,158.0,1.0788015,842.0,False
b1c27,Batch 1,162.0,1.0785342,842.0,False
b1c27,Batch 1,165.0,1.078528,842.0,False
b1c27,Batch 1,169.0,1.0783287,842.0,False
b1c27,Batch 1,173.0,1.0782517,842.0,False
b1c27,Batch 1,177.0,1.0782611,842.0,False
b1c27,Batch 1,181.0,1.0778481,842.0,False
b1c27,Batch 1,185.0,1.0776123,842.0,False
b1c27,Batch 1,188.0,1.0773875,842.0,False
b1c27,Batch 1,192.0,1.0773073,842.0,False
b1c27,Batch 1,196.0,1.0773821,842.0,False
b1c27,Batch 1,200.0,1.0770309,842.0,False
b1c27,Batch 1,204.0,1.0773777,842.0,False
b1c27,Batch 1,208.0,1.0769025,842.0,False
b1c27,Batch 1,211.0,1.0765047,842.0,False
b1c27,Batch 1,215.0,1.0762278,842.0,False
b1c27,Batch 1,219.0,1.0761373,842.0,False
b1c27,Batch 1,223.0,1.076148,842.0,False
b1c27,Batch 1,227.0,1.0756294,842.0,False
b1c27,Batch 1,231.0,1.0758932,842.0,False
b1c27,Batch 1,234.0,1.0757285,842.0,False
b1c27,Batch 1,238.0,1.0752056,842.0,False
b1c27,Batch 1,242.0,1.0749294,842.0,False
b1c27,Batch 1,246.0,1.0747027,842.0,False
b1c27,Batch 1,250.0,1.0748864,842.0,False
b1c27,Batch 1,254.0,1.0743773,842.0,False
b1c27,Batch 1,257.0,1.0744405,842.0,False
b1c27,Batch 1,261.0,1.0744436,842.0,False
b1c27,Batch 1,265.0,1.0739092,842.0,False
b1c27,Batch 1,269.0,1.0736618,842.0,False
b1c27,Batch 1,273.0,1.0733902,842.0,False
b1c27,Batch 1,277.0,1.073302,842.0,False
b1c27,Batch 1,281.0,1.0730714,842.0,False
b1c27,Batch 1,284.0,1.0728186,842.0,False
b1c27,Batch 1,288.0,1.073072,842.0,False
b1c27,Batch 1,292.0,1.0726227,842.0,False
b1c27,Batch 1,296.0,1.0721672,842.0,False
b1c27,Batch 1,300.0,1.0718696,842.0,False
b1c27,Batch 1,304.0,1.0716195,842.0,False
b1c27,Batch 1,307.0,1.0715094,842.0,False
b1c27,Batch 1,311.0,1.0712168,842.0,False
b1c27,Batch 1,315.0,1.0711776,842.0,False
b1c27,Batch 1,319.0,1.070927,842.0,False
b1c27,Batch 1,323.0,1.0704794,842.0,False
b1c27,Batch 1,327.0,1.0698913,842.0,False
b1c27,Batch 1,330.0,1.0699954,842.0,False
b1c27,Batch 1,334.0,1.0707607,842.0,False
b1c27,Batch 1,338.0,1.0704308,842.0,False
b1c27,Batch 1,342.0,1.0709796,842.0,False
b1c27,Batch 1,346.0,1.0709957,842.0,False
b1c27,Batch 1,350.0,1.0699455,842.0,False
b1c27,Batch 1,353.0,1.0695379,842.0,False
b1c27,Batch 1,357.0,1.0691931,842.0,False
b1c27,Batch 1,361.0,1.069133,842.0,False
b1c27,Batch 1,365.0,1.068652,842.0,False
b1c27,Batch 1,369.0,1.0688878,842.0,False
b1c27,Batch 1,373.0,1.0689179,842.0,False
b1c27,Batch 1,376.0,1.0684704,842.0,False
b1c27,Batch 1,380.0,1.0677094,842.0,False
b1c27,Batch 1,384.0,1.0673689,842.0,False
b1c27,Batch 1,388.0,1.0672351,842.0,False
b1c27,Batch 1,392.0,1.0667607,842.0,False
b1c27,Batch 1,396.0,1.0667769,842.0,False
b1c27,Batch 1,399.0,1.0669461,842.0,False
b1c27,Batch 1,403.0,1.0666568,842.0,False
b1c27,Batch 1,407.0,1.0657785,842.0,False
b1c27,Batch 1,411.0,1.0651742,842.0,False
b1c27,Batch 1,415.0,1.065135,842.0,False
b1c27,Batch 1,419.0,1.0645956,842.0,False
b1c27,Batch 1,422.0,1.0644969,842.0,False
b1c27,Batch 1,426.0,1.064255,842.0,False
b1c27,Batch 1,430.0,1.0645757,842.0,False
b1c27,Batch 1,434.0,1.0635672,842.0,False
b1c27,Batch 1,438.0,1.0630612,842.0,False
b1c27,Batch 1,442.0,1.0628836,842.0,False
b1c27,Batch 1,445.0,1.062821,842.0,False
b1c27,Batch 1,449.0,1.0622272,842.0,False
b1c27,Batch 1,453.0,1.0622854,842.0,False
b1c27,Batch 1,457.0,1.0620947,842.0,False
b1c27,Batch 1,461.0,1.0613676,842.0,False
b1c27,Batch 1,465.0,1.0608488,842.0,False
b1c27,Batch 1,468.0,1.0605048,842.0,False
b1c27,Batch 1,472.0,1.0600859,842.0,False
b1c27,Batch 1,476.0,1.0585053,842.0,False
b1c27,Batch 1,480.0,1.0597631,842.0,False
b1c27,Batch 1,484.0,1.0598634,842.0,False
b1c27,Batch 1,488.0,1.0592351,842.0,False
b1c27,Batch 1,491.0,1.0581267,842.0,False
b1c27,Batch 1,495.0,1.0565687,842.0,False
b1c27,Batch 1,499.0,1.0566232,842.0,False
b1c27,Batch 1,503.0,1.0561159,842.0,False
b1c27,Batch 1,507.0,1.0555582,842.0,False
b1c27,Batch 1,511.0,1.0544034,842.0,False
b1c27,Batch 1,514.0,1.0555269,842.0,False
b1c27,Batch 1,518.0,1.0541375,842.0,False
b1c27,Batch 1,522.0,1.0538818,842.0,False
b1c27,Batch 1,526.0,1.0529773,842.0,False
b1c27,Batch 1,530.0,1.0530335,842.0,False
b1c27,Batch 1,534.0,1.052321,842.0,False
b1c27,Batch 1,537.0,1.0522794,842.0,False
b1c27,Batch 1,541.0,1.0516971,842.0,False
b1c27,Batch 1,545.0,1.0510249,842.0,False
b1c27,Batch 1,549.0,1.0505658,842.0,False
b1c27,Batch 1,553.0,1.04983,842.0,False
b1c27,Batch 1,557.0,1.0493279,842.0,False
b1c27,Batch 1,561.0,1.0469774,842.0,False
b1c27,Batch 1,564.0,1.0483478,842.0,False
b1c27,Batch 1,568.0,1.0476371,842.0,False
b1c27,Batch 1,572.0,1.0470895,842.0,False
b1c27,Batch 1,576.0,1.0463771,842.0,False
b1c27,Batch 1,580.0,1.04556,842.0,False
b1c27,Batch 1,584.0,1.044309,842.0,False
b1c27,Batch 1,587.0,1.0430127,842.0,False
b1c27,Batch 1,591.0,1.0432023,842.0,False
b1c27,Batch 1,595.0,1.0429509,842.0,False
b1c27,Batch 1,599.0,1.0417528,842.0,False
b1c27,Batch 1,603.0,1.0404284,842.0,False
b1c27,Batch 1,607.0,1.0389111,842.0,False
b1c27,Batch 1,610.0,1.0386786,842.0,False
b1c27,Batch 1,614.0,1.0375944,842.0,False
b1c27,Batch 1,618.0,1.0363857,842.0,False
b1c27,Batch 1,622.0,1.0359817,842.0,False
b1c27,Batch 1,626.0,1.0345415,842.0,False
b1c27,Batch 1,630.0,1.0335573,842.0,False
b1c27,Batch 1,633.0,1.0320538,842.0,False
b1c27,Batch 1,637.0,1.0312656,842.0,False
b1c27,Batch 1,641.0,1.0286931,842.0,False
b1c27,Batch 1,645.0,1.0281742,842.0,False
b1c27,Batch 1,649.0,1.0277004,842.0,False
b1c27,Batch 1,653.0,1.0250604,842.0,False
b1c27,Batch 1,656.0,1.0247848,842.0,False
b1c27,Batch 1,660.0,1.0221885,842.0,False
b1c27,Batch 1,664.0,1.0214716,842.0,False
b1c27,Batch 1,668.0,1.0197104,842.0,False
b1c27,Batch 1,672.0,1.0178481,842.0,False
b1c27,Batch 1,676.0,1.015988,842.0,False
b1c27,Batch 1,679.0,1.0142952,842.0,False
b1c27,Batch 1,683.0,1.0120324,842.0,False
b1c27,Batch 1,687.0,1.0100564,842.0,False
b1c27,Batch 1,691.0,1.0081244,842.0,False
b1c27,Batch 1,695.0,1.0058042,842.0,False
b1c27,Batch 1,699.0,1.0035716,842.0,False
b1c27,Batch 1,702.0,1.0018466,842.0,False
b1c27,Batch 1,706.0,0.99964899,842.0,False
b1c27,Batch 1,710.0,0.99728763,842.0,False
b1c27,Batch 1,714.0,0.9948861,842.0,False
b1c27,Batch 1,718.0,0.99230927,842.0,False
b1c27,Batch 1,722.0,0.98947382,842.0,False
b1c27,Batch 1,725.0,0.98754889,842.0,False
b1c27,Batch 1,729.0,0.98522139,842.0,False
b1c27,Batch 1,733.0,0.98279119,842.0,False
b1c27,Batch 1,737.0,0.97979927,842.0,False
b1c27,Batch 1,741.0,0.97702271,842.0,False
b1c27,Batch 1,745.0,0.97459865,842.0,False
b1c27,Batch 1,748.0,0.97207332,842.0,False
b1c27,Batch 1,752.0,0.96870625,842.0,False
b1c27,Batch 1,756.0,0.96530682,842.0,False
b1c27,Batch 1,760.0,0.96204436,842.0,False
b1c27,Batch 1,764.0,0.95863736,842.0,False
b1c27,Batch 1,768.0,0.95538259,842.0,False
b1c27,Batch 1,771.0,0.95292217,842.0,False
b1c27,Batch 1,775.0,0.95005077,842.0,False
b1c27,Batch 1,779.0,0.9466027,842.0,False
b1c27,Batch 1,783.0,0.94290024,842.0,False
b1c27,Batch 1,787.0,0.93945831,842.0,False
b1c27,Batch 1,791.0,0.93547893,842.0,False
b1c27,Batch 1,794.0,0.93265688,842.0,False
b1c27,Batch 1,798.0,0.9286139,842.0,False
b1c27,Batch 1,802.0,0.92512429,842.0,False
b1c27,Batch 1,806.0,0.92140365,842.0,False
b1c27,Batch 1,810.0,0.91739863,842.0,False
b1c27,Batch 1,814.0,0.9132638,842.0,False
b1c27,Batch 1,817.0,0.90994269,842.0,False
b1c27,Batch 1,821.0,0.90545738,842.0,False
b1c27,Batch 1,825.0,0.90105367,842.0,False
b1c27,Batch 1,829.0,0.89622712,842.0,False
b1c27,Batch 1,833.0,0.8912155,842.0,False
b1c27,Batch 1,837.0,0.88632005,842.0,False
b1c27,Batch 1,841.0,0.88130057,842.0,False
b1c28,Batch 1,1.0,0.0,860.0,False
b1c28,Batch 1,4.0,1.0796903,860.0,False
b1c28,Batch 1,8.0,1.0807317,860.0,False
b1c28,Batch 1,12.0,1.0809609,860.0,False
b1c28,Batch 1,16.0,1.0810999,860.0,False
b1c28,Batch 1,20.0,1.0812205,860.0,False
b1c28,Batch 1,24.0,1.0811247,860.0,False
b1c28,Batch 1,28.0,1.0811551,860.0,False
b1c28,Batch 1,32.0,1.0811845,860.0,False
b1c28,Batch 1,36.0,1.0811398,860.0,False
b1c28,Batch 1,40.0,1.0811094,860.0,False
b1c28,Batch 1,44.0,1.0810108,860.0,False
b1c28,Batch 1,48.0,1.0809727,860.0,False
b1c28,Batch 1,51.0,1.0812129,860.0,False
b1c28,Batch 1,55.0,1.0814849,860.0,False
b1c28,Batch 1,59.0,1.0808771,860.0,False
b1c28,Batch 1,63.0,1.0808728,860.0,False
b1c28,Batch 1,67.0,1.0807716,860.0,False
b1c28,Batch 1,71.0,1.0806307,860.0,False
b1c28,Batch 1,75.0,1.0804965,860.0,False
b1c28,Batch 1,79.0,1.0804443,860.0,False
b1c28,Batch 1,83.0,1.0803319,860.0,False
b1c28,Batch 1,87.0,1.0800933,860.0,False
b1c28,Batch 1,91.0,1.07998,860.0,False
b1c28,Batch 1,95.0,1.0798992,860.0,False
b1c28,Batch 1,98.0,1.0797493,860.0,False
b1c28,Batch 1,102.0,1.0796014,860.0,False
b1c28,Batch 1,106.0,1.0794938,860.0,False
b1c28,Batch 1,110.0,1.0794117,860.0,False
b1c28,Batch 1,114.0,1.0793475,860.0,False
b1c28,Batch 1,118.0,1.0791582,860.0,False
b1c28,Batch 1,122.0,1.0790917,860.0,False
b1c28,Batch 1,126.0,1.0788746,860.0,False
b1c28,Batch 1,130.0,1.0787458,860.0,False
b1c28,Batch 1,134.0,1.0785197,860.0,False
b1c28,Batch 1,138.0,1.0783664,860.0,False
b1c28,Batch 1,142.0,1.0782676,860.0,False
b1c28,Batch 1,145.0,1.0768826,860.0,False
b1c28,Batch 1,149.0,1.0779501,860.0,False
b1c28,Batch 1,153.0,1.0778451,860.0,False
b1c28,Batch 1,157.0,1.0776793,860.0,False
b1c28,Batch 1,161.0,1.0774988,860.0,False
b1c28,Batch 1,165.0,1.0776136,860.0,False
b1c28,Batch 1,169.0,1.0772163,860.0,False
b1c28,Batch 1,173.0,1.0774206,860.0,False
b1c28,Batch 1,177.0,1.0772343,860.0,False
b1c28,Batch 1,181.0,1.0767248,860.0,False
b1c28,Batch 1,185.0,1.0765263,860.0,False
b1c28,Batch 1,189.0,1.0762596,860.0,False
b1c28,Batch 1,192.0,1.0763625,860.0,False
b1c28,Batch 1,196.0,1.0760905,860.0,False
b1c28,Batch 1,200.0,1.0762458,860.0,False
b1c28,Batch 1,204.0,1.0762819,860.0,False
b1c28,Batch 1,208.0,1.0754399,860.0,False
b1c28,Batch 1,212.0,1.0752257,860.0,False
b1c28,Batch 1,216.0,1.07503,860.0,False
b1c28,Batch 1,220.0,1.0752113,860.0,False
b1c28,Batch 1,224.0,1.074747,860.0,False
b1c28,Batch 1,228.0,1.0747415,860.0,False
b1c28,Batch 1,232.0,1.0747161,860.0,False
b1c28,Batch 1,236.0,1.0729344,860.0,False
b1c28,Batch 1,239.0,1.0739655,860.0,False
b1c28,Batch 1,243.0,1.0737011,860.0,False
b1c28,Batch 1,247.0,1.0736758,860.0,False
b1c28,Batch 1,251.0,1.0734665,860.0,False
b1c28,Batch 1,255.0,1.0731535,860.0,False
b1c28,Batch 1,259.0,1.0733461,860.0,False
b1c28,Batch 1,263.0,1.0727633,860.0,False
b1c28,Batch 1,267.0,1.0725355,860.0,False
b1c28,Batch 1,271.0,1.072058,860.0,False
b1c28,Batch 1,275.0,1.0720789,860.0,False
b1c28,Batch 1,279.0,1.0718305,860.0,False
b1c28,Batch 1,283.0,1.0717078,860.0,False
b1c28,Batch 1,287.0,1.0717615,860.0,False
b1c28,Batch 1,290.0,1.0716596,860.0,False
b1c28,Batch 1,294.0,1.070899,860.0,False
b1c28,Batch 1,298.0,1.070565,860.0,False
b1c28,Batch 1,302.0,1.0702288,860.0,False
b1c28,Batch 1,306.0,1.0702847,860.0,False
b1c28,Batch 1,310.0,1.0698617,860.0,False
b1c28,Batch 1,314.0,1.0695709,860.0,False
b1c28,Batch 1,318.0,1.0695387,860.0,False
b1c28,Batch 1,322.0,1.0692955,860.0,False
b1c28,Batch 1,326.0,1.0689986,860.0,False
b1c28,Batch 1,330.0,1.0688702,860.0,False
b1c28,Batch 1,334.0,1.0691656,860.0,False
b1c28,Batch 1,337.0,1.0691643,860.0,False
b1c28,Batch 1,341.0,1.0693623,860.0,False
b1c28,Batch 1,345.0,1.069446,860.0,False
b1c28,Batch 1,349.0,1.0684582,860.0,False
b1c28,Batch 1,353.0,1.0676754,860.0,False
b1c28,Batch 1,357.0,1.067508,860.0,False
b1c28,Batch 1,361.0,1.0668411,860.0,False
b1c28,Batch 1,365.0,1.0670468,860.0,False
b1c28,Batch 1,369.0,1.0669452,860.0,False
b1c28,Batch 1,373.0,1.067697,860.0,False
b1c28,Batch 1,377.0,1.0665749,860.0,False
b1c28,Batch 1,381.0,1.0661436,860.0,False
b1c28,Batch 1,384.0,1.0659058,860.0,False
b1c28,Batch 1,388.0,1.0652828,860.0,False
b1c28,Batch 1,392.0,1.0654484,860.0,False
b1c28,Batch 1,396.0,1.0649158,860.0,False
b1c28,Batch 1,400.0,1.0650899,860.0,False
b1c28,Batch 1,404.0,1.0646564,860.0,False
b1c28,Batch 1,408.0,1.0636402,860.0,False
b1c28,Batch 1,412.0,1.0639384,860.0,False
b1c28,Batch 1,416.0,1.063535,860.0,False
b1c28,Batch 1,420.0,1.0628308,860.0,False
b1c28,Batch 1,424.0,1.0623307,860.0,False
b1c28,Batch 1,428.0,1.0627358,860.0,False
b1c28,Batch 1,431.0,1.0625596,860.0,False
b1c28,Batch 1,435.0,1.0613333,860.0,False
b1c28,Batch 1,439.0,1.0608578,860.0,False
b1c28,Batch 1,443.0,1.0608382,860.0,False
b1c28,Batch 1,447.0,1.0602007,860.0,False
b1c28,Batch 1,451.0,1.0597748,860.0,False
b1c28,Batch 1,455.0,1.0601315,860.0,False
b1c28,Batch 1,459.0,1.0599946,860.0,False
b1c28,Batch 1,463.0,1.0594655,860.0,False
b1c28,Batch 1,467.0,1.0581243,860.0,False
b1c28,Batch 1,471.0,1.0582197,860.0,False
b1c28,Batch 1,475.0,1.057687,860.0,False
b1c28,Batch 1,478.0,1.057707,860.0,False
b1c28,Batch 1,482.0,1.057335,860.0,False
b1c28,Batch 1,486.0,1.0578257,860.0,False
b1c28,Batch 1,490.0,1.0572102,860.0,False
b1c28,Batch 1,494.0,1.0563401,860.0,False
b1c28,Batch 1,498.0,1.0548722,860.0,False
b1c28,Batch 1,502.0,1.0541866,860.0,False
b1c28,Batch 1,506.0,1.0539111,860.0,False
b1c28,Batch 1,510.0,1.0533881,860.0,False
b1c28,Batch 1,514.0,1.0535095,860.0,False
b1c28,Batch 1,518.0,1.053071,860.0,False
b1c28,Batch 1,522.0,1.0521461,860.0,False
b1c28,Batch 1,525.0,1.0517308,860.0,False
b1c28,Batch 1,529.0,1.0513122,860.0,False
b1c28,Batch 1,533.0,1.0502093,860.0,False
b1c28,Batch 1,537.0,1.0498437,860.0,False
b1c28,Batch 1,541.0,1.049724,860.0,False
b1c28,Batch 1,545.0,1.0495396,860.0,False
b1c28,Batch 1,549.0,1.048527,860.0,False
b1c28,Batch 1,553.0,1.047695,860.0,False
b1c28,Batch 1,557.0,1.0471151,860.0,False
b1c28,Batch 1,561.0,1.0465713,860.0,False
b1c28,Batch 1,565.0,1.0455737,860.0,False
b1c28,Batch 1,569.0,1.0450164,860.0,False
b1c28,Batch 1,573.0,1.0445455,860.0,False
b1c28,Batch 1,576.0,1.044651,860.0,False
b1c28,Batch 1,580.0,1.0430685,860.0,False
b1c28,Batch 1,584.0,1.042312,860.0,False
b1c28,Batch 1,588.0,1.0415914,860.0,False
b1c28,Batch 1,592.0,1.0406507,860.0,False
b1c28,Batch 1,596.0,1.0400496,860.0,False
b1c28,Batch 1,600.0,1.0395499,860.0,False
b1c28,Batch 1,604.0,1.0391287,860.0,False
b1c28,Batch 1,608.0,1.0372304,860.0,False
b1c28,Batch 1,612.0,1.0360955,860.0,False
b1c28,Batch 1,616.0,1.0355593,860.0,False
b1c28,Batch 1,620.0,1.0344502,860.0,False
b1c28,Batch 1,623.0,1.0337511,860.0,False
b1c28,Batch 1,627.0,1.0326848,860.0,False
b1c28,Batch 1,631.0,1.0317557,860.0,False
b1c28,Batch 1,635.0,1.0308579,860.0,False
b1c28,Batch 1,639.0,1.0293866,860.0,False
b1c28,Batch 1,643.0,1.0280253,860.0,False
b1c28,Batch 1,647.0,1.0265925,860.0,False
b1c28,Batch 1,651.0,1.0255467,860.0,False
b1c28,Batch 1,655.0,1.0235016,860.0,False
b1c28,Batch 1,659.0,1.0217291,860.0,False
b1c28,Batch 1,663.0,1.0203749,860.0,False
b1c28,Batch 1,667.0,1.0181426,860.0,False
b1c28,Batch 1,670.0,1.0169706,860.0,False
b1c28,Batch 1,674.0,1.0147946,860.0,False
b1c28,Batch 1,678.0,1.0130697,860.0,False
b1c28,Batch 1,682.0,1.0103694,860.0,False
b1c28,Batch 1,686.0,1.0080309,860.0,False
b1c28,Batch 1,690.0,1.0059294,860.0,False
b1c28,Batch 1,694.0,1.0034571,860.0,False
b1c28,Batch 1,698.0,1.0007405,860.0,False
b1c28,Batch 1,702.0,0.99834603,860.0,False
b1c28,Batch 1,706.0,0.99548948,860.0,False
b1c28,Batch 1,710.0,0.99295682,860.0,False
b1c28,Batch 1,714.0,0.99007457,860.0,False
b1c28,Batch 1,717.0,0.98838687,860.0,False
b1c28,Batch 1,721.0,0.98570806,860.0,False
b1c28,Batch 1,725.0,0.9825623,860.0,False
b1c28,Batch 1,729.0,0.97962481,860.0,False
b1c28,Batch 1,733.0,0.97685248,860.0,False
b1c28,Batch 1,737.0,0.97432661,860.0,False
b1c28,Batch 1,741.0,0.97146946,860.0,False
b1c28,Batch 1,745.0,0.96884024,860.0,False
b1c28,Batch 1,749.0,0.96579224,860.0,False
b1c28,Batch 1,753.0,0.96338654,860.0,False
b1c28,Batch 1,757.0,0.96066099,860.0,False
b1c28,Batch 1,761.0,0.957735,860.0,False
b1c28,Batch 1,764.0,0.95533031,860.0,False
b1c28,Batch 1,768.0,0.95192564,860.0,False
b1c28,Batch 1,772.0,0.94905651,860.0,False
b1c28,Batch 1,776.0,0.94644988,860.0,False
b1c28,Batch 1,780.0,0.94365251,860.0,False
b1c28,Batch 1,784.0,0.94118029,860.0,False
b1c28,Batch 1,788.0,0.93856627,860.0,False
b1c28,Batch 1,792.0,0.93528187,860.0,False
b1c28,Batch 1,796.0,0.93195188,860.0,False
b1c28,Batch 1,800.0,0.92879891,860.0,False
b1c28,Batch 1,804.0,0.92598706,860.0,False
b1c28,Batch 1,808.0,0.92273796,860.0,False
b1c28,Batch 1,811.0,0.92057955,860.0,False
b1c28,Batch 1,815.0,0.91736925,860.0,False
b1c28,Batch 1,819.0,0.91497976,860.0,False
b1c28,Batch 1,823.0,0.91138059,860.0,False
b1c28,Batch 1,827.0,0.9083308,860.0,False
b1c28,Batch 1,831.0,0.90481144,860.0,False
b1c28,Batch 1,835.0,0.90158439,860.0,False
b1c28,Batch 1,839.0,0.89828318,860.0,False
b1c28,Batch 1,843.0,0.89466226,860.0,False
b1c28,Batch 1,847.0,0.89134037,860.0,False
b1c28,Batch 1,851.0,0.88795912,860.0,False
b1c28,Batch 1,855.0,0.88405281,860.0,False
b1c28,Batch 1,859.0,0.88058227,860.0,False
b1c29,Batch 1,1.0,0.0,917.0,False
b1c29,Batch 1,5.0,1.0817964,917.0,False
b1c29,Batch 1,9.0,1.0826534,917.0,False
b1c29,Batch 1,13.0,1.0830729,917.0,False
b1c29,Batch 1,17.0,1.0831524,917.0,False
b1c29,Batch 1,21.0,1.0832524,917.0,False
b1c29,Batch 1,26.0,1.0833081,917.0,False
b1c29,Batch 1,30.0,1.0833681,917.0,False
b1c29,Batch 1,34.0,1.0832559,917.0,False
b1c29,Batch 1,38.0,1.0833092,917.0,False
b1c29,Batch 1,42.0,1.083234,917.0,False
b1c29,Batch 1,46.0,1.0831847,917.0,False
b1c29,Batch 1,51.0,1.0833983,917.0,False
b1c29,Batch 1,55.0,1.0838029,917.0,False
b1c29,Batch 1,59.0,1.0829923,917.0,False
b1c29,Batch 1,63.0,1.0829027,917.0,False
b1c29,Batch 1,67.0,1.0828562,917.0,False
b1c29,Batch 1,72.0,1.0827421,917.0,False
b1c29,Batch 1,76.0,1.0825993,917.0,False
b1c29,Batch 1,80.0,1.0824996,917.0,False
b1c29,Batch 1,84.0,1.0822846,917.0,False
b1c29,Batch 1,88.0,1.0822413,917.0,False
b1c29,Batch 1,92.0,1.0821027,917.0,False
b1c29,Batch 1,97.0,1.0819383,917.0,False
b1c29,Batch 1,101.0,1.0818329,917.0,False
b1c29,Batch 1,105.0,1.081647,917.0,False
b1c29,Batch 1,109.0,1.0814419,917.0,False
b1c29,Batch 1,113.0,1.0814029,917.0,False
b1c29,Batch 1,117.0,1.0811491,917.0,False
b1c29,Batch 1,122.0,1.0810316,917.0,False
b1c29,Batch 1,126.0,1.080808,917.0,False
b1c29,Batch 1,130.0,1.0806227,917.0,False
b1c29,Batch 1,134.0,1.0804274,917.0,False
b1c29,Batch 1,138.0,1.0802222,917.0,False
b1c29,Batch 1,143.0,1.0800147,917.0,False
b1c29,Batch 1,147.0,1.0797907,917.0,False
b1c29,Batch 1,151.0,1.0796318,917.0,False
b1c29,Batch 1,155.0,1.0794709,917.0,False
b1c29,Batch 1,159.0,1.079281,917.0,False
b1c29,Batch 1,163.0,1.0790808,917.0,False
b1c29,Batch 1,168.0,1.0790482,917.0,False
b1c29,Batch 1,172.0,1.0787719,917.0,False
b1c29,Batch 1,176.0,1.0788903,917.0,False
b1c29,Batch 1,180.0,1.0783999,917.0,False
b1c29,Batch 1,184.0,1.0781623,917.0,False
b1c29,Batch 1,189.0,1.0778962,917.0,False
b1c29,Batch 1,193.0,1.0779788,917.0,False
b1c29,Batch 1,197.0,1.0776718,917.0,False
b1c29,Batch 1,201.0,1.0777732,917.0,False
b1c29,Batch 1,205.0,1.0778637,917.0,False
b1c29,Batch 1,209.0,1.0771438,917.0,False
b1c29,Batch 1,214.0,1.0767883,917.0,False
b1c29,Batch 1,218.0,1.0765975,917.0,False
b1c29,Batch 1,222.0,1.0768039,917.0,False
b1c29,Batch 1,226.0,1.0761082,917.0,False
b1c29,Batch 1,230.0,1.076321,917.0,False
b1c29,Batch 1,234.0,1.0761647,917.0,False
b1c29,Batch 1,239.0,1.0755227,917.0,False
b1c29,Batch 1,243.0,1.0750202,917.0,False
b1c29,Batch 1,247.0,1.0750736,917.0,False
b1c29,Batch 1,251.0,1.075007,917.0,False
b1c29,Batch 1,255.0,1.0746125,917.0,False
b1c29,Batch 1,260.0,1.0747274,917.0,False
b1c29,Batch 1,264.0,1.0742782,917.0,False
b1c29,Batch 1,268.0,1.0737406,917.0,False
b1c29,Batch 1,272.0,1.0736974,917.0,False
b1c29,Batch 1,276.0,1.0735422,917.0,False
b1c29,Batch 1,280.0,1.0731329,917.0,False
b1c29,Batch 1,285.0,1.0731264,917.0,False
b1c29,Batch 1,289.0,1.073351,917.0,False
b1c29,Batch 1,293.0,1.0728203,917.0,False
b1c29,Batch 1,297.0,1.0723734,917.0,False
b1c29,Batch 1,301.0,1.0718002,917.0,False
b1c29,Batch 1,306.0,1.0716439,917.0,False
b1c29,Batch 1,310.0,1.0715176,917.0,False
b1c29,Batch 1,314.0,1.071349,917.0,False
b1c29,Batch 1,318.0,1.070953,917.0,False
b1c29,Batch 1,322.0,1.0705148,917.0,False
b1c29,Batch 1,326.0,1.0705278,917.0,False
b1c29,Batch 1,331.0,1.0700083,917.0,False
b1c29,Batch 1,335.0,1.0707387,917.0,False
b1c29,Batch 1,339.0,1.0708468,917.0,False
b1c29,Batch 1,343.0,1.0710708,917.0,False
b1c29,Batch 1,347.0,1.0710003,917.0,False
b1c29,Batch 1,351.0,1.0699427,917.0,False
b1c29,Batch 1,356.0,1.0690457,917.0,False
b1c29,Batch 1,360.0,1.0692431,917.0,False
b1c29,Batch 1,364.0,1.0689783,917.0,False
b1c29,Batch 1,368.0,1.068388,917.0,False
b1c29,Batch 1,372.0,1.0687165,917.0,False
b1c29,Batch 1,377.0,1.0689682,917.0,False
b1c29,Batch 1,381.0,1.0679567,917.0,False
b1c29,Batch 1,385.0,1.0675124,917.0,False
b1c29,Batch 1,389.0,1.0667719,917.0,False
b1c29,Batch 1,393.0,1.0670024,917.0,False
b1c29,Batch 1,397.0,1.0662675,917.0,False
b1c29,Batch 1,402.0,1.0664262,917.0,False
b1c29,Batch 1,406.0,1.0663658,917.0,False
b1c29,Batch 1,410.0,1.0655298,917.0,False
b1c29,Batch 1,414.0,1.0651822,917.0,False
b1c29,Batch 1,418.0,1.0650127,917.0,False
b1c29,Batch 1,422.0,1.0648965,917.0,False
b1c29,Batch 1,427.0,1.0641642,917.0,False
b1c29,Batch 1,431.0,1.0645614,917.0,False
b1c29,Batch 1,435.0,1.0635252,917.0,False
b1c29,Batch 1,439.0,1.0632533,917.0,False
b1c29,Batch 1,443.0,1.0630035,917.0,False
b1c29,Batch 1,448.0,1.0620289,917.0,False
b1c29,Batch 1,452.0,1.0623168,917.0,False
b1c29,Batch 1,456.0,1.0608232,917.0,False
b1c29,Batch 1,460.0,1.0617094,917.0,False
b1c29,Batch 1,464.0,1.0617075,917.0,False
b1c29,Batch 1,468.0,1.0602947,917.0,False
b1c29,Batch 1,473.0,1.0602052,917.0,False
b1c29,Batch 1,477.0,1.0600059,917.0,False
b1c29,Batch 1,481.0,1.0596583,917.0,False
b1c29,Batch 1,485.0,1.0594817,917.0,False
b1c29,Batch 1,489.0,1.0597706,917.0,False
b1c29,Batch 1,494.0,1.0594969,917.0,False
b1c29,Batch 1,498.0,1.058527,917.0,False
b1c29,Batch 1,502.0,1.0572473,917.0,False
b1c29,Batch 1,506.0,1.0559369,917.0,False
b1c29,Batch 1,510.0,1.0564089,917.0,False
b1c29,Batch 1,514.0,1.0558305,917.0,False
b1c29,Batch 1,519.0,1.0555856,917.0,False
b1c29,Batch 1,523.0,1.0555528,917.0,False
b1c29,Batch 1,527.0,1.0542529,917.0,False
b1c29,Batch 1,531.0,1.05399,917.0,False
b1c29,Batch 1,535.0,1.0530875,917.0,False
b1c29,Batch 1,539.0,1.0533857,917.0,False
b1c29,Batch 1,544.0,1.0527856,917.0,False
b1c29,Batch 1,548.0,1.0527437,917.0,False
b1c29,Batch 1,552.0,1.0508898,917.0,False
b1c29,Batch 1,556.0,1.0517464,917.0,False
b1c29,Batch 1,560.0,1.0506552,917.0,False
b1c29,Batch 1,565.0,1.0503683,917.0,False
b1c29,Batch 1,569.0,1.0494682,917.0,False
b1c29,Batch 1,573.0,1.0497022,917.0,False
b1c29,Batch 1,577.0,1.0495305,917.0,False
b1c29,Batch 1,581.0,1.0491008,917.0,False
b1c29,Batch 1,585.0,1.0481898,917.0,False
b1c29,Batch 1,590.0,1.0473703,917.0,False
b1c29,Batch 1,594.0,1.0460887,917.0,False
b1c29,Batch 1,598.0,1.0459011,917.0,False
b1c29,Batch 1,602.0,1.045598,917.0,False
b1c29,Batch 1,606.0,1.0451353,917.0,False
b1c29,Batch 1,611.0,1.0440873,917.0,False
b1c29,Batch 1,615.0,1.0432945,917.0,False
b1c29,Batch 1,619.0,1.0427421,917.0,False
b1c29,Batch 1,623.0,1.0417402,917.0,False
b1c29,Batch 1,627.0,1.0409936,917.0,False
b1c29,Batch 1,631.0,1.0407078,917.0,False
b1c29,Batch 1,636.0,1.0398141,917.0,False
b1c29,Batch 1,640.0,1.0385602,917.0,False
b1c29,Batch 1,644.0,1.0380225,917.0,False
b1c29,Batch 1,648.0,1.0369714,917.0,False
b1c29,Batch 1,652.0,1.0361059,917.0,False
b1c29,Batch 1,656.0,1.0352719,917.0,False
b1c29,Batch 1,661.0,1.03423,917.0,False
b1c29,Batch 1,665.0,1.0336255,917.0,False
b1c29,Batch 1,669.0,1.0324132,917.0,False
b1c29,Batch 1,673.0,1.0315727,917.0,False
b1c29,Batch 1,677.0,1.0303071,917.0,False
b1c29,Batch 1,682.0,1.0279115,917.0,False
b1c29,Batch 1,686.0,1.0278639,917.0,False
b1c29,Batch 1,690.0,1.0268101,917.0,False
b1c29,Batch 1,694.0,1.0253695,917.0,False
b1c29,Batch 1,698.0,1.024206,917.0,False
b1c29,Batch 1,702.0,1.022722,917.0,False
b1c29,Batch 1,707.0,1.0206707,917.0,False
b1c29,Batch 1,711.0,1.0188768,917.0,False
b1c29,Batch 1,715.0,1.0170891,917.0,False
b1c29,Batch 1,719.0,1.0156227,917.0,False
b1c29,Batch 1,723.0,1.013164,917.0,False
b1c29,Batch 1,727.0,1.0115633,917.0,False
b1c29,Batch 1,732.0,1.0090013,917.0,False
b1c29,Batch 1,736.0,1.0071232,917.0,False
b1c29,Batch 1,740.0,1.0053213,917.0,False
b1c29,Batch 1,744.0,1.0034757,917.0,False
b1c29,Batch 1,748.0,1.0013317,917.0,False
b1c29,Batch 1,753.0,0.99907207,917.0,False
b1c29,Batch 1,757.0,0.99751502,917.0,False
b1c29,Batch 1,761.0,0.99539512,917.0,False
b1c29,Batch 1,765.0,0.99258506,917.0,False
b1c29,Batch 1,769.0,0.98975092,917.0,False
b1c29,Batch 1,773.0,0.98727179,917.0,False
b1c29,Batch 1,778.0,0.98415709,917.0,False
b1c29,Batch 1,782.0,0.98204273,917.0,False
b1c29,Batch 1,786.0,0.97986215,917.0,False
b1c29,Batch 1,790.0,0.97732949,917.0,False
b1c29,Batch 1,794.0,0.97453725,917.0,False
b1c29,Batch 1,799.0,0.97068578,917.0,False
b1c29,Batch 1,803.0,0.96820688,917.0,False
b1c29,Batch 1,807.0,0.96514827,917.0,False
b1c29,Batch 1,811.0,0.96214497,917.0,False
b1c29,Batch 1,815.0,0.95960593,917.0,False
b1c29,Batch 1,819.0,0.95742977,917.0,False
b1c29,Batch 1,824.0,0.95382446,917.0,False
b1c29,Batch 1,828.0,0.95059431,917.0,False
b1c29,Batch 1,832.0,0.94794869,917.0,False
b1c29,Batch 1,836.0,0.94516778,917.0,False
b1c29,Batch 1,840.0,0.94244558,917.0,False
b1c29,Batch 1,844.0,0.93933725,917.0,False
b1c29,Batch 1,849.0,0.93553102,917.0,False
b1c29,Batch 1,853.0,0.93307,917.0,False
b1c29,Batch 1,857.0,0.9302147,917.0,False
b1c29,Batch 1,861.0,0.92676824,917.0,False
b1c29,Batch 1,865.0,0.92366189,917.0,False
b1c29,Batch 1,870.0,0.91971183,917.0,False
b1c29,Batch 1,874.0,0.91661108,917.0,False
b1c29,Batch 1,878.0,0.91295171,917.0,False
b1c29,Batch 1,882.0,0.91038299,917.0,False
b1c29,Batch 1,886.0,0.90705991,917.0,False
b1c29,Batch 1,890.0,0.90356988,917.0,False
b1c29,Batch 1,895.0,0.89927381,917.0,False
b1c29,Batch 1,899.0,0.89609295,917.0,False
b1c29,Batch 1,903.0,0.89233822,917.0,False
b1c29,Batch 1,907.0,0.88928699,917.0,False
b1c29,Batch 1,911.0,0.88470638,917.0,False
b1c29,Batch 1,916.0,0.88035375,917.0,False
b1c30,Batch 1,1.0,0.0,709.0,False
b1c30,Batch 1,4.0,1.0818657,709.0,False
b1c30,Batch 1,7.0,1.0828056,709.0,False
b1c30,Batch 1,10.0,1.0833608,709.0,False
b1c30,Batch 1,13.0,1.0834947,709.0,False
b1c30,Batch 1,17.0,1.0836917,709.0,False
b1c30,Batch 1,20.0,1.0837077,709.0,False
b1c30,Batch 1,23.0,1.0836567,709.0,False
b1c30,Batch 1,26.0,1.0824287,709.0,False
b1c30,Batch 1,30.0,1.0836746,709.0,False
b1c30,Batch 1,33.0,1.0835627,709.0,False
b1c30,Batch 1,36.0,1.0835865,709.0,False
b1c30,Batch 1,39.0,1.0835924,709.0,False
b1c30,Batch 1,42.0,1.0834897,709.0,False
b1c30,Batch 1,46.0,1.0834157,709.0,False
b1c30,Batch 1,49.0,1.0833343,709.0,False
b1c30,Batch 1,52.0,1.0834047,709.0,False
b1c30,Batch 1,55.0,1.0837386,709.0,False
b1c30,Batch 1,59.0,1.082983,709.0,False
b1c30,Batch 1,62.0,1.0828736,709.0,False
b1c30,Batch 1,65.0,1.0828334,709.0,False
b1c30,Batch 1,68.0,1.0826602,709.0,False
b1c30,Batch 1,72.0,1.0825244,709.0,False
b1c30,Batch 1,75.0,1.0823795,709.0,False
b1c30,Batch 1,78.0,1.0822424,709.0,False
b1c30,Batch 1,81.0,1.0821713,709.0,False
b1c30,Batch 1,84.0,1.0820447,709.0,False
b1c30,Batch 1,88.0,1.0818365,709.0,False
b1c30,Batch 1,91.0,1.0817738,709.0,False
b1c30,Batch 1,94.0,1.0816331,709.0,False
b1c30,Batch 1,97.0,1.0815502,709.0,False
b1c30,Batch 1,101.0,1.0813658,709.0,False
b1c30,Batch 1,104.0,1.0812018,709.0,False
b1c30,Batch 1,107.0,1.0810549,709.0,False
b1c30,Batch 1,110.0,1.0808691,709.0,False
b1c30,Batch 1,113.0,1.080767,709.0,False
b1c30,Batch 1,117.0,1.0805246,709.0,False
b1c30,Batch 1,120.0,1.0804356,709.0,False
b1c30,Batch 1,123.0,1.0803586,709.0,False
b1c30,Batch 1,126.0,1.0802888,709.0,False
b1c30,Batch 1,130.0,1.0800225,709.0,False
b1c30,Batch 1,133.0,1.0798693,709.0,False
b1c30,Batch 1,136.0,1.0796955,709.0,False
b1c30,Batch 1,139.0,1.0794226,709.0,False
b1c30,Batch 1,143.0,1.0781125,709.0,False
b1c30,Batch 1,146.0,1.0791272,709.0,False
b1c30,Batch 1,149.0,1.0790176,709.0,False
b1c30,Batch 1,152.0,1.0788461,709.0,False
b1c30,Batch 1,155.0,1.078782,709.0,False
b1c30,Batch 1,159.0,1.0785021,709.0,False
b1c30,Batch 1,162.0,1.0782937,709.0,False
b1c30,Batch 1,165.0,1.0781164,709.0,False
b1c30,Batch 1,168.0,1.078208,709.0,False
b1c30,Batch 1,172.0,1.0766072,709.0,False
b1c30,Batch 1,175.0,1.0777006,709.0,False
b1c30,Batch 1,178.0,1.0765482,709.0,False
b1c30,Batch 1,181.0,1.0775273,709.0,False
b1c30,Batch 1,185.0,1.0770236,709.0,False
b1c30,Batch 1,188.0,1.0768331,709.0,False
b1c30,Batch 1,191.0,1.0766039,709.0,False
b1c30,Batch 1,194.0,1.0764766,709.0,False
b1c30,Batch 1,197.0,1.0766463,709.0,False
b1c30,Batch 1,201.0,1.0760773,709.0,False
b1c30,Batch 1,204.0,1.0763247,709.0,False
b1c30,Batch 1,207.0,1.0752038,709.0,False
b1c30,Batch 1,210.0,1.0761422,709.0,False
b1c30,Batch 1,214.0,1.0754035,709.0,False
b1c30,Batch 1,217.0,1.0751826,709.0,False
b1c30,Batch 1,220.0,1.0749805,709.0,False
b1c30,Batch 1,223.0,1.0749917,709.0,False
b1c30,Batch 1,226.0,1.0750214,709.0,False
b1c30,Batch 1,230.0,1.0744286,709.0,False
b1c30,Batch 1,233.0,1.0745822,709.0,False
b1c30,Batch 1,236.0,1.0744468,709.0,False
b1c30,Batch 1,239.0,1.0740365,709.0,False
b1c30,Batch 1,243.0,1.0737095,709.0,False
b1c30,Batch 1,246.0,1.0734736,709.0,False
b1c30,Batch 1,249.0,1.0732882,709.0,False
b1c30,Batch 1,252.0,1.0732247,709.0,False
b1c30,Batch 1,256.0,1.0728382,709.0,False
b1c30,Batch 1,259.0,1.072639,709.0,False
b1c30,Batch 1,262.0,1.0728045,709.0,False
b1c30,Batch 1,265.0,1.0726241,709.0,False
b1c30,Batch 1,268.0,1.0721152,709.0,False
b1c30,Batch 1,272.0,1.0718299,709.0,False
b1c30,Batch 1,275.0,1.0715096,709.0,False
b1c30,Batch 1,278.0,1.0712655,709.0,False
b1c30,Batch 1,281.0,1.0712614,709.0,False
b1c30,Batch 1,285.0,1.0707661,709.0,False
b1c30,Batch 1,288.0,1.0706701,709.0,False
b1c30,Batch 1,291.0,1.0708367,709.0,False
b1c30,Batch 1,294.0,1.0707458,709.0,False
b1c30,Batch 1,298.0,1.0699335,709.0,False
b1c30,Batch 1,301.0,1.0697222,709.0,False
b1c30,Batch 1,304.0,1.0694556,709.0,False
b1c30,Batch 1,307.0,1.0692872,709.0,False
b1c30,Batch 1,310.0,1.0690038,709.0,False
b1c30,Batch 1,314.0,1.0687733,709.0,False
b1c30,Batch 1,317.0,1.0686048,709.0,False
b1c30,Batch 1,320.0,1.0685227,709.0,False
b1c30,Batch 1,323.0,1.0683131,709.0,False
b1c30,Batch 1,327.0,1.0678124,709.0,False
b1c30,Batch 1,330.0,1.0675832,709.0,False
b1c30,Batch 1,333.0,1.0672853,709.0,False
b1c30,Batch 1,336.0,1.0673059,709.0,False
b1c30,Batch 1,339.0,1.0677629,709.0,False
b1c30,Batch 1,343.0,1.0673928,709.0,False
b1c30,Batch 1,346.0,1.0678059,709.0,False
b1c30,Batch 1,349.0,1.0672907,709.0,False
b1c30,Batch 1,352.0,1.0674332,709.0,False
b1c30,Batch 1,356.0,1.0663955,709.0,False
b1c30,Batch 1,359.0,1.0647962,709.0,False
b1c30,Batch 1,362.0,1.0654854,709.0,False
b1c30,Batch 1,365.0,1.0655078,709.0,False
b1c30,Batch 1,369.0,1.0650977,709.0,False
b1c30,Batch 1,372.0,1.0649681,709.0,False
b1c30,Batch 1,375.0,1.0649674,709.0,False
b1c30,Batch 1,378.0,1.0650531,709.0,False
b1c30,Batch 1,381.0,1.0644016,709.0,False
b1c30,Batch 1,385.0,1.0636361,709.0,False
b1c30,Batch 1,388.0,1.0632826,709.0,False
b1c30,Batch 1,391.0,1.063122,709.0,False
b1c30,Batch 1,394.0,1.0617739,709.0,False
b1c30,Batch 1,398.0,1.0624207,709.0,False
b1c30,Batch 1,401.0,1.0623802,709.0,False
b1c30,Batch 1,404.0,1.0624186,709.0,False
b1c30,Batch 1,407.0,1.0623608,709.0,False
b1c30,Batch 1,410.0,1.060887,709.0,False
b1c30,Batch 1,414.0,1.060802,709.0,False
b1c30,Batch 1,417.0,1.0604862,709.0,False
b1c30,Batch 1,420.0,1.0602216,709.0,False
b1c30,Batch 1,423.0,1.0601537,709.0,False
b1c30,Batch 1,427.0,1.0593902,709.0,False
b1c30,Batch 1,430.0,1.0593957,709.0,False
b1c30,Batch 1,433.0,1.0593668,709.0,False
b1c30,Batch 1,436.0,1.0585394,709.0,False
b1c30,Batch 1,440.0,1.0578092,709.0,False
b1c30,Batch 1,443.0,1.0571451,709.0,False
b1c30,Batch 1,446.0,1.0570545,709.0,False
b1c30,Batch 1,449.0,1.0566772,709.0,False
b1c30,Batch 1,452.0,1.0565252,709.0,False
b1c30,Batch 1,456.0,1.0557265,709.0,False
b1c30,Batch 1,459.0,1.0556716,709.0,False
b1c30,Batch 1,462.0,1.0552808,709.0,False
b1c30,Batch 1,465.0,1.0546848,709.0,False
b1c30,Batch 1,469.0,1.0539539,709.0,False
b1c30,Batch 1,472.0,1.0534481,709.0,False
b1c30,Batch 1,475.0,1.0528088,709.0,False
b1c30,Batch 1,478.0,1.0524158,709.0,False
b1c30,Batch 1,482.0,1.0516933,709.0,False
b1c30,Batch 1,485.0,1.0511677,709.0,False
b1c30,Batch 1,488.0,1.0502831,709.0,False
b1c30,Batch 1,491.0,1.0512328,709.0,False
b1c30,Batch 1,494.0,1.0498813,709.0,False
b1c30,Batch 1,498.0,1.0487528,709.0,False
b1c30,Batch 1,501.0,1.0474379,709.0,False
b1c30,Batch 1,504.0,1.0455233,709.0,False
b1c30,Batch 1,507.0,1.0460174,709.0,False
b1c30,Batch 1,511.0,1.0450652,709.0,False
b1c30,Batch 1,514.0,1.0439422,709.0,False
b1c30,Batch 1,517.0,1.0437994,709.0,False
b1c30,Batch 1,520.0,1.0428894,709.0,False
b1c30,Batch 1,523.0,1.0421673,709.0,False
b1c30,Batch 1,527.0,1.0406926,709.0,False
b1c30,Batch 1,530.0,1.0387388,709.0,False
b1c30,Batch 1,533.0,1.0386335,709.0,False
b1c30,Batch 1,536.0,1.036633,709.0,False
b1c30,Batch 1,540.0,1.0367488,709.0,False
b1c30,Batch 1,543.0,1.0356051,709.0,False
b1c30,Batch 1,546.0,1.0346929,709.0,False
b1c30,Batch 1,549.0,1.0332937,709.0,False
b1c30,Batch 1,553.0,1.0319233,709.0,False
b1c30,Batch 1,556.0,1.0305458,709.0,False
b1c30,Batch 1,559.0,1.0294168,709.0,False
b1c30,Batch 1,562.0,1.0278383,709.0,False
b1c30,Batch 1,565.0,1.0264437,709.0,False
b1c30,Batch 1,569.0,1.0241843,709.0,False
b1c30,Batch 1,572.0,1.0224766,709.0,False
b1c30,Batch 1,575.0,1.0209209,709.0,False
b1c30,Batch 1,578.0,1.0198829,709.0,False
b1c30,Batch 1,582.0,1.0165862,709.0,False
b1c30,Batch 1,585.0,1.0142502,709.0,False
b1c30,Batch 1,588.0,1.0124357,709.0,False
b1c30,Batch 1,591.0,1.0101848,709.0,False
b1c30,Batch 1,595.0,1.0063319,709.0,False
b1c30,Batch 1,598.0,1.0044217,709.0,False
b1c30,Batch 1,601.0,1.001297,709.0,False
b1c30,Batch 1,604.0,0.99915516,709.0,False
b1c30,Batch 1,607.0,0.99684602,709.0,False
b1c30,Batch 1,611.0,0.99332196,709.0,False
b1c30,Batch 1,614.0,0.9904061,709.0,False
b1c30,Batch 1,617.0,0.98791909,709.0,False
b1c30,Batch 1,620.0,0.98499876,709.0,False
b1c30,Batch 1,624.0,0.98073554,709.0,False
b1c30,Batch 1,627.0,0.97800797,709.0,False
b1c30,Batch 1,630.0,0.97491884,709.0,False
b1c30,Batch 1,633.0,0.97131246,709.0,False
b1c30,Batch 1,636.0,0.96836084,709.0,False
b1c30,Batch 1,640.0,0.96412772,709.0,False
b1c30,Batch 1,643.0,0.96050078,709.0,False
b1c30,Batch 1,646.0,0.95770115,709.0,False
b1c30,Batch 1,649.0,0.95429856,709.0,False
b1c30,Batch 1,653.0,0.94980639,709.0,False
b1c30,Batch 1,656.0,0.94586688,709.0,False
b1c30,Batch 1,659.0,0.942545,709.0,False
b1c30,Batch 1,662.0,0.93928719,709.0,False
b1c30,Batch 1,666.0,0.93409669,709.0,False
b1c30,Batch 1,669.0,0.93056363,709.0,False
b1c30,Batch 1,672.0,0.92699182,709.0,False
b1c30,Batch 1,675.0,0.92331451,709.0,False
b1c30,Batch 1,678.0,0.919595,709.0,False
b1c30,Batch 1,682.0,0.91460896,709.0,False
b1c30,Batch 1,685.0,0.91060507,709.0,False
b1c30,Batch 1,688.0,0.90678155,709.0,False
b1c30,Batch 1,691.0,0.90286666,709.0,False
b1c30,Batch 1,695.0,0.8976689,709.0,False
b1c30,Batch 1,698.0,0.89375675,709.0,False
b1c30,Batch 1,701.0,0.88851744,709.0,False
b1c30,Batch 1,704.0,0.88592416,709.0,False
b1c30,Batch 1,708.0,0.88054287,709.0,False
b1c31,Batch 1,1.0,0.0,876.0,False
b1c31,Batch 1,4.0,1.0967276,876.0,False
b1c31,Batch 1,8.0,1.0979507,876.0,False
b1c31,Batch 1,12.0,1.0982825,876.0,False
b1c31,Batch 1,16.0,1.0983149,876.0,False
b1c31,Batch 1,20.0,1.098241,876.0,False
b1c31,Batch 1,24.0,1.098121,876.0,False
b1c31,Batch 1,28.0,1.0980428,876.0,False
b1c31,Batch 1,32.0,1.0966856,876.0,False
b1c31,Batch 1,36.0,1.0979098,876.0,False
b1c31,Batch 1,40.0,1.0977814,876.0,False
b1c31,Batch 1,44.0,1.097607,876.0,False
b1c31,Batch 1,48.0,1.0974392,876.0,False
b1c31,Batch 1,52.0,1.0975264,876.0,False
b1c31,Batch 1,56.0,1.0978572,876.0,False
b1c31,Batch 1,60.0,1.0970653,876.0,False
b1c31,Batch 1,64.0,1.0969224,876.0,False
b1c31,Batch 1,68.0,1.0967592,876.0,False
b1c31,Batch 1,72.0,1.0965809,876.0,False
b1c31,Batch 1,76.0,1.0963832,876.0,False
b1c31,Batch 1,80.0,1.0962231,876.0,False
b1c31,Batch 1,84.0,1.0960238,876.0,False
b1c31,Batch 1,88.0,1.0958792,876.0,False
b1c31,Batch 1,92.0,1.0956663,876.0,False
b1c31,Batch 1,96.0,1.0954814,876.0,False
b1c31,Batch 1,100.0,1.0953494,876.0,False
b1c31,Batch 1,104.0,1.0951551,876.0,False
b1c31,Batch 1,108.0,1.0949439,876.0,False
b1c31,Batch 1,112.0,1.0947282,876.0,False
b1c31,Batch 1,116.0,1.0946404,876.0,False
b1c31,Batch 1,120.0,1.0931723,876.0,False
b1c31,Batch 1,124.0,1.0942718,876.0,False
b1c31,Batch 1,128.0,1.094041,876.0,False
b1c31,Batch 1,132.0,1.0926069,876.0,False
b1c31,Batch 1,136.0,1.0936234,876.0,False
b1c31,Batch 1,140.0,1.0932957,876.0,False
b1c31,Batch 1,144.0,1.0932304,876.0,False
b1c31,Batch 1,148.0,1.0929481,876.0,False
b1c31,Batch 1,152.0,1.0927707,876.0,False
b1c31,Batch 1,156.0,1.0926775,876.0,False
b1c31,Batch 1,160.0,1.0925219,876.0,False
b1c31,Batch 1,164.0,1.0922233,876.0,False
b1c31,Batch 1,168.0,1.0921677,876.0,False
b1c31,Batch 1,172.0,1.0920023,876.0,False
b1c31,Batch 1,176.0,1.0917386,876.0,False
b1c31,Batch 1,180.0,1.0918089,876.0,False
b1c31,Batch 1,184.0,1.0912983,876.0,False
b1c31,Batch 1,188.0,1.0910932,876.0,False
b1c31,Batch 1,192.0,1.090806,876.0,False
b1c31,Batch 1,196.0,1.0906235,876.0,False
b1c31,Batch 1,200.0,1.0905883,876.0,False
b1c31,Batch 1,204.0,1.090265,876.0,False
b1c31,Batch 1,208.0,1.0905794,876.0,False
b1c31,Batch 1,212.0,1.0900198,876.0,False
b1c31,Batch 1,216.0,1.0894669,876.0,False
b1c31,Batch 1,220.0,1.0892283,876.0,False
b1c31,Batch 1,224.0,1.0891926,876.0,False
b1c31,Batch 1,228.0,1.0892034,876.0,False
b1c31,Batch 1,232.0,1.0873872,876.0,False
b1c31,Batch 1,236.0,1.0887893,876.0,False
b1c31,Batch 1,240.0,1.0885071,876.0,False
b1c31,Batch 1,244.0,1.0880306,876.0,False
b1c31,Batch 1,248.0,1.0876878,876.0,False
b1c31,Batch 1,252.0,1.0875535,876.0,False
b1c31,Batch 1,256.0,1.0876375,876.0,False
b1c31,Batch 1,260.0,1.0870761,876.0,False
b1c31,Batch 1,264.0,1.0872746,876.0,False
b1c31,Batch 1,268.0,1.0870932,876.0,False
b1c31,Batch 1,272.0,1.0865225,876.0,False
b1c31,Batch 1,276.0,1.0861915,876.0,False
b1c31,Batch 1,280.0,1.0860307,876.0,False
b1c31,Batch 1,284.0,1.0859461,876.0,False
b1c31,Batch 1,288.0,1.0856168,876.0,False
b1c31,Batch 1,292.0,1.0856915,876.0,False
b1c31,Batch 1,296.0,1.0856683,876.0,False
b1c31,Batch 1,300.0,1.0849687,876.0,False
b1c31,Batch 1,304.0,1.0846654,876.0,False
b1c31,Batch 1,308.0,1.0842801,876.0,False
b1c31,Batch 1,312.0,1.0841547,876.0,False
b1c31,Batch 1,316.0,1.0838605,876.0,False
b1c31,Batch 1,320.0,1.0837839,876.0,False
b1c31,Batch 1,324.0,1.0836271,876.0,False
b1c31,Batch 1,328.0,1.0832287,876.0,False
b1c31,Batch 1,332.0,1.0829395,876.0,False
b1c31,Batch 1,336.0,1.0826564,876.0,False
b1c31,Batch 1,340.0,1.083269,876.0,False
b1c31,Batch 1,344.0,1.0832053,876.0,False
b1c31,Batch 1,348.0,1.0835121,876.0,False
b1c31,Batch 1,352.0,1.0837816,876.0,False
b1c31,Batch 1,356.0,1.0818423,876.0,False
b1c31,Batch 1,360.0,1.0822875,876.0,False
b1c31,Batch 1,364.0,1.0820125,876.0,False
b1c31,Batch 1,368.0,1.0805267,876.0,False
b1c31,Batch 1,372.0,1.0814487,876.0,False
b1c31,Batch 1,376.0,1.081413,876.0,False
b1c31,Batch 1,380.0,1.0815891,876.0,False
b1c31,Batch 1,384.0,1.0811542,876.0,False
b1c31,Batch 1,388.0,1.0803998,876.0,False
b1c31,Batch 1,392.0,1.0801243,876.0,False
b1c31,Batch 1,396.0,1.0798788,876.0,False
b1c31,Batch 1,400.0,1.0796527,876.0,False
b1c31,Batch 1,404.0,1.0793632,876.0,False
b1c31,Batch 1,408.0,1.0795736,876.0,False
b1c31,Batch 1,412.0,1.0791882,876.0,False
b1c31,Batch 1,416.0,1.0783428,876.0,False
b1c31,Batch 1,420.0,1.0779786,876.0,False
b1c31,Batch 1,424.0,1.0777786,876.0,False
b1c31,Batch 1,428.0,1.0776179,876.0,False
b1c31,Batch 1,432.0,1.0771273,876.0,False
b1c31,Batch 1,436.0,1.0774003,876.0,False
b1c31,Batch 1,439.0,1.0772216,876.0,False
b1c31,Batch 1,443.0,1.0763075,876.0,False
b1c31,Batch 1,447.0,1.0758014,876.0,False
b1c31,Batch 1,451.0,1.0755388,876.0,False
b1c31,Batch 1,455.0,1.0754725,876.0,False
b1c31,Batch 1,459.0,1.0748986,876.0,False
b1c31,Batch 1,463.0,1.0748979,876.0,False
b1c31,Batch 1,467.0,1.0747099,876.0,False
b1c31,Batch 1,471.0,1.0740117,876.0,False
b1c31,Batch 1,475.0,1.0735124,876.0,False
b1c31,Batch 1,479.0,1.0731002,876.0,False
b1c31,Batch 1,483.0,1.0726746,876.0,False
b1c31,Batch 1,487.0,1.0722854,876.0,False
b1c31,Batch 1,491.0,1.0725023,876.0,False
b1c31,Batch 1,495.0,1.072629,876.0,False
b1c31,Batch 1,499.0,1.0718369,876.0,False
b1c31,Batch 1,503.0,1.0709103,876.0,False
b1c31,Batch 1,507.0,1.0674767,876.0,False
b1c31,Batch 1,511.0,1.0691571,876.0,False
b1c31,Batch 1,515.0,1.0688027,876.0,False
b1c31,Batch 1,519.0,1.0684726,876.0,False
b1c31,Batch 1,523.0,1.0684018,876.0,False
b1c31,Batch 1,527.0,1.0678487,876.0,False
b1c31,Batch 1,531.0,1.067089,876.0,False
b1c31,Batch 1,535.0,1.0666475,876.0,False
b1c31,Batch 1,539.0,1.0662951,876.0,False
b1c31,Batch 1,543.0,1.0658605,876.0,False
b1c31,Batch 1,547.0,1.065394,876.0,False
b1c31,Batch 1,551.0,1.0648534,876.0,False
b1c31,Batch 1,555.0,1.0644804,876.0,False
b1c31,Batch 1,559.0,1.0637398,876.0,False
b1c31,Batch 1,563.0,1.0619512,876.0,False
b1c31,Batch 1,567.0,1.0626384,876.0,False
b1c31,Batch 1,571.0,1.0620005,876.0,False
b1c31,Batch 1,575.0,1.0616026,876.0,False
b1c31,Batch 1,579.0,1.0615199,876.0,False
b1c31,Batch 1,583.0,1.0609962,876.0,False
b1c31,Batch 1,587.0,1.0598085,876.0,False
b1c31,Batch 1,591.0,1.0590265,876.0,False
b1c31,Batch 1,595.0,1.0582943,876.0,False
b1c31,Batch 1,599.0,1.057893,876.0,False
b1c31,Batch 1,603.0,1.0569896,876.0,False
b1c31,Batch 1,607.0,1.0567876,876.0,False
b1c31,Batch 1,611.0,1.0561478,876.0,False
b1c31,Batch 1,615.0,1.0548609,876.0,False
b1c31,Batch 1,619.0,1.0542219,876.0,False
b1c31,Batch 1,623.0,1.0532489,876.0,False
b1c31,Batch 1,627.0,1.0522037,876.0,False
b1c31,Batch 1,631.0,1.0515532,876.0,False
b1c31,Batch 1,635.0,1.0503643,876.0,False
b1c31,Batch 1,639.0,1.0489267,876.0,False
b1c31,Batch 1,643.0,1.0486269,876.0,False
b1c31,Batch 1,647.0,1.0478075,876.0,False
b1c31,Batch 1,651.0,1.0464586,876.0,False
b1c31,Batch 1,655.0,1.0454708,876.0,False
b1c31,Batch 1,659.0,1.0442455,876.0,False
b1c31,Batch 1,663.0,1.0434074,876.0,False
b1c31,Batch 1,667.0,1.0420488,876.0,False
b1c31,Batch 1,671.0,1.0407802,876.0,False
b1c31,Batch 1,675.0,1.0395157,876.0,False
b1c31,Batch 1,679.0,1.0382181,876.0,False
b1c31,Batch 1,683.0,1.0366169,876.0,False
b1c31,Batch 1,687.0,1.0348678,876.0,False
b1c31,Batch 1,691.0,1.0334361,876.0,False
b1c31,Batch 1,695.0,1.0317518,876.0,False
b1c31,Batch 1,699.0,1.0293957,876.0,False
b1c31,Batch 1,703.0,1.0278037,876.0,False
b1c31,Batch 1,707.0,1.0254093,876.0,False
b1c31,Batch 1,711.0,1.0230842,876.0,False
b1c31,Batch 1,715.0,1.0208563,876.0,False
b1c31,Batch 1,719.0,1.0182619,876.0,False
b1c31,Batch 1,723.0,1.0159587,876.0,False
b1c31,Batch 1,727.0,1.013119,876.0,False
b1c31,Batch 1,731.0,1.0107946,876.0,False
b1c31,Batch 1,735.0,1.0078189,876.0,False
b1c31,Batch 1,739.0,1.004781,876.0,False
b1c31,Batch 1,743.0,1.0022347,876.0,False
b1c31,Batch 1,747.0,0.99915338,876.0,False
b1c31,Batch 1,751.0,0.99625647,876.0,False
b1c31,Batch 1,755.0,0.99390036,876.0,False
b1c31,Batch 1,759.0,0.99041796,876.0,False
b1c31,Batch 1,763.0,0.98666406,876.0,False
b1c31,Batch 1,767.0,0.98347086,876.0,False
b1c31,Batch 1,771.0,0.98006403,876.0,False
b1c31,Batch 1,775.0,0.97680926,876.0,False
b1c31,Batch 1,779.0,0.97350502,876.0,False
b1c31,Batch 1,783.0,0.97047532,876.0,False
b1c31,Batch 1,787.0,0.96736258,876.0,False
b1c31,Batch 1,791.0,0.96382874,876.0,False
b1c31,Batch 1,795.0,0.96024489,876.0,False
b1c31,Batch 1,799.0,0.95663053,876.0,False
b1c31,Batch 1,803.0,0.95305282,876.0,False
b1c31,Batch 1,807.0,0.94931394,876.0,False
b1c31,Batch 1,811.0,0.94581825,876.0,False
b1c31,Batch 1,815.0,0.94263214,876.0,False
b1c31,Batch 1,819.0,0.93931371,876.0,False
b1c31,Batch 1,823.0,0.93567228,876.0,False
b1c31,Batch 1,827.0,0.93147492,876.0,False
b1c31,Batch 1,831.0,0.92771095,876.0,False
b1c31,Batch 1,835.0,0.9239831,876.0,False
b1c31,Batch 1,839.0,0.91986281,876.0,False
b1c31,Batch 1,843.0,0.91583216,876.0,False
b1c31,Batch 1,847.0,0.91206634,876.0,False
b1c31,Batch 1,851.0,0.9081226,876.0,False
b1c31,Batch 1,855.0,0.90389991,876.0,False
b1c31,Batch 1,859.0,0.8993023,876.0,False
b1c31,Batch 1,863.0,0.89491063,876.0,False
b1c31,Batch 1,867.0,0.8893199,876.0,False
b1c31,Batch 1,871.0,0.88579994,876.0,False
b1c31,Batch 1,875.0,0.88099223,876.0,False
b1c32,Batch 1,1.0,0.0,731.0,False
b1c32,Batch 1,4.0,1.0795897,731.0,False
b1c32,Batch 1,7.0,1.080685,731.0,False
b1c32,Batch 1,10.0,1.0810486,731.0,False
b1c32,Batch 1,14.0,1.0812478,731.0,False
b1c32,Batch 1,17.0,1.0813031,731.0,False
b1c32,Batch 1,20.0,1.0813514,731.0,False
b1c32,Batch 1,24.0,1.0813745,731.0,False
b1c32,Batch 1,27.0,1.0812505,731.0,False
b1c32,Batch 1,30.0,1.0812517,731.0,False
b1c32,Batch 1,34.0,1.081282,731.0,False
b1c32,Batch 1,37.0,1.0812566,731.0,False
b1c32,Batch 1,40.0,1.0812559,731.0,False
b1c32,Batch 1,44.0,1.0811298,731.0,False
b1c32,Batch 1,47.0,1.0810492,731.0,False
b1c32,Batch 1,50.0,1.080977,731.0,False
b1c32,Batch 1,54.0,1.0816311,731.0,False
b1c32,Batch 1,57.0,1.0810215,731.0,False
b1c32,Batch 1,60.0,1.0807967,731.0,False
b1c32,Batch 1,64.0,1.0808103,731.0,False
b1c32,Batch 1,67.0,1.0806123,731.0,False
b1c32,Batch 1,70.0,1.0804456,731.0,False
b1c32,Batch 1,74.0,1.0803533,731.0,False
b1c32,Batch 1,77.0,1.0802605,731.0,False
b1c32,Batch 1,80.0,1.0801467,731.0,False
b1c32,Batch 1,84.0,1.0799866,731.0,False
b1c32,Batch 1,87.0,1.079965,731.0,False
b1c32,Batch 1,90.0,1.0797598,731.0,False
b1c32,Batch 1,94.0,1.0796245,731.0,False
b1c32,Batch 1,97.0,1.0795412,731.0,False
b1c32,Batch 1,100.0,1.0793804,731.0,False
b1c32,Batch 1,104.0,1.0792534,731.0,False
b1c32,Batch 1,107.0,1.0791141,731.0,False
b1c32,Batch 1,110.0,1.0789045,731.0,False
b1c32,Batch 1,114.0,1.0788572,731.0,False
b1c32,Batch 1,117.0,1.0774834,731.0,False
b1c32,Batch 1,120.0,1.0785967,731.0,False
b1c32,Batch 1,124.0,1.0785294,731.0,False
b1c32,Batch 1,127.0,1.0783349,731.0,False
b1c32,Batch 1,130.0,1.0781649,731.0,False
b1c32,Batch 1,134.0,1.0779699,731.0,False
b1c32,Batch 1,137.0,1.0777919,731.0,False
b1c32,Batch 1,140.0,1.0776445,731.0,False
b1c32,Batch 1,144.0,1.0775403,731.0,False
b1c32,Batch 1,147.0,1.0773321,731.0,False
b1c32,Batch 1,150.0,1.0772272,731.0,False
b1c32,Batch 1,154.0,1.0770655,731.0,False
b1c32,Batch 1,157.0,1.0769444,731.0,False
b1c32,Batch 1,160.0,1.0768178,731.0,False
b1c32,Batch 1,164.0,1.0765612,731.0,False
b1c32,Batch 1,167.0,1.0765797,731.0,False
b1c32,Batch 1,170.0,1.0765326,731.0,False
b1c32,Batch 1,174.0,1.0761019,731.0,False
b1c32,Batch 1,177.0,1.076334,731.0,False
b1c32,Batch 1,180.0,1.0761679,731.0,False
b1c32,Batch 1,184.0,1.0755635,731.0,False
b1c32,Batch 1,187.0,1.0754088,731.0,False
b1c32,Batch 1,190.0,1.0752383,731.0,False
b1c32,Batch 1,194.0,1.0750496,731.0,False
b1c32,Batch 1,197.0,1.075211,731.0,False
b1c32,Batch 1,200.0,1.0747597,731.0,False
b1c32,Batch 1,204.0,1.0749308,731.0,False
b1c32,Batch 1,207.0,1.0749788,731.0,False
b1c32,Batch 1,210.0,1.0746504,731.0,False
b1c32,Batch 1,214.0,1.0739325,731.0,False
b1c32,Batch 1,217.0,1.073723,731.0,False
b1c32,Batch 1,220.0,1.073498,731.0,False
b1c32,Batch 1,224.0,1.0735974,731.0,False
b1c32,Batch 1,227.0,1.0733075,731.0,False
b1c32,Batch 1,230.0,1.0728877,731.0,False
b1c32,Batch 1,234.0,1.0730772,731.0,False
b1c32,Batch 1,237.0,1.072863,731.0,False
b1c32,Batch 1,240.0,1.0723693,731.0,False
b1c32,Batch 1,244.0,1.0720611,731.0,False
b1c32,Batch 1,247.0,1.0718168,731.0,False
b1c32,Batch 1,250.0,1.0716642,731.0,False
b1c32,Batch 1,253.0,1.0717949,731.0,False
b1c32,Batch 1,257.0,1.071161,731.0,False
b1c32,Batch 1,260.0,1.0711387,731.0,False
b1c32,Batch 1,263.0,1.0711694,731.0,False
b1c32,Batch 1,267.0,1.070649,731.0,False
b1c32,Batch 1,270.0,1.0702697,731.0,False
b1c32,Batch 1,273.0,1.0698597,731.0,False
b1c32,Batch 1,277.0,1.0695986,731.0,False
b1c32,Batch 1,280.0,1.0695469,731.0,False
b1c32,Batch 1,283.0,1.0693302,731.0,False
b1c32,Batch 1,287.0,1.0689729,731.0,False
b1c32,Batch 1,290.0,1.0690669,731.0,False
b1c32,Batch 1,293.0,1.0689654,731.0,False
b1c32,Batch 1,297.0,1.0682465,731.0,False
b1c32,Batch 1,300.0,1.0679518,731.0,False
b1c32,Batch 1,303.0,1.067735,731.0,False
b1c32,Batch 1,307.0,1.0673544,731.0,False
b1c32,Batch 1,310.0,1.0671096,731.0,False
b1c32,Batch 1,313.0,1.0665143,731.0,False
b1c32,Batch 1,317.0,1.0666217,731.0,False
b1c32,Batch 1,320.0,1.0663295,731.0,False
b1c32,Batch 1,323.0,1.0662472,731.0,False
b1c32,Batch 1,327.0,1.065636,731.0,False
b1c32,Batch 1,330.0,1.065323,731.0,False
b1c32,Batch 1,333.0,1.0638188,731.0,False
b1c32,Batch 1,337.0,1.0654788,731.0,False
b1c32,Batch 1,340.0,1.0654423,731.0,False
b1c32,Batch 1,343.0,1.0651944,731.0,False
b1c32,Batch 1,347.0,1.0656023,731.0,False
b1c32,Batch 1,350.0,1.0651692,731.0,False
b1c32,Batch 1,353.0,1.0648276,731.0,False
b1c32,Batch 1,357.0,1.0639948,731.0,False
b1c32,Batch 1,360.0,1.0636348,731.0,False
b1c32,Batch 1,363.0,1.0631096,731.0,False
b1c32,Batch 1,367.0,1.0626913,731.0,False
b1c32,Batch 1,370.0,1.0623734,731.0,False
b1c32,Batch 1,373.0,1.0620998,731.0,False
b1c32,Batch 1,377.0,1.0626111,731.0,False
b1c32,Batch 1,380.0,1.0618037,731.0,False
b1c32,Batch 1,383.0,1.0613867,731.0,False
b1c32,Batch 1,387.0,1.0608193,731.0,False
b1c32,Batch 1,390.0,1.0598857,731.0,False
b1c32,Batch 1,393.0,1.0601069,731.0,False
b1c32,Batch 1,397.0,1.0596159,731.0,False
b1c32,Batch 1,400.0,1.0591838,731.0,False
b1c32,Batch 1,403.0,1.059045,731.0,False
b1c32,Batch 1,407.0,1.058908,731.0,False
b1c32,Batch 1,410.0,1.0588868,731.0,False
b1c32,Batch 1,413.0,1.0582209,731.0,False
b1c32,Batch 1,417.0,1.0572023,731.0,False
b1c32,Batch 1,420.0,1.0568188,731.0,False
b1c32,Batch 1,423.0,1.0566523,731.0,False
b1c32,Batch 1,427.0,1.0561903,731.0,False
b1c32,Batch 1,430.0,1.055654,731.0,False
b1c32,Batch 1,433.0,1.0558276,731.0,False
b1c32,Batch 1,437.0,1.0557138,731.0,False
b1c32,Batch 1,440.0,1.0542063,731.0,False
b1c32,Batch 1,443.0,1.0541185,731.0,False
b1c32,Batch 1,447.0,1.0536677,731.0,False
b1c32,Batch 1,450.0,1.0528313,731.0,False
b1c32,Batch 1,453.0,1.0531591,731.0,False
b1c32,Batch 1,457.0,1.0516949,731.0,False
b1c32,Batch 1,460.0,1.0520401,731.0,False
b1c32,Batch 1,463.0,1.051656,731.0,False
b1c32,Batch 1,467.0,1.0510677,731.0,False
b1c32,Batch 1,470.0,1.050553,731.0,False
b1c32,Batch 1,473.0,1.0493844,731.0,False
b1c32,Batch 1,477.0,1.0484127,731.0,False
b1c32,Batch 1,480.0,1.0488257,731.0,False
b1c32,Batch 1,483.0,1.0480872,731.0,False
b1c32,Batch 1,487.0,1.0473093,731.0,False
b1c32,Batch 1,490.0,1.0467559,731.0,False
b1c32,Batch 1,493.0,1.046663,731.0,False
b1c32,Batch 1,496.0,1.0460653,731.0,False
b1c32,Batch 1,500.0,1.0445522,731.0,False
b1c32,Batch 1,503.0,1.0439215,731.0,False
b1c32,Batch 1,506.0,1.0421091,731.0,False
b1c32,Batch 1,510.0,1.0410919,731.0,False
b1c32,Batch 1,513.0,1.0402163,731.0,False
b1c32,Batch 1,516.0,1.0395463,731.0,False
b1c32,Batch 1,520.0,1.0386229,731.0,False
b1c32,Batch 1,523.0,1.0381367,731.0,False
b1c32,Batch 1,526.0,1.0372719,731.0,False
b1c32,Batch 1,530.0,1.0355233,731.0,False
b1c32,Batch 1,533.0,1.0344727,731.0,False
b1c32,Batch 1,536.0,1.0336353,731.0,False
b1c32,Batch 1,540.0,1.0323069,731.0,False
b1c32,Batch 1,543.0,1.0313511,731.0,False
b1c32,Batch 1,546.0,1.0303943,731.0,False
b1c32,Batch 1,550.0,1.0290335,731.0,False
b1c32,Batch 1,553.0,1.0276525,731.0,False
b1c32,Batch 1,556.0,1.0268358,731.0,False
b1c32,Batch 1,560.0,1.0249293,731.0,False
b1c32,Batch 1,563.0,1.0237097,731.0,False
b1c32,Batch 1,566.0,1.0222129,731.0,False
b1c32,Batch 1,570.0,1.0201943,731.0,False
b1c32,Batch 1,573.0,1.019172,731.0,False
b1c32,Batch 1,576.0,1.0178672,731.0,False
b1c32,Batch 1,580.0,1.0159134,731.0,False
b1c32,Batch 1,583.0,1.0149592,731.0,False
b1c32,Batch 1,586.0,1.0129852,731.0,False
b1c32,Batch 1,590.0,1.0103242,731.0,False
b1c32,Batch 1,593.0,1.0084876,731.0,False
b1c32,Batch 1,596.0,1.0061675,731.0,False
b1c32,Batch 1,600.0,1.003453,731.0,False
b1c32,Batch 1,603.0,1.0015169,731.0,False
b1c32,Batch 1,606.0,0.99920112,731.0,False
b1c32,Batch 1,610.0,0.99639916,731.0,False
b1c32,Batch 1,613.0,0.99409753,731.0,False
b1c32,Batch 1,616.0,0.99143082,731.0,False
b1c32,Batch 1,620.0,0.9876104,731.0,False
b1c32,Batch 1,623.0,0.98500413,731.0,False
b1c32,Batch 1,626.0,0.98235643,731.0,False
b1c32,Batch 1,630.0,0.97879487,731.0,False
b1c32,Batch 1,633.0,0.97605234,731.0,False
b1c32,Batch 1,636.0,0.97315091,731.0,False
b1c32,Batch 1,640.0,0.96904111,731.0,False
b1c32,Batch 1,643.0,0.9665491,731.0,False
b1c32,Batch 1,646.0,0.96362078,731.0,False
b1c32,Batch 1,650.0,0.95950818,731.0,False
b1c32,Batch 1,653.0,0.95708066,731.0,False
b1c32,Batch 1,656.0,0.95379245,731.0,False
b1c32,Batch 1,660.0,0.95031291,731.0,False
b1c32,Batch 1,663.0,0.94741178,731.0,False
b1c32,Batch 1,666.0,0.94440842,731.0,False
b1c32,Batch 1,670.0,0.94060993,731.0,False
b1c32,Batch 1,673.0,0.93756497,731.0,False
b1c32,Batch 1,676.0,0.93464619,731.0,False
b1c32,Batch 1,680.0,0.93101519,731.0,False
b1c32,Batch 1,683.0,0.92790729,731.0,False
b1c32,Batch 1,686.0,0.92501628,731.0,False
b1c32,Batch 1,690.0,0.92107511,731.0,False
b1c32,Batch 1,693.0,0.91809165,731.0,False
b1c32,Batch 1,696.0,0.91501242,731.0,False
b1c32,Batch 1,700.0,0.91101068,731.0,False
b1c32,Batch 1,703.0,0.90835899,731.0,False
b1c32,Batch 1,706.0,0.9051522,731.0,False
b1c32,Batch 1,710.0,0.90109181,731.0,False
b1c32,Batch 1,713.0,0.89806426,731.0,False
b1c32,Batch 1,716.0,0.89512336,731.0,False
b1c32,Batch 1,720.0,0.89107484,731.0,False
b1c32,Batch 1,723.0,0.88783264,731.0,False
b1c32,Batch 1,726.0,0.88479799,731.0,False
b1c32,Batch 1,730.0,0.88080907,731.0,False
b1c33,Batch 1,1.0,0.0,757.0,False
b1c33,Batch 1,4.0,1.0946157,757.0,False
b1c33,Batch 1,7.0,1.0958574,757.0,False
b1c33,Batch 1,11.0,1.0962515,757.0,False
b1c33,Batch 1,14.0,1.0964614,757.0,False
b1c33,Batch 1,18.0,1.0965059,757.0,False
b1c33,Batch 1,21.0,1.0964094,757.0,False
b1c33,Batch 1,25.0,1.0963647,757.0,False
b1c33,Batch 1,28.0,1.0963322,757.0,False
b1c33,Batch 1,32.0,1.0962831,757.0,False
b1c33,Batch 1,35.0,1.0963312,757.0,False
b1c33,Batch 1,38.0,1.0962163,757.0,False
b1c33,Batch 1,42.0,1.0961481,757.0,False
b1c33,Batch 1,45.0,1.0960581,757.0,False
b1c33,Batch 1,49.0,1.0959038,757.0,False
b1c33,Batch 1,52.0,1.0964025,757.0,False
b1c33,Batch 1,56.0,1.0967855,757.0,False
b1c33,Batch 1,59.0,1.0955876,757.0,False
b1c33,Batch 1,63.0,1.0953642,757.0,False
b1c33,Batch 1,66.0,1.0952225,757.0,False
b1c33,Batch 1,69.0,1.0950963,757.0,False
b1c33,Batch 1,73.0,1.0949146,757.0,False
b1c33,Batch 1,76.0,1.0948173,757.0,False
b1c33,Batch 1,80.0,1.0946635,757.0,False
b1c33,Batch 1,83.0,1.0945283,757.0,False
b1c33,Batch 1,87.0,1.0944251,757.0,False
b1c33,Batch 1,90.0,1.0942037,757.0,False
b1c33,Batch 1,94.0,1.0940368,757.0,False
b1c33,Batch 1,97.0,1.0939567,757.0,False
b1c33,Batch 1,100.0,1.0937657,757.0,False
b1c33,Batch 1,104.0,1.0935876,757.0,False
b1c33,Batch 1,107.0,1.0934147,757.0,False
b1c33,Batch 1,111.0,1.0932541,757.0,False
b1c33,Batch 1,114.0,1.0930947,757.0,False
b1c33,Batch 1,118.0,1.0929463,757.0,False
b1c33,Batch 1,121.0,1.0928378,757.0,False
b1c33,Batch 1,125.0,1.0927119,757.0,False
b1c33,Batch 1,128.0,1.0925485,757.0,False
b1c33,Batch 1,132.0,1.0923107,757.0,False
b1c33,Batch 1,135.0,1.092085,757.0,False
b1c33,Batch 1,138.0,1.0918962,757.0,False
b1c33,Batch 1,142.0,1.0916834,757.0,False
b1c33,Batch 1,145.0,1.0915302,757.0,False
b1c33,Batch 1,149.0,1.0913409,757.0,False
b1c33,Batch 1,152.0,1.0911933,757.0,False
b1c33,Batch 1,156.0,1.091004,757.0,False
b1c33,Batch 1,159.0,1.0908445,757.0,False
b1c33,Batch 1,163.0,1.0906131,757.0,False
b1c33,Batch 1,166.0,1.0904864,757.0,False
b1c33,Batch 1,169.0,1.0907136,757.0,False
b1c33,Batch 1,173.0,1.0900691,757.0,False
b1c33,Batch 1,176.0,1.0903132,757.0,False
b1c33,Batch 1,180.0,1.090184,757.0,False
b1c33,Batch 1,183.0,1.0895959,757.0,False
b1c33,Batch 1,187.0,1.0893382,757.0,False
b1c33,Batch 1,190.0,1.0891383,757.0,False
b1c33,Batch 1,194.0,1.0890095,757.0,False
b1c33,Batch 1,197.0,1.0892206,757.0,False
b1c33,Batch 1,200.0,1.0886943,757.0,False
b1c33,Batch 1,204.0,1.0889975,757.0,False
b1c33,Batch 1,207.0,1.0890549,757.0,False
b1c33,Batch 1,211.0,1.0882186,757.0,False
b1c33,Batch 1,214.0,1.0877818,757.0,False
b1c33,Batch 1,218.0,1.0874461,757.0,False
b1c33,Batch 1,221.0,1.087307,757.0,False
b1c33,Batch 1,225.0,1.0875535,757.0,False
b1c33,Batch 1,228.0,1.086886,757.0,False
b1c33,Batch 1,231.0,1.0867541,757.0,False
b1c33,Batch 1,235.0,1.0868722,757.0,False
b1c33,Batch 1,238.0,1.0865797,757.0,False
b1c33,Batch 1,242.0,1.0859945,757.0,False
b1c33,Batch 1,245.0,1.085722,757.0,False
b1c33,Batch 1,249.0,1.0855227,757.0,False
b1c33,Batch 1,252.0,1.0855666,757.0,False
b1c33,Batch 1,256.0,1.0850363,757.0,False
b1c33,Batch 1,259.0,1.0848142,757.0,False
b1c33,Batch 1,263.0,1.0849138,757.0,False
b1c33,Batch 1,266.0,1.0846608,757.0,False
b1c33,Batch 1,269.0,1.0839294,757.0,False
b1c33,Batch 1,273.0,1.0835733,757.0,False
b1c33,Batch 1,276.0,1.0833458,757.0,False
b1c33,Batch 1,280.0,1.0831753,757.0,False
b1c33,Batch 1,283.0,1.0829494,757.0,False
b1c33,Batch 1,287.0,1.082608,757.0,False
b1c33,Batch 1,290.0,1.0828093,757.0,False
b1c33,Batch 1,294.0,1.0827478,757.0,False
b1c33,Batch 1,297.0,1.0818524,757.0,False
b1c33,Batch 1,300.0,1.0815403,757.0,False
b1c33,Batch 1,304.0,1.0811594,757.0,False
b1c33,Batch 1,307.0,1.0808836,757.0,False
b1c33,Batch 1,311.0,1.0805911,757.0,False
b1c33,Batch 1,314.0,1.0802584,757.0,False
b1c33,Batch 1,318.0,1.0800371,757.0,False
b1c33,Batch 1,321.0,1.0798995,757.0,False
b1c33,Batch 1,325.0,1.0792816,757.0,False
b1c33,Batch 1,328.0,1.0789891,757.0,False
b1c33,Batch 1,331.0,1.0787127,757.0,False
b1c33,Batch 1,335.0,1.0783188,757.0,False
b1c33,Batch 1,338.0,1.0794401,757.0,False
b1c33,Batch 1,342.0,1.0789713,757.0,False
b1c33,Batch 1,345.0,1.0794171,757.0,False
b1c33,Batch 1,349.0,1.079591,757.0,False
b1c33,Batch 1,352.0,1.0790241,757.0,False
b1c33,Batch 1,356.0,1.0778939,757.0,False
b1c33,Batch 1,359.0,1.0773131,757.0,False
b1c33,Batch 1,362.0,1.0772163,757.0,False
b1c33,Batch 1,366.0,1.0770245,757.0,False
b1c33,Batch 1,369.0,1.0765376,757.0,False
b1c33,Batch 1,373.0,1.0765779,757.0,False
b1c33,Batch 1,376.0,1.0766702,757.0,False
b1c33,Batch 1,380.0,1.0757451,757.0,False
b1c33,Batch 1,383.0,1.0753745,757.0,False
b1c33,Batch 1,387.0,1.0745635,757.0,False
b1c33,Batch 1,390.0,1.0745567,757.0,False
b1c33,Batch 1,394.0,1.074438,757.0,False
b1c33,Batch 1,397.0,1.0738332,757.0,False
b1c33,Batch 1,400.0,1.0735353,757.0,False
b1c33,Batch 1,404.0,1.073613,757.0,False
b1c33,Batch 1,407.0,1.0735848,757.0,False
b1c33,Batch 1,411.0,1.0721841,757.0,False
b1c33,Batch 1,414.0,1.0718642,757.0,False
b1c33,Batch 1,418.0,1.0715495,757.0,False
b1c33,Batch 1,421.0,1.071072,757.0,False
b1c33,Batch 1,425.0,1.0702782,757.0,False
b1c33,Batch 1,428.0,1.0696416,757.0,False
b1c33,Batch 1,431.0,1.0701058,757.0,False
b1c33,Batch 1,435.0,1.0698808,757.0,False
b1c33,Batch 1,438.0,1.0692825,757.0,False
b1c33,Batch 1,442.0,1.0679389,757.0,False
b1c33,Batch 1,445.0,1.0671558,757.0,False
b1c33,Batch 1,449.0,1.0674044,757.0,False
b1c33,Batch 1,452.0,1.0668598,757.0,False
b1c33,Batch 1,456.0,1.0659611,757.0,False
b1c33,Batch 1,459.0,1.0661298,757.0,False
b1c33,Batch 1,462.0,1.0654421,757.0,False
b1c33,Batch 1,466.0,1.0644711,757.0,False
b1c33,Batch 1,469.0,1.0638355,757.0,False
b1c33,Batch 1,473.0,1.0630107,757.0,False
b1c33,Batch 1,476.0,1.0625554,757.0,False
b1c33,Batch 1,480.0,1.0618849,757.0,False
b1c33,Batch 1,483.0,1.0609328,757.0,False
b1c33,Batch 1,487.0,1.0609961,757.0,False
b1c33,Batch 1,490.0,1.0609525,757.0,False
b1c33,Batch 1,493.0,1.0603393,757.0,False
b1c33,Batch 1,497.0,1.0585097,757.0,False
b1c33,Batch 1,500.0,1.0577947,757.0,False
b1c33,Batch 1,504.0,1.0530381,757.0,False
b1c33,Batch 1,507.0,1.0553725,757.0,False
b1c33,Batch 1,511.0,1.0543311,757.0,False
b1c33,Batch 1,514.0,1.0530715,757.0,False
b1c33,Batch 1,518.0,1.0525432,757.0,False
b1c33,Batch 1,521.0,1.0522608,757.0,False
b1c33,Batch 1,525.0,1.0503433,757.0,False
b1c33,Batch 1,528.0,1.0490289,757.0,False
b1c33,Batch 1,531.0,1.0483843,757.0,False
b1c33,Batch 1,535.0,1.0469205,757.0,False
b1c33,Batch 1,538.0,1.0460247,757.0,False
b1c33,Batch 1,542.0,1.04458,757.0,False
b1c33,Batch 1,545.0,1.0443375,757.0,False
b1c33,Batch 1,549.0,1.0428069,757.0,False
b1c33,Batch 1,552.0,1.041719,757.0,False
b1c33,Batch 1,556.0,1.0400388,757.0,False
b1c33,Batch 1,559.0,1.0389912,757.0,False
b1c33,Batch 1,562.0,1.0380062,757.0,False
b1c33,Batch 1,566.0,1.0362575,757.0,False
b1c33,Batch 1,569.0,1.0349694,757.0,False
b1c33,Batch 1,573.0,1.0336361,757.0,False
b1c33,Batch 1,576.0,1.0329262,757.0,False
b1c33,Batch 1,580.0,1.0316849,757.0,False
b1c33,Batch 1,583.0,1.0295821,757.0,False
b1c33,Batch 1,587.0,1.0273643,757.0,False
b1c33,Batch 1,590.0,1.0266292,757.0,False
b1c33,Batch 1,593.0,1.024502,757.0,False
b1c33,Batch 1,597.0,1.0228593,757.0,False
b1c33,Batch 1,600.0,1.0212154,757.0,False
b1c33,Batch 1,604.0,1.01958,757.0,False
b1c33,Batch 1,607.0,1.0179505,757.0,False
b1c33,Batch 1,611.0,1.0151101,757.0,False
b1c33,Batch 1,614.0,1.0130609,757.0,False
b1c33,Batch 1,618.0,1.0103341,757.0,False
b1c33,Batch 1,621.0,1.0080308,757.0,False
b1c33,Batch 1,624.0,1.0065657,757.0,False
b1c33,Batch 1,628.0,1.0033565,757.0,False
b1c33,Batch 1,631.0,1.0010794,757.0,False
b1c33,Batch 1,635.0,0.99790925,757.0,False
b1c33,Batch 1,638.0,0.99545318,757.0,False
b1c33,Batch 1,642.0,0.99248534,757.0,False
b1c33,Batch 1,645.0,0.98982912,757.0,False
b1c33,Batch 1,649.0,0.98644358,757.0,False
b1c33,Batch 1,652.0,0.98398674,757.0,False
b1c33,Batch 1,656.0,0.9808234,757.0,False
b1c33,Batch 1,659.0,0.97772479,757.0,False
b1c33,Batch 1,662.0,0.97529143,757.0,False
b1c33,Batch 1,666.0,0.97176021,757.0,False
b1c33,Batch 1,669.0,0.96867955,757.0,False
b1c33,Batch 1,673.0,0.96517545,757.0,False
b1c33,Batch 1,676.0,0.96190053,757.0,False
b1c33,Batch 1,680.0,0.95807672,757.0,False
b1c33,Batch 1,683.0,0.95489401,757.0,False
b1c33,Batch 1,687.0,0.95061326,757.0,False
b1c33,Batch 1,690.0,0.94761944,757.0,False
b1c33,Batch 1,693.0,0.94505018,757.0,False
b1c33,Batch 1,697.0,0.94072253,757.0,False
b1c33,Batch 1,700.0,0.93741578,757.0,False
b1c33,Batch 1,704.0,0.93360817,757.0,False
b1c33,Batch 1,707.0,0.93023211,757.0,False
b1c33,Batch 1,711.0,0.92618001,757.0,False
b1c33,Batch 1,714.0,0.92312276,757.0,False
b1c33,Batch 1,718.0,0.91896069,757.0,False
b1c33,Batch 1,721.0,0.91526574,757.0,False
b1c33,Batch 1,724.0,0.91239309,757.0,False
b1c33,Batch 1,728.0,0.90857917,757.0,False
b1c33,Batch 1,731.0,0.90502495,757.0,False
b1c33,Batch 1,735.0,0.90106678,757.0,False
b1c33,Batch 1,738.0,0.89795971,757.0,False
b1c33,Batch 1,742.0,0.89425832,757.0,False
b1c33,Batch 1,745.0,0.89140117,757.0,False
b1c33,Batch 1,749.0,0.88668096,757.0,False
b1c33,Batch 1,752.0,0.88343203,757.0,False
b1c33,Batch 1,756.0,0.88011229,757.0,False
b1c34,Batch 1,1.0,0.0,742.0,False
b1c34,Batch 1,4.0,1.0782866,742.0,False
b1c34,Batch 1,7.0,1.0790979,742.0,False
b1c34,Batch 1,11.0,1.0799509,742.0,False
b1c34,Batch 1,14.0,1.080246,742.0,False
b1c34,Batch 1,17.0,1.0804093,742.0,False
b1c34,Batch 1,21.0,1.0805745,742.0,False
b1c34,Batch 1,24.0,1.0805532,742.0,False
b1c34,Batch 1,28.0,1.0805706,742.0,False
b1c34,Batch 1,31.0,1.0806296,742.0,False
b1c34,Batch 1,34.0,1.0806354,742.0,False
b1c34,Batch 1,38.0,1.0806217,742.0,False
b1c34,Batch 1,41.0,1.0805641,742.0,False
b1c34,Batch 1,44.0,1.0805798,742.0,False
b1c34,Batch 1,48.0,1.0805089,742.0,False
b1c34,Batch 1,51.0,1.0809866,742.0,False
b1c34,Batch 1,55.0,1.0814824,742.0,False
b1c34,Batch 1,58.0,1.0804476,742.0,False
b1c34,Batch 1,61.0,1.0803664,742.0,False
b1c34,Batch 1,65.0,1.0802147,742.0,False
b1c34,Batch 1,68.0,1.080198,742.0,False
b1c34,Batch 1,71.0,1.0801344,742.0,False
b1c34,Batch 1,75.0,1.079996,742.0,False
b1c34,Batch 1,78.0,1.0800189,742.0,False
b1c34,Batch 1,82.0,1.0798888,742.0,False
b1c34,Batch 1,85.0,1.0798583,742.0,False
b1c34,Batch 1,88.0,1.0797307,742.0,False
b1c34,Batch 1,92.0,1.0796605,742.0,False
b1c34,Batch 1,95.0,1.0796607,742.0,False
b1c34,Batch 1,98.0,1.0795261,742.0,False
b1c34,Batch 1,102.0,1.0793959,742.0,False
b1c34,Batch 1,105.0,1.0793036,742.0,False
b1c34,Batch 1,109.0,1.079103,742.0,False
b1c34,Batch 1,112.0,1.0778213,742.0,False
b1c34,Batch 1,115.0,1.078896,742.0,False
b1c34,Batch 1,119.0,1.0787858,742.0,False
b1c34,Batch 1,122.0,1.0786613,742.0,False
b1c34,Batch 1,126.0,1.0784739,742.0,False
b1c34,Batch 1,129.0,1.0783576,742.0,False
b1c34,Batch 1,132.0,1.0782342,742.0,False
b1c34,Batch 1,136.0,1.0780915,742.0,False
b1c34,Batch 1,139.0,1.0779302,742.0,False
b1c34,Batch 1,142.0,1.0779077,742.0,False
b1c34,Batch 1,146.0,1.077672,742.0,False
b1c34,Batch 1,149.0,1.077534,742.0,False
b1c34,Batch 1,153.0,1.0774497,742.0,False
b1c34,Batch 1,156.0,1.0772947,742.0,False
b1c34,Batch 1,159.0,1.0771762,742.0,False
b1c34,Batch 1,163.0,1.0769291,742.0,False
b1c34,Batch 1,166.0,1.07713,742.0,False
b1c34,Batch 1,169.0,1.0768381,742.0,False
b1c34,Batch 1,173.0,1.0767286,742.0,False
b1c34,Batch 1,176.0,1.0756657,742.0,False
b1c34,Batch 1,180.0,1.0764498,742.0,False
b1c34,Batch 1,183.0,1.07611,742.0,False
b1c34,Batch 1,186.0,1.0759542,742.0,False
b1c34,Batch 1,190.0,1.075772,742.0,False
b1c34,Batch 1,193.0,1.0758104,742.0,False
b1c34,Batch 1,196.0,1.0758436,742.0,False
b1c34,Batch 1,200.0,1.0753665,742.0,False
b1c34,Batch 1,203.0,1.0757464,742.0,False
b1c34,Batch 1,207.0,1.0755925,742.0,False
b1c34,Batch 1,210.0,1.0747987,742.0,False
b1c34,Batch 1,213.0,1.0746102,742.0,False
b1c34,Batch 1,217.0,1.0743247,742.0,False
b1c34,Batch 1,220.0,1.0743153,742.0,False
b1c34,Batch 1,224.0,1.0744274,742.0,False
b1c34,Batch 1,227.0,1.0738581,742.0,False
b1c34,Batch 1,230.0,1.0739998,742.0,False
b1c34,Batch 1,234.0,1.0727144,742.0,False
b1c34,Batch 1,237.0,1.0734292,742.0,False
b1c34,Batch 1,240.0,1.0720359,742.0,False
b1c34,Batch 1,244.0,1.0729804,742.0,False
b1c34,Batch 1,247.0,1.0728288,742.0,False
b1c34,Batch 1,251.0,1.0729438,742.0,False
b1c34,Batch 1,254.0,1.0724553,742.0,False
b1c34,Batch 1,257.0,1.0723252,742.0,False
b1c34,Batch 1,261.0,1.0724622,742.0,False
b1c34,Batch 1,264.0,1.0722528,742.0,False
b1c34,Batch 1,267.0,1.0716994,742.0,False
b1c34,Batch 1,271.0,1.0713987,742.0,False
b1c34,Batch 1,274.0,1.0711756,742.0,False
b1c34,Batch 1,278.0,1.0710388,742.0,False
b1c34,Batch 1,281.0,1.0707905,742.0,False
b1c34,Batch 1,284.0,1.0705148,742.0,False
b1c34,Batch 1,288.0,1.0707153,742.0,False
b1c34,Batch 1,291.0,1.0706946,742.0,False
b1c34,Batch 1,294.0,1.0700526,742.0,False
b1c34,Batch 1,298.0,1.0696167,742.0,False
b1c34,Batch 1,301.0,1.0694677,742.0,False
b1c34,Batch 1,305.0,1.0692036,742.0,False
b1c34,Batch 1,308.0,1.0690256,742.0,False
b1c34,Batch 1,311.0,1.0688484,742.0,False
b1c34,Batch 1,315.0,1.068748,742.0,False
b1c34,Batch 1,318.0,1.0686604,742.0,False
b1c34,Batch 1,322.0,1.0681224,742.0,False
b1c34,Batch 1,325.0,1.0678802,742.0,False
b1c34,Batch 1,328.0,1.0676924,742.0,False
b1c34,Batch 1,332.0,1.0673009,742.0,False
b1c34,Batch 1,335.0,1.0682515,742.0,False
b1c34,Batch 1,338.0,1.0681379,742.0,False
b1c34,Batch 1,342.0,1.0682809,742.0,False
b1c34,Batch 1,345.0,1.068614,742.0,False
b1c34,Batch 1,349.0,1.0683035,742.0,False
b1c34,Batch 1,352.0,1.0673674,742.0,False
b1c34,Batch 1,355.0,1.0669582,742.0,False
b1c34,Batch 1,359.0,1.0666541,742.0,False
b1c34,Batch 1,362.0,1.0663892,742.0,False
b1c34,Batch 1,365.0,1.0662491,742.0,False
b1c34,Batch 1,369.0,1.0658878,742.0,False
b1c34,Batch 1,372.0,1.0661626,742.0,False
b1c34,Batch 1,376.0,1.066144,742.0,False
b1c34,Batch 1,379.0,1.065455,742.0,False
b1c34,Batch 1,382.0,1.0648894,742.0,False
b1c34,Batch 1,386.0,1.0645535,742.0,False
b1c34,Batch 1,389.0,1.0643331,742.0,False
b1c34,Batch 1,392.0,1.0642054,742.0,False
b1c34,Batch 1,396.0,1.063656,742.0,False
b1c34,Batch 1,399.0,1.0635773,742.0,False
b1c34,Batch 1,403.0,1.0625274,742.0,False
b1c34,Batch 1,406.0,1.0633036,742.0,False
b1c34,Batch 1,409.0,1.0614204,742.0,False
b1c34,Batch 1,413.0,1.0621511,742.0,False
b1c34,Batch 1,416.0,1.0618577,742.0,False
b1c34,Batch 1,419.0,1.0618346,742.0,False
b1c34,Batch 1,423.0,1.0613698,742.0,False
b1c34,Batch 1,426.0,1.0609322,742.0,False
b1c34,Batch 1,430.0,1.0612578,742.0,False
b1c34,Batch 1,433.0,1.0610765,742.0,False
b1c34,Batch 1,436.0,1.0599557,742.0,False
b1c34,Batch 1,440.0,1.0594703,742.0,False
b1c34,Batch 1,443.0,1.0593399,742.0,False
b1c34,Batch 1,447.0,1.0588198,742.0,False
b1c34,Batch 1,450.0,1.0574414,742.0,False
b1c34,Batch 1,453.0,1.0578492,742.0,False
b1c34,Batch 1,457.0,1.0578725,742.0,False
b1c34,Batch 1,460.0,1.0575788,742.0,False
b1c34,Batch 1,463.0,1.05739,742.0,False
b1c34,Batch 1,467.0,1.0565848,742.0,False
b1c34,Batch 1,470.0,1.0558907,742.0,False
b1c34,Batch 1,474.0,1.055611,742.0,False
b1c34,Batch 1,477.0,1.0550185,742.0,False
b1c34,Batch 1,480.0,1.0549778,742.0,False
b1c34,Batch 1,484.0,1.0545602,742.0,False
b1c34,Batch 1,487.0,1.0550318,742.0,False
b1c34,Batch 1,490.0,1.0541134,742.0,False
b1c34,Batch 1,494.0,1.0530355,742.0,False
b1c34,Batch 1,497.0,1.0515776,742.0,False
b1c34,Batch 1,501.0,1.050228,742.0,False
b1c34,Batch 1,504.0,1.0500469,742.0,False
b1c34,Batch 1,507.0,1.0496442,742.0,False
b1c34,Batch 1,511.0,1.0487156,742.0,False
b1c34,Batch 1,514.0,1.0489384,742.0,False
b1c34,Batch 1,517.0,1.0483745,742.0,False
b1c34,Batch 1,521.0,1.0473843,742.0,False
b1c34,Batch 1,524.0,1.0466335,742.0,False
b1c34,Batch 1,528.0,1.0453393,742.0,False
b1c34,Batch 1,531.0,1.0448378,742.0,False
b1c34,Batch 1,534.0,1.0444154,742.0,False
b1c34,Batch 1,538.0,1.0419806,742.0,False
b1c34,Batch 1,541.0,1.0427381,742.0,False
b1c34,Batch 1,545.0,1.041676,742.0,False
b1c34,Batch 1,548.0,1.0409786,742.0,False
b1c34,Batch 1,551.0,1.0397271,742.0,False
b1c34,Batch 1,555.0,1.0386423,742.0,False
b1c34,Batch 1,558.0,1.0378557,742.0,False
b1c34,Batch 1,561.0,1.0370395,742.0,False
b1c34,Batch 1,565.0,1.0357372,742.0,False
b1c34,Batch 1,568.0,1.0352546,742.0,False
b1c34,Batch 1,572.0,1.0341566,742.0,False
b1c34,Batch 1,575.0,1.0332463,742.0,False
b1c34,Batch 1,578.0,1.0316751,742.0,False
b1c34,Batch 1,582.0,1.030249,742.0,False
b1c34,Batch 1,585.0,1.0289271,742.0,False
b1c34,Batch 1,588.0,1.0277749,742.0,False
b1c34,Batch 1,592.0,1.0255933,742.0,False
b1c34,Batch 1,595.0,1.0247787,742.0,False
b1c34,Batch 1,599.0,1.0228474,742.0,False
b1c34,Batch 1,602.0,1.021575,742.0,False
b1c34,Batch 1,605.0,1.0199803,742.0,False
b1c34,Batch 1,609.0,1.0171803,742.0,False
b1c34,Batch 1,612.0,1.0158751,742.0,False
b1c34,Batch 1,615.0,1.0128422,742.0,False
b1c34,Batch 1,619.0,1.0118239,742.0,False
b1c34,Batch 1,622.0,1.009676,742.0,False
b1c34,Batch 1,626.0,1.0070961,742.0,False
b1c34,Batch 1,629.0,1.0048553,742.0,False
b1c34,Batch 1,632.0,1.0026625,742.0,False
b1c34,Batch 1,636.0,0.99969596,742.0,False
b1c34,Batch 1,639.0,0.99770117,742.0,False
b1c34,Batch 1,643.0,0.99413556,742.0,False
b1c34,Batch 1,646.0,0.99168569,742.0,False
b1c34,Batch 1,649.0,0.9886024,742.0,False
b1c34,Batch 1,653.0,0.98492426,742.0,False
b1c34,Batch 1,656.0,0.98213214,742.0,False
b1c34,Batch 1,659.0,0.97903585,742.0,False
b1c34,Batch 1,663.0,0.9746713,742.0,False
b1c34,Batch 1,666.0,0.97147048,742.0,False
b1c34,Batch 1,670.0,0.96710873,742.0,False
b1c34,Batch 1,673.0,0.96334594,742.0,False
b1c34,Batch 1,676.0,0.95974153,742.0,False
b1c34,Batch 1,680.0,0.95534164,742.0,False
b1c34,Batch 1,683.0,0.95053309,742.0,False
b1c34,Batch 1,686.0,0.94840747,742.0,False
b1c34,Batch 1,690.0,0.94379872,742.0,False
b1c34,Batch 1,693.0,0.94021213,742.0,False
b1c34,Batch 1,697.0,0.93556136,742.0,False
b1c34,Batch 1,700.0,0.93179107,742.0,False
b1c34,Batch 1,703.0,0.92853582,742.0,False
b1c34,Batch 1,707.0,0.92341614,742.0,False
b1c34,Batch 1,710.0,0.91999543,742.0,False
b1c34,Batch 1,713.0,0.91644055,742.0,False
b1c34,Batch 1,717.0,0.91142929,742.0,False
b1c34,Batch 1,720.0,0.90793461,742.0,False
b1c34,Batch 1,724.0,0.90317059,742.0,False
b1c34,Batch 1,727.0,0.89953464,742.0,False
b1c34,Batch 1,730.0,0.89570791,742.0,False
b1c34,Batch 1,734.0,0.89134121,742.0,False
b1c34,Batch 1,737.0,0.88786381,742.0,False
b1c34,Batch 1,741.0,0.88205445,742.0,False
b1c35,Batch 1,1.0,0.0,703.0,False
b1c35,Batch 1,4.0,1.0727253,703.0,False
b1c35,Batch 1,7.0,1.0736374,703.0,False
b1c35,Batch 1,10.0,1.0741303,703.0,False
b1c35,Batch 1,13.0,1.0743828,703.0,False
b1c35,Batch 1,17.0,1.0745797,703.0,False
b1c35,Batch 1,20.0,1.0734589,703.0,False
b1c35,Batch 1,23.0,1.0748156,703.0,False
b1c35,Batch 1,26.0,1.0748744,703.0,False
b1c35,Batch 1,29.0,1.0749425,703.0,False
b1c35,Batch 1,33.0,1.0749382,703.0,False
b1c35,Batch 1,36.0,1.0749905,703.0,False
b1c35,Batch 1,39.0,1.074977,703.0,False
b1c35,Batch 1,42.0,1.0749636,703.0,False
b1c35,Batch 1,45.0,1.0749605,703.0,False
b1c35,Batch 1,49.0,1.0748963,703.0,False
b1c35,Batch 1,52.0,1.0756419,703.0,False
b1c35,Batch 1,55.0,1.0758256,703.0,False
b1c35,Batch 1,58.0,1.0748508,703.0,False
b1c35,Batch 1,61.0,1.074811,703.0,False
b1c35,Batch 1,65.0,1.0746905,703.0,False
b1c35,Batch 1,68.0,1.0747094,703.0,False
b1c35,Batch 1,71.0,1.0746784,703.0,False
b1c35,Batch 1,74.0,1.0746046,703.0,False
b1c35,Batch 1,77.0,1.0745419,703.0,False
b1c35,Batch 1,81.0,1.0744162,703.0,False
b1c35,Batch 1,84.0,1.0743908,703.0,False
b1c35,Batch 1,87.0,1.0743113,703.0,False
b1c35,Batch 1,90.0,1.074221,703.0,False
b1c35,Batch 1,93.0,1.0741585,703.0,False
b1c35,Batch 1,97.0,1.0740604,703.0,False
b1c35,Batch 1,100.0,1.0739936,703.0,False
b1c35,Batch 1,103.0,1.0738788,703.0,False
b1c35,Batch 1,106.0,1.0725709,703.0,False
b1c35,Batch 1,109.0,1.0737575,703.0,False
b1c35,Batch 1,113.0,1.0736147,703.0,False
b1c35,Batch 1,116.0,1.0734823,703.0,False
b1c35,Batch 1,119.0,1.0734714,703.0,False
b1c35,Batch 1,122.0,1.0734,703.0,False
b1c35,Batch 1,125.0,1.073298,703.0,False
b1c35,Batch 1,129.0,1.0719478,703.0,False
b1c35,Batch 1,132.0,1.0730469,703.0,False
b1c35,Batch 1,135.0,1.0729033,703.0,False
b1c35,Batch 1,138.0,1.0728604,703.0,False
b1c35,Batch 1,141.0,1.0728184,703.0,False
b1c35,Batch 1,145.0,1.0726562,703.0,False
b1c35,Batch 1,148.0,1.0724716,703.0,False
b1c35,Batch 1,151.0,1.0723792,703.0,False
b1c35,Batch 1,154.0,1.0722746,703.0,False
b1c35,Batch 1,157.0,1.0721251,703.0,False
b1c35,Batch 1,161.0,1.0719733,703.0,False
b1c35,Batch 1,164.0,1.072082,703.0,False
b1c35,Batch 1,167.0,1.07201,703.0,False
b1c35,Batch 1,170.0,1.071623,703.0,False
b1c35,Batch 1,173.0,1.0718623,703.0,False
b1c35,Batch 1,177.0,1.0717295,703.0,False
b1c35,Batch 1,180.0,1.0712956,703.0,False
b1c35,Batch 1,183.0,1.0710604,703.0,False
b1c35,Batch 1,186.0,1.0709152,703.0,False
b1c35,Batch 1,189.0,1.0708369,703.0,False
b1c35,Batch 1,193.0,1.071059,703.0,False
b1c35,Batch 1,196.0,1.0706683,703.0,False
b1c35,Batch 1,199.0,1.0706273,703.0,False
b1c35,Batch 1,202.0,1.0709535,703.0,False
b1c35,Batch 1,205.0,1.0708154,703.0,False
b1c35,Batch 1,209.0,1.0699472,703.0,False
b1c35,Batch 1,212.0,1.069875,703.0,False
b1c35,Batch 1,215.0,1.0684745,703.0,False
b1c35,Batch 1,218.0,1.0696667,703.0,False
b1c35,Batch 1,221.0,1.069874,703.0,False
b1c35,Batch 1,225.0,1.0692334,703.0,False
b1c35,Batch 1,228.0,1.0692984,703.0,False
b1c35,Batch 1,231.0,1.0693508,703.0,False
b1c35,Batch 1,234.0,1.069043,703.0,False
b1c35,Batch 1,237.0,1.0685799,703.0,False
b1c35,Batch 1,241.0,1.0683167,703.0,False
b1c35,Batch 1,244.0,1.0681615,703.0,False
b1c35,Batch 1,247.0,1.0681528,703.0,False
b1c35,Batch 1,250.0,1.0681676,703.0,False
b1c35,Batch 1,253.0,1.06765,703.0,False
b1c35,Batch 1,257.0,1.0678397,703.0,False
b1c35,Batch 1,260.0,1.0677103,703.0,False
b1c35,Batch 1,263.0,1.0671896,703.0,False
b1c35,Batch 1,266.0,1.066936,703.0,False
b1c35,Batch 1,269.0,1.0667309,703.0,False
b1c35,Batch 1,273.0,1.0665481,703.0,False
b1c35,Batch 1,276.0,1.0665278,703.0,False
b1c35,Batch 1,279.0,1.0661415,703.0,False
b1c35,Batch 1,282.0,1.0659444,703.0,False
b1c35,Batch 1,285.0,1.066172,703.0,False
b1c35,Batch 1,289.0,1.0661132,703.0,False
b1c35,Batch 1,292.0,1.0652808,703.0,False
b1c35,Batch 1,295.0,1.065001,703.0,False
b1c35,Batch 1,298.0,1.0647746,703.0,False
b1c35,Batch 1,301.0,1.0633299,703.0,False
b1c35,Batch 1,305.0,1.0642453,703.0,False
b1c35,Batch 1,308.0,1.0639757,703.0,False
b1c35,Batch 1,311.0,1.0639074,703.0,False
b1c35,Batch 1,314.0,1.0638347,703.0,False
b1c35,Batch 1,317.0,1.063651,703.0,False
b1c35,Batch 1,321.0,1.0630425,703.0,False
b1c35,Batch 1,324.0,1.0615798,703.0,False
b1c35,Batch 1,327.0,1.0625507,703.0,False
b1c35,Batch 1,330.0,1.0629557,703.0,False
b1c35,Batch 1,333.0,1.0633848,703.0,False
b1c35,Batch 1,337.0,1.0631251,703.0,False
b1c35,Batch 1,340.0,1.0635171,703.0,False
b1c35,Batch 1,343.0,1.0635169,703.0,False
b1c35,Batch 1,346.0,1.0629408,703.0,False
b1c35,Batch 1,349.0,1.0621336,703.0,False
b1c35,Batch 1,353.0,1.0616455,703.0,False
b1c35,Batch 1,356.0,1.0613643,703.0,False
b1c35,Batch 1,359.0,1.0612594,703.0,False
b1c35,Batch 1,362.0,1.060838,703.0,False
b1c35,Batch 1,365.0,1.0605903,703.0,False
b1c35,Batch 1,369.0,1.0608215,703.0,False
b1c35,Batch 1,372.0,1.0607009,703.0,False
b1c35,Batch 1,375.0,1.0598565,703.0,False
b1c35,Batch 1,378.0,1.0593009,703.0,False
b1c35,Batch 1,381.0,1.0589606,703.0,False
b1c35,Batch 1,385.0,1.0586174,703.0,False
b1c35,Batch 1,388.0,1.0585061,703.0,False
b1c35,Batch 1,391.0,1.0579207,703.0,False
b1c35,Batch 1,394.0,1.0579727,703.0,False
b1c35,Batch 1,397.0,1.0580468,703.0,False
b1c35,Batch 1,401.0,1.0575249,703.0,False
b1c35,Batch 1,404.0,1.0566001,703.0,False
b1c35,Batch 1,407.0,1.0561757,703.0,False
b1c35,Batch 1,410.0,1.0546145,703.0,False
b1c35,Batch 1,413.0,1.0555595,703.0,False
b1c35,Batch 1,417.0,1.0551374,703.0,False
b1c35,Batch 1,420.0,1.0542263,703.0,False
b1c35,Batch 1,423.0,1.0546567,703.0,False
b1c35,Batch 1,426.0,1.0544974,703.0,False
b1c35,Batch 1,429.0,1.0537646,703.0,False
b1c35,Batch 1,433.0,1.0512961,703.0,False
b1c35,Batch 1,436.0,1.0522661,703.0,False
b1c35,Batch 1,439.0,1.0517224,703.0,False
b1c35,Batch 1,442.0,1.0516909,703.0,False
b1c35,Batch 1,445.0,1.0510734,703.0,False
b1c35,Batch 1,449.0,1.0503546,703.0,False
b1c35,Batch 1,452.0,1.0502918,703.0,False
b1c35,Batch 1,455.0,1.0498458,703.0,False
b1c35,Batch 1,458.0,1.0486765,703.0,False
b1c35,Batch 1,461.0,1.0482031,703.0,False
b1c35,Batch 1,465.0,1.0474327,703.0,False
b1c35,Batch 1,468.0,1.0468156,703.0,False
b1c35,Batch 1,471.0,1.046198,703.0,False
b1c35,Batch 1,474.0,1.0455391,703.0,False
b1c35,Batch 1,477.0,1.0451776,703.0,False
b1c35,Batch 1,481.0,1.0445968,703.0,False
b1c35,Batch 1,484.0,1.0442656,703.0,False
b1c35,Batch 1,487.0,1.0427165,703.0,False
b1c35,Batch 1,490.0,1.0420541,703.0,False
b1c35,Batch 1,493.0,1.0388998,703.0,False
b1c35,Batch 1,497.0,1.0391008,703.0,False
b1c35,Batch 1,500.0,1.0382364,703.0,False
b1c35,Batch 1,503.0,1.0373411,703.0,False
b1c35,Batch 1,506.0,1.0368046,703.0,False
b1c35,Batch 1,509.0,1.0359436,703.0,False
b1c35,Batch 1,513.0,1.0345449,703.0,False
b1c35,Batch 1,516.0,1.0332367,703.0,False
b1c35,Batch 1,519.0,1.031938,703.0,False
b1c35,Batch 1,522.0,1.0307771,703.0,False
b1c35,Batch 1,525.0,1.0300087,703.0,False
b1c35,Batch 1,529.0,1.0282111,703.0,False
b1c35,Batch 1,532.0,1.0270711,703.0,False
b1c35,Batch 1,535.0,1.0261143,703.0,False
b1c35,Batch 1,538.0,1.0251552,703.0,False
b1c35,Batch 1,541.0,1.0234202,703.0,False
b1c35,Batch 1,545.0,1.0212508,703.0,False
b1c35,Batch 1,548.0,1.02028,703.0,False
b1c35,Batch 1,551.0,1.0189748,703.0,False
b1c35,Batch 1,554.0,1.016838,703.0,False
b1c35,Batch 1,557.0,1.0151496,703.0,False
b1c35,Batch 1,561.0,1.0131981,703.0,False
b1c35,Batch 1,564.0,1.0114098,703.0,False
b1c35,Batch 1,567.0,1.0102633,703.0,False
b1c35,Batch 1,570.0,1.0072992,703.0,False
b1c35,Batch 1,573.0,1.0058708,703.0,False
b1c35,Batch 1,577.0,1.0030447,703.0,False
b1c35,Batch 1,580.0,1.0009748,703.0,False
b1c35,Batch 1,583.0,0.99914616,703.0,False
b1c35,Batch 1,586.0,0.99670124,703.0,False
b1c35,Batch 1,589.0,0.99477011,703.0,False
b1c35,Batch 1,593.0,0.99198711,703.0,False
b1c35,Batch 1,596.0,0.98924774,703.0,False
b1c35,Batch 1,599.0,0.98654491,703.0,False
b1c35,Batch 1,602.0,0.98375338,703.0,False
b1c35,Batch 1,605.0,0.98185551,703.0,False
b1c35,Batch 1,609.0,0.97834778,703.0,False
b1c35,Batch 1,612.0,0.97538358,703.0,False
b1c35,Batch 1,615.0,0.97232765,703.0,False
b1c35,Batch 1,618.0,0.96971858,703.0,False
b1c35,Batch 1,621.0,0.96721953,703.0,False
b1c35,Batch 1,625.0,0.96326256,703.0,False
b1c35,Batch 1,628.0,0.96026272,703.0,False
b1c35,Batch 1,631.0,0.95753682,703.0,False
b1c35,Batch 1,634.0,0.95462662,703.0,False
b1c35,Batch 1,637.0,0.95130378,703.0,False
b1c35,Batch 1,641.0,0.94719487,703.0,False
b1c35,Batch 1,644.0,0.94429988,703.0,False
b1c35,Batch 1,647.0,0.94124293,703.0,False
b1c35,Batch 1,650.0,0.9382351,703.0,False
b1c35,Batch 1,653.0,0.93509579,703.0,False
b1c35,Batch 1,657.0,0.93099231,703.0,False
b1c35,Batch 1,660.0,0.92758417,703.0,False
b1c35,Batch 1,663.0,0.92445898,703.0,False
b1c35,Batch 1,666.0,0.921148,703.0,False
b1c35,Batch 1,669.0,0.91813582,703.0,False
b1c35,Batch 1,673.0,0.91378427,703.0,False
b1c35,Batch 1,676.0,0.91000426,703.0,False
b1c35,Batch 1,679.0,0.90666133,703.0,False
b1c35,Batch 1,682.0,0.90389144,703.0,False
b1c35,Batch 1,685.0,0.90037525,703.0,False
b1c35,Batch 1,689.0,0.89584434,703.0,False
b1c35,Batch 1,692.0,0.89242727,703.0,False
b1c35,Batch 1,695.0,0.88881993,703.0,False
b1c35,Batch 1,698.0,0.88516128,703.0,False
b1c35,Batch 1,702.0,0.8802399,703.0,False
b1c36,Batch 1,1.0,0.0,704.0,False
b1c36,Batch 1,4.0,1.0799077,704.0,False
b1c36,Batch 1,7.0,1.0809534,704.0,False
b1c36,Batch 1,10.0,1.081539,704.0,False
b1c36,Batch 1,13.0,1.0817413,704.0,False
b1c36,Batch 1,17.0,1.0818046,704.0,False
b1c36,Batch 1,20.0,1.0818299,704.0,False
b1c36,Batch 1,23.0,1.081865,704.0,False
b1c36,Batch 1,26.0,1.0818326,704.0,False
b1c36,Batch 1,29.0,1.0819091,704.0,False
b1c36,Batch 1,33.0,1.0819103,704.0,False
b1c36,Batch 1,36.0,1.0818889,704.0,False
b1c36,Batch 1,39.0,1.0818894,704.0,False
b1c36,Batch 1,42.0,1.0818161,704.0,False
b1c36,Batch 1,45.0,1.0817641,704.0,False
b1c36,Batch 1,49.0,1.0817469,704.0,False
b1c36,Batch 1,52.0,1.0822545,704.0,False
b1c36,Batch 1,55.0,1.0820075,704.0,False
b1c36,Batch 1,58.0,1.0815945,704.0,False
b1c36,Batch 1,61.0,1.0815229,704.0,False
b1c36,Batch 1,65.0,1.0801325,704.0,False
b1c36,Batch 1,68.0,1.0812535,704.0,False
b1c36,Batch 1,71.0,1.0811838,704.0,False
b1c36,Batch 1,74.0,1.0811045,704.0,False
b1c36,Batch 1,77.0,1.0810627,704.0,False
b1c36,Batch 1,81.0,1.0809271,704.0,False
b1c36,Batch 1,84.0,1.0808513,704.0,False
b1c36,Batch 1,87.0,1.0807102,704.0,False
b1c36,Batch 1,90.0,1.0806261,704.0,False
b1c36,Batch 1,93.0,1.0805253,704.0,False
b1c36,Batch 1,97.0,1.0803418,704.0,False
b1c36,Batch 1,100.0,1.0802411,704.0,False
b1c36,Batch 1,103.0,1.080092,704.0,False
b1c36,Batch 1,106.0,1.0799303,704.0,False
b1c36,Batch 1,109.0,1.0798903,704.0,False
b1c36,Batch 1,113.0,1.0797939,704.0,False
b1c36,Batch 1,116.0,1.0796218,704.0,False
b1c36,Batch 1,119.0,1.0796021,704.0,False
b1c36,Batch 1,122.0,1.0782613,704.0,False
b1c36,Batch 1,126.0,1.0792507,704.0,False
b1c36,Batch 1,129.0,1.0791086,704.0,False
b1c36,Batch 1,132.0,1.0789076,704.0,False
b1c36,Batch 1,135.0,1.078669,704.0,False
b1c36,Batch 1,138.0,1.0786794,704.0,False
b1c36,Batch 1,142.0,1.0784587,704.0,False
b1c36,Batch 1,145.0,1.0783561,704.0,False
b1c36,Batch 1,148.0,1.0781356,704.0,False
b1c36,Batch 1,151.0,1.0781089,704.0,False
b1c36,Batch 1,154.0,1.0778754,704.0,False
b1c36,Batch 1,158.0,1.0775959,704.0,False
b1c36,Batch 1,161.0,1.0774488,704.0,False
b1c36,Batch 1,164.0,1.0776427,704.0,False
b1c36,Batch 1,167.0,1.0773152,704.0,False
b1c36,Batch 1,170.0,1.0771821,704.0,False
b1c36,Batch 1,174.0,1.077396,704.0,False
b1c36,Batch 1,177.0,1.0770324,704.0,False
b1c36,Batch 1,180.0,1.0766608,704.0,False
b1c36,Batch 1,183.0,1.0764765,704.0,False
b1c36,Batch 1,186.0,1.0762496,704.0,False
b1c36,Batch 1,190.0,1.0761386,704.0,False
b1c36,Batch 1,193.0,1.0761957,704.0,False
b1c36,Batch 1,196.0,1.0751985,704.0,False
b1c36,Batch 1,199.0,1.0759815,704.0,False
b1c36,Batch 1,202.0,1.0760821,704.0,False
b1c36,Batch 1,206.0,1.0752801,704.0,False
b1c36,Batch 1,209.0,1.0749389,704.0,False
b1c36,Batch 1,212.0,1.0747231,704.0,False
b1c36,Batch 1,215.0,1.0745595,704.0,False
b1c36,Batch 1,218.0,1.0745727,704.0,False
b1c36,Batch 1,222.0,1.0742133,704.0,False
b1c36,Batch 1,225.0,1.0739974,704.0,False
b1c36,Batch 1,228.0,1.0741731,704.0,False
b1c36,Batch 1,231.0,1.0740019,704.0,False
b1c36,Batch 1,235.0,1.0734372,704.0,False
b1c36,Batch 1,238.0,1.0732309,704.0,False
b1c36,Batch 1,241.0,1.0729517,704.0,False
b1c36,Batch 1,244.0,1.0728316,704.0,False
b1c36,Batch 1,247.0,1.072916,704.0,False
b1c36,Batch 1,251.0,1.0722985,704.0,False
b1c36,Batch 1,254.0,1.0723357,704.0,False
b1c36,Batch 1,257.0,1.0723251,704.0,False
b1c36,Batch 1,260.0,1.0720426,704.0,False
b1c36,Batch 1,263.0,1.0715262,704.0,False
b1c36,Batch 1,267.0,1.0712239,704.0,False
b1c36,Batch 1,270.0,1.0709838,704.0,False
b1c36,Batch 1,273.0,1.0707951,704.0,False
b1c36,Batch 1,276.0,1.0707084,704.0,False
b1c36,Batch 1,279.0,1.0704173,704.0,False
b1c36,Batch 1,283.0,1.070455,704.0,False
b1c36,Batch 1,286.0,1.0704069,704.0,False
b1c36,Batch 1,289.0,1.0698788,704.0,False
b1c36,Batch 1,292.0,1.0694333,704.0,False
b1c36,Batch 1,295.0,1.0692009,704.0,False
b1c36,Batch 1,299.0,1.068882,704.0,False
b1c36,Batch 1,302.0,1.0686622,704.0,False
b1c36,Batch 1,305.0,1.0672032,704.0,False
b1c36,Batch 1,308.0,1.0682001,704.0,False
b1c36,Batch 1,311.0,1.0680984,704.0,False
b1c36,Batch 1,315.0,1.067904,704.0,False
b1c36,Batch 1,318.0,1.0673233,704.0,False
b1c36,Batch 1,321.0,1.067042,704.0,False
b1c36,Batch 1,324.0,1.0667965,704.0,False
b1c36,Batch 1,327.0,1.0665336,704.0,False
b1c36,Batch 1,331.0,1.0673351,704.0,False
b1c36,Batch 1,334.0,1.0670393,704.0,False
b1c36,Batch 1,337.0,1.0672864,704.0,False
b1c36,Batch 1,340.0,1.0674815,704.0,False
b1c36,Batch 1,343.0,1.0673261,704.0,False
b1c36,Batch 1,347.0,1.0660297,704.0,False
b1c36,Batch 1,350.0,1.0655774,704.0,False
b1c36,Batch 1,353.0,1.0652785,704.0,False
b1c36,Batch 1,356.0,1.0649804,704.0,False
b1c36,Batch 1,360.0,1.0646361,704.0,False
b1c36,Batch 1,363.0,1.0643543,704.0,False
b1c36,Batch 1,366.0,1.0645759,704.0,False
b1c36,Batch 1,369.0,1.0644734,704.0,False
b1c36,Batch 1,372.0,1.0639386,704.0,False
b1c36,Batch 1,376.0,1.0630679,704.0,False
b1c36,Batch 1,379.0,1.0627408,704.0,False
b1c36,Batch 1,382.0,1.0624521,704.0,False
b1c36,Batch 1,385.0,1.0620264,704.0,False
b1c36,Batch 1,388.0,1.0618449,704.0,False
b1c36,Batch 1,392.0,1.0615755,704.0,False
b1c36,Batch 1,395.0,1.0616779,704.0,False
b1c36,Batch 1,398.0,1.0614836,704.0,False
b1c36,Batch 1,401.0,1.060555,704.0,False
b1c36,Batch 1,404.0,1.0599625,704.0,False
b1c36,Batch 1,408.0,1.0582554,704.0,False
b1c36,Batch 1,411.0,1.058979,704.0,False
b1c36,Batch 1,414.0,1.0590205,704.0,False
b1c36,Batch 1,417.0,1.0582652,704.0,False
b1c36,Batch 1,420.0,1.0575329,704.0,False
b1c36,Batch 1,424.0,1.0580856,704.0,False
b1c36,Batch 1,427.0,1.0571897,704.0,False
b1c36,Batch 1,430.0,1.0564859,704.0,False
b1c36,Batch 1,433.0,1.0560797,704.0,False
b1c36,Batch 1,436.0,1.0553422,704.0,False
b1c36,Batch 1,440.0,1.0549221,704.0,False
b1c36,Batch 1,443.0,1.0545633,704.0,False
b1c36,Batch 1,446.0,1.0542026,704.0,False
b1c36,Batch 1,449.0,1.0540112,704.0,False
b1c36,Batch 1,452.0,1.0531572,704.0,False
b1c36,Batch 1,456.0,1.0523597,704.0,False
b1c36,Batch 1,459.0,1.0519316,704.0,False
b1c36,Batch 1,462.0,1.0512151,704.0,False
b1c36,Batch 1,465.0,1.0508376,704.0,False
b1c36,Batch 1,469.0,1.0499952,704.0,False
b1c36,Batch 1,472.0,1.049227,704.0,False
b1c36,Batch 1,475.0,1.049156,704.0,False
b1c36,Batch 1,478.0,1.0489103,704.0,False
b1c36,Batch 1,481.0,1.048815,704.0,False
b1c36,Batch 1,485.0,1.0471309,704.0,False
b1c36,Batch 1,488.0,1.04651,704.0,False
b1c36,Batch 1,491.0,1.0434399,704.0,False
b1c36,Batch 1,494.0,1.0424304,704.0,False
b1c36,Batch 1,497.0,1.0429872,704.0,False
b1c36,Batch 1,501.0,1.0415993,704.0,False
b1c36,Batch 1,504.0,1.0411466,704.0,False
b1c36,Batch 1,507.0,1.0407649,704.0,False
b1c36,Batch 1,510.0,1.0398836,704.0,False
b1c36,Batch 1,513.0,1.0382979,704.0,False
b1c36,Batch 1,517.0,1.0371398,704.0,False
b1c36,Batch 1,520.0,1.0358411,704.0,False
b1c36,Batch 1,523.0,1.0348177,704.0,False
b1c36,Batch 1,526.0,1.0337466,704.0,False
b1c36,Batch 1,529.0,1.0310208,704.0,False
b1c36,Batch 1,533.0,1.0312237,704.0,False
b1c36,Batch 1,536.0,1.0295349,704.0,False
b1c36,Batch 1,539.0,1.0278904,704.0,False
b1c36,Batch 1,542.0,1.0262762,704.0,False
b1c36,Batch 1,545.0,1.0250359,704.0,False
b1c36,Batch 1,549.0,1.0230587,704.0,False
b1c36,Batch 1,552.0,1.0212852,704.0,False
b1c36,Batch 1,555.0,1.019437,704.0,False
b1c36,Batch 1,558.0,1.0178964,704.0,False
b1c36,Batch 1,561.0,1.0164882,704.0,False
b1c36,Batch 1,565.0,1.0146306,704.0,False
b1c36,Batch 1,568.0,1.0121166,704.0,False
b1c36,Batch 1,571.0,1.0100092,704.0,False
b1c36,Batch 1,574.0,1.0079451,704.0,False
b1c36,Batch 1,577.0,1.0060766,704.0,False
b1c36,Batch 1,581.0,1.0033364,704.0,False
b1c36,Batch 1,584.0,1.0010594,704.0,False
b1c36,Batch 1,587.0,0.99909961,704.0,False
b1c36,Batch 1,590.0,0.99683577,704.0,False
b1c36,Batch 1,594.0,0.99259019,704.0,False
b1c36,Batch 1,597.0,0.99051017,704.0,False
b1c36,Batch 1,600.0,0.98655486,704.0,False
b1c36,Batch 1,603.0,0.98512542,704.0,False
b1c36,Batch 1,606.0,0.98147225,704.0,False
b1c36,Batch 1,610.0,0.97839141,704.0,False
b1c36,Batch 1,613.0,0.97533089,704.0,False
b1c36,Batch 1,616.0,0.97223872,704.0,False
b1c36,Batch 1,619.0,0.96925026,704.0,False
b1c36,Batch 1,622.0,0.96632689,704.0,False
b1c36,Batch 1,626.0,0.96192515,704.0,False
b1c36,Batch 1,629.0,0.9590168,704.0,False
b1c36,Batch 1,632.0,0.95562118,704.0,False
b1c36,Batch 1,635.0,0.95287347,704.0,False
b1c36,Batch 1,638.0,0.94967192,704.0,False
b1c36,Batch 1,642.0,0.94570029,704.0,False
b1c36,Batch 1,645.0,0.94275141,704.0,False
b1c36,Batch 1,648.0,0.93962151,704.0,False
b1c36,Batch 1,651.0,0.93666959,704.0,False
b1c36,Batch 1,654.0,0.93359178,704.0,False
b1c36,Batch 1,658.0,0.92960739,704.0,False
b1c36,Batch 1,661.0,0.92528951,704.0,False
b1c36,Batch 1,664.0,0.92304248,704.0,False
b1c36,Batch 1,667.0,0.91997081,704.0,False
b1c36,Batch 1,670.0,0.91688573,704.0,False
b1c36,Batch 1,674.0,0.91273916,704.0,False
b1c36,Batch 1,677.0,0.90947515,704.0,False
b1c36,Batch 1,680.0,0.9063679,704.0,False
b1c36,Batch 1,683.0,0.90340531,704.0,False
b1c36,Batch 1,686.0,0.900298,704.0,False
b1c36,Batch 1,690.0,0.89617306,704.0,False
b1c36,Batch 1,693.0,0.89310646,704.0,False
b1c36,Batch 1,696.0,0.88947082,704.0,False
b1c36,Batch 1,699.0,0.88688117,704.0,False
b1c36,Batch 1,703.0,0.88231802,704.0,False
b1c37,Batch 1,1.0,0.0,648.0,False
b1c37,Batch 1,3.0,1.076063,648.0,False
b1c37,Batch 1,6.0,1.0774544,648.0,False
b1c37,Batch 1,9.0,1.0781716,648.0,False
b1c37,Batch 1,12.0,1.0784422,648.0,False
b1c37,Batch 1,15.0,1.0785298,648.0,False
b1c37,Batch 1,18.0,1.0786072,648.0,False
b1c37,Batch 1,21.0,1.0786675,648.0,False
b1c37,Batch 1,24.0,1.0786538,648.0,False
b1c37,Batch 1,27.0,1.0786811,648.0,False
b1c37,Batch 1,30.0,1.0787003,648.0,False
b1c37,Batch 1,33.0,1.0786984,648.0,False
b1c37,Batch 1,36.0,1.0787079,648.0,False
b1c37,Batch 1,39.0,1.0786955,648.0,False
b1c37,Batch 1,42.0,1.0786607,648.0,False
b1c37,Batch 1,45.0,1.0786062,648.0,False
b1c37,Batch 1,48.0,1.0773886,648.0,False
b1c37,Batch 1,51.0,1.0789655,648.0,False
b1c37,Batch 1,54.0,1.0792918,648.0,False
b1c37,Batch 1,57.0,1.078389,648.0,False
b1c37,Batch 1,59.0,1.0783273,648.0,False
b1c37,Batch 1,62.0,1.0781986,648.0,False
b1c37,Batch 1,65.0,1.0768802,648.0,False
b1c37,Batch 1,68.0,1.0779868,648.0,False
b1c37,Batch 1,71.0,1.0779158,648.0,False
b1c37,Batch 1,74.0,1.0778339,648.0,False
b1c37,Batch 1,77.0,1.0777344,648.0,False
b1c37,Batch 1,80.0,1.0776047,648.0,False
b1c37,Batch 1,83.0,1.0775069,648.0,False
b1c37,Batch 1,86.0,1.0773113,648.0,False
b1c37,Batch 1,89.0,1.0772604,648.0,False
b1c37,Batch 1,92.0,1.0771409,648.0,False
b1c37,Batch 1,95.0,1.077042,648.0,False
b1c37,Batch 1,98.0,1.0768815,648.0,False
b1c37,Batch 1,101.0,1.0767663,648.0,False
b1c37,Batch 1,104.0,1.0766343,648.0,False
b1c37,Batch 1,107.0,1.0764009,648.0,False
b1c37,Batch 1,110.0,1.0763607,648.0,False
b1c37,Batch 1,113.0,1.0762656,648.0,False
b1c37,Batch 1,116.0,1.0760611,648.0,False
b1c37,Batch 1,118.0,1.076009,648.0,False
b1c37,Batch 1,121.0,1.0759106,648.0,False
b1c37,Batch 1,124.0,1.0756928,648.0,False
b1c37,Batch 1,127.0,1.0754939,648.0,False
b1c37,Batch 1,130.0,1.0753375,648.0,False
b1c37,Batch 1,133.0,1.0750991,648.0,False
b1c37,Batch 1,136.0,1.0749594,648.0,False
b1c37,Batch 1,139.0,1.0735927,648.0,False
b1c37,Batch 1,142.0,1.0745993,648.0,False
b1c37,Batch 1,145.0,1.0744615,648.0,False
b1c37,Batch 1,148.0,1.0742813,648.0,False
b1c37,Batch 1,151.0,1.0742111,648.0,False
b1c37,Batch 1,154.0,1.0739983,648.0,False
b1c37,Batch 1,157.0,1.0738045,648.0,False
b1c37,Batch 1,160.0,1.073603,648.0,False
b1c37,Batch 1,163.0,1.0737147,648.0,False
b1c37,Batch 1,166.0,1.0734521,648.0,False
b1c37,Batch 1,169.0,1.073068,648.0,False
b1c37,Batch 1,172.0,1.0733042,648.0,False
b1c37,Batch 1,175.0,1.0731499,648.0,False
b1c37,Batch 1,177.0,1.0728112,648.0,False
b1c37,Batch 1,180.0,1.0723897,648.0,False
b1c37,Batch 1,183.0,1.0721459,648.0,False
b1c37,Batch 1,186.0,1.0719106,648.0,False
b1c37,Batch 1,189.0,1.071848,648.0,False
b1c37,Batch 1,192.0,1.0719992,648.0,False
b1c37,Batch 1,195.0,1.0714469,648.0,False
b1c37,Batch 1,198.0,1.0716451,648.0,False
b1c37,Batch 1,201.0,1.0717634,648.0,False
b1c37,Batch 1,204.0,1.0715005,648.0,False
b1c37,Batch 1,207.0,1.069543,648.0,False
b1c37,Batch 1,210.0,1.0704588,648.0,False
b1c37,Batch 1,213.0,1.0702239,648.0,False
b1c37,Batch 1,216.0,1.070116,648.0,False
b1c37,Batch 1,219.0,1.070303,648.0,False
b1c37,Batch 1,222.0,1.0696121,648.0,False
b1c37,Batch 1,225.0,1.0695143,648.0,False
b1c37,Batch 1,228.0,1.0695866,648.0,False
b1c37,Batch 1,231.0,1.0693084,648.0,False
b1c37,Batch 1,234.0,1.0687491,648.0,False
b1c37,Batch 1,236.0,1.0685804,648.0,False
b1c37,Batch 1,239.0,1.0683292,648.0,False
b1c37,Batch 1,242.0,1.068115,648.0,False
b1c37,Batch 1,245.0,1.068107,648.0,False
b1c37,Batch 1,248.0,1.0679114,648.0,False
b1c37,Batch 1,251.0,1.0673954,648.0,False
b1c37,Batch 1,254.0,1.0675477,648.0,False
b1c37,Batch 1,257.0,1.0674312,648.0,False
b1c37,Batch 1,260.0,1.0668536,648.0,False
b1c37,Batch 1,263.0,1.0664992,648.0,False
b1c37,Batch 1,266.0,1.0661851,648.0,False
b1c37,Batch 1,269.0,1.065906,648.0,False
b1c37,Batch 1,272.0,1.0657032,648.0,False
b1c37,Batch 1,275.0,1.0655475,648.0,False
b1c37,Batch 1,278.0,1.0651902,648.0,False
b1c37,Batch 1,281.0,1.0639396,648.0,False
b1c37,Batch 1,284.0,1.0651971,648.0,False
b1c37,Batch 1,287.0,1.0648811,648.0,False
b1c37,Batch 1,290.0,1.0641366,648.0,False
b1c37,Batch 1,293.0,1.0638034,648.0,False
b1c37,Batch 1,295.0,1.0636063,648.0,False
b1c37,Batch 1,298.0,1.0620911,648.0,False
b1c37,Batch 1,301.0,1.0630823,648.0,False
b1c37,Batch 1,304.0,1.0628216,648.0,False
b1c37,Batch 1,307.0,1.0624775,648.0,False
b1c37,Batch 1,310.0,1.0624876,648.0,False
b1c37,Batch 1,313.0,1.0622075,648.0,False
b1c37,Batch 1,316.0,1.0616753,648.0,False
b1c37,Batch 1,319.0,1.0613707,648.0,False
b1c37,Batch 1,322.0,1.0610484,648.0,False
b1c37,Batch 1,325.0,1.0606846,648.0,False
b1c37,Batch 1,328.0,1.0613877,648.0,False
b1c37,Batch 1,331.0,1.061175,648.0,False
b1c37,Batch 1,334.0,1.060936,648.0,False
b1c37,Batch 1,337.0,1.0612084,648.0,False
b1c37,Batch 1,340.0,1.0610474,648.0,False
b1c37,Batch 1,343.0,1.060481,648.0,False
b1c37,Batch 1,346.0,1.0596435,648.0,False
b1c37,Batch 1,349.0,1.0579998,648.0,False
b1c37,Batch 1,352.0,1.0588059,648.0,False
b1c37,Batch 1,354.0,1.0584818,648.0,False
b1c37,Batch 1,357.0,1.0583718,648.0,False
b1c37,Batch 1,360.0,1.0578302,648.0,False
b1c37,Batch 1,363.0,1.0576633,648.0,False
b1c37,Batch 1,366.0,1.057521,648.0,False
b1c37,Batch 1,369.0,1.0576022,648.0,False
b1c37,Batch 1,372.0,1.0563902,648.0,False
b1c37,Batch 1,375.0,1.0556365,648.0,False
b1c37,Batch 1,378.0,1.0555452,648.0,False
b1c37,Batch 1,381.0,1.054917,648.0,False
b1c37,Batch 1,384.0,1.0548885,648.0,False
b1c37,Batch 1,387.0,1.0541483,648.0,False
b1c37,Batch 1,390.0,1.0536963,648.0,False
b1c37,Batch 1,393.0,1.0539441,648.0,False
b1c37,Batch 1,396.0,1.0537381,648.0,False
b1c37,Batch 1,399.0,1.0524597,648.0,False
b1c37,Batch 1,402.0,1.0519059,648.0,False
b1c37,Batch 1,405.0,1.0513151,648.0,False
b1c37,Batch 1,408.0,1.050861,648.0,False
b1c37,Batch 1,411.0,1.0504813,648.0,False
b1c37,Batch 1,413.0,1.0503228,648.0,False
b1c37,Batch 1,416.0,1.0495195,648.0,False
b1c37,Batch 1,419.0,1.0492773,648.0,False
b1c37,Batch 1,422.0,1.0491129,648.0,False
b1c37,Batch 1,425.0,1.0478885,648.0,False
b1c37,Batch 1,428.0,1.0473019,648.0,False
b1c37,Batch 1,431.0,1.0464053,648.0,False
b1c37,Batch 1,434.0,1.0456821,648.0,False
b1c37,Batch 1,437.0,1.0449079,648.0,False
b1c37,Batch 1,440.0,1.0446121,648.0,False
b1c37,Batch 1,443.0,1.0435462,648.0,False
b1c37,Batch 1,446.0,1.0429363,648.0,False
b1c37,Batch 1,449.0,1.0425857,648.0,False
b1c37,Batch 1,452.0,1.0416652,648.0,False
b1c37,Batch 1,455.0,1.0408849,648.0,False
b1c37,Batch 1,458.0,1.039855,648.0,False
b1c37,Batch 1,461.0,1.0385761,648.0,False
b1c37,Batch 1,464.0,1.0365078,648.0,False
b1c37,Batch 1,467.0,1.0370154,648.0,False
b1c37,Batch 1,470.0,1.0347081,648.0,False
b1c37,Batch 1,472.0,1.0354376,648.0,False
b1c37,Batch 1,475.0,1.0348442,648.0,False
b1c37,Batch 1,478.0,1.0340303,648.0,False
b1c37,Batch 1,481.0,1.033011,648.0,False
b1c37,Batch 1,484.0,1.0314081,648.0,False
b1c37,Batch 1,487.0,1.0299815,648.0,False
b1c37,Batch 1,490.0,1.0270153,648.0,False
b1c37,Batch 1,493.0,1.0262649,648.0,False
b1c37,Batch 1,496.0,1.024959,648.0,False
b1c37,Batch 1,499.0,1.0237714,648.0,False
b1c37,Batch 1,502.0,1.0226462,648.0,False
b1c37,Batch 1,505.0,1.0209852,648.0,False
b1c37,Batch 1,508.0,1.0196599,648.0,False
b1c37,Batch 1,511.0,1.0177959,648.0,False
b1c37,Batch 1,514.0,1.0156553,648.0,False
b1c37,Batch 1,517.0,1.0133488,648.0,False
b1c37,Batch 1,520.0,1.0120616,648.0,False
b1c37,Batch 1,523.0,1.0087113,648.0,False
b1c37,Batch 1,526.0,1.0081965,648.0,False
b1c37,Batch 1,529.0,1.0047498,648.0,False
b1c37,Batch 1,531.0,1.0045186,648.0,False
b1c37,Batch 1,534.0,1.0027803,648.0,False
b1c37,Batch 1,537.0,1.0004898,648.0,False
b1c37,Batch 1,540.0,0.99744409,648.0,False
b1c37,Batch 1,543.0,0.99492115,648.0,False
b1c37,Batch 1,546.0,0.99228472,648.0,False
b1c37,Batch 1,549.0,0.98959208,648.0,False
b1c37,Batch 1,552.0,0.9870441,648.0,False
b1c37,Batch 1,555.0,0.984115,648.0,False
b1c37,Batch 1,558.0,0.98125619,648.0,False
b1c37,Batch 1,561.0,0.97892612,648.0,False
b1c37,Batch 1,564.0,0.97628665,648.0,False
b1c37,Batch 1,567.0,0.97317219,648.0,False
b1c37,Batch 1,570.0,0.96959114,648.0,False
b1c37,Batch 1,573.0,0.96678978,648.0,False
b1c37,Batch 1,576.0,0.96386266,648.0,False
b1c37,Batch 1,579.0,0.96050084,648.0,False
b1c37,Batch 1,582.0,0.95749873,648.0,False
b1c37,Batch 1,585.0,0.95439053,648.0,False
b1c37,Batch 1,588.0,0.951083,648.0,False
b1c37,Batch 1,590.0,0.94906086,648.0,False
b1c37,Batch 1,593.0,0.9462952,648.0,False
b1c37,Batch 1,596.0,0.94183052,648.0,False
b1c37,Batch 1,599.0,0.93956155,648.0,False
b1c37,Batch 1,602.0,0.93504018,648.0,False
b1c37,Batch 1,605.0,0.93311274,648.0,False
b1c37,Batch 1,608.0,0.92973137,648.0,False
b1c37,Batch 1,611.0,0.92642456,648.0,False
b1c37,Batch 1,614.0,0.92321283,648.0,False
b1c37,Batch 1,617.0,0.91997576,648.0,False
b1c37,Batch 1,620.0,0.91641533,648.0,False
b1c37,Batch 1,623.0,0.91298211,648.0,False
b1c37,Batch 1,626.0,0.909509,648.0,False
b1c37,Batch 1,629.0,0.90585858,648.0,False
b1c37,Batch 1,632.0,0.90231949,648.0,False
b1c37,Batch 1,635.0,0.89854115,648.0,False
b1c37,Batch 1,638.0,0.89492285,648.0,False
b1c37,Batch 1,641.0,0.89103317,648.0,False
b1c37,Batch 1,644.0,0.88710129,648.0,False
b1c37,Batch 1,647.0,0.88336319,648.0,False
b1c38,Batch 1,1.0,0.0,617.0,False
b1c38,Batch 1,3.0,1.0740083,617.0,False
b1c38,Batch 1,6.0,1.0752445,617.0,False
b1c38,Batch 1,9.0,1.0758859,617.0,False
b1c38,Batch 1,12.0,1.0762966,617.0,False
b1c38,Batch 1,15.0,1.0763847,617.0,False
b1c38,Batch 1,17.0,1.0763295,617.0,False
b1c38,Batch 1,20.0,1.0764062,617.0,False
b1c38,Batch 1,23.0,1.0764669,617.0,False
b1c38,Batch 1,26.0,1.0764616,617.0,False
b1c38,Batch 1,29.0,1.0764263,617.0,False
b1c38,Batch 1,31.0,1.0764285,617.0,False
b1c38,Batch 1,34.0,1.0764136,617.0,False
b1c38,Batch 1,37.0,1.0764438,617.0,False
b1c38,Batch 1,40.0,1.076331,617.0,False
b1c38,Batch 1,43.0,1.0762486,617.0,False
b1c38,Batch 1,45.0,1.0761949,617.0,False
b1c38,Batch 1,48.0,1.0760394,617.0,False
b1c38,Batch 1,51.0,1.0760459,617.0,False
b1c38,Batch 1,54.0,1.0764719,617.0,False
b1c38,Batch 1,57.0,1.0759888,617.0,False
b1c38,Batch 1,59.0,1.075785,617.0,False
b1c38,Batch 1,62.0,1.0758303,617.0,False
b1c38,Batch 1,65.0,1.0757375,617.0,False
b1c38,Batch 1,68.0,1.0756068,617.0,False
b1c38,Batch 1,71.0,1.0757536,617.0,False
b1c38,Batch 1,74.0,1.0755045,617.0,False
b1c38,Batch 1,76.0,1.0753672,617.0,False
b1c38,Batch 1,79.0,1.0753604,617.0,False
b1c38,Batch 1,82.0,1.0753317,617.0,False
b1c38,Batch 1,85.0,1.0751479,617.0,False
b1c38,Batch 1,88.0,1.0751139,617.0,False
b1c38,Batch 1,90.0,1.0750206,617.0,False
b1c38,Batch 1,93.0,1.0750014,617.0,False
b1c38,Batch 1,96.0,1.0749726,617.0,False
b1c38,Batch 1,99.0,1.0748731,617.0,False
b1c38,Batch 1,102.0,1.0748146,617.0,False
b1c38,Batch 1,104.0,1.0747582,617.0,False
b1c38,Batch 1,107.0,1.0746136,617.0,False
b1c38,Batch 1,110.0,1.074423,617.0,False
b1c38,Batch 1,113.0,1.0744694,617.0,False
b1c38,Batch 1,116.0,1.0743161,617.0,False
b1c38,Batch 1,118.0,1.0742038,617.0,False
b1c38,Batch 1,121.0,1.0741335,617.0,False
b1c38,Batch 1,124.0,1.0740638,617.0,False
b1c38,Batch 1,127.0,1.0739654,617.0,False
b1c38,Batch 1,130.0,1.0738014,617.0,False
b1c38,Batch 1,132.0,1.0737602,617.0,False
b1c38,Batch 1,135.0,1.0736276,617.0,False
b1c38,Batch 1,138.0,1.0734262,617.0,False
b1c38,Batch 1,141.0,1.0732957,617.0,False
b1c38,Batch 1,144.0,1.0732602,617.0,False
b1c38,Batch 1,147.0,1.0730155,617.0,False
b1c38,Batch 1,149.0,1.0731765,617.0,False
b1c38,Batch 1,152.0,1.0729685,617.0,False
b1c38,Batch 1,155.0,1.072872,617.0,False
b1c38,Batch 1,158.0,1.0726554,617.0,False
b1c38,Batch 1,161.0,1.0723928,617.0,False
b1c38,Batch 1,163.0,1.0724295,617.0,False
b1c38,Batch 1,166.0,1.0722878,617.0,False
b1c38,Batch 1,169.0,1.0724474,617.0,False
b1c38,Batch 1,172.0,1.0720129,617.0,False
b1c38,Batch 1,175.0,1.0720692,617.0,False
b1c38,Batch 1,177.0,1.0722405,617.0,False
b1c38,Batch 1,180.0,1.0714765,617.0,False
b1c38,Batch 1,183.0,1.0715004,617.0,False
b1c38,Batch 1,186.0,1.0713224,617.0,False
b1c38,Batch 1,189.0,1.0709341,617.0,False
b1c38,Batch 1,191.0,1.0710014,617.0,False
b1c38,Batch 1,194.0,1.0709233,617.0,False
b1c38,Batch 1,197.0,1.0710493,617.0,False
b1c38,Batch 1,200.0,1.070524,617.0,False
b1c38,Batch 1,203.0,1.0704564,617.0,False
b1c38,Batch 1,206.0,1.0708448,617.0,False
b1c38,Batch 1,208.0,1.0706413,617.0,False
b1c38,Batch 1,211.0,1.0700098,617.0,False
b1c38,Batch 1,214.0,1.0696996,617.0,False
b1c38,Batch 1,217.0,1.0694975,617.0,False
b1c38,Batch 1,220.0,1.0691695,617.0,False
b1c38,Batch 1,222.0,1.069206,617.0,False
b1c38,Batch 1,225.0,1.0692832,617.0,False
b1c38,Batch 1,228.0,1.0688286,617.0,False
b1c38,Batch 1,231.0,1.0684152,617.0,False
b1c38,Batch 1,234.0,1.0686697,617.0,False
b1c38,Batch 1,236.0,1.0684899,617.0,False
b1c38,Batch 1,239.0,1.0680771,617.0,False
b1c38,Batch 1,242.0,1.0677725,617.0,False
b1c38,Batch 1,245.0,1.0674943,617.0,False
b1c38,Batch 1,248.0,1.067106,617.0,False
b1c38,Batch 1,250.0,1.0672131,617.0,False
b1c38,Batch 1,253.0,1.0669535,617.0,False
b1c38,Batch 1,256.0,1.066553,617.0,False
b1c38,Batch 1,259.0,1.0665854,617.0,False
b1c38,Batch 1,262.0,1.0664285,617.0,False
b1c38,Batch 1,264.0,1.0662034,617.0,False
b1c38,Batch 1,267.0,1.0659024,617.0,False
b1c38,Batch 1,270.0,1.0654854,617.0,False
b1c38,Batch 1,273.0,1.0650278,617.0,False
b1c38,Batch 1,276.0,1.0648537,617.0,False
b1c38,Batch 1,279.0,1.0645778,617.0,False
b1c38,Batch 1,281.0,1.0644509,617.0,False
b1c38,Batch 1,284.0,1.0638363,617.0,False
b1c38,Batch 1,287.0,1.0639843,617.0,False
b1c38,Batch 1,290.0,1.0638157,617.0,False
b1c38,Batch 1,293.0,1.0636516,617.0,False
b1c38,Batch 1,295.0,1.0636216,617.0,False
b1c38,Batch 1,298.0,1.0630063,617.0,False
b1c38,Batch 1,301.0,1.0626786,617.0,False
b1c38,Batch 1,304.0,1.0621587,617.0,False
b1c38,Batch 1,307.0,1.0618842,617.0,False
b1c38,Batch 1,309.0,1.0616872,617.0,False
b1c38,Batch 1,312.0,1.0613157,617.0,False
b1c38,Batch 1,315.0,1.0610074,617.0,False
b1c38,Batch 1,318.0,1.0608628,617.0,False
b1c38,Batch 1,321.0,1.0604724,617.0,False
b1c38,Batch 1,323.0,1.060351,617.0,False
b1c38,Batch 1,326.0,1.0596782,617.0,False
b1c38,Batch 1,329.0,1.0594661,617.0,False
b1c38,Batch 1,332.0,1.0589011,617.0,False
b1c38,Batch 1,335.0,1.0585481,617.0,False
b1c38,Batch 1,337.0,1.0584401,617.0,False
b1c38,Batch 1,340.0,1.058762,617.0,False
b1c38,Batch 1,343.0,1.0581554,617.0,False
b1c38,Batch 1,346.0,1.0580511,617.0,False
b1c38,Batch 1,349.0,1.0584083,617.0,False
b1c38,Batch 1,352.0,1.0581917,617.0,False
b1c38,Batch 1,354.0,1.0574889,617.0,False
b1c38,Batch 1,357.0,1.0566148,617.0,False
b1c38,Batch 1,360.0,1.0561182,617.0,False
b1c38,Batch 1,363.0,1.0554309,617.0,False
b1c38,Batch 1,366.0,1.0550597,617.0,False
b1c38,Batch 1,368.0,1.0549966,617.0,False
b1c38,Batch 1,371.0,1.0543003,617.0,False
b1c38,Batch 1,374.0,1.0540305,617.0,False
b1c38,Batch 1,377.0,1.0538756,617.0,False
b1c38,Batch 1,380.0,1.0536026,617.0,False
b1c38,Batch 1,382.0,1.053033,617.0,False
b1c38,Batch 1,385.0,1.0522951,617.0,False
b1c38,Batch 1,388.0,1.0515021,617.0,False
b1c38,Batch 1,391.0,1.0512129,617.0,False
b1c38,Batch 1,394.0,1.0506597,617.0,False
b1c38,Batch 1,396.0,1.0501126,617.0,False
b1c38,Batch 1,399.0,1.0496964,617.0,False
b1c38,Batch 1,402.0,1.0487711,617.0,False
b1c38,Batch 1,405.0,1.0485784,617.0,False
b1c38,Batch 1,408.0,1.0483518,617.0,False
b1c38,Batch 1,411.0,1.0478142,617.0,False
b1c38,Batch 1,413.0,1.047132,617.0,False
b1c38,Batch 1,416.0,1.046057,617.0,False
b1c38,Batch 1,419.0,1.0454074,617.0,False
b1c38,Batch 1,422.0,1.0447255,617.0,False
b1c38,Batch 1,425.0,1.0437946,617.0,False
b1c38,Batch 1,427.0,1.043674,617.0,False
b1c38,Batch 1,430.0,1.0426536,617.0,False
b1c38,Batch 1,433.0,1.041935,617.0,False
b1c38,Batch 1,436.0,1.0415711,617.0,False
b1c38,Batch 1,439.0,1.0408796,617.0,False
b1c38,Batch 1,441.0,1.0403746,617.0,False
b1c38,Batch 1,444.0,1.039047,617.0,False
b1c38,Batch 1,447.0,1.037891,617.0,False
b1c38,Batch 1,450.0,1.0368965,617.0,False
b1c38,Batch 1,453.0,1.0360708,617.0,False
b1c38,Batch 1,455.0,1.0354059,617.0,False
b1c38,Batch 1,458.0,1.0346169,617.0,False
b1c38,Batch 1,461.0,1.0332452,617.0,False
b1c38,Batch 1,464.0,1.0325097,617.0,False
b1c38,Batch 1,467.0,1.0313798,617.0,False
b1c38,Batch 1,469.0,1.0311427,617.0,False
b1c38,Batch 1,472.0,1.0298905,617.0,False
b1c38,Batch 1,475.0,1.0280898,617.0,False
b1c38,Batch 1,478.0,1.0268282,617.0,False
b1c38,Batch 1,481.0,1.0253559,617.0,False
b1c38,Batch 1,484.0,1.0239902,617.0,False
b1c38,Batch 1,486.0,1.0230211,617.0,False
b1c38,Batch 1,489.0,1.0212626,617.0,False
b1c38,Batch 1,492.0,1.0194697,617.0,False
b1c38,Batch 1,495.0,1.0182645,617.0,False
b1c38,Batch 1,498.0,1.0170943,617.0,False
b1c38,Batch 1,500.0,1.015924,617.0,False
b1c38,Batch 1,503.0,1.0134916,617.0,False
b1c38,Batch 1,506.0,1.0109062,617.0,False
b1c38,Batch 1,509.0,1.0074766,617.0,False
b1c38,Batch 1,512.0,1.001518,617.0,False
b1c38,Batch 1,514.0,1.002309,617.0,False
b1c38,Batch 1,517.0,1.0004054,617.0,False
b1c38,Batch 1,520.0,0.99771619,617.0,False
b1c38,Batch 1,523.0,0.99507385,617.0,False
b1c38,Batch 1,526.0,0.99252295,617.0,False
b1c38,Batch 1,528.0,0.9907161,617.0,False
b1c38,Batch 1,531.0,0.98760176,617.0,False
b1c38,Batch 1,534.0,0.98370427,617.0,False
b1c38,Batch 1,537.0,0.98009294,617.0,False
b1c38,Batch 1,540.0,0.97658396,617.0,False
b1c38,Batch 1,542.0,0.97416663,617.0,False
b1c38,Batch 1,545.0,0.97042,617.0,False
b1c38,Batch 1,548.0,0.96703893,617.0,False
b1c38,Batch 1,551.0,0.96318126,617.0,False
b1c38,Batch 1,554.0,0.95936978,617.0,False
b1c38,Batch 1,557.0,0.95578271,617.0,False
b1c38,Batch 1,559.0,0.95328367,617.0,False
b1c38,Batch 1,562.0,0.94960487,617.0,False
b1c38,Batch 1,565.0,0.94579178,617.0,False
b1c38,Batch 1,568.0,0.94217294,617.0,False
b1c38,Batch 1,571.0,0.93833959,617.0,False
b1c38,Batch 1,573.0,0.93575239,617.0,False
b1c38,Batch 1,576.0,0.93210834,617.0,False
b1c38,Batch 1,579.0,0.92847657,617.0,False
b1c38,Batch 1,582.0,0.92451483,617.0,False
b1c38,Batch 1,585.0,0.92096996,617.0,False
b1c38,Batch 1,587.0,0.91849673,617.0,False
b1c38,Batch 1,590.0,0.91489393,617.0,False
b1c38,Batch 1,593.0,0.91104525,617.0,False
b1c38,Batch 1,596.0,0.90706152,617.0,False
b1c38,Batch 1,599.0,0.90302956,617.0,False
b1c38,Batch 1,601.0,0.90044415,617.0,False
b1c38,Batch 1,604.0,0.8965674,617.0,False
b1c38,Batch 1,607.0,0.89294142,617.0,False
b1c38,Batch 1,610.0,0.88870972,617.0,False
b1c38,Batch 1,613.0,0.88187832,617.0,False
b1c38,Batch 1,616.0,0.88110942,617.0,False
b1c39,Batch 1,1.0,0.0,625.0,False
b1c39,Batch 1,3.0,1.083198,625.0,False
b1c39,Batch 1,6.0,1.0847878,625.0,False
b1c39,Batch 1,9.0,1.0854084,625.0,False
b1c39,Batch 1,12.0,1.0857533,625.0,False
b1c39,Batch 1,15.0,1.0858122,625.0,False
b1c39,Batch 1,18.0,1.0859524,625.0,False
b1c39,Batch 1,20.0,1.0860233,625.0,False
b1c39,Batch 1,23.0,1.0861012,625.0,False
b1c39,Batch 1,26.0,1.0861388,625.0,False
b1c39,Batch 1,29.0,1.0862602,625.0,False
b1c39,Batch 1,32.0,1.0862615,625.0,False
b1c39,Batch 1,35.0,1.0862973,625.0,False
b1c39,Batch 1,37.0,1.0863334,625.0,False
b1c39,Batch 1,40.0,1.0862906,625.0,False
b1c39,Batch 1,43.0,1.0861998,625.0,False
b1c39,Batch 1,46.0,1.0861733,625.0,False
b1c39,Batch 1,49.0,1.0860975,625.0,False
b1c39,Batch 1,52.0,1.0861306,625.0,False
b1c39,Batch 1,55.0,1.0864667,625.0,False
b1c39,Batch 1,57.0,1.0859659,625.0,False
b1c39,Batch 1,60.0,1.0859447,625.0,False
b1c39,Batch 1,63.0,1.0858958,625.0,False
b1c39,Batch 1,66.0,1.0858009,625.0,False
b1c39,Batch 1,69.0,1.0857098,625.0,False
b1c39,Batch 1,72.0,1.0856575,625.0,False
b1c39,Batch 1,74.0,1.0855557,625.0,False
b1c39,Batch 1,77.0,1.085461,625.0,False
b1c39,Batch 1,80.0,1.0853689,625.0,False
b1c39,Batch 1,83.0,1.0852772,625.0,False
b1c39,Batch 1,86.0,1.0852197,625.0,False
b1c39,Batch 1,89.0,1.08509,625.0,False
b1c39,Batch 1,92.0,1.0850199,625.0,False
b1c39,Batch 1,94.0,1.084941,625.0,False
b1c39,Batch 1,97.0,1.0849007,625.0,False
b1c39,Batch 1,100.0,1.0847629,625.0,False
b1c39,Batch 1,103.0,1.084702,625.0,False
b1c39,Batch 1,106.0,1.0845824,625.0,False
b1c39,Batch 1,109.0,1.0843505,625.0,False
b1c39,Batch 1,111.0,1.0842599,625.0,False
b1c39,Batch 1,114.0,1.0842088,625.0,False
b1c39,Batch 1,117.0,1.0840403,625.0,False
b1c39,Batch 1,120.0,1.0839083,625.0,False
b1c39,Batch 1,123.0,1.0838567,625.0,False
b1c39,Batch 1,126.0,1.0837089,625.0,False
b1c39,Batch 1,129.0,1.0834955,625.0,False
b1c39,Batch 1,131.0,1.0834522,625.0,False
b1c39,Batch 1,134.0,1.0832708,625.0,False
b1c39,Batch 1,137.0,1.0830426,625.0,False
b1c39,Batch 1,140.0,1.0829287,625.0,False
b1c39,Batch 1,143.0,1.0829167,625.0,False
b1c39,Batch 1,146.0,1.0826647,625.0,False
b1c39,Batch 1,148.0,1.0826006,625.0,False
b1c39,Batch 1,151.0,1.0824437,625.0,False
b1c39,Batch 1,154.0,1.082379,625.0,False
b1c39,Batch 1,157.0,1.0822042,625.0,False
b1c39,Batch 1,160.0,1.0820391,625.0,False
b1c39,Batch 1,163.0,1.081816,625.0,False
b1c39,Batch 1,165.0,1.0817333,625.0,False
b1c39,Batch 1,168.0,1.0818878,625.0,False
b1c39,Batch 1,171.0,1.0815425,625.0,False
b1c39,Batch 1,174.0,1.0813894,625.0,False
b1c39,Batch 1,177.0,1.0815488,625.0,False
b1c39,Batch 1,180.0,1.0813338,625.0,False
b1c39,Batch 1,183.0,1.0808811,625.0,False
b1c39,Batch 1,185.0,1.0807102,625.0,False
b1c39,Batch 1,188.0,1.0804904,625.0,False
b1c39,Batch 1,191.0,1.0802317,625.0,False
b1c39,Batch 1,194.0,1.0801519,625.0,False
b1c39,Batch 1,197.0,1.0803083,625.0,False
b1c39,Batch 1,200.0,1.0797983,625.0,False
b1c39,Batch 1,202.0,1.0797648,625.0,False
b1c39,Batch 1,205.0,1.0800914,625.0,False
b1c39,Batch 1,208.0,1.0799494,625.0,False
b1c39,Batch 1,211.0,1.0792305,625.0,False
b1c39,Batch 1,214.0,1.0789219,625.0,False
b1c39,Batch 1,217.0,1.0786576,625.0,False
b1c39,Batch 1,220.0,1.0784671,625.0,False
b1c39,Batch 1,222.0,1.0784901,625.0,False
b1c39,Batch 1,225.0,1.0785931,625.0,False
b1c39,Batch 1,228.0,1.0780069,625.0,False
b1c39,Batch 1,231.0,1.0779291,625.0,False
b1c39,Batch 1,234.0,1.0780016,625.0,False
b1c39,Batch 1,237.0,1.0777414,625.0,False
b1c39,Batch 1,239.0,1.0772917,625.0,False
b1c39,Batch 1,242.0,1.0770643,625.0,False
b1c39,Batch 1,245.0,1.0767425,625.0,False
b1c39,Batch 1,248.0,1.0765184,625.0,False
b1c39,Batch 1,251.0,1.0764476,625.0,False
b1c39,Batch 1,254.0,1.0763625,625.0,False
b1c39,Batch 1,257.0,1.075899,625.0,False
b1c39,Batch 1,259.0,1.0758649,625.0,False
b1c39,Batch 1,262.0,1.075929,625.0,False
b1c39,Batch 1,265.0,1.0757016,625.0,False
b1c39,Batch 1,268.0,1.0751406,625.0,False
b1c39,Batch 1,271.0,1.0748419,625.0,False
b1c39,Batch 1,274.0,1.0745349,625.0,False
b1c39,Batch 1,276.0,1.0743372,625.0,False
b1c39,Batch 1,279.0,1.074071,625.0,False
b1c39,Batch 1,282.0,1.0739251,625.0,False
b1c39,Batch 1,285.0,1.073652,625.0,False
b1c39,Batch 1,288.0,1.0735028,625.0,False
b1c39,Batch 1,291.0,1.0735133,625.0,False
b1c39,Batch 1,294.0,1.0732899,625.0,False
b1c39,Batch 1,296.0,1.0726407,625.0,False
b1c39,Batch 1,299.0,1.0723196,625.0,False
b1c39,Batch 1,302.0,1.0719926,625.0,False
b1c39,Batch 1,305.0,1.0716102,625.0,False
b1c39,Batch 1,308.0,1.0713211,625.0,False
b1c39,Batch 1,311.0,1.0711137,625.0,False
b1c39,Batch 1,313.0,1.0708894,625.0,False
b1c39,Batch 1,316.0,1.0704826,625.0,False
b1c39,Batch 1,319.0,1.0703796,625.0,False
b1c39,Batch 1,322.0,1.0700777,625.0,False
b1c39,Batch 1,325.0,1.0695384,625.0,False
b1c39,Batch 1,328.0,1.0691664,625.0,False
b1c39,Batch 1,330.0,1.0689415,625.0,False
b1c39,Batch 1,333.0,1.0685189,625.0,False
b1c39,Batch 1,336.0,1.0686193,625.0,False
b1c39,Batch 1,339.0,1.068772,625.0,False
b1c39,Batch 1,342.0,1.0683211,625.0,False
b1c39,Batch 1,345.0,1.0684608,625.0,False
b1c39,Batch 1,348.0,1.0683893,625.0,False
b1c39,Batch 1,350.0,1.0681336,625.0,False
b1c39,Batch 1,353.0,1.067081,625.0,False
b1c39,Batch 1,356.0,1.0664773,625.0,False
b1c39,Batch 1,359.0,1.0658728,625.0,False
b1c39,Batch 1,362.0,1.0654461,625.0,False
b1c39,Batch 1,365.0,1.0651025,625.0,False
b1c39,Batch 1,367.0,1.0648878,625.0,False
b1c39,Batch 1,370.0,1.0643127,625.0,False
b1c39,Batch 1,373.0,1.0642488,625.0,False
b1c39,Batch 1,376.0,1.063931,625.0,False
b1c39,Batch 1,379.0,1.0635525,625.0,False
b1c39,Batch 1,382.0,1.0624456,625.0,False
b1c39,Batch 1,385.0,1.0617555,625.0,False
b1c39,Batch 1,387.0,1.0616145,625.0,False
b1c39,Batch 1,390.0,1.0612199,625.0,False
b1c39,Batch 1,393.0,1.0602156,625.0,False
b1c39,Batch 1,396.0,1.0598383,625.0,False
b1c39,Batch 1,399.0,1.0590864,625.0,False
b1c39,Batch 1,402.0,1.0590432,625.0,False
b1c39,Batch 1,404.0,1.0587679,625.0,False
b1c39,Batch 1,407.0,1.0582671,625.0,False
b1c39,Batch 1,410.0,1.0573626,625.0,False
b1c39,Batch 1,413.0,1.0561455,625.0,False
b1c39,Batch 1,416.0,1.0554978,625.0,False
b1c39,Batch 1,419.0,1.054963,625.0,False
b1c39,Batch 1,422.0,1.0542666,625.0,False
b1c39,Batch 1,424.0,1.0538565,625.0,False
b1c39,Batch 1,427.0,1.0530324,625.0,False
b1c39,Batch 1,430.0,1.0521846,625.0,False
b1c39,Batch 1,433.0,1.0518661,625.0,False
b1c39,Batch 1,436.0,1.0511085,625.0,False
b1c39,Batch 1,439.0,1.0496014,625.0,False
b1c39,Batch 1,441.0,1.0489944,625.0,False
b1c39,Batch 1,444.0,1.0478541,625.0,False
b1c39,Batch 1,447.0,1.046864,625.0,False
b1c39,Batch 1,450.0,1.0459481,625.0,False
b1c39,Batch 1,453.0,1.04505,625.0,False
b1c39,Batch 1,456.0,1.0439404,625.0,False
b1c39,Batch 1,459.0,1.0429664,625.0,False
b1c39,Batch 1,461.0,1.0425605,625.0,False
b1c39,Batch 1,464.0,1.0414438,625.0,False
b1c39,Batch 1,467.0,1.04018,625.0,False
b1c39,Batch 1,470.0,1.0386454,625.0,False
b1c39,Batch 1,473.0,1.0372856,625.0,False
b1c39,Batch 1,476.0,1.0359069,625.0,False
b1c39,Batch 1,478.0,1.0348642,625.0,False
b1c39,Batch 1,481.0,1.0333958,625.0,False
b1c39,Batch 1,484.0,1.0318415,625.0,False
b1c39,Batch 1,487.0,1.0303283,625.0,False
b1c39,Batch 1,490.0,1.0291984,625.0,False
b1c39,Batch 1,493.0,1.0279093,625.0,False
b1c39,Batch 1,495.0,1.0269314,625.0,False
b1c39,Batch 1,498.0,1.0243963,625.0,False
b1c39,Batch 1,501.0,1.0218785,625.0,False
b1c39,Batch 1,504.0,1.018258,625.0,False
b1c39,Batch 1,507.0,1.0158287,625.0,False
b1c39,Batch 1,510.0,1.0134865,625.0,False
b1c39,Batch 1,513.0,1.0110178,625.0,False
b1c39,Batch 1,515.0,1.0093832,625.0,False
b1c39,Batch 1,518.0,1.0067354,625.0,False
b1c39,Batch 1,521.0,1.0040988,625.0,False
b1c39,Batch 1,524.0,1.0014735,625.0,False
b1c39,Batch 1,527.0,0.99804151,625.0,False
b1c39,Batch 1,530.0,0.99505353,625.0,False
b1c39,Batch 1,532.0,0.99280375,625.0,False
b1c39,Batch 1,535.0,0.9894644,625.0,False
b1c39,Batch 1,538.0,0.98581898,625.0,False
b1c39,Batch 1,541.0,0.98253286,625.0,False
b1c39,Batch 1,544.0,0.97922403,625.0,False
b1c39,Batch 1,547.0,0.97545427,625.0,False
b1c39,Batch 1,550.0,0.97205007,625.0,False
b1c39,Batch 1,552.0,0.96963,625.0,False
b1c39,Batch 1,555.0,0.96606958,625.0,False
b1c39,Batch 1,558.0,0.9622916,625.0,False
b1c39,Batch 1,561.0,0.95867044,625.0,False
b1c39,Batch 1,564.0,0.95471251,625.0,False
b1c39,Batch 1,567.0,0.95100957,625.0,False
b1c39,Batch 1,569.0,0.9483546,625.0,False
b1c39,Batch 1,572.0,0.94495851,625.0,False
b1c39,Batch 1,575.0,0.94134808,625.0,False
b1c39,Batch 1,578.0,0.93773085,625.0,False
b1c39,Batch 1,581.0,0.93443567,625.0,False
b1c39,Batch 1,584.0,0.93077755,625.0,False
b1c39,Batch 1,587.0,0.92723489,625.0,False
b1c39,Batch 1,589.0,0.92451298,625.0,False
b1c39,Batch 1,592.0,0.92076743,625.0,False
b1c39,Batch 1,595.0,0.91688764,625.0,False
b1c39,Batch 1,598.0,0.91322553,625.0,False
b1c39,Batch 1,601.0,0.90955698,625.0,False
b1c39,Batch 1,604.0,0.90572375,625.0,False
b1c39,Batch 1,606.0,0.90321851,625.0,False
b1c39,Batch 1,609.0,0.8992303,625.0,False
b1c39,Batch 1,612.0,0.89575142,625.0,False
b1c39,Batch 1,615.0,0.89162207,625.0,False
b1c39,Batch 1,618.0,0.88755667,625.0,False
b1c39,Batch 1,621.0,0.88370895,625.0,False
b1c39,Batch 1,624.0,0.88011074,625.0,False
b1c40,Batch 1,1.0,0.0,966.0,False
b1c40,Batch 1,5.0,1.086074,966.0,False
b1c40,Batch 1,9.0,1.0869442,966.0,False
b1c40,Batch 1,14.0,1.087273,966.0,False
b1c40,Batch 1,18.0,1.0873899,966.0,False
b1c40,Batch 1,23.0,1.0874515,966.0,False
b1c40,Batch 1,27.0,1.0875932,966.0,False
b1c40,Batch 1,31.0,1.0875857,966.0,False
b1c40,Batch 1,36.0,1.0876946,966.0,False
b1c40,Batch 1,40.0,1.0875367,966.0,False
b1c40,Batch 1,45.0,1.087366,966.0,False
b1c40,Batch 1,49.0,1.0872591,966.0,False
b1c40,Batch 1,53.0,1.0878062,966.0,False
b1c40,Batch 1,58.0,1.0872645,966.0,False
b1c40,Batch 1,62.0,1.0871788,966.0,False
b1c40,Batch 1,67.0,1.0870594,966.0,False
b1c40,Batch 1,71.0,1.0868351,966.0,False
b1c40,Batch 1,75.0,1.086706,966.0,False
b1c40,Batch 1,80.0,1.0865797,966.0,False
b1c40,Batch 1,84.0,1.0863792,966.0,False
b1c40,Batch 1,89.0,1.0862139,966.0,False
b1c40,Batch 1,93.0,1.0860515,966.0,False
b1c40,Batch 1,97.0,1.085856,966.0,False
b1c40,Batch 1,102.0,1.0856363,966.0,False
b1c40,Batch 1,106.0,1.0853467,966.0,False
b1c40,Batch 1,111.0,1.0854576,966.0,False
b1c40,Batch 1,115.0,1.0853653,966.0,False
b1c40,Batch 1,119.0,1.0853425,966.0,False
b1c40,Batch 1,124.0,1.084865,966.0,False
b1c40,Batch 1,128.0,1.0847524,966.0,False
b1c40,Batch 1,133.0,1.0843834,966.0,False
b1c40,Batch 1,137.0,1.0843241,966.0,False
b1c40,Batch 1,141.0,1.0840833,966.0,False
b1c40,Batch 1,146.0,1.0839354,966.0,False
b1c40,Batch 1,150.0,1.0838801,966.0,False
b1c40,Batch 1,155.0,1.0836502,966.0,False
b1c40,Batch 1,159.0,1.0834874,966.0,False
b1c40,Batch 1,163.0,1.0836792,966.0,False
b1c40,Batch 1,168.0,1.0831622,966.0,False
b1c40,Batch 1,172.0,1.0834113,966.0,False
b1c40,Batch 1,177.0,1.0828387,966.0,False
b1c40,Batch 1,181.0,1.0826445,966.0,False
b1c40,Batch 1,185.0,1.0824199,966.0,False
b1c40,Batch 1,190.0,1.0826499,966.0,False
b1c40,Batch 1,194.0,1.0820384,966.0,False
b1c40,Batch 1,199.0,1.0826521,966.0,False
b1c40,Batch 1,203.0,1.0820084,966.0,False
b1c40,Batch 1,207.0,1.0815843,966.0,False
b1c40,Batch 1,212.0,1.0813401,966.0,False
b1c40,Batch 1,216.0,1.0815815,966.0,False
b1c40,Batch 1,221.0,1.080948,966.0,False
b1c40,Batch 1,225.0,1.0811961,966.0,False
b1c40,Batch 1,229.0,1.0809565,966.0,False
b1c40,Batch 1,234.0,1.0804187,966.0,False
b1c40,Batch 1,238.0,1.0801321,966.0,False
b1c40,Batch 1,243.0,1.0802222,966.0,False
b1c40,Batch 1,247.0,1.0797541,966.0,False
b1c40,Batch 1,251.0,1.0798455,966.0,False
b1c40,Batch 1,256.0,1.0797888,966.0,False
b1c40,Batch 1,260.0,1.0791813,966.0,False
b1c40,Batch 1,265.0,1.0789006,966.0,False
b1c40,Batch 1,269.0,1.0787122,966.0,False
b1c40,Batch 1,273.0,1.0785787,966.0,False
b1c40,Batch 1,278.0,1.078527,966.0,False
b1c40,Batch 1,282.0,1.078692,966.0,False
b1c40,Batch 1,287.0,1.0778714,966.0,False
b1c40,Batch 1,291.0,1.0776614,966.0,False
b1c40,Batch 1,295.0,1.0774803,966.0,False
b1c40,Batch 1,300.0,1.0774214,966.0,False
b1c40,Batch 1,304.0,1.077112,966.0,False
b1c40,Batch 1,309.0,1.0771092,966.0,False
b1c40,Batch 1,313.0,1.0767347,966.0,False
b1c40,Batch 1,317.0,1.0765065,966.0,False
b1c40,Batch 1,322.0,1.076225,966.0,False
b1c40,Batch 1,326.0,1.0771458,966.0,False
b1c40,Batch 1,331.0,1.0771179,966.0,False
b1c40,Batch 1,335.0,1.0776361,966.0,False
b1c40,Batch 1,339.0,1.0772492,966.0,False
b1c40,Batch 1,344.0,1.0761328,966.0,False
b1c40,Batch 1,348.0,1.0758957,966.0,False
b1c40,Batch 1,353.0,1.075742,966.0,False
b1c40,Batch 1,357.0,1.0753518,966.0,False
b1c40,Batch 1,361.0,1.0758551,966.0,False
b1c40,Batch 1,366.0,1.0755999,966.0,False
b1c40,Batch 1,370.0,1.0746909,966.0,False
b1c40,Batch 1,375.0,1.074368,966.0,False
b1c40,Batch 1,379.0,1.0743856,966.0,False
b1c40,Batch 1,383.0,1.0738636,966.0,False
b1c40,Batch 1,388.0,1.0742577,966.0,False
b1c40,Batch 1,392.0,1.0742803,966.0,False
b1c40,Batch 1,397.0,1.0731379,966.0,False
b1c40,Batch 1,401.0,1.0728194,966.0,False
b1c40,Batch 1,405.0,1.0727539,966.0,False
b1c40,Batch 1,410.0,1.072377,966.0,False
b1c40,Batch 1,414.0,1.0725502,966.0,False
b1c40,Batch 1,419.0,1.0725372,966.0,False
b1c40,Batch 1,423.0,1.0715766,966.0,False
b1c40,Batch 1,427.0,1.0712446,966.0,False
b1c40,Batch 1,432.0,1.0709981,966.0,False
b1c40,Batch 1,436.0,1.0707564,966.0,False
b1c40,Batch 1,441.0,1.0707024,966.0,False
b1c40,Batch 1,445.0,1.0706491,966.0,False
b1c40,Batch 1,449.0,1.0699736,966.0,False
b1c40,Batch 1,454.0,1.0694115,966.0,False
b1c40,Batch 1,458.0,1.0690471,966.0,False
b1c40,Batch 1,463.0,1.0686882,966.0,False
b1c40,Batch 1,467.0,1.0687548,966.0,False
b1c40,Batch 1,471.0,1.0692486,966.0,False
b1c40,Batch 1,476.0,1.0682999,966.0,False
b1c40,Batch 1,480.0,1.0675609,966.0,False
b1c40,Batch 1,485.0,1.0653801,966.0,False
b1c40,Batch 1,489.0,1.0657072,966.0,False
b1c40,Batch 1,494.0,1.0653745,966.0,False
b1c40,Batch 1,498.0,1.0655086,966.0,False
b1c40,Batch 1,502.0,1.0650661,966.0,False
b1c40,Batch 1,507.0,1.0642191,966.0,False
b1c40,Batch 1,511.0,1.0638843,966.0,False
b1c40,Batch 1,516.0,1.0635989,966.0,False
b1c40,Batch 1,520.0,1.0631799,966.0,False
b1c40,Batch 1,524.0,1.0630637,966.0,False
b1c40,Batch 1,529.0,1.0624115,966.0,False
b1c40,Batch 1,533.0,1.0619165,966.0,False
b1c40,Batch 1,538.0,1.0613172,966.0,False
b1c40,Batch 1,542.0,1.0607102,966.0,False
b1c40,Batch 1,546.0,1.0605013,966.0,False
b1c40,Batch 1,551.0,1.0598729,966.0,False
b1c40,Batch 1,555.0,1.0600318,966.0,False
b1c40,Batch 1,560.0,1.0588311,966.0,False
b1c40,Batch 1,564.0,1.0583936,966.0,False
b1c40,Batch 1,568.0,1.0576743,966.0,False
b1c40,Batch 1,573.0,1.0570579,966.0,False
b1c40,Batch 1,577.0,1.0564798,966.0,False
b1c40,Batch 1,582.0,1.0558461,966.0,False
b1c40,Batch 1,586.0,1.0552808,966.0,False
b1c40,Batch 1,590.0,1.0545938,966.0,False
b1c40,Batch 1,595.0,1.0536487,966.0,False
b1c40,Batch 1,599.0,1.0531827,966.0,False
b1c40,Batch 1,604.0,1.0523076,966.0,False
b1c40,Batch 1,608.0,1.0515116,966.0,False
b1c40,Batch 1,612.0,1.0509365,966.0,False
b1c40,Batch 1,617.0,1.0495238,966.0,False
b1c40,Batch 1,621.0,1.0488911,966.0,False
b1c40,Batch 1,626.0,1.0479283,966.0,False
b1c40,Batch 1,630.0,1.0475836,966.0,False
b1c40,Batch 1,634.0,1.0463371,966.0,False
b1c40,Batch 1,639.0,1.0459281,966.0,False
b1c40,Batch 1,643.0,1.0452621,966.0,False
b1c40,Batch 1,648.0,1.0438955,966.0,False
b1c40,Batch 1,652.0,1.04311,966.0,False
b1c40,Batch 1,656.0,1.0422859,966.0,False
b1c40,Batch 1,661.0,1.0412377,966.0,False
b1c40,Batch 1,665.0,1.0402814,966.0,False
b1c40,Batch 1,670.0,1.0391533,966.0,False
b1c40,Batch 1,674.0,1.0380321,966.0,False
b1c40,Batch 1,678.0,1.0370923,966.0,False
b1c40,Batch 1,683.0,1.0358123,966.0,False
b1c40,Batch 1,687.0,1.0346165,966.0,False
b1c40,Batch 1,692.0,1.0333849,966.0,False
b1c40,Batch 1,696.0,1.0325251,966.0,False
b1c40,Batch 1,700.0,1.0312624,966.0,False
b1c40,Batch 1,705.0,1.0298582,966.0,False
b1c40,Batch 1,709.0,1.0289717,966.0,False
b1c40,Batch 1,714.0,1.0275557,966.0,False
b1c40,Batch 1,718.0,1.0264401,966.0,False
b1c40,Batch 1,722.0,1.025798,966.0,False
b1c40,Batch 1,727.0,1.0238339,966.0,False
b1c40,Batch 1,731.0,1.0221999,966.0,False
b1c40,Batch 1,736.0,1.0204552,966.0,False
b1c40,Batch 1,740.0,1.0192213,966.0,False
b1c40,Batch 1,744.0,1.0177592,966.0,False
b1c40,Batch 1,749.0,1.016746,966.0,False
b1c40,Batch 1,753.0,1.0155959,966.0,False
b1c40,Batch 1,758.0,1.0129486,966.0,False
b1c40,Batch 1,762.0,1.0114259,966.0,False
b1c40,Batch 1,766.0,1.0101671,966.0,False
b1c40,Batch 1,771.0,1.0081569,966.0,False
b1c40,Batch 1,775.0,1.0066948,966.0,False
b1c40,Batch 1,780.0,1.0053602,966.0,False
b1c40,Batch 1,784.0,1.0034428,966.0,False
b1c40,Batch 1,788.0,1.0016346,966.0,False
b1c40,Batch 1,793.0,0.99946952,966.0,False
b1c40,Batch 1,797.0,0.9977684,966.0,False
b1c40,Batch 1,802.0,0.99511558,966.0,False
b1c40,Batch 1,806.0,0.99382722,966.0,False
b1c40,Batch 1,810.0,0.99220818,966.0,False
b1c40,Batch 1,815.0,0.98912984,966.0,False
b1c40,Batch 1,819.0,0.98664153,966.0,False
b1c40,Batch 1,824.0,0.98385501,966.0,False
b1c40,Batch 1,828.0,0.98168671,966.0,False
b1c40,Batch 1,832.0,0.97920012,966.0,False
b1c40,Batch 1,837.0,0.97688162,966.0,False
b1c40,Batch 1,841.0,0.97453558,966.0,False
b1c40,Batch 1,846.0,0.97099864,966.0,False
b1c40,Batch 1,850.0,0.9685756,966.0,False
b1c40,Batch 1,854.0,0.96606821,966.0,False
b1c40,Batch 1,859.0,0.96304774,966.0,False
b1c40,Batch 1,863.0,0.96018821,966.0,False
b1c40,Batch 1,868.0,0.95741326,966.0,False
b1c40,Batch 1,872.0,0.95515412,966.0,False
b1c40,Batch 1,876.0,0.95101362,966.0,False
b1c40,Batch 1,881.0,0.94795692,966.0,False
b1c40,Batch 1,885.0,0.94561177,966.0,False
b1c40,Batch 1,890.0,0.94214165,966.0,False
b1c40,Batch 1,894.0,0.94001538,966.0,False
b1c40,Batch 1,898.0,0.93756276,966.0,False
b1c40,Batch 1,903.0,0.93363315,966.0,False
b1c40,Batch 1,907.0,0.93092507,966.0,False
b1c40,Batch 1,912.0,0.92719895,966.0,False
b1c40,Batch 1,916.0,0.92421079,966.0,False
b1c40,Batch 1,920.0,0.92119384,966.0,False
b1c40,Batch 1,925.0,0.9175294,966.0,False
b1c40,Batch 1,929.0,0.91480118,966.0,False
b1c40,Batch 1,934.0,0.91086149,966.0,False
b1c40,Batch 1,938.0,0.9072293,966.0,False
b1c40,Batch 1,942.0,0.90371251,966.0,False
b1c40,Batch 1,947.0,0.8983897,966.0,False
b1c40,Batch 1,951.0,0.89412856,966.0,False
b1c40,Batch 1,956.0,0.8896206,966.0,False
b1c40,Batch 1,960.0,0.88600129,966.0,False
b1c40,Batch 1,965.0,0.88060951,966.0,False
b1c41,Batch 1,1.0,0.0,1051.0,False
b1c41,Batch 1,5.0,1.0817143,1051.0,False
b1c41,Batch 1,10.0,1.0827476,1051.0,False
b1c41,Batch 1,15.0,1.0830331,1051.0,False
b1c41,Batch 1,20.0,1.0831599,1051.0,False
b1c41,Batch 1,24.0,1.0830774,1051.0,False
b1c41,Batch 1,29.0,1.0832728,1051.0,False
b1c41,Batch 1,34.0,1.0834335,1051.0,False
b1c41,Batch 1,39.0,1.0834185,1051.0,False
b1c41,Batch 1,44.0,1.0832475,1051.0,False
b1c41,Batch 1,48.0,1.0831821,1051.0,False
b1c41,Batch 1,53.0,1.0838689,1051.0,False
b1c41,Batch 1,58.0,1.0832846,1051.0,False
b1c41,Batch 1,63.0,1.0832187,1051.0,False
b1c41,Batch 1,68.0,1.082989,1051.0,False
b1c41,Batch 1,72.0,1.0829127,1051.0,False
b1c41,Batch 1,77.0,1.0827973,1051.0,False
b1c41,Batch 1,82.0,1.0826631,1051.0,False
b1c41,Batch 1,87.0,1.0825267,1051.0,False
b1c41,Batch 1,92.0,1.0824488,1051.0,False
b1c41,Batch 1,96.0,1.0822678,1051.0,False
b1c41,Batch 1,101.0,1.0821489,1051.0,False
b1c41,Batch 1,106.0,1.0818967,1051.0,False
b1c41,Batch 1,111.0,1.0818163,1051.0,False
b1c41,Batch 1,115.0,1.0816773,1051.0,False
b1c41,Batch 1,120.0,1.0816431,1051.0,False
b1c41,Batch 1,125.0,1.0813301,1051.0,False
b1c41,Batch 1,130.0,1.081099,1051.0,False
b1c41,Batch 1,135.0,1.0808114,1051.0,False
b1c41,Batch 1,139.0,1.0807548,1051.0,False
b1c41,Batch 1,144.0,1.0804807,1051.0,False
b1c41,Batch 1,149.0,1.0803193,1051.0,False
b1c41,Batch 1,154.0,1.0800974,1051.0,False
b1c41,Batch 1,159.0,1.0798079,1051.0,False
b1c41,Batch 1,163.0,1.0800097,1051.0,False
b1c41,Batch 1,168.0,1.0794748,1051.0,False
b1c41,Batch 1,173.0,1.0797594,1051.0,False
b1c41,Batch 1,178.0,1.0791408,1051.0,False
b1c41,Batch 1,183.0,1.0788633,1051.0,False
b1c41,Batch 1,187.0,1.0787259,1051.0,False
b1c41,Batch 1,192.0,1.0788008,1051.0,False
b1c41,Batch 1,197.0,1.078721,1051.0,False
b1c41,Batch 1,202.0,1.0787574,1051.0,False
b1c41,Batch 1,206.0,1.0780387,1051.0,False
b1c41,Batch 1,211.0,1.0777041,1051.0,False
b1c41,Batch 1,216.0,1.0776701,1051.0,False
b1c41,Batch 1,221.0,1.0772938,1051.0,False
b1c41,Batch 1,226.0,1.0774142,1051.0,False
b1c41,Batch 1,230.0,1.0772277,1051.0,False
b1c41,Batch 1,235.0,1.0766691,1051.0,False
b1c41,Batch 1,240.0,1.0763009,1051.0,False
b1c41,Batch 1,245.0,1.076462,1051.0,False
b1c41,Batch 1,250.0,1.0759138,1051.0,False
b1c41,Batch 1,254.0,1.0761281,1051.0,False
b1c41,Batch 1,259.0,1.0756558,1051.0,False
b1c41,Batch 1,264.0,1.0753,1051.0,False
b1c41,Batch 1,269.0,1.0749042,1051.0,False
b1c41,Batch 1,274.0,1.0749098,1051.0,False
b1c41,Batch 1,278.0,1.0746173,1051.0,False
b1c41,Batch 1,283.0,1.0749139,1051.0,False
b1c41,Batch 1,288.0,1.0741868,1051.0,False
b1c41,Batch 1,293.0,1.0737294,1051.0,False
b1c41,Batch 1,297.0,1.0736661,1051.0,False
b1c41,Batch 1,302.0,1.0734737,1051.0,False
b1c41,Batch 1,307.0,1.0732679,1051.0,False
b1c41,Batch 1,312.0,1.0731988,1051.0,False
b1c41,Batch 1,317.0,1.0727199,1051.0,False
b1c41,Batch 1,321.0,1.072535,1051.0,False
b1c41,Batch 1,326.0,1.0723267,1051.0,False
b1c41,Batch 1,331.0,1.0729605,1051.0,False
b1c41,Batch 1,336.0,1.0732745,1051.0,False
b1c41,Batch 1,341.0,1.0730548,1051.0,False
b1c41,Batch 1,345.0,1.0722641,1051.0,False
b1c41,Batch 1,350.0,1.0717077,1051.0,False
b1c41,Batch 1,355.0,1.0714157,1051.0,False
b1c41,Batch 1,360.0,1.0711876,1051.0,False
b1c41,Batch 1,365.0,1.0711576,1051.0,False
b1c41,Batch 1,369.0,1.0715027,1051.0,False
b1c41,Batch 1,374.0,1.0701697,1051.0,False
b1c41,Batch 1,379.0,1.0698583,1051.0,False
b1c41,Batch 1,384.0,1.0701547,1051.0,False
b1c41,Batch 1,388.0,1.0696808,1051.0,False
b1c41,Batch 1,393.0,1.0699785,1051.0,False
b1c41,Batch 1,398.0,1.0693787,1051.0,False
b1c41,Batch 1,403.0,1.0687047,1051.0,False
b1c41,Batch 1,408.0,1.068465,1051.0,False
b1c41,Batch 1,412.0,1.0686543,1051.0,False
b1c41,Batch 1,417.0,1.0677466,1051.0,False
b1c41,Batch 1,422.0,1.0683273,1051.0,False
b1c41,Batch 1,427.0,1.0673383,1051.0,False
b1c41,Batch 1,432.0,1.0664328,1051.0,False
b1c41,Batch 1,436.0,1.0662615,1051.0,False
b1c41,Batch 1,441.0,1.0663652,1051.0,False
b1c41,Batch 1,446.0,1.0660645,1051.0,False
b1c41,Batch 1,451.0,1.0662413,1051.0,False
b1c41,Batch 1,456.0,1.0656689,1051.0,False
b1c41,Batch 1,460.0,1.0649457,1051.0,False
b1c41,Batch 1,465.0,1.0646385,1051.0,False
b1c41,Batch 1,470.0,1.0644031,1051.0,False
b1c41,Batch 1,475.0,1.064018,1051.0,False
b1c41,Batch 1,479.0,1.0641559,1051.0,False
b1c41,Batch 1,484.0,1.0636271,1051.0,False
b1c41,Batch 1,489.0,1.0625652,1051.0,False
b1c41,Batch 1,494.0,1.0611866,1051.0,False
b1c41,Batch 1,499.0,1.0614933,1051.0,False
b1c41,Batch 1,503.0,1.0611537,1051.0,False
b1c41,Batch 1,508.0,1.0612669,1051.0,False
b1c41,Batch 1,513.0,1.0605247,1051.0,False
b1c41,Batch 1,518.0,1.0600628,1051.0,False
b1c41,Batch 1,523.0,1.0598942,1051.0,False
b1c41,Batch 1,527.0,1.0599738,1051.0,False
b1c41,Batch 1,532.0,1.0595006,1051.0,False
b1c41,Batch 1,537.0,1.0593351,1051.0,False
b1c41,Batch 1,542.0,1.0587986,1051.0,False
b1c41,Batch 1,547.0,1.0582922,1051.0,False
b1c41,Batch 1,551.0,1.0575627,1051.0,False
b1c41,Batch 1,556.0,1.0576292,1051.0,False
b1c41,Batch 1,561.0,1.0574105,1051.0,False
b1c41,Batch 1,566.0,1.0572835,1051.0,False
b1c41,Batch 1,571.0,1.0562565,1051.0,False
b1c41,Batch 1,575.0,1.0560333,1051.0,False
b1c41,Batch 1,580.0,1.055585,1051.0,False
b1c41,Batch 1,585.0,1.0552515,1051.0,False
b1c41,Batch 1,590.0,1.0549985,1051.0,False
b1c41,Batch 1,594.0,1.0548314,1051.0,False
b1c41,Batch 1,599.0,1.0542089,1051.0,False
b1c41,Batch 1,604.0,1.0535822,1051.0,False
b1c41,Batch 1,609.0,1.0529507,1051.0,False
b1c41,Batch 1,614.0,1.0528536,1051.0,False
b1c41,Batch 1,618.0,1.0522428,1051.0,False
b1c41,Batch 1,623.0,1.0521481,1051.0,False
b1c41,Batch 1,628.0,1.0515778,1051.0,False
b1c41,Batch 1,633.0,1.0508287,1051.0,False
b1c41,Batch 1,638.0,1.0501279,1051.0,False
b1c41,Batch 1,642.0,1.0499017,1051.0,False
b1c41,Batch 1,647.0,1.0493354,1051.0,False
b1c41,Batch 1,652.0,1.0489289,1051.0,False
b1c41,Batch 1,657.0,1.0484855,1051.0,False
b1c41,Batch 1,662.0,1.0478718,1051.0,False
b1c41,Batch 1,666.0,1.0473042,1051.0,False
b1c41,Batch 1,671.0,1.0465205,1051.0,False
b1c41,Batch 1,676.0,1.0458497,1051.0,False
b1c41,Batch 1,681.0,1.0452986,1051.0,False
b1c41,Batch 1,685.0,1.0449426,1051.0,False
b1c41,Batch 1,690.0,1.0436573,1051.0,False
b1c41,Batch 1,695.0,1.0432854,1051.0,False
b1c41,Batch 1,700.0,1.0429348,1051.0,False
b1c41,Batch 1,705.0,1.0419999,1051.0,False
b1c41,Batch 1,709.0,1.0415082,1051.0,False
b1c41,Batch 1,714.0,1.0408008,1051.0,False
b1c41,Batch 1,719.0,1.0398394,1051.0,False
b1c41,Batch 1,724.0,1.0394199,1051.0,False
b1c41,Batch 1,729.0,1.0386041,1051.0,False
b1c41,Batch 1,733.0,1.0380425,1051.0,False
b1c41,Batch 1,738.0,1.0381227,1051.0,False
b1c41,Batch 1,743.0,1.0369096,1051.0,False
b1c41,Batch 1,748.0,1.0355464,1051.0,False
b1c41,Batch 1,753.0,1.0345005,1051.0,False
b1c41,Batch 1,757.0,1.0339335,1051.0,False
b1c41,Batch 1,762.0,1.0332428,1051.0,False
b1c41,Batch 1,767.0,1.0328627,1051.0,False
b1c41,Batch 1,772.0,1.0316039,1051.0,False
b1c41,Batch 1,776.0,1.0303088,1051.0,False
b1c41,Batch 1,781.0,1.0293368,1051.0,False
b1c41,Batch 1,786.0,1.0282748,1051.0,False
b1c41,Batch 1,791.0,1.0274194,1051.0,False
b1c41,Batch 1,796.0,1.0265465,1051.0,False
b1c41,Batch 1,800.0,1.025625,1051.0,False
b1c41,Batch 1,805.0,1.0242361,1051.0,False
b1c41,Batch 1,810.0,1.0227479,1051.0,False
b1c41,Batch 1,815.0,1.0211153,1051.0,False
b1c41,Batch 1,820.0,1.0197954,1051.0,False
b1c41,Batch 1,824.0,1.0190063,1051.0,False
b1c41,Batch 1,829.0,1.0174561,1051.0,False
b1c41,Batch 1,834.0,1.0152047,1051.0,False
b1c41,Batch 1,839.0,1.0134217,1051.0,False
b1c41,Batch 1,844.0,1.0116589,1051.0,False
b1c41,Batch 1,848.0,1.0103091,1051.0,False
b1c41,Batch 1,853.0,1.0086474,1051.0,False
b1c41,Batch 1,858.0,1.0064934,1051.0,False
b1c41,Batch 1,863.0,1.0039363,1051.0,False
b1c41,Batch 1,867.0,1.0024062,1051.0,False
b1c41,Batch 1,872.0,0.99993384,1051.0,False
b1c41,Batch 1,877.0,0.9973886,1051.0,False
b1c41,Batch 1,882.0,0.99532038,1051.0,False
b1c41,Batch 1,887.0,0.98908877,1051.0,False
b1c41,Batch 1,891.0,0.9895227,1051.0,False
b1c41,Batch 1,896.0,0.98677063,1051.0,False
b1c41,Batch 1,901.0,0.98415262,1051.0,False
b1c41,Batch 1,906.0,0.98183674,1051.0,False
b1c41,Batch 1,911.0,0.97900742,1051.0,False
b1c41,Batch 1,915.0,0.97659671,1051.0,False
b1c41,Batch 1,920.0,0.97358924,1051.0,False
b1c41,Batch 1,925.0,0.97064149,1051.0,False
b1c41,Batch 1,930.0,0.96774411,1051.0,False
b1c41,Batch 1,935.0,0.96484089,1051.0,False
b1c41,Batch 1,939.0,0.96295476,1051.0,False
b1c41,Batch 1,944.0,0.96044773,1051.0,False
b1c41,Batch 1,949.0,0.95670128,1051.0,False
b1c41,Batch 1,954.0,0.95377719,1051.0,False
b1c41,Batch 1,958.0,0.95104796,1051.0,False
b1c41,Batch 1,963.0,0.94667858,1051.0,False
b1c41,Batch 1,968.0,0.94464546,1051.0,False
b1c41,Batch 1,973.0,0.94080395,1051.0,False
b1c41,Batch 1,978.0,0.93686664,1051.0,False
b1c41,Batch 1,982.0,0.93387437,1051.0,False
b1c41,Batch 1,987.0,0.93060571,1051.0,False
b1c41,Batch 1,992.0,0.92653495,1051.0,False
b1c41,Batch 1,997.0,0.92390108,1051.0,False
b1c41,Batch 1,1002.0,0.92095554,1051.0,False
b1c41,Batch 1,1006.0,0.91785604,1051.0,False
b1c41,Batch 1,1011.0,0.91387361,1051.0,False
b1c41,Batch 1,1016.0,0.90942121,1051.0,False
b1c41,Batch 1,1021.0,0.90590596,1051.0,False
b1c41,Batch 1,1026.0,0.90182054,1051.0,False
b1c41,Batch 1,1030.0,0.89867473,1051.0,False
b1c41,Batch 1,1035.0,0.89427668,1051.0,False
b1c41,Batch 1,1040.0,0.89026862,1051.0,False
b1c41,Batch 1,1045.0,0.885297,1051.0,False
b1c41,Batch 1,1050.0,0.88106161,1051.0,False
b1c42,Batch 1,1.0,0.0,702.0,False
b1c42,Batch 1,4.0,1.0821602,702.0,False
b1c42,Batch 1,7.0,1.0831659,702.0,False
b1c42,Batch 1,10.0,1.0837516,702.0,False
b1c42,Batch 1,13.0,1.0839056,702.0,False
b1c42,Batch 1,16.0,1.0840327,702.0,False
b1c42,Batch 1,20.0,1.0841348,702.0,False
b1c42,Batch 1,23.0,1.0841415,702.0,False
b1c42,Batch 1,26.0,1.0841078,702.0,False
b1c42,Batch 1,29.0,1.084216,702.0,False
b1c42,Batch 1,32.0,1.0842201,702.0,False
b1c42,Batch 1,36.0,1.0843306,702.0,False
b1c42,Batch 1,39.0,1.0842837,702.0,False
b1c42,Batch 1,42.0,1.0842272,702.0,False
b1c42,Batch 1,45.0,1.0841539,702.0,False
b1c42,Batch 1,48.0,1.0842035,702.0,False
b1c42,Batch 1,52.0,1.0846211,702.0,False
b1c42,Batch 1,55.0,1.0847926,702.0,False
b1c42,Batch 1,58.0,1.0842159,702.0,False
b1c42,Batch 1,61.0,1.0842237,702.0,False
b1c42,Batch 1,64.0,1.0841503,702.0,False
b1c42,Batch 1,68.0,1.0841006,702.0,False
b1c42,Batch 1,71.0,1.0840645,702.0,False
b1c42,Batch 1,74.0,1.0840145,702.0,False
b1c42,Batch 1,77.0,1.0839247,702.0,False
b1c42,Batch 1,80.0,1.0838106,702.0,False
b1c42,Batch 1,84.0,1.0837179,702.0,False
b1c42,Batch 1,87.0,1.0835776,702.0,False
b1c42,Batch 1,90.0,1.0835356,702.0,False
b1c42,Batch 1,93.0,1.0834519,702.0,False
b1c42,Batch 1,96.0,1.0833831,702.0,False
b1c42,Batch 1,100.0,1.0832821,702.0,False
b1c42,Batch 1,103.0,1.0831041,702.0,False
b1c42,Batch 1,106.0,1.0830047,702.0,False
b1c42,Batch 1,109.0,1.0828695,702.0,False
b1c42,Batch 1,112.0,1.0828485,702.0,False
b1c42,Batch 1,116.0,1.08269,702.0,False
b1c42,Batch 1,119.0,1.0826004,702.0,False
b1c42,Batch 1,122.0,1.082544,702.0,False
b1c42,Batch 1,125.0,1.0823539,702.0,False
b1c42,Batch 1,128.0,1.0822448,702.0,False
b1c42,Batch 1,132.0,1.0820391,702.0,False
b1c42,Batch 1,135.0,1.0817689,702.0,False
b1c42,Batch 1,138.0,1.0816951,702.0,False
b1c42,Batch 1,141.0,1.081646,702.0,False
b1c42,Batch 1,144.0,1.0813929,702.0,False
b1c42,Batch 1,148.0,1.0812285,702.0,False
b1c42,Batch 1,151.0,1.0811847,702.0,False
b1c42,Batch 1,154.0,1.0810413,702.0,False
b1c42,Batch 1,157.0,1.0808698,702.0,False
b1c42,Batch 1,160.0,1.0806493,702.0,False
b1c42,Batch 1,164.0,1.0806431,702.0,False
b1c42,Batch 1,167.0,1.0805643,702.0,False
b1c42,Batch 1,170.0,1.0801765,702.0,False
b1c42,Batch 1,173.0,1.0804104,702.0,False
b1c42,Batch 1,176.0,1.0802759,702.0,False
b1c42,Batch 1,179.0,1.0798411,702.0,False
b1c42,Batch 1,183.0,1.0795609,702.0,False
b1c42,Batch 1,186.0,1.0793507,702.0,False
b1c42,Batch 1,189.0,1.0791024,702.0,False
b1c42,Batch 1,192.0,1.0792568,702.0,False
b1c42,Batch 1,195.0,1.0790782,702.0,False
b1c42,Batch 1,199.0,1.0788527,702.0,False
b1c42,Batch 1,202.0,1.0791341,702.0,False
b1c42,Batch 1,205.0,1.0790007,702.0,False
b1c42,Batch 1,208.0,1.078288,702.0,False
b1c42,Batch 1,211.0,1.0780424,702.0,False
b1c42,Batch 1,215.0,1.0777762,702.0,False
b1c42,Batch 1,218.0,1.0776764,702.0,False
b1c42,Batch 1,221.0,1.0779071,702.0,False
b1c42,Batch 1,224.0,1.0773039,702.0,False
b1c42,Batch 1,227.0,1.0772231,702.0,False
b1c42,Batch 1,231.0,1.0772984,702.0,False
b1c42,Batch 1,234.0,1.0769809,702.0,False
b1c42,Batch 1,237.0,1.0765456,702.0,False
b1c42,Batch 1,240.0,1.0762739,702.0,False
b1c42,Batch 1,243.0,1.0760299,702.0,False
b1c42,Batch 1,247.0,1.0759108,702.0,False
b1c42,Batch 1,250.0,1.0758703,702.0,False
b1c42,Batch 1,253.0,1.0754066,702.0,False
b1c42,Batch 1,256.0,1.0754638,702.0,False
b1c42,Batch 1,259.0,1.0754397,702.0,False
b1c42,Batch 1,263.0,1.0748236,702.0,False
b1c42,Batch 1,266.0,1.0746155,702.0,False
b1c42,Batch 1,269.0,1.0743064,702.0,False
b1c42,Batch 1,272.0,1.0740188,702.0,False
b1c42,Batch 1,275.0,1.0738351,702.0,False
b1c42,Batch 1,279.0,1.0735718,702.0,False
b1c42,Batch 1,282.0,1.0733174,702.0,False
b1c42,Batch 1,285.0,1.0731615,702.0,False
b1c42,Batch 1,288.0,1.0732774,702.0,False
b1c42,Batch 1,291.0,1.0728951,702.0,False
b1c42,Batch 1,295.0,1.0723755,702.0,False
b1c42,Batch 1,298.0,1.0720887,702.0,False
b1c42,Batch 1,301.0,1.0718678,702.0,False
b1c42,Batch 1,304.0,1.0716525,702.0,False
b1c42,Batch 1,307.0,1.0714061,702.0,False
b1c42,Batch 1,311.0,1.070886,702.0,False
b1c42,Batch 1,314.0,1.0708076,702.0,False
b1c42,Batch 1,317.0,1.0706831,702.0,False
b1c42,Batch 1,320.0,1.0703245,702.0,False
b1c42,Batch 1,323.0,1.0699887,702.0,False
b1c42,Batch 1,327.0,1.0694653,702.0,False
b1c42,Batch 1,330.0,1.0694445,702.0,False
b1c42,Batch 1,333.0,1.0696996,702.0,False
b1c42,Batch 1,336.0,1.0694875,702.0,False
b1c42,Batch 1,339.0,1.0696399,702.0,False
b1c42,Batch 1,343.0,1.0698787,702.0,False
b1c42,Batch 1,346.0,1.0694276,702.0,False
b1c42,Batch 1,349.0,1.0685309,702.0,False
b1c42,Batch 1,352.0,1.0681179,702.0,False
b1c42,Batch 1,355.0,1.067643,702.0,False
b1c42,Batch 1,358.0,1.0668923,702.0,False
b1c42,Batch 1,362.0,1.0671259,702.0,False
b1c42,Batch 1,365.0,1.066282,702.0,False
b1c42,Batch 1,368.0,1.0666044,702.0,False
b1c42,Batch 1,371.0,1.0664471,702.0,False
b1c42,Batch 1,374.0,1.0662552,702.0,False
b1c42,Batch 1,378.0,1.0651898,702.0,False
b1c42,Batch 1,381.0,1.0646356,702.0,False
b1c42,Batch 1,384.0,1.0643373,702.0,False
b1c42,Batch 1,387.0,1.0635879,702.0,False
b1c42,Batch 1,390.0,1.0634497,702.0,False
b1c42,Batch 1,394.0,1.0625356,702.0,False
b1c42,Batch 1,397.0,1.0627638,702.0,False
b1c42,Batch 1,400.0,1.062565,702.0,False
b1c42,Batch 1,403.0,1.062192,702.0,False
b1c42,Batch 1,406.0,1.0613884,702.0,False
b1c42,Batch 1,410.0,1.060726,702.0,False
b1c42,Batch 1,413.0,1.0601443,702.0,False
b1c42,Batch 1,416.0,1.0598062,702.0,False
b1c42,Batch 1,419.0,1.0591731,702.0,False
b1c42,Batch 1,422.0,1.0586683,702.0,False
b1c42,Batch 1,426.0,1.0586233,702.0,False
b1c42,Batch 1,429.0,1.0580739,702.0,False
b1c42,Batch 1,432.0,1.0572004,702.0,False
b1c42,Batch 1,435.0,1.0566618,702.0,False
b1c42,Batch 1,438.0,1.0556715,702.0,False
b1c42,Batch 1,442.0,1.0550182,702.0,False
b1c42,Batch 1,445.0,1.0547016,702.0,False
b1c42,Batch 1,448.0,1.0542212,702.0,False
b1c42,Batch 1,451.0,1.0533043,702.0,False
b1c42,Batch 1,454.0,1.052915,702.0,False
b1c42,Batch 1,458.0,1.0520144,702.0,False
b1c42,Batch 1,461.0,1.0513324,702.0,False
b1c42,Batch 1,464.0,1.0504774,702.0,False
b1c42,Batch 1,467.0,1.0499723,702.0,False
b1c42,Batch 1,470.0,1.0491887,702.0,False
b1c42,Batch 1,474.0,1.0480728,702.0,False
b1c42,Batch 1,477.0,1.0472177,702.0,False
b1c42,Batch 1,480.0,1.0465369,702.0,False
b1c42,Batch 1,483.0,1.0462883,702.0,False
b1c42,Batch 1,486.0,1.0457969,702.0,False
b1c42,Batch 1,490.0,1.0443839,702.0,False
b1c42,Batch 1,493.0,1.0429946,702.0,False
b1c42,Batch 1,496.0,1.0411985,702.0,False
b1c42,Batch 1,499.0,1.0375029,702.0,False
b1c42,Batch 1,502.0,1.0385479,702.0,False
b1c42,Batch 1,506.0,1.0369091,702.0,False
b1c42,Batch 1,509.0,1.0355839,702.0,False
b1c42,Batch 1,512.0,1.0344356,702.0,False
b1c42,Batch 1,515.0,1.0332942,702.0,False
b1c42,Batch 1,518.0,1.0318038,702.0,False
b1c42,Batch 1,522.0,1.0292659,702.0,False
b1c42,Batch 1,525.0,1.0277447,702.0,False
b1c42,Batch 1,528.0,1.0262374,702.0,False
b1c42,Batch 1,531.0,1.0245043,702.0,False
b1c42,Batch 1,534.0,1.0227227,702.0,False
b1c42,Batch 1,537.0,1.0208741,702.0,False
b1c42,Batch 1,541.0,1.018804,702.0,False
b1c42,Batch 1,544.0,1.0165333,702.0,False
b1c42,Batch 1,547.0,1.014866,702.0,False
b1c42,Batch 1,550.0,1.0126625,702.0,False
b1c42,Batch 1,553.0,1.0105532,702.0,False
b1c42,Batch 1,557.0,1.007688,702.0,False
b1c42,Batch 1,560.0,1.005427,702.0,False
b1c42,Batch 1,563.0,1.0034662,702.0,False
b1c42,Batch 1,566.0,1.0014261,702.0,False
b1c42,Batch 1,569.0,0.99919444,702.0,False
b1c42,Batch 1,573.0,0.9967559,702.0,False
b1c42,Batch 1,576.0,0.9946655,702.0,False
b1c42,Batch 1,579.0,0.99190485,702.0,False
b1c42,Batch 1,582.0,0.98967487,702.0,False
b1c42,Batch 1,585.0,0.98724276,702.0,False
b1c42,Batch 1,589.0,0.98409784,702.0,False
b1c42,Batch 1,592.0,0.98142046,702.0,False
b1c42,Batch 1,595.0,0.97945988,702.0,False
b1c42,Batch 1,598.0,0.97662348,702.0,False
b1c42,Batch 1,601.0,0.97456175,702.0,False
b1c42,Batch 1,605.0,0.97102422,702.0,False
b1c42,Batch 1,608.0,0.96846181,702.0,False
b1c42,Batch 1,611.0,0.96581745,702.0,False
b1c42,Batch 1,614.0,0.96309263,702.0,False
b1c42,Batch 1,617.0,0.96030247,702.0,False
b1c42,Batch 1,621.0,0.95666558,702.0,False
b1c42,Batch 1,624.0,0.95396936,702.0,False
b1c42,Batch 1,627.0,0.95127392,702.0,False
b1c42,Batch 1,630.0,0.94833499,702.0,False
b1c42,Batch 1,633.0,0.94567251,702.0,False
b1c42,Batch 1,637.0,0.94211841,702.0,False
b1c42,Batch 1,640.0,0.9393084,702.0,False
b1c42,Batch 1,643.0,0.93634516,702.0,False
b1c42,Batch 1,646.0,0.93355989,702.0,False
b1c42,Batch 1,649.0,0.93069839,702.0,False
b1c42,Batch 1,653.0,0.92684639,702.0,False
b1c42,Batch 1,656.0,0.92400062,702.0,False
b1c42,Batch 1,659.0,0.92109233,702.0,False
b1c42,Batch 1,662.0,0.91836298,702.0,False
b1c42,Batch 1,665.0,0.91563463,702.0,False
b1c42,Batch 1,669.0,0.91199148,702.0,False
b1c42,Batch 1,672.0,0.90900594,702.0,False
b1c42,Batch 1,675.0,0.90633208,702.0,False
b1c42,Batch 1,678.0,0.90322632,702.0,False
b1c42,Batch 1,681.0,0.90052068,702.0,False
b1c42,Batch 1,685.0,0.89679706,702.0,False
b1c42,Batch 1,688.0,0.89416915,702.0,False
b1c42,Batch 1,691.0,0.89050877,702.0,False
b1c42,Batch 1,694.0,0.88738078,702.0,False
b1c42,Batch 1,697.0,0.88398635,702.0,False
b1c42,Batch 1,701.0,0.88035142,702.0,False
b1c43,Batch 1,1.0,0.0,651.0,False
b1c43,Batch 1,3.0,1.0693892,651.0,False
b1c43,Batch 1,6.0,1.0708795,651.0,False
b1c43,Batch 1,9.0,1.0713569,651.0,False
b1c43,Batch 1,12.0,1.0715883,651.0,False
b1c43,Batch 1,15.0,1.0715741,651.0,False
b1c43,Batch 1,18.0,1.0715706,651.0,False
b1c43,Batch 1,21.0,1.0715381,651.0,False
b1c43,Batch 1,24.0,1.0714434,651.0,False
b1c43,Batch 1,27.0,1.071365,651.0,False
b1c43,Batch 1,30.0,1.0713366,651.0,False
b1c43,Batch 1,33.0,1.0712072,651.0,False
b1c43,Batch 1,36.0,1.071236,651.0,False
b1c43,Batch 1,39.0,1.0711308,651.0,False
b1c43,Batch 1,42.0,1.0710111,651.0,False
b1c43,Batch 1,45.0,1.0709493,651.0,False
b1c43,Batch 1,48.0,1.0708596,651.0,False
b1c43,Batch 1,51.0,1.071089,651.0,False
b1c43,Batch 1,54.0,1.0713857,651.0,False
b1c43,Batch 1,57.0,1.0706174,651.0,False
b1c43,Batch 1,60.0,1.0705503,651.0,False
b1c43,Batch 1,63.0,1.0704387,651.0,False
b1c43,Batch 1,66.0,1.0703237,651.0,False
b1c43,Batch 1,69.0,1.0701745,651.0,False
b1c43,Batch 1,72.0,1.0700641,651.0,False
b1c43,Batch 1,75.0,1.0699087,651.0,False
b1c43,Batch 1,78.0,1.0697503,651.0,False
b1c43,Batch 1,81.0,1.0696213,651.0,False
b1c43,Batch 1,83.0,1.0695632,651.0,False
b1c43,Batch 1,86.0,1.0694143,651.0,False
b1c43,Batch 1,89.0,1.0692738,651.0,False
b1c43,Batch 1,92.0,1.069142,651.0,False
b1c43,Batch 1,95.0,1.0690792,651.0,False
b1c43,Batch 1,98.0,1.0689173,651.0,False
b1c43,Batch 1,101.0,1.0687802,651.0,False
b1c43,Batch 1,104.0,1.068609,651.0,False
b1c43,Batch 1,107.0,1.0684066,651.0,False
b1c43,Batch 1,110.0,1.068329,651.0,False
b1c43,Batch 1,113.0,1.0681821,651.0,False
b1c43,Batch 1,116.0,1.0680132,651.0,False
b1c43,Batch 1,119.0,1.0679067,651.0,False
b1c43,Batch 1,122.0,1.0677738,651.0,False
b1c43,Batch 1,125.0,1.0675633,651.0,False
b1c43,Batch 1,128.0,1.0674114,651.0,False
b1c43,Batch 1,131.0,1.0672097,651.0,False
b1c43,Batch 1,134.0,1.0669662,651.0,False
b1c43,Batch 1,137.0,1.0668373,651.0,False
b1c43,Batch 1,140.0,1.0667169,651.0,False
b1c43,Batch 1,143.0,1.0665462,651.0,False
b1c43,Batch 1,146.0,1.0663801,651.0,False
b1c43,Batch 1,149.0,1.0662153,651.0,False
b1c43,Batch 1,152.0,1.0660815,651.0,False
b1c43,Batch 1,155.0,1.0659071,651.0,False
b1c43,Batch 1,158.0,1.0656968,651.0,False
b1c43,Batch 1,161.0,1.0654867,651.0,False
b1c43,Batch 1,163.0,1.0654227,651.0,False
b1c43,Batch 1,166.0,1.0654862,651.0,False
b1c43,Batch 1,169.0,1.0650822,651.0,False
b1c43,Batch 1,172.0,1.0651562,651.0,False
b1c43,Batch 1,175.0,1.0651098,651.0,False
b1c43,Batch 1,178.0,1.0647568,651.0,False
b1c43,Batch 1,181.0,1.064428,651.0,False
b1c43,Batch 1,184.0,1.0642384,651.0,False
b1c43,Batch 1,187.0,1.064045,651.0,False
b1c43,Batch 1,190.0,1.0638605,651.0,False
b1c43,Batch 1,193.0,1.0640301,651.0,False
b1c43,Batch 1,196.0,1.0635351,651.0,False
b1c43,Batch 1,199.0,1.0636157,651.0,False
b1c43,Batch 1,202.0,1.0637658,651.0,False
b1c43,Batch 1,205.0,1.0635226,651.0,False
b1c43,Batch 1,208.0,1.0627975,651.0,False
b1c43,Batch 1,211.0,1.0625257,651.0,False
b1c43,Batch 1,214.0,1.0623225,651.0,False
b1c43,Batch 1,217.0,1.0622212,651.0,False
b1c43,Batch 1,220.0,1.0623442,651.0,False
b1c43,Batch 1,223.0,1.0618598,651.0,False
b1c43,Batch 1,226.0,1.0616206,651.0,False
b1c43,Batch 1,229.0,1.0617667,651.0,False
b1c43,Batch 1,232.0,1.0615737,651.0,False
b1c43,Batch 1,235.0,1.0610507,651.0,False
b1c43,Batch 1,238.0,1.0608509,651.0,False
b1c43,Batch 1,241.0,1.0605748,651.0,False
b1c43,Batch 1,244.0,1.0604059,651.0,False
b1c43,Batch 1,246.0,1.0603533,651.0,False
b1c43,Batch 1,249.0,1.0603315,651.0,False
b1c43,Batch 1,252.0,1.0598497,651.0,False
b1c43,Batch 1,255.0,1.0597559,651.0,False
b1c43,Batch 1,258.0,1.0598191,651.0,False
b1c43,Batch 1,261.0,1.0595255,651.0,False
b1c43,Batch 1,264.0,1.0590068,651.0,False
b1c43,Batch 1,267.0,1.0587772,651.0,False
b1c43,Batch 1,270.0,1.0583869,651.0,False
b1c43,Batch 1,273.0,1.0581772,651.0,False
b1c43,Batch 1,276.0,1.0582508,651.0,False
b1c43,Batch 1,279.0,1.0578767,651.0,False
b1c43,Batch 1,282.0,1.0574696,651.0,False
b1c43,Batch 1,285.0,1.0576396,651.0,False
b1c43,Batch 1,288.0,1.0574198,651.0,False
b1c43,Batch 1,291.0,1.0565743,651.0,False
b1c43,Batch 1,294.0,1.0564713,651.0,False
b1c43,Batch 1,297.0,1.0561539,651.0,False
b1c43,Batch 1,300.0,1.0559162,651.0,False
b1c43,Batch 1,303.0,1.0559207,651.0,False
b1c43,Batch 1,306.0,1.0554729,651.0,False
b1c43,Batch 1,309.0,1.0551044,651.0,False
b1c43,Batch 1,312.0,1.054882,651.0,False
b1c43,Batch 1,315.0,1.0549029,651.0,False
b1c43,Batch 1,318.0,1.054566,651.0,False
b1c43,Batch 1,321.0,1.0542659,651.0,False
b1c43,Batch 1,324.0,1.0536382,651.0,False
b1c43,Batch 1,326.0,1.053673,651.0,False
b1c43,Batch 1,329.0,1.0531198,651.0,False
b1c43,Batch 1,332.0,1.0536798,651.0,False
b1c43,Batch 1,335.0,1.0537068,651.0,False
b1c43,Batch 1,338.0,1.0534605,651.0,False
b1c43,Batch 1,341.0,1.053712,651.0,False
b1c43,Batch 1,344.0,1.0535383,651.0,False
b1c43,Batch 1,347.0,1.0526351,651.0,False
b1c43,Batch 1,350.0,1.0519426,651.0,False
b1c43,Batch 1,353.0,1.0514979,651.0,False
b1c43,Batch 1,356.0,1.0514526,651.0,False
b1c43,Batch 1,359.0,1.0511142,651.0,False
b1c43,Batch 1,362.0,1.0506821,651.0,False
b1c43,Batch 1,365.0,1.0503106,651.0,False
b1c43,Batch 1,368.0,1.0504283,651.0,False
b1c43,Batch 1,371.0,1.0501432,651.0,False
b1c43,Batch 1,374.0,1.0497574,651.0,False
b1c43,Batch 1,377.0,1.0489734,651.0,False
b1c43,Batch 1,380.0,1.0486083,651.0,False
b1c43,Batch 1,383.0,1.0481077,651.0,False
b1c43,Batch 1,386.0,1.0476744,651.0,False
b1c43,Batch 1,389.0,1.0474339,651.0,False
b1c43,Batch 1,392.0,1.0470536,651.0,False
b1c43,Batch 1,395.0,1.0466449,651.0,False
b1c43,Batch 1,398.0,1.0468242,651.0,False
b1c43,Batch 1,401.0,1.0462445,651.0,False
b1c43,Batch 1,404.0,1.0451635,651.0,False
b1c43,Batch 1,406.0,1.0449157,651.0,False
b1c43,Batch 1,409.0,1.0442579,651.0,False
b1c43,Batch 1,412.0,1.0441219,651.0,False
b1c43,Batch 1,415.0,1.0435505,651.0,False
b1c43,Batch 1,418.0,1.0434037,651.0,False
b1c43,Batch 1,421.0,1.0423973,651.0,False
b1c43,Batch 1,424.0,1.0422372,651.0,False
b1c43,Batch 1,427.0,1.0421882,651.0,False
b1c43,Batch 1,430.0,1.0414418,651.0,False
b1c43,Batch 1,433.0,1.0403132,651.0,False
b1c43,Batch 1,436.0,1.0394204,651.0,False
b1c43,Batch 1,439.0,1.0393199,651.0,False
b1c43,Batch 1,442.0,1.0386815,651.0,False
b1c43,Batch 1,445.0,1.0380846,651.0,False
b1c43,Batch 1,448.0,1.0372329,651.0,False
b1c43,Batch 1,451.0,1.0368037,651.0,False
b1c43,Batch 1,454.0,1.0362076,651.0,False
b1c43,Batch 1,457.0,1.0355856,651.0,False
b1c43,Batch 1,460.0,1.0348438,651.0,False
b1c43,Batch 1,463.0,1.0337273,651.0,False
b1c43,Batch 1,466.0,1.0326809,651.0,False
b1c43,Batch 1,469.0,1.032172,651.0,False
b1c43,Batch 1,472.0,1.0312458,651.0,False
b1c43,Batch 1,475.0,1.030442,651.0,False
b1c43,Batch 1,478.0,1.0295382,651.0,False
b1c43,Batch 1,481.0,1.0288702,651.0,False
b1c43,Batch 1,484.0,1.0281701,651.0,False
b1c43,Batch 1,487.0,1.0273522,651.0,False
b1c43,Batch 1,489.0,1.0265341,651.0,False
b1c43,Batch 1,492.0,1.024987,651.0,False
b1c43,Batch 1,495.0,1.0236763,651.0,False
b1c43,Batch 1,498.0,1.0194948,651.0,False
b1c43,Batch 1,501.0,1.020496,651.0,False
b1c43,Batch 1,504.0,1.0182245,651.0,False
b1c43,Batch 1,507.0,1.0170374,651.0,False
b1c43,Batch 1,510.0,1.0154285,651.0,False
b1c43,Batch 1,513.0,1.0140878,651.0,False
b1c43,Batch 1,516.0,1.0126306,651.0,False
b1c43,Batch 1,519.0,1.0103201,651.0,False
b1c43,Batch 1,522.0,1.0083064,651.0,False
b1c43,Batch 1,525.0,1.006314,651.0,False
b1c43,Batch 1,528.0,1.0039291,651.0,False
b1c43,Batch 1,531.0,1.0016655,651.0,False
b1c43,Batch 1,534.0,0.99938649,651.0,False
b1c43,Batch 1,537.0,0.99673915,651.0,False
b1c43,Batch 1,540.0,0.99377203,651.0,False
b1c43,Batch 1,543.0,0.99132979,651.0,False
b1c43,Batch 1,546.0,0.98869753,651.0,False
b1c43,Batch 1,549.0,0.98529762,651.0,False
b1c43,Batch 1,552.0,0.9823736,651.0,False
b1c43,Batch 1,555.0,0.97954232,651.0,False
b1c43,Batch 1,558.0,0.97637367,651.0,False
b1c43,Batch 1,561.0,0.97381228,651.0,False
b1c43,Batch 1,564.0,0.97099358,651.0,False
b1c43,Batch 1,567.0,0.96801734,651.0,False
b1c43,Batch 1,569.0,0.96636027,651.0,False
b1c43,Batch 1,572.0,0.9638266,651.0,False
b1c43,Batch 1,575.0,0.96127981,651.0,False
b1c43,Batch 1,578.0,0.9585278,651.0,False
b1c43,Batch 1,581.0,0.95528054,651.0,False
b1c43,Batch 1,584.0,0.95238483,651.0,False
b1c43,Batch 1,587.0,0.94934869,651.0,False
b1c43,Batch 1,590.0,0.94626117,651.0,False
b1c43,Batch 1,593.0,0.94319999,651.0,False
b1c43,Batch 1,596.0,0.94032848,651.0,False
b1c43,Batch 1,599.0,0.93731546,651.0,False
b1c43,Batch 1,602.0,0.93415731,651.0,False
b1c43,Batch 1,605.0,0.9312855,651.0,False
b1c43,Batch 1,608.0,0.92811191,651.0,False
b1c43,Batch 1,611.0,0.92480999,651.0,False
b1c43,Batch 1,614.0,0.92156494,651.0,False
b1c43,Batch 1,617.0,0.91829687,651.0,False
b1c43,Batch 1,620.0,0.9152692,651.0,False
b1c43,Batch 1,623.0,0.91199392,651.0,False
b1c43,Batch 1,626.0,0.90864593,651.0,False
b1c43,Batch 1,629.0,0.90531123,651.0,False
b1c43,Batch 1,632.0,0.90171915,651.0,False
b1c43,Batch 1,635.0,0.89819902,651.0,False
b1c43,Batch 1,638.0,0.89488542,651.0,False
b1c43,Batch 1,641.0,0.89126039,651.0,False
b1c43,Batch 1,644.0,0.88789636,651.0,False
b1c43,Batch 1,647.0,0.88421345,651.0,False
b1c43,Batch 1,650.0,0.88044435,651.0,False
b1c44,Batch 1,1.0,0.0,616.0,False
b1c44,Batch 1,3.0,1.0860728,616.0,False
b1c44,Batch 1,6.0,1.0876219,616.0,False
b1c44,Batch 1,9.0,1.0881088,616.0,False
b1c44,Batch 1,12.0,1.0883306,616.0,False
b1c44,Batch 1,15.0,1.0882784,616.0,False
b1c44,Batch 1,17.0,1.0882808,616.0,False
b1c44,Batch 1,20.0,1.0882391,616.0,False
b1c44,Batch 1,23.0,1.0881574,616.0,False
b1c44,Batch 1,26.0,1.087991,616.0,False
b1c44,Batch 1,29.0,1.0879592,616.0,False
b1c44,Batch 1,31.0,1.0878115,616.0,False
b1c44,Batch 1,34.0,1.0877119,616.0,False
b1c44,Batch 1,37.0,1.0876824,616.0,False
b1c44,Batch 1,40.0,1.0875462,616.0,False
b1c44,Batch 1,43.0,1.0873928,616.0,False
b1c44,Batch 1,45.0,1.0872773,616.0,False
b1c44,Batch 1,48.0,1.0871578,616.0,False
b1c44,Batch 1,51.0,1.0871708,616.0,False
b1c44,Batch 1,54.0,1.0877079,616.0,False
b1c44,Batch 1,57.0,1.0868872,616.0,False
b1c44,Batch 1,59.0,1.086729,616.0,False
b1c44,Batch 1,62.0,1.0865711,616.0,False
b1c44,Batch 1,65.0,1.0864503,616.0,False
b1c44,Batch 1,68.0,1.0863063,616.0,False
b1c44,Batch 1,71.0,1.0861969,616.0,False
b1c44,Batch 1,73.0,1.0860333,616.0,False
b1c44,Batch 1,76.0,1.0858769,616.0,False
b1c44,Batch 1,79.0,1.0858155,616.0,False
b1c44,Batch 1,82.0,1.0856036,616.0,False
b1c44,Batch 1,85.0,1.0854858,616.0,False
b1c44,Batch 1,87.0,1.0853981,616.0,False
b1c44,Batch 1,90.0,1.0852065,616.0,False
b1c44,Batch 1,93.0,1.085063,616.0,False
b1c44,Batch 1,96.0,1.0849918,616.0,False
b1c44,Batch 1,99.0,1.0847286,616.0,False
b1c44,Batch 1,101.0,1.084736,616.0,False
b1c44,Batch 1,104.0,1.0845964,616.0,False
b1c44,Batch 1,107.0,1.0844685,616.0,False
b1c44,Batch 1,110.0,1.0842526,616.0,False
b1c44,Batch 1,113.0,1.0841979,616.0,False
b1c44,Batch 1,115.0,1.0841459,616.0,False
b1c44,Batch 1,118.0,1.0839459,616.0,False
b1c44,Batch 1,121.0,1.0838103,616.0,False
b1c44,Batch 1,124.0,1.0837245,616.0,False
b1c44,Batch 1,127.0,1.0835142,616.0,False
b1c44,Batch 1,129.0,1.0833999,616.0,False
b1c44,Batch 1,132.0,1.0832274,616.0,False
b1c44,Batch 1,135.0,1.083097,616.0,False
b1c44,Batch 1,138.0,1.0828798,616.0,False
b1c44,Batch 1,141.0,1.0827752,616.0,False
b1c44,Batch 1,143.0,1.0827312,616.0,False
b1c44,Batch 1,146.0,1.0825275,616.0,False
b1c44,Batch 1,149.0,1.0824128,616.0,False
b1c44,Batch 1,152.0,1.0822026,616.0,False
b1c44,Batch 1,155.0,1.0820333,616.0,False
b1c44,Batch 1,158.0,1.0818635,616.0,False
b1c44,Batch 1,160.0,1.0817273,616.0,False
b1c44,Batch 1,163.0,1.0815639,616.0,False
b1c44,Batch 1,166.0,1.0814627,616.0,False
b1c44,Batch 1,169.0,1.0816456,616.0,False
b1c44,Batch 1,172.0,1.0811032,616.0,False
b1c44,Batch 1,174.0,1.0810748,616.0,False
b1c44,Batch 1,177.0,1.0812852,616.0,False
b1c44,Batch 1,180.0,1.0810524,616.0,False
b1c44,Batch 1,183.0,1.0805054,616.0,False
b1c44,Batch 1,186.0,1.0803038,616.0,False
b1c44,Batch 1,188.0,1.0801431,616.0,False
b1c44,Batch 1,191.0,1.0799385,616.0,False
b1c44,Batch 1,194.0,1.0798345,616.0,False
b1c44,Batch 1,197.0,1.0799667,616.0,False
b1c44,Batch 1,200.0,1.0793684,616.0,False
b1c44,Batch 1,202.0,1.0794281,616.0,False
b1c44,Batch 1,205.0,1.0797782,616.0,False
b1c44,Batch 1,208.0,1.0795912,616.0,False
b1c44,Batch 1,211.0,1.0787221,616.0,False
b1c44,Batch 1,214.0,1.0784571,616.0,False
b1c44,Batch 1,216.0,1.078244,616.0,False
b1c44,Batch 1,219.0,1.0780109,616.0,False
b1c44,Batch 1,222.0,1.0780346,616.0,False
b1c44,Batch 1,225.0,1.0781142,616.0,False
b1c44,Batch 1,228.0,1.0774198,616.0,False
b1c44,Batch 1,230.0,1.0773063,616.0,False
b1c44,Batch 1,233.0,1.0774868,616.0,False
b1c44,Batch 1,236.0,1.0772456,616.0,False
b1c44,Batch 1,239.0,1.0765764,616.0,False
b1c44,Batch 1,242.0,1.0763254,616.0,False
b1c44,Batch 1,244.0,1.0760896,616.0,False
b1c44,Batch 1,247.0,1.0758185,616.0,False
b1c44,Batch 1,250.0,1.0757253,616.0,False
b1c44,Batch 1,253.0,1.0757084,616.0,False
b1c44,Batch 1,256.0,1.0750569,616.0,False
b1c44,Batch 1,258.0,1.0749167,616.0,False
b1c44,Batch 1,261.0,1.0750742,616.0,False
b1c44,Batch 1,264.0,1.0747731,616.0,False
b1c44,Batch 1,267.0,1.0740292,616.0,False
b1c44,Batch 1,270.0,1.0737016,616.0,False
b1c44,Batch 1,272.0,1.0734701,616.0,False
b1c44,Batch 1,275.0,1.0730498,616.0,False
b1c44,Batch 1,278.0,1.0727831,616.0,False
b1c44,Batch 1,281.0,1.0726464,616.0,False
b1c44,Batch 1,284.0,1.0721184,616.0,False
b1c44,Batch 1,286.0,1.0719354,616.0,False
b1c44,Batch 1,289.0,1.0720071,616.0,False
b1c44,Batch 1,292.0,1.0718434,616.0,False
b1c44,Batch 1,295.0,1.0709324,616.0,False
b1c44,Batch 1,298.0,1.0704116,616.0,False
b1c44,Batch 1,300.0,1.0701513,616.0,False
b1c44,Batch 1,303.0,1.0697311,616.0,False
b1c44,Batch 1,306.0,1.0692811,616.0,False
b1c44,Batch 1,309.0,1.0689273,616.0,False
b1c44,Batch 1,312.0,1.0684458,616.0,False
b1c44,Batch 1,315.0,1.0681876,616.0,False
b1c44,Batch 1,317.0,1.0679982,616.0,False
b1c44,Batch 1,320.0,1.0676281,616.0,False
b1c44,Batch 1,323.0,1.0668776,616.0,False
b1c44,Batch 1,326.0,1.0663294,616.0,False
b1c44,Batch 1,329.0,1.0658417,616.0,False
b1c44,Batch 1,331.0,1.0654796,616.0,False
b1c44,Batch 1,334.0,1.065448,616.0,False
b1c44,Batch 1,337.0,1.0659072,616.0,False
b1c44,Batch 1,340.0,1.0652838,616.0,False
b1c44,Batch 1,343.0,1.0652357,616.0,False
b1c44,Batch 1,345.0,1.0653391,616.0,False
b1c44,Batch 1,348.0,1.0649322,616.0,False
b1c44,Batch 1,351.0,1.0640607,616.0,False
b1c44,Batch 1,354.0,1.0628926,616.0,False
b1c44,Batch 1,357.0,1.0621063,616.0,False
b1c44,Batch 1,359.0,1.0616746,616.0,False
b1c44,Batch 1,362.0,1.0610855,616.0,False
b1c44,Batch 1,365.0,1.0604092,616.0,False
b1c44,Batch 1,368.0,1.0595772,616.0,False
b1c44,Batch 1,371.0,1.0592248,616.0,False
b1c44,Batch 1,373.0,1.059227,616.0,False
b1c44,Batch 1,376.0,1.0586754,616.0,False
b1c44,Batch 1,379.0,1.0574167,616.0,False
b1c44,Batch 1,382.0,1.0561996,616.0,False
b1c44,Batch 1,385.0,1.0557088,616.0,False
b1c44,Batch 1,387.0,1.0551747,616.0,False
b1c44,Batch 1,390.0,1.0544348,616.0,False
b1c44,Batch 1,393.0,1.0537983,616.0,False
b1c44,Batch 1,396.0,1.0524937,616.0,False
b1c44,Batch 1,399.0,1.0519246,616.0,False
b1c44,Batch 1,401.0,1.0515779,616.0,False
b1c44,Batch 1,404.0,1.050891,616.0,False
b1c44,Batch 1,407.0,1.0496942,616.0,False
b1c44,Batch 1,410.0,1.0479555,616.0,False
b1c44,Batch 1,413.0,1.046978,616.0,False
b1c44,Batch 1,415.0,1.0463433,616.0,False
b1c44,Batch 1,418.0,1.0453488,616.0,False
b1c44,Batch 1,421.0,1.0442009,616.0,False
b1c44,Batch 1,424.0,1.0429282,616.0,False
b1c44,Batch 1,427.0,1.04185,616.0,False
b1c44,Batch 1,429.0,1.041401,616.0,False
b1c44,Batch 1,432.0,1.0402954,616.0,False
b1c44,Batch 1,435.0,1.0386992,616.0,False
b1c44,Batch 1,438.0,1.0368571,616.0,False
b1c44,Batch 1,441.0,1.0356357,616.0,False
b1c44,Batch 1,443.0,1.0348454,616.0,False
b1c44,Batch 1,446.0,1.0332499,616.0,False
b1c44,Batch 1,449.0,1.0317748,616.0,False
b1c44,Batch 1,452.0,1.0302136,616.0,False
b1c44,Batch 1,455.0,1.0285163,616.0,False
b1c44,Batch 1,457.0,1.0276663,616.0,False
b1c44,Batch 1,460.0,1.0262475,616.0,False
b1c44,Batch 1,463.0,1.0245067,616.0,False
b1c44,Batch 1,466.0,1.0220046,616.0,False
b1c44,Batch 1,469.0,1.0200027,616.0,False
b1c44,Batch 1,472.0,1.018115,616.0,False
b1c44,Batch 1,474.0,1.0167176,616.0,False
b1c44,Batch 1,477.0,1.0147382,616.0,False
b1c44,Batch 1,480.0,1.0124828,616.0,False
b1c44,Batch 1,483.0,1.0100566,616.0,False
b1c44,Batch 1,486.0,1.0084951,616.0,False
b1c44,Batch 1,488.0,1.0074105,616.0,False
b1c44,Batch 1,491.0,1.0051203,616.0,False
b1c44,Batch 1,494.0,1.002319,616.0,False
b1c44,Batch 1,497.0,0.99958736,616.0,False
b1c44,Batch 1,500.0,0.99625593,616.0,False
b1c44,Batch 1,502.0,0.99158841,616.0,False
b1c44,Batch 1,505.0,0.99132264,616.0,False
b1c44,Batch 1,508.0,0.98880428,616.0,False
b1c44,Batch 1,511.0,0.9861362,616.0,False
b1c44,Batch 1,514.0,0.98333085,616.0,False
b1c44,Batch 1,516.0,0.98169988,616.0,False
b1c44,Batch 1,519.0,0.97933394,616.0,False
b1c44,Batch 1,522.0,0.97666657,616.0,False
b1c44,Batch 1,525.0,0.97334945,616.0,False
b1c44,Batch 1,528.0,0.97068143,616.0,False
b1c44,Batch 1,530.0,0.96855891,616.0,False
b1c44,Batch 1,533.0,0.96566439,616.0,False
b1c44,Batch 1,536.0,0.96293509,616.0,False
b1c44,Batch 1,539.0,0.95994943,616.0,False
b1c44,Batch 1,542.0,0.9567585,616.0,False
b1c44,Batch 1,544.0,0.95483452,616.0,False
b1c44,Batch 1,547.0,0.9516995,616.0,False
b1c44,Batch 1,550.0,0.94868988,616.0,False
b1c44,Batch 1,553.0,0.94540209,616.0,False
b1c44,Batch 1,556.0,0.9420023,616.0,False
b1c44,Batch 1,558.0,0.9400931,616.0,False
b1c44,Batch 1,561.0,0.93692213,616.0,False
b1c44,Batch 1,564.0,0.93359816,616.0,False
b1c44,Batch 1,567.0,0.9306317,616.0,False
b1c44,Batch 1,570.0,0.92759746,616.0,False
b1c44,Batch 1,572.0,0.92545652,616.0,False
b1c44,Batch 1,575.0,0.92247641,616.0,False
b1c44,Batch 1,578.0,0.91963243,616.0,False
b1c44,Batch 1,581.0,0.91668427,616.0,False
b1c44,Batch 1,584.0,0.91359586,616.0,False
b1c44,Batch 1,586.0,0.91109872,616.0,False
b1c44,Batch 1,589.0,0.9081471,616.0,False
b1c44,Batch 1,592.0,0.90484595,616.0,False
b1c44,Batch 1,595.0,0.90190333,616.0,False
b1c44,Batch 1,598.0,0.89829987,616.0,False
b1c44,Batch 1,600.0,0.89634937,616.0,False
b1c44,Batch 1,603.0,0.89370757,616.0,False
b1c44,Batch 1,606.0,0.89050233,616.0,False
b1c44,Batch 1,609.0,0.88727164,616.0,False
b1c44,Batch 1,612.0,0.88340873,616.0,False
b1c44,Batch 1,615.0,0.88048309,616.0,False
b1c45,Batch 1,1.0,0.0,599.0,False
b1c45,Batch 1,3.0,1.0852593,599.0,False
b1c45,Batch 1,6.0,1.0867909,599.0,False
b1c45,Batch 1,9.0,1.0874116,599.0,False
b1c45,Batch 1,11.0,1.0876058,599.0,False
b1c45,Batch 1,14.0,1.0877557,599.0,False
b1c45,Batch 1,17.0,1.0878361,599.0,False
b1c45,Batch 1,20.0,1.0878189,599.0,False
b1c45,Batch 1,22.0,1.0878565,599.0,False
b1c45,Batch 1,25.0,1.0877994,599.0,False
b1c45,Batch 1,28.0,1.0878365,599.0,False
b1c45,Batch 1,30.0,1.0878434,599.0,False
b1c45,Batch 1,33.0,1.0878599,599.0,False
b1c45,Batch 1,36.0,1.087815,599.0,False
b1c45,Batch 1,39.0,1.0877212,599.0,False
b1c45,Batch 1,41.0,1.0876633,599.0,False
b1c45,Batch 1,44.0,1.0875822,599.0,False
b1c45,Batch 1,47.0,1.0875672,599.0,False
b1c45,Batch 1,50.0,1.0875126,599.0,False
b1c45,Batch 1,52.0,1.088024,599.0,False
b1c45,Batch 1,55.0,1.0884383,599.0,False
b1c45,Batch 1,58.0,1.0874,599.0,False
b1c45,Batch 1,60.0,1.0873307,599.0,False
b1c45,Batch 1,63.0,1.0872298,599.0,False
b1c45,Batch 1,66.0,1.087115,599.0,False
b1c45,Batch 1,69.0,1.0870085,599.0,False
b1c45,Batch 1,71.0,1.0869143,599.0,False
b1c45,Batch 1,74.0,1.0867833,599.0,False
b1c45,Batch 1,77.0,1.0866914,599.0,False
b1c45,Batch 1,80.0,1.0865759,599.0,False
b1c45,Batch 1,82.0,1.0865108,599.0,False
b1c45,Batch 1,85.0,1.0864106,599.0,False
b1c45,Batch 1,88.0,1.086289,599.0,False
b1c45,Batch 1,90.0,1.0862019,599.0,False
b1c45,Batch 1,93.0,1.0861096,599.0,False
b1c45,Batch 1,96.0,1.0860083,599.0,False
b1c45,Batch 1,99.0,1.0858688,599.0,False
b1c45,Batch 1,101.0,1.085796,599.0,False
b1c45,Batch 1,104.0,1.0856755,599.0,False
b1c45,Batch 1,107.0,1.0855293,599.0,False
b1c45,Batch 1,110.0,1.085391,599.0,False
b1c45,Batch 1,112.0,1.0853552,599.0,False
b1c45,Batch 1,115.0,1.0852267,599.0,False
b1c45,Batch 1,118.0,1.0850937,599.0,False
b1c45,Batch 1,120.0,1.0850099,599.0,False
b1c45,Batch 1,123.0,1.0848625,599.0,False
b1c45,Batch 1,126.0,1.0847656,599.0,False
b1c45,Batch 1,129.0,1.0845333,599.0,False
b1c45,Batch 1,131.0,1.0844659,599.0,False
b1c45,Batch 1,134.0,1.0842937,599.0,False
b1c45,Batch 1,137.0,1.0841134,599.0,False
b1c45,Batch 1,140.0,1.0839816,599.0,False
b1c45,Batch 1,142.0,1.0838811,599.0,False
b1c45,Batch 1,145.0,1.0837224,599.0,False
b1c45,Batch 1,148.0,1.0835224,599.0,False
b1c45,Batch 1,150.0,1.0834627,599.0,False
b1c45,Batch 1,153.0,1.0832685,599.0,False
b1c45,Batch 1,156.0,1.0831409,599.0,False
b1c45,Batch 1,159.0,1.0829884,599.0,False
b1c45,Batch 1,161.0,1.0828352,599.0,False
b1c45,Batch 1,164.0,1.0826504,599.0,False
b1c45,Batch 1,167.0,1.0825887,599.0,False
b1c45,Batch 1,170.0,1.0826561,599.0,False
b1c45,Batch 1,172.0,1.0822695,599.0,False
b1c45,Batch 1,175.0,1.0821867,599.0,False
b1c45,Batch 1,178.0,1.0823842,599.0,False
b1c45,Batch 1,180.0,1.0822101,599.0,False
b1c45,Batch 1,183.0,1.0817035,599.0,False
b1c45,Batch 1,186.0,1.0813495,599.0,False
b1c45,Batch 1,189.0,1.0811598,599.0,False
b1c45,Batch 1,191.0,1.0810184,599.0,False
b1c45,Batch 1,194.0,1.0809016,599.0,False
b1c45,Batch 1,197.0,1.0810753,599.0,False
b1c45,Batch 1,199.0,1.0808607,599.0,False
b1c45,Batch 1,202.0,1.0803208,599.0,False
b1c45,Batch 1,205.0,1.0807165,599.0,False
b1c45,Batch 1,208.0,1.0806621,599.0,False
b1c45,Batch 1,210.0,1.0804355,599.0,False
b1c45,Batch 1,213.0,1.0795573,599.0,False
b1c45,Batch 1,216.0,1.0793341,599.0,False
b1c45,Batch 1,219.0,1.0790684,599.0,False
b1c45,Batch 1,221.0,1.0789205,599.0,False
b1c45,Batch 1,224.0,1.07893,599.0,False
b1c45,Batch 1,227.0,1.0788175,599.0,False
b1c45,Batch 1,229.0,1.078297,599.0,False
b1c45,Batch 1,232.0,1.0781863,599.0,False
b1c45,Batch 1,235.0,1.0782744,599.0,False
b1c45,Batch 1,238.0,1.0779772,599.0,False
b1c45,Batch 1,240.0,1.0774598,599.0,False
b1c45,Batch 1,243.0,1.0771472,599.0,False
b1c45,Batch 1,246.0,1.0768838,599.0,False
b1c45,Batch 1,249.0,1.0766729,599.0,False
b1c45,Batch 1,251.0,1.0765671,599.0,False
b1c45,Batch 1,254.0,1.076634,599.0,False
b1c45,Batch 1,257.0,1.0759649,599.0,False
b1c45,Batch 1,259.0,1.0757208,599.0,False
b1c45,Batch 1,262.0,1.0759021,599.0,False
b1c45,Batch 1,265.0,1.0756909,599.0,False
b1c45,Batch 1,268.0,1.074963,599.0,False
b1c45,Batch 1,270.0,1.0746137,599.0,False
b1c45,Batch 1,273.0,1.0742732,599.0,False
b1c45,Batch 1,276.0,1.0739366,599.0,False
b1c45,Batch 1,279.0,1.0736153,599.0,False
b1c45,Batch 1,281.0,1.0736245,599.0,False
b1c45,Batch 1,284.0,1.0730906,599.0,False
b1c45,Batch 1,287.0,1.0727055,599.0,False
b1c45,Batch 1,289.0,1.0727906,599.0,False
b1c45,Batch 1,292.0,1.0728219,599.0,False
b1c45,Batch 1,295.0,1.0724745,599.0,False
b1c45,Batch 1,298.0,1.071444,599.0,False
b1c45,Batch 1,300.0,1.0711721,599.0,False
b1c45,Batch 1,303.0,1.0707614,599.0,False
b1c45,Batch 1,306.0,1.0703425,599.0,False
b1c45,Batch 1,309.0,1.0700102,599.0,False
b1c45,Batch 1,311.0,1.0696995,599.0,False
b1c45,Batch 1,314.0,1.0692362,599.0,False
b1c45,Batch 1,317.0,1.0686677,599.0,False
b1c45,Batch 1,319.0,1.0687937,599.0,False
b1c45,Batch 1,322.0,1.0684181,599.0,False
b1c45,Batch 1,325.0,1.0675081,599.0,False
b1c45,Batch 1,328.0,1.0668727,599.0,False
b1c45,Batch 1,330.0,1.0666425,599.0,False
b1c45,Batch 1,333.0,1.0661119,599.0,False
b1c45,Batch 1,336.0,1.0665046,599.0,False
b1c45,Batch 1,339.0,1.0665294,599.0,False
b1c45,Batch 1,341.0,1.0663255,599.0,False
b1c45,Batch 1,344.0,1.0661838,599.0,False
b1c45,Batch 1,347.0,1.0662661,599.0,False
b1c45,Batch 1,349.0,1.0661908,599.0,False
b1c45,Batch 1,352.0,1.0652992,599.0,False
b1c45,Batch 1,355.0,1.0639126,599.0,False
b1c45,Batch 1,358.0,1.0630625,599.0,False
b1c45,Batch 1,360.0,1.062803,599.0,False
b1c45,Batch 1,363.0,1.0621012,599.0,False
b1c45,Batch 1,366.0,1.0613267,599.0,False
b1c45,Batch 1,369.0,1.0607221,599.0,False
b1c45,Batch 1,371.0,1.0600357,599.0,False
b1c45,Batch 1,374.0,1.0600208,599.0,False
b1c45,Batch 1,377.0,1.0595509,599.0,False
b1c45,Batch 1,379.0,1.0593513,599.0,False
b1c45,Batch 1,382.0,1.0579544,599.0,False
b1c45,Batch 1,385.0,1.0569011,599.0,False
b1c45,Batch 1,388.0,1.0558954,599.0,False
b1c45,Batch 1,390.0,1.0552,599.0,False
b1c45,Batch 1,393.0,1.0546933,599.0,False
b1c45,Batch 1,396.0,1.0540071,599.0,False
b1c45,Batch 1,398.0,1.0530692,599.0,False
b1c45,Batch 1,401.0,1.05222,599.0,False
b1c45,Batch 1,404.0,1.0519435,599.0,False
b1c45,Batch 1,407.0,1.0512177,599.0,False
b1c45,Batch 1,409.0,1.0504247,599.0,False
b1c45,Batch 1,412.0,1.0488061,599.0,False
b1c45,Batch 1,415.0,1.0473034,599.0,False
b1c45,Batch 1,418.0,1.0462629,599.0,False
b1c45,Batch 1,420.0,1.0458745,599.0,False
b1c45,Batch 1,423.0,1.0449946,599.0,False
b1c45,Batch 1,426.0,1.04348,599.0,False
b1c45,Batch 1,428.0,1.042318,599.0,False
b1c45,Batch 1,431.0,1.0417204,599.0,False
b1c45,Batch 1,434.0,1.0408431,599.0,False
b1c45,Batch 1,437.0,1.0393873,599.0,False
b1c45,Batch 1,439.0,1.0379277,599.0,False
b1c45,Batch 1,442.0,1.0358025,599.0,False
b1c45,Batch 1,445.0,1.0340285,599.0,False
b1c45,Batch 1,448.0,1.0323497,599.0,False
b1c45,Batch 1,450.0,1.0309187,599.0,False
b1c45,Batch 1,453.0,1.0297301,599.0,False
b1c45,Batch 1,456.0,1.0272104,599.0,False
b1c45,Batch 1,458.0,1.0261408,599.0,False
b1c45,Batch 1,461.0,1.0243909,599.0,False
b1c45,Batch 1,464.0,1.0225364,599.0,False
b1c45,Batch 1,467.0,1.0203052,599.0,False
b1c45,Batch 1,469.0,1.018333,599.0,False
b1c45,Batch 1,472.0,1.0158296,599.0,False
b1c45,Batch 1,475.0,1.0133592,599.0,False
b1c45,Batch 1,478.0,1.0110869,599.0,False
b1c45,Batch 1,480.0,1.0092711,599.0,False
b1c45,Batch 1,483.0,1.0068707,599.0,False
b1c45,Batch 1,486.0,1.0045741,599.0,False
b1c45,Batch 1,488.0,1.0031313,599.0,False
b1c45,Batch 1,491.0,1.0014374,599.0,False
b1c45,Batch 1,494.0,0.99915749,599.0,False
b1c45,Batch 1,497.0,0.99612004,599.0,False
b1c45,Batch 1,499.0,0.99405229,599.0,False
b1c45,Batch 1,502.0,0.99113506,599.0,False
b1c45,Batch 1,505.0,0.98678923,599.0,False
b1c45,Batch 1,508.0,0.98341745,599.0,False
b1c45,Batch 1,510.0,0.98155016,599.0,False
b1c45,Batch 1,513.0,0.97840649,599.0,False
b1c45,Batch 1,516.0,0.97511178,599.0,False
b1c45,Batch 1,518.0,0.97298902,599.0,False
b1c45,Batch 1,521.0,0.97010905,599.0,False
b1c45,Batch 1,524.0,0.96701527,599.0,False
b1c45,Batch 1,527.0,0.96335703,599.0,False
b1c45,Batch 1,529.0,0.96089619,599.0,False
b1c45,Batch 1,532.0,0.95736647,599.0,False
b1c45,Batch 1,535.0,0.95396864,599.0,False
b1c45,Batch 1,538.0,0.95044965,599.0,False
b1c45,Batch 1,540.0,0.94829935,599.0,False
b1c45,Batch 1,543.0,0.94504476,599.0,False
b1c45,Batch 1,546.0,0.94132119,599.0,False
b1c45,Batch 1,548.0,0.93906236,599.0,False
b1c45,Batch 1,551.0,0.93589628,599.0,False
b1c45,Batch 1,554.0,0.93245137,599.0,False
b1c45,Batch 1,557.0,0.92904639,599.0,False
b1c45,Batch 1,559.0,0.92657596,599.0,False
b1c45,Batch 1,562.0,0.92295343,599.0,False
b1c45,Batch 1,565.0,0.91942823,599.0,False
b1c45,Batch 1,568.0,0.91603482,599.0,False
b1c45,Batch 1,570.0,0.91346878,599.0,False
b1c45,Batch 1,573.0,0.91026366,599.0,False
b1c45,Batch 1,576.0,0.90650123,599.0,False
b1c45,Batch 1,578.0,0.90404356,599.0,False
b1c45,Batch 1,581.0,0.90080196,599.0,False
b1c45,Batch 1,584.0,0.89778155,599.0,False
b1c45,Batch 1,587.0,0.89427048,599.0,False
b1c45,Batch 1,589.0,0.89209658,599.0,False
b1c45,Batch 1,592.0,0.88786787,599.0,False
b1c45,Batch 1,595.0,0.88430148,599.0,False
b1c45,Batch 1,598.0,0.88104212,599.0,False
