cell_id,batch,cycle,qd,cycle_life,continued
b2c0,Batch 2,1.0,1.1000807,477.0,False
b2c0,Batch 2,3.0,1.102657,477.0,False
b2c0,Batch 2,5.0,1.1039258,477.0,False
b2c0,Batch 2,7.0,1.105153,477.0,False
b2c0,Batch 2,10.0,1.1037184,477.0,False
b2c0,Batch 2,12.0,1.1062659,477.0,False
b2c0,Batch 2,14.0,1.1041813,477.0,False
b2c0,Batch 2,16.0,1.1056149,477.0,False
b2c0,Batch 2,19.0,1.1073115,477.0,False
b2c0,Batch 2,21.0,1.1059513,477.0,False
b2c0,Batch 2,23.0,1.1048298,477.0,False
b2c0,Batch 2,25.0,1.1039966,477.0,False
b2c0,Batch 2,28.0,1.104663,477.0,False
b2c0,Batch 2,30.0,1.1044145,477.0,False
b2c0,Batch 2,32.0,1.1055276,477.0,False
b2c0,Batch 2,34.0,1.1061964,477.0,False
b2c0,Batch 2,37.0,1.1079878,477.0,False
b2c0,Batch 2,39.0,1.1082302,477.0,False
b2c0,Batch 2,41.0,1.1062022,477.0,False
b2c0,Batch 2,43.0,1.1076999,477.0,False
b2c0,Batch 2,46.0,1.1085968,477.0,False
b2c0,Batch 2,48.0,1.0936602,477.0,False
b2c0,Batch 2,50.0,1.0983797,477.0,False
b2c0,Batch 2,52.0,1.0980873,477.0,False
b2c0,Batch 2,55.0,1.0988977,477.0,False
b2c0,Batch 2,57.0,1.1001132,477.0,False
b2c0,Batch 2,59.0,1.1006629,477.0,False
b2c0,Batch 2,62.0,1.1028477,477.0,False
b2c0,Batch 2,64.0,1.104308,477.0,False
b2c0,Batch 2,66.0,1.1060693,477.0,False
b2c0,Batch 2,68.0,1.1059343,477.0,False
b2c0,Batch 2,71.0,1.1073488,477.0,False
b2c0,Batch 2,73.0,1.1075054,477.0,False
b2c0,Batch 2,75.0,1.1067384,477.0,False
b2c0,Batch 2,77.0,1.1075556,477.0,False
b2c0,Batch 2,80.0,1.1087635,477.0,False
b2c0,Batch 2,82.0,1.1061412,477.0,False
b2c0,Batch 2,84.0,1.108229,477.0,False
b2c0,Batch 2,86.0,1.1084212,477.0,False
b2c0,Batch 2,89.0,1.107034,477.0,False
b2c0,Batch 2,91.0,1.103673,477.0,False
b2c0,Batch 2,93.0,1.1058398,477.0,False
b2c0,Batch 2,95.0,1.1062187,477.0,False
b2c0,Batch 2,98.0,1.1047862,477.0,False
b2c0,Batch 2,100.0,1.1052729,477.0,False
b2c0,Batch 2,102.0,1.1058006,477.0,False
b2c0,Batch 2,104.0,1.1046779,477.0,False
b2c0,Batch 2,107.0,1.1022094,477.0,False
b2c0,Batch 2,109.0,1.103273,477.0,False
b2c0,Batch 2,111.0,1.1040493,477.0,False
b2c0,Batch 2,114.0,1.103741,477.0,False
b2c0,Batch 2,116.0,1.104709,477.0,False
b2c0,Batch 2,118.0,1.1064982,477.0,False
b2c0,Batch 2,120.0,1.1074793,477.0,False
b2c0,Batch 2,123.0,1.103705,477.0,False
b2c0,Batch 2,125.0,1.1066085,477.0,False
b2c0,Batch 2,127.0,1.1084081,477.0,False
b2c0,Batch 2,129.0,1.1066562,477.0,False
b2c0,Batch 2,132.0,1.1075082,477.0,False
b2c0,Batch 2,134.0,1.1066262,477.0,False
b2c0,Batch 2,136.0,1.1067781,477.0,False
b2c0,Batch 2,138.0,1.1033949,477.0,False
b2c0,Batch 2,141.0,1.1065886,477.0,False
b2c0,Batch 2,143.0,1.1032732,477.0,False
b2c0,Batch 2,145.0,1.1072932,477.0,False
b2c0,Batch 2,147.0,1.1085298,477.0,False
b2c0,Batch 2,150.0,1.1063423,477.0,False
b2c0,Batch 2,152.0,1.1082046,477.0,False
b2c0,Batch 2,154.0,1.1076841,477.0,False
b2c0,Batch 2,156.0,1.1104335,477.0,False
b2c0,Batch 2,159.0,1.1074851,477.0,False
b2c0,Batch 2,161.0,1.1089766,477.0,False
b2c0,Batch 2,163.0,1.108932,477.0,False
b2c0,Batch 2,166.0,1.1072363,477.0,False
b2c0,Batch 2,168.0,1.1108778,477.0,False
b2c0,Batch 2,170.0,1.107953,477.0,False
b2c0,Batch 2,172.0,1.1091632,477.0,False
b2c0,Batch 2,175.0,1.1080823,477.0,False
b2c0,Batch 2,177.0,1.111285,477.0,False
b2c0,Batch 2,179.0,1.1136328,477.0,False
b2c0,Batch 2,181.0,1.1102816,477.0,False
b2c0,Batch 2,184.0,1.1100341,477.0,False
b2c0,Batch 2,186.0,1.1117089,477.0,False
b2c0,Batch 2,188.0,1.1129707,477.0,False
b2c0,Batch 2,190.0,1.1110375,477.0,False
b2c0,Batch 2,193.0,1.1145433,477.0,False
b2c0,Batch 2,195.0,1.1148847,477.0,False
b2c0,Batch 2,197.0,1.1129813,477.0,False
b2c0,Batch 2,199.0,1.1129344,477.0,False
b2c0,Batch 2,202.0,1.1109691,477.0,False
b2c0,Batch 2,204.0,1.1103237,477.0,False
b2c0,Batch 2,206.0,1.1092392,477.0,False
b2c0,Batch 2,208.0,1.1120654,477.0,False
b2c0,Batch 2,211.0,1.1100281,477.0,False
b2c0,Batch 2,213.0,1.1103758,477.0,False
b2c0,Batch 2,215.0,1.1114595,477.0,False
b2c0,Batch 2,217.0,1.1080896,477.0,False
b2c0,Batch 2,220.0,1.1078296,477.0,False
b2c0,Batch 2,222.0,1.1096871,477.0,False
b2c0,Batch 2,224.0,1.1059102,477.0,False
b2c0,Batch 2,227.0,1.1068048,477.0,False
b2c0,Batch 2,229.0,1.1062745,477.0,False
b2c0,Batch 2,231.0,1.105848,477.0,False
b2c0,Batch 2,233.0,1.1035984,477.0,False
b2c0,Batch 2,236.0,1.1051103,477.0,False
b2c0,Batch 2,238.0,1.106282,477.0,False
b2c0,Batch 2,240.0,1.1093746,477.0,False
b2c0,Batch 2,242.0,1.1101223,477.0,False
b2c0,Batch 2,245.0,1.105297,477.0,False
b2c0,Batch 2,247.0,1.1045491,477.0,False
b2c0,Batch 2,249.0,1.0993273,477.0,False
b2c0,Batch 2,251.0,1.0975956,477.0,False
b2c0,Batch 2,254.0,1.0920718,477.0,False
b2c0,Batch 2,256.0,1.0944369,477.0,False
b2c0,Batch 2,258.0,1.0902952,477.0,False
b2c0,Batch 2,260.0,1.0903425,477.0,False
b2c0,Batch 2,263.0,1.0907804,477.0,False
b2c0,Batch 2,265.0,1.0890237,477.0,False
b2c0,Batch 2,267.0,1.0896754,477.0,False
b2c0,Batch 2,269.0,1.0947334,477.0,False
b2c0,Batch 2,272.0,1.0908257,477.0,False
b2c0,Batch 2,274.0,1.0916919,477.0,False
b2c0,Batch 2,276.0,1.0919032,477.0,False
b2c0,Batch 2,279.0,1.0943241,477.0,False
b2c0,Batch 2,281.0,1.0900527,477.0,False
b2c0,Batch 2,283.0,1.0926129,477.0,False
b2c0,Batch 2,285.0,1.0907919,477.0,False
b2c0,Batch 2,288.0,1.0890675,477.0,False
b2c0,Batch 2,290.0,1.0884595,477.0,False
b2c0,Batch 2,292.0,1.0871209,477.0,False
b2c0,Batch 2,294.0,1.0859745,477.0,False
b2c0,Batch 2,297.0,1.0868344,477.0,False
b2c0,Batch 2,299.0,1.0857781,477.0,False
b2c0,Batch 2,301.0,1.0834188,477.0,False
b2c0,Batch 2,303.0,1.0833479,477.0,False
b2c0,Batch 2,306.0,1.0811493,477.0,False
b2c0,Batch 2,308.0,1.0811111,477.0,False
b2c0,Batch 2,310.0,1.084529,477.0,False
b2c0,Batch 2,312.0,1.08206,477.0,False
b2c0,Batch 2,315.0,1.0827146,477.0,False
b2c0,Batch 2,317.0,1.0839828,477.0,False
b2c0,Batch 2,319.0,1.0791186,477.0,False
b2c0,Batch 2,321.0,1.075902,477.0,False
b2c0,Batch 2,324.0,1.0813296,477.0,False
b2c0,Batch 2,326.0,1.0840055,477.0,False
b2c0,Batch 2,328.0,1.0783032,477.0,False
b2c0,Batch 2,331.0,1.0773411,477.0,False
b2c0,Batch 2,333.0,1.0775704,477.0,False
b2c0,Batch 2,335.0,1.0761875,477.0,False
b2c0,Batch 2,337.0,1.0766083,477.0,False
b2c0,Batch 2,340.0,1.07268,477.0,False
b2c0,Batch 2,342.0,1.0731026,477.0,False
b2c0,Batch 2,344.0,1.0682427,477.0,False
b2c0,Batch 2,346.0,1.0698618,477.0,False
b2c0,Batch 2,349.0,1.0664796,477.0,False
b2c0,Batch 2,351.0,1.0653498,477.0,False
b2c0,Batch 2,353.0,1.0631218,477.0,False
b2c0,Batch 2,355.0,1.0662725,477.0,False
b2c0,Batch 2,358.0,1.0637146,477.0,False
b2c0,Batch 2,360.0,1.0577687,477.0,False
b2c0,Batch 2,362.0,1.0565424,477.0,False
b2c0,Batch 2,364.0,1.0542598,477.0,False
b2c0,Batch 2,367.0,1.0555969,477.0,False
b2c0,Batch 2,369.0,1.0570585,477.0,False
b2c0,Batch 2,371.0,1.0519744,477.0,False
b2c0,Batch 2,373.0,1.0547951,477.0,False
b2c0,Batch 2,376.0,1.0505065,477.0,False
b2c0,Batch 2,378.0,1.0487455,477.0,False
b2c0,Batch 2,380.0,1.0510848,477.0,False
b2c0,Batch 2,382.0,1.0490208,477.0,False
b2c0,Batch 2,385.0,1.0436137,477.0,False
b2c0,Batch 2,387.0,1.042949,477.0,False
b2c0,Batch 2,389.0,1.0407066,477.0,False
b2c0,Batch 2,392.0,1.0387017,477.0,False
b2c0,Batch 2,394.0,1.03808,477.0,False
b2c0,Batch 2,396.0,1.0371634,477.0,False
b2c0,Batch 2,398.0,1.03442,477.0,False
b2c0,Batch 2,401.0,1.0347707,477.0,False
b2c0,Batch 2,403.0,1.0294008,477.0,False
b2c0,Batch 2,405.0,1.0239571,477.0,False
b2c0,Batch 2,407.0,1.0272955,477.0,False
b2c0,Batch 2,410.0,1.0197415,477.0,False
b2c0,Batch 2,412.0,1.0155722,477.0,False
b2c0,Batch 2,414.0,1.0105711,477.0,False
b2c0,Batch 2,416.0,1.0090649,477.0,False
b2c0,Batch 2,419.0,1.0041448,477.0,False
b2c0,Batch 2,421.0,1.0012356,477.0,False
b2c0,Batch 2,423.0,0.99566776,477.0,False
b2c0,Batch 2,425.0,0.99251646,477.0,False
b2c0,Batch 2,428.0,0.98906434,477.0,False
b2c0,Batch 2,430.0,0.9853639,477.0,False
b2c0,Batch 2,432.0,0.97933316,477.0,False
b2c0,Batch 2,434.0,0.97720927,477.0,False
b2c0,Batch 2,437.0,0.97284305,477.0,False
b2c0,Batch 2,439.0,0.97048742,477.0,False
b2c0,Batch 2,441.0,0.96532094,477.0,False
b2c0,Batch 2,444.0,0.95373833,477.0,False
b2c0,Batch 2,446.0,0.95166284,477.0,False
b2c0,Batch 2,448.0,0.94990283,477.0,False
b2c0,Batch 2,450.0,0.93948376,477.0,False
b2c0,Batch 2,453.0,0.93249786,477.0,False
b2c0,Batch 2,455.0,0.92806339,477.0,False
b2c0,Batch 2,457.0,0.92377049,477.0,False
b2c0,Batch 2,459.0,0.91809416,477.0,False
b2c0,Batch 2,462.0,0.91109681,477.0,False
b2c0,Batch 2,464.0,0.90637285,477.0,False
b2c0,Batch 2,466.0,0.90320027,477.0,False
b2c0,Batch 2,468.0,0.89688528,477.0,False
b2c0,Batch 2,471.0,0.8916527,477.0,False
b2c0,Batch 2,473.0,0.88520378,477.0,False
b2c0,Batch 2,475.0,0.88165778,477.0,False
b2c0,Batch 2,477.0,0.8788079,477.0,False
b2c0,Batch 2,480.0,0.87148684,477.0,False
b2c0,Batch 2,482.0,0.86398399,477.0,False
b2c0,Batch 2,484.0,0.85652995,477.0,False
b2c0,Batch 2,486.0,0.85612214,477.0,False
b2c0,Batch 2,489.0,0.84871668,477.0,False
b2c0,Batch 2,491.0,0.83514267,477.0,False
b2c0,Batch 2,493.0,0.83440375,477.0,False
b2c0,Batch 2,496.0,0.82661337,477.0,False
b2c1,Batch 2,1.0,1.1072116,491.0,False
b2c1,Batch 2,3.0,1.1059335,491.0,False
b2c1,Batch 2,5.0,1.1071328,491.0,False
b2c1,Batch 2,8.0,1.1080778,491.0,False
b2c1,Batch 2,10.0,1.1083114,491.0,False
b2c1,Batch 2,12.0,1.1065009,491.0,False
b2c1,Batch 2,15.0,1.10632,491.0,False
b2c1,Batch 2,17.0,1.1066518,491.0,False
b2c1,Batch 2,19.0,1.1071947,491.0,False
b2c1,Batch 2,22.0,1.1075383,491.0,False
b2c1,Batch 2,24.0,1.1073745,491.0,False
b2c1,Batch 2,26.0,1.103851,491.0,False
b2c1,Batch 2,29.0,1.1062894,491.0,False
b2c1,Batch 2,31.0,1.1051269,491.0,False
b2c1,Batch 2,33.0,1.1061901,491.0,False
b2c1,Batch 2,36.0,1.107105,491.0,False
b2c1,Batch 2,38.0,1.1056949,491.0,False
b2c1,Batch 2,40.0,1.1068467,491.0,False
b2c1,Batch 2,43.0,1.1077577,491.0,False
b2c1,Batch 2,45.0,1.1076031,491.0,False
b2c1,Batch 2,47.0,1.1093584,491.0,False
b2c1,Batch 2,50.0,1.1082335,491.0,False
b2c1,Batch 2,52.0,1.0943118,491.0,False
b2c1,Batch 2,54.0,1.096706,491.0,False
b2c1,Batch 2,57.0,1.0977701,491.0,False
b2c1,Batch 2,59.0,1.097168,491.0,False
b2c1,Batch 2,61.0,1.0976872,491.0,False
b2c1,Batch 2,64.0,1.0972424,491.0,False
b2c1,Batch 2,66.0,1.0997745,491.0,False
b2c1,Batch 2,68.0,1.0991533,491.0,False
b2c1,Batch 2,71.0,1.1032134,491.0,False
b2c1,Batch 2,73.0,1.1054193,491.0,False
b2c1,Batch 2,75.0,1.10647,491.0,False
b2c1,Batch 2,78.0,1.1065495,491.0,False
b2c1,Batch 2,80.0,1.1069402,491.0,False
b2c1,Batch 2,82.0,1.1053768,491.0,False
b2c1,Batch 2,85.0,1.1067541,491.0,False
b2c1,Batch 2,87.0,1.1068749,491.0,False
b2c1,Batch 2,89.0,1.1068282,491.0,False
b2c1,Batch 2,92.0,1.1059133,491.0,False
b2c1,Batch 2,94.0,1.10668,491.0,False
b2c1,Batch 2,96.0,1.1068212,491.0,False
b2c1,Batch 2,99.0,1.1040716,491.0,False
b2c1,Batch 2,101.0,1.1035217,491.0,False
b2c1,Batch 2,103.0,1.1014402,491.0,False
b2c1,Batch 2,106.0,1.1024714,491.0,False
b2c1,Batch 2,108.0,1.1024498,491.0,False
b2c1,Batch 2,110.0,1.1015568,491.0,False
b2c1,Batch 2,113.0,1.0984818,491.0,False
b2c1,Batch 2,115.0,1.0993724,491.0,False
b2c1,Batch 2,117.0,1.0994985,491.0,False
b2c1,Batch 2,120.0,1.0977696,491.0,False
b2c1,Batch 2,122.0,1.0977045,491.0,False
b2c1,Batch 2,124.0,1.1016511,491.0,False
b2c1,Batch 2,127.0,1.0980521,491.0,False
b2c1,Batch 2,129.0,1.0989091,491.0,False
b2c1,Batch 2,131.0,1.0985582,491.0,False
b2c1,Batch 2,134.0,1.0989121,491.0,False
b2c1,Batch 2,136.0,1.0987236,491.0,False
b2c1,Batch 2,138.0,1.0964763,491.0,False
b2c1,Batch 2,141.0,1.0986184,491.0,False
b2c1,Batch 2,143.0,1.0975389,491.0,False
b2c1,Batch 2,145.0,1.0980291,491.0,False
b2c1,Batch 2,148.0,1.0968328,491.0,False
b2c1,Batch 2,150.0,1.095454,491.0,False
b2c1,Batch 2,152.0,1.0968724,491.0,False
b2c1,Batch 2,155.0,1.0965459,491.0,False
b2c1,Batch 2,157.0,1.0955652,491.0,False
b2c1,Batch 2,159.0,1.0967067,491.0,False
b2c1,Batch 2,162.0,1.0967591,491.0,False
b2c1,Batch 2,164.0,1.0947994,491.0,False
b2c1,Batch 2,166.0,1.0962393,491.0,False
b2c1,Batch 2,169.0,1.0957572,491.0,False
b2c1,Batch 2,171.0,1.0953268,491.0,False
b2c1,Batch 2,174.0,1.0991806,491.0,False
b2c1,Batch 2,176.0,1.1007482,491.0,False
b2c1,Batch 2,178.0,1.0970794,491.0,False
b2c1,Batch 2,181.0,1.0981516,491.0,False
b2c1,Batch 2,183.0,1.0988278,491.0,False
b2c1,Batch 2,185.0,1.0957112,491.0,False
b2c1,Batch 2,188.0,1.0943444,491.0,False
b2c1,Batch 2,190.0,1.0948647,491.0,False
b2c1,Batch 2,192.0,1.0928096,491.0,False
b2c1,Batch 2,195.0,1.0944824,491.0,False
b2c1,Batch 2,197.0,1.0977333,491.0,False
b2c1,Batch 2,199.0,1.0958526,491.0,False
b2c1,Batch 2,202.0,1.0974215,491.0,False
b2c1,Batch 2,204.0,1.0980927,491.0,False
b2c1,Batch 2,206.0,1.0958791,491.0,False
b2c1,Batch 2,209.0,1.0957674,491.0,False
b2c1,Batch 2,211.0,1.097526,491.0,False
b2c1,Batch 2,213.0,1.0960513,491.0,False
b2c1,Batch 2,216.0,1.094501,491.0,False
b2c1,Batch 2,218.0,1.0967004,491.0,False
b2c1,Batch 2,220.0,1.0962254,491.0,False
b2c1,Batch 2,223.0,1.0937808,491.0,False
b2c1,Batch 2,225.0,1.0934258,491.0,False
b2c1,Batch 2,227.0,1.0945747,491.0,False
b2c1,Batch 2,230.0,1.0917183,491.0,False
b2c1,Batch 2,232.0,1.0923206,491.0,False
b2c1,Batch 2,234.0,1.0915298,491.0,False
b2c1,Batch 2,237.0,1.0925153,491.0,False
b2c1,Batch 2,239.0,1.0883378,491.0,False
b2c1,Batch 2,241.0,1.087409,491.0,False
b2c1,Batch 2,244.0,1.0878707,491.0,False
b2c1,Batch 2,246.0,1.0903864,491.0,False
b2c1,Batch 2,248.0,1.0849642,491.0,False
b2c1,Batch 2,251.0,1.0823444,491.0,False
b2c1,Batch 2,253.0,1.0844028,491.0,False
b2c1,Batch 2,255.0,1.0856134,491.0,False
b2c1,Batch 2,258.0,1.0850827,491.0,False
b2c1,Batch 2,260.0,1.0836427,491.0,False
b2c1,Batch 2,262.0,1.0839823,491.0,False
b2c1,Batch 2,265.0,1.0800623,491.0,False
b2c1,Batch 2,267.0,1.0796441,491.0,False
b2c1,Batch 2,269.0,1.0786237,491.0,False
b2c1,Batch 2,272.0,1.0838069,491.0,False
b2c1,Batch 2,274.0,1.0836971,491.0,False
b2c1,Batch 2,276.0,1.0842072,491.0,False
b2c1,Batch 2,279.0,1.0772291,491.0,False
b2c1,Batch 2,281.0,1.0746065,491.0,False
b2c1,Batch 2,283.0,1.070701,491.0,False
b2c1,Batch 2,286.0,1.0705155,491.0,False
b2c1,Batch 2,288.0,1.065146,491.0,False
b2c1,Batch 2,290.0,1.0625223,491.0,False
b2c1,Batch 2,293.0,1.0618851,491.0,False
b2c1,Batch 2,295.0,1.0588281,491.0,False
b2c1,Batch 2,297.0,1.0618527,491.0,False
b2c1,Batch 2,300.0,1.0581464,491.0,False
b2c1,Batch 2,302.0,1.0563517,491.0,False
b2c1,Batch 2,304.0,1.059561,491.0,False
b2c1,Batch 2,307.0,1.0592839,491.0,False
b2c1,Batch 2,309.0,1.0568155,491.0,False
b2c1,Batch 2,311.0,1.0571238,491.0,False
b2c1,Batch 2,314.0,1.0587173,491.0,False
b2c1,Batch 2,316.0,1.0548519,491.0,False
b2c1,Batch 2,318.0,1.0540003,491.0,False
b2c1,Batch 2,321.0,1.0556407,491.0,False
b2c1,Batch 2,323.0,1.0562818,491.0,False
b2c1,Batch 2,325.0,1.0527855,491.0,False
b2c1,Batch 2,328.0,1.0520729,491.0,False
b2c1,Batch 2,330.0,1.0498139,491.0,False
b2c1,Batch 2,332.0,1.0482929,491.0,False
b2c1,Batch 2,335.0,1.0495608,491.0,False
b2c1,Batch 2,337.0,1.0484428,491.0,False
b2c1,Batch 2,339.0,1.0464154,491.0,False
b2c1,Batch 2,342.0,1.0428156,491.0,False
b2c1,Batch 2,344.0,1.0435601,491.0,False
b2c1,Batch 2,347.0,1.0410136,491.0,False
b2c1,Batch 2,349.0,1.041743,491.0,False
b2c1,Batch 2,351.0,1.0402677,491.0,False
b2c1,Batch 2,354.0,1.0389425,491.0,False
b2c1,Batch 2,356.0,1.0367547,491.0,False
b2c1,Batch 2,358.0,1.0385934,491.0,False
b2c1,Batch 2,361.0,1.0386348,491.0,False
b2c1,Batch 2,363.0,1.0339812,491.0,False
b2c1,Batch 2,365.0,1.0321379,491.0,False
b2c1,Batch 2,368.0,1.0362782,491.0,False
b2c1,Batch 2,370.0,1.0359346,491.0,False
b2c1,Batch 2,372.0,1.0309023,491.0,False
b2c1,Batch 2,375.0,1.0317321,491.0,False
b2c1,Batch 2,377.0,1.0292025,491.0,False
b2c1,Batch 2,379.0,1.0277569,491.0,False
b2c1,Batch 2,382.0,1.0262214,491.0,False
b2c1,Batch 2,384.0,1.0245883,491.0,False
b2c1,Batch 2,386.0,1.0261714,491.0,False
b2c1,Batch 2,389.0,1.0198319,491.0,False
b2c1,Batch 2,391.0,1.01691,491.0,False
b2c1,Batch 2,393.0,1.0163256,491.0,False
b2c1,Batch 2,396.0,1.011555,491.0,False
b2c1,Batch 2,398.0,1.0114129,491.0,False
b2c1,Batch 2,400.0,1.0105751,491.0,False
b2c1,Batch 2,403.0,1.0107751,491.0,False
b2c1,Batch 2,405.0,1.0078408,491.0,False
b2c1,Batch 2,407.0,1.0044047,491.0,False
b2c1,Batch 2,410.0,1.0008074,491.0,False
b2c1,Batch 2,412.0,0.99937993,491.0,False
b2c1,Batch 2,414.0,0.99953574,491.0,False
b2c1,Batch 2,417.0,0.99927717,491.0,False
b2c1,Batch 2,419.0,0.99966431,491.0,False
b2c1,Batch 2,421.0,0.99347883,491.0,False
b2c1,Batch 2,424.0,0.99401838,491.0,False
b2c1,Batch 2,426.0,0.98972678,491.0,False
b2c1,Batch 2,428.0,0.9845081,491.0,False
b2c1,Batch 2,431.0,0.98651499,491.0,False
b2c1,Batch 2,433.0,0.98044777,491.0,False
b2c1,Batch 2,435.0,0.97979504,491.0,False
b2c1,Batch 2,438.0,0.97630107,491.0,False
b2c1,Batch 2,440.0,0.97257173,491.0,False
b2c1,Batch 2,442.0,0.97443956,491.0,False
b2c1,Batch 2,445.0,0.96668333,491.0,False
b2c1,Batch 2,447.0,0.96581918,491.0,False
b2c1,Batch 2,449.0,0.96551323,491.0,False
b2c1,Batch 2,452.0,0.95903945,491.0,False
b2c1,Batch 2,454.0,0.95351952,491.0,False
b2c1,Batch 2,456.0,0.95020092,491.0,False
b2c1,Batch 2,459.0,0.94515532,491.0,False
b2c1,Batch 2,461.0,0.93858033,491.0,False
b2c1,Batch 2,463.0,0.93314475,491.0,False
b2c1,Batch 2,466.0,0.92695755,491.0,False
b2c1,Batch 2,468.0,0.92354131,491.0,False
b2c1,Batch 2,470.0,0.91923374,491.0,False
b2c1,Batch 2,473.0,0.91384268,491.0,False
b2c1,Batch 2,475.0,0.91161281,491.0,False
b2c1,Batch 2,477.0,0.90514106,491.0,False
b2c1,Batch 2,480.0,0.89738953,491.0,False
b2c1,Batch 2,482.0,0.89603704,491.0,False
b2c1,Batch 2,484.0,0.89653218,491.0,False
b2c1,Batch 2,487.0,0.89084715,491.0,False
b2c1,Batch 2,489.0,0.88454729,491.0,False
b2c1,Batch 2,491.0,0.87698483,491.0,False
b2c1,Batch 2,494.0,0.87339193,491.0,False
b2c1,Batch 2,496.0,0.86734635,491.0,False
b2c1,Batch 2,498.0,0.86153144,491.0,False
b2c1,Batch 2,501.0,0.85527903,491.0,False
b2c1,Batch 2,503.0,0.85331833,491.0,False
b2c1,Batch 2,505.0,0.84912121,491.0,False
b2c1,Batch 2,508.0,0.83862245,491.0,False
b2c1,Batch 2,510.0,0.83282876,491.0,False
b2c1,Batch 2,513.0,0.82848173,491.0,False
b2c2,Batch 2,1.0,1.0739638,424.0,False
b2c2,Batch 2,3.0,1.0742784,424.0,False
b2c2,Batch 2,5.0,1.0762501,424.0,False
b2c2,Batch 2,7.0,1.075107,424.0,False
b2c2,Batch 2,9.0,1.0741848,424.0,False
b2c2,Batch 2,11.0,1.0769727,424.0,False
b2c2,Batch 2,13.0,1.0766428,424.0,False
b2c2,Batch 2,15.0,1.0755873,424.0,False
b2c2,Batch 2,17.0,1.0756323,424.0,False
b2c2,Batch 2,19.0,1.0771621,424.0,False
b2c2,Batch 2,21.0,1.0776124,424.0,False
b2c2,Batch 2,23.0,1.0767829,424.0,False
b2c2,Batch 2,25.0,1.0760622,424.0,False
b2c2,Batch 2,27.0,1.0767008,424.0,False
b2c2,Batch 2,29.0,1.0760036,424.0,False
b2c2,Batch 2,31.0,1.0786716,424.0,False
b2c2,Batch 2,33.0,1.0762612,424.0,False
b2c2,Batch 2,35.0,1.0777229,424.0,False
b2c2,Batch 2,37.0,1.0791092,424.0,False
b2c2,Batch 2,39.0,1.0787956,424.0,False
b2c2,Batch 2,41.0,1.0802661,424.0,False
b2c2,Batch 2,43.0,1.0790474,424.0,False
b2c2,Batch 2,45.0,1.0805465,424.0,False
b2c2,Batch 2,47.0,0.96729642,424.0,False
b2c2,Batch 2,49.0,1.0682623,424.0,False
b2c2,Batch 2,51.0,1.0689378,424.0,False
b2c2,Batch 2,53.0,1.0688959,424.0,False
b2c2,Batch 2,55.0,1.0688324,424.0,False
b2c2,Batch 2,57.0,1.0678492,424.0,False
b2c2,Batch 2,59.0,1.071267,424.0,False
b2c2,Batch 2,61.0,1.0738473,424.0,False
b2c2,Batch 2,63.0,1.0753759,424.0,False
b2c2,Batch 2,65.0,1.0746573,424.0,False
b2c2,Batch 2,67.0,1.0746616,424.0,False
b2c2,Batch 2,69.0,1.0749259,424.0,False
b2c2,Batch 2,71.0,1.0765051,424.0,False
b2c2,Batch 2,73.0,1.0781014,424.0,False
b2c2,Batch 2,75.0,1.0789243,424.0,False
b2c2,Batch 2,77.0,1.0784454,424.0,False
b2c2,Batch 2,79.0,1.0765594,424.0,False
b2c2,Batch 2,81.0,1.0772854,424.0,False
b2c2,Batch 2,83.0,1.077588,424.0,False
b2c2,Batch 2,85.0,1.0776789,424.0,False
b2c2,Batch 2,87.0,1.0771594,424.0,False
b2c2,Batch 2,89.0,1.0760785,424.0,False
b2c2,Batch 2,91.0,1.0756278,424.0,False
b2c2,Batch 2,93.0,1.0745701,424.0,False
b2c2,Batch 2,95.0,1.0767208,424.0,False
b2c2,Batch 2,97.0,1.0751235,424.0,False
b2c2,Batch 2,99.0,1.0754997,424.0,False
b2c2,Batch 2,101.0,1.0776787,424.0,False
b2c2,Batch 2,103.0,1.074886,424.0,False
b2c2,Batch 2,105.0,1.0743835,424.0,False
b2c2,Batch 2,107.0,1.0734173,424.0,False
b2c2,Batch 2,109.0,1.0716017,424.0,False
b2c2,Batch 2,111.0,1.0761938,424.0,False
b2c2,Batch 2,113.0,1.075742,424.0,False
b2c2,Batch 2,115.0,1.0750247,424.0,False
b2c2,Batch 2,117.0,1.073534,424.0,False
b2c2,Batch 2,119.0,1.0746976,424.0,False
b2c2,Batch 2,121.0,1.0753931,424.0,False
b2c2,Batch 2,123.0,1.0730337,424.0,False
b2c2,Batch 2,125.0,1.0735812,424.0,False
b2c2,Batch 2,127.0,1.0759557,424.0,False
b2c2,Batch 2,129.0,1.075905,424.0,False
b2c2,Batch 2,131.0,1.0746806,424.0,False
b2c2,Batch 2,133.0,1.072885,424.0,False
b2c2,Batch 2,135.0,1.0730897,424.0,False
b2c2,Batch 2,137.0,1.0734211,424.0,False
b2c2,Batch 2,139.0,1.0713235,424.0,False
b2c2,Batch 2,141.0,1.0735704,424.0,False
b2c2,Batch 2,143.0,1.0733405,424.0,False
b2c2,Batch 2,145.0,1.0752112,424.0,False
b2c2,Batch 2,147.0,1.0758979,424.0,False
b2c2,Batch 2,149.0,1.0752494,424.0,False
b2c2,Batch 2,151.0,1.0768991,424.0,False
b2c2,Batch 2,153.0,1.0758083,424.0,False
b2c2,Batch 2,155.0,1.079569,424.0,False
b2c2,Batch 2,157.0,1.0778779,424.0,False
b2c2,Batch 2,159.0,1.0773736,424.0,False
b2c2,Batch 2,161.0,1.0764576,424.0,False
b2c2,Batch 2,163.0,1.0778114,424.0,False
b2c2,Batch 2,165.0,1.0757393,424.0,False
b2c2,Batch 2,167.0,1.0757176,424.0,False
b2c2,Batch 2,169.0,1.0767367,424.0,False
b2c2,Batch 2,171.0,1.0768405,424.0,False
b2c2,Batch 2,173.0,1.0769802,424.0,False
b2c2,Batch 2,175.0,1.0766191,424.0,False
b2c2,Batch 2,177.0,1.0783697,424.0,False
b2c2,Batch 2,179.0,1.078891,424.0,False
b2c2,Batch 2,181.0,1.0793616,424.0,False
b2c2,Batch 2,183.0,1.0772039,424.0,False
b2c2,Batch 2,185.0,1.0756514,424.0,False
b2c2,Batch 2,187.0,1.080958,424.0,False
b2c2,Batch 2,189.0,1.0746374,424.0,False
b2c2,Batch 2,191.0,1.0779792,424.0,False
b2c2,Batch 2,193.0,1.0774724,424.0,False
b2c2,Batch 2,195.0,1.0795584,424.0,False
b2c2,Batch 2,197.0,1.0765985,424.0,False
b2c2,Batch 2,199.0,1.0755039,424.0,False
b2c2,Batch 2,201.0,1.0765934,424.0,False
b2c2,Batch 2,203.0,1.0754803,424.0,False
b2c2,Batch 2,205.0,1.0749818,424.0,False
b2c2,Batch 2,207.0,1.0751611,424.0,False
b2c2,Batch 2,209.0,1.0737251,424.0,False
b2c2,Batch 2,211.0,1.0740026,424.0,False
b2c2,Batch 2,213.0,1.0738478,424.0,False
b2c2,Batch 2,215.0,1.0747777,424.0,False
b2c2,Batch 2,217.0,1.0735681,424.0,False
b2c2,Batch 2,219.0,1.0734408,424.0,False
b2c2,Batch 2,221.0,1.0696157,424.0,False
b2c2,Batch 2,223.0,1.0714847,424.0,False
b2c2,Batch 2,225.0,1.0693444,424.0,False
b2c2,Batch 2,227.0,1.0723947,424.0,False
b2c2,Batch 2,229.0,1.0687739,424.0,False
b2c2,Batch 2,231.0,1.0669644,424.0,False
b2c2,Batch 2,233.0,1.0665193,424.0,False
b2c2,Batch 2,235.0,1.0680482,424.0,False
b2c2,Batch 2,237.0,1.0669652,424.0,False
b2c2,Batch 2,239.0,1.072414,424.0,False
b2c2,Batch 2,241.0,1.070603,424.0,False
b2c2,Batch 2,243.0,1.0717063,424.0,False
b2c2,Batch 2,245.0,1.0711552,424.0,False
b2c2,Batch 2,247.0,1.0667461,424.0,False
b2c2,Batch 2,249.0,1.0642205,424.0,False
b2c2,Batch 2,251.0,1.060813,424.0,False
b2c2,Batch 2,253.0,1.0583564,424.0,False
b2c2,Batch 2,255.0,1.0563329,424.0,False
b2c2,Batch 2,257.0,1.0523623,424.0,False
b2c2,Batch 2,259.0,1.0518613,424.0,False
b2c2,Batch 2,261.0,1.0513765,424.0,False
b2c2,Batch 2,263.0,1.0543956,424.0,False
b2c2,Batch 2,265.0,1.0515777,424.0,False
b2c2,Batch 2,267.0,1.0498999,424.0,False
b2c2,Batch 2,269.0,1.0535351,424.0,False
b2c2,Batch 2,271.0,1.053387,424.0,False
b2c2,Batch 2,273.0,1.0502535,424.0,False
b2c2,Batch 2,275.0,1.0516595,424.0,False
b2c2,Batch 2,277.0,1.0498645,424.0,False
b2c2,Batch 2,279.0,1.0517143,424.0,False
b2c2,Batch 2,281.0,1.0491542,424.0,False
b2c2,Batch 2,283.0,1.0489854,424.0,False
b2c2,Batch 2,285.0,1.0500374,424.0,False
b2c2,Batch 2,287.0,1.0482366,424.0,False
b2c2,Batch 2,289.0,1.0448761,424.0,False
b2c2,Batch 2,291.0,1.0449874,424.0,False
b2c2,Batch 2,293.0,1.0444599,424.0,False
b2c2,Batch 2,295.0,1.0432758,424.0,False
b2c2,Batch 2,297.0,1.043678,424.0,False
b2c2,Batch 2,299.0,1.0433264,424.0,False
b2c2,Batch 2,301.0,1.0410405,424.0,False
b2c2,Batch 2,303.0,1.0376369,424.0,False
b2c2,Batch 2,305.0,1.0371145,424.0,False
b2c2,Batch 2,307.0,1.0368978,424.0,False
b2c2,Batch 2,309.0,1.0359315,424.0,False
b2c2,Batch 2,311.0,1.0352415,424.0,False
b2c2,Batch 2,313.0,1.0386794,424.0,False
b2c2,Batch 2,315.0,1.0360856,424.0,False
b2c2,Batch 2,317.0,1.0361526,424.0,False
b2c2,Batch 2,319.0,1.0351881,424.0,False
b2c2,Batch 2,321.0,1.0361009,424.0,False
b2c2,Batch 2,323.0,1.0330023,424.0,False
b2c2,Batch 2,325.0,1.0295153,424.0,False
b2c2,Batch 2,327.0,1.0341948,424.0,False
b2c2,Batch 2,329.0,1.0357176,424.0,False
b2c2,Batch 2,331.0,1.0334289,424.0,False
b2c2,Batch 2,333.0,1.0279013,424.0,False
b2c2,Batch 2,335.0,1.0264803,424.0,False
b2c2,Batch 2,337.0,1.02914,424.0,False
b2c2,Batch 2,339.0,1.0266263,424.0,False
b2c2,Batch 2,341.0,1.026196,424.0,False
b2c2,Batch 2,343.0,1.0244308,424.0,False
b2c2,Batch 2,345.0,1.0230291,424.0,False
b2c2,Batch 2,347.0,1.0214078,424.0,False
b2c2,Batch 2,349.0,1.0174675,424.0,False
b2c2,Batch 2,351.0,1.0190265,424.0,False
b2c2,Batch 2,353.0,1.014582,424.0,False
b2c2,Batch 2,355.0,1.0132778,424.0,False
b2c2,Batch 2,357.0,1.0116047,424.0,False
b2c2,Batch 2,359.0,1.0092194,424.0,False
b2c2,Batch 2,361.0,1.0106524,424.0,False
b2c2,Batch 2,363.0,1.0133916,424.0,False
b2c2,Batch 2,365.0,1.0063833,424.0,False
b2c2,Batch 2,367.0,1.001353,424.0,False
b2c2,Batch 2,369.0,0.99913567,424.0,False
b2c2,Batch 2,371.0,0.99472255,424.0,False
b2c2,Batch 2,373.0,0.99686867,424.0,False
b2c2,Batch 2,375.0,0.99439383,424.0,False
b2c2,Batch 2,377.0,0.99591672,424.0,False
b2c2,Batch 2,379.0,0.99115527,424.0,False
b2c2,Batch 2,381.0,0.99040115,424.0,False
b2c2,Batch 2,383.0,0.98445332,424.0,False
b2c2,Batch 2,385.0,0.98170656,424.0,False
b2c2,Batch 2,387.0,0.97947663,424.0,False
b2c2,Batch 2,389.0,0.9777115,424.0,False
b2c2,Batch 2,391.0,0.9699598,424.0,False
b2c2,Batch 2,393.0,0.97062844,424.0,False
b2c2,Batch 2,395.0,0.9679929,424.0,False
b2c2,Batch 2,397.0,0.9589324,424.0,False
b2c2,Batch 2,399.0,0.95927972,424.0,False
b2c2,Batch 2,401.0,0.95280457,424.0,False
b2c2,Batch 2,403.0,0.95122689,424.0,False
b2c2,Batch 2,405.0,0.94255018,424.0,False
b2c2,Batch 2,407.0,0.94020087,424.0,False
b2c2,Batch 2,409.0,0.93312204,424.0,False
b2c2,Batch 2,411.0,0.92230856,424.0,False
b2c2,Batch 2,413.0,0.91755259,424.0,False
b2c2,Batch 2,415.0,0.91248214,424.0,False
b2c2,Batch 2,417.0,0.90313768,424.0,False
b2c2,Batch 2,419.0,0.89477688,424.0,False
b2c2,Batch 2,421.0,0.88666803,424.0,False
b2c2,Batch 2,423.0,0.88077724,424.0,False
b2c2,Batch 2,425.0,0.87377137,424.0,False
b2c2,Batch 2,427.0,0.86787701,424.0,False
b2c2,Batch 2,429.0,0.86016232,424.0,False
b2c2,Batch 2,431.0,0.85433936,424.0,False
b2c2,Batch 2,433.0,0.84495997,424.0,False
b2c2,Batch 2,435.0,0.83680367,424.0,False
b2c2,Batch 2,437.0,0.83253539,424.0,False
b2c2,Batch 2,439.0,0.82700932,424.0,False
b2c3,Batch 2,1.0,1.0961863,499.0,False
b2c3,Batch 2,3.0,1.096119,499.0,False
b2c3,Batch 2,5.0,1.0983597,499.0,False
b2c3,Batch 2,8.0,1.0986845,499.0,False
b2c3,Batch 2,10.0,1.0984287,499.0,False
b2c3,Batch 2,12.0,1.100197,499.0,False
b2c3,Batch 2,15.0,1.0979275,499.0,False
b2c3,Batch 2,17.0,1.0977181,499.0,False
b2c3,Batch 2,19.0,1.0994071,499.0,False
b2c3,Batch 2,22.0,1.0976126,499.0,False
b2c3,Batch 2,24.0,1.0977741,499.0,False
b2c3,Batch 2,26.0,1.0977954,499.0,False
b2c3,Batch 2,29.0,1.0974919,499.0,False
b2c3,Batch 2,31.0,1.0998701,499.0,False
b2c3,Batch 2,33.0,1.0994912,499.0,False
b2c3,Batch 2,36.0,1.0994134,499.0,False
b2c3,Batch 2,38.0,1.0999298,499.0,False
b2c3,Batch 2,41.0,1.0991791,499.0,False
b2c3,Batch 2,43.0,1.0988076,499.0,False
b2c3,Batch 2,45.0,1.1021925,499.0,False
b2c3,Batch 2,48.0,1.1000768,499.0,False
b2c3,Batch 2,50.0,1.1009089,499.0,False
b2c3,Batch 2,52.0,1.1008092,499.0,False
b2c3,Batch 2,55.0,1.1025108,499.0,False
b2c3,Batch 2,57.0,1.1013469,499.0,False
b2c3,Batch 2,59.0,1.1005573,499.0,False
b2c3,Batch 2,62.0,1.1014353,499.0,False
b2c3,Batch 2,64.0,1.1054661,499.0,False
b2c3,Batch 2,66.0,1.1080173,499.0,False
b2c3,Batch 2,69.0,1.1051104,499.0,False
b2c3,Batch 2,71.0,1.1048818,499.0,False
b2c3,Batch 2,74.0,1.1060915,499.0,False
b2c3,Batch 2,76.0,1.105539,499.0,False
b2c3,Batch 2,78.0,1.1054581,499.0,False
b2c3,Batch 2,81.0,1.1022673,499.0,False
b2c3,Batch 2,83.0,1.1060628,499.0,False
b2c3,Batch 2,85.0,1.1053038,499.0,False
b2c3,Batch 2,88.0,1.105733,499.0,False
b2c3,Batch 2,90.0,1.1017789,499.0,False
b2c3,Batch 2,92.0,1.1020479,499.0,False
b2c3,Batch 2,95.0,1.1009971,499.0,False
b2c3,Batch 2,97.0,1.1012813,499.0,False
b2c3,Batch 2,99.0,1.0998887,499.0,False
b2c3,Batch 2,102.0,1.0990695,499.0,False
b2c3,Batch 2,104.0,1.0991908,499.0,False
b2c3,Batch 2,107.0,1.1002842,499.0,False
b2c3,Batch 2,109.0,1.0990142,499.0,False
b2c3,Batch 2,111.0,1.1018622,499.0,False
b2c3,Batch 2,114.0,1.1018546,499.0,False
b2c3,Batch 2,116.0,1.1020821,499.0,False
b2c3,Batch 2,118.0,1.0999689,499.0,False
b2c3,Batch 2,121.0,1.0997015,499.0,False
b2c3,Batch 2,123.0,1.0992228,499.0,False
b2c3,Batch 2,125.0,1.0985473,499.0,False
b2c3,Batch 2,128.0,1.1005939,499.0,False
b2c3,Batch 2,130.0,1.1010495,499.0,False
b2c3,Batch 2,132.0,1.0999256,499.0,False
b2c3,Batch 2,135.0,1.0978783,499.0,False
b2c3,Batch 2,137.0,1.099512,499.0,False
b2c3,Batch 2,140.0,1.1018406,499.0,False
b2c3,Batch 2,142.0,1.0987155,499.0,False
b2c3,Batch 2,144.0,1.0996242,499.0,False
b2c3,Batch 2,147.0,1.1013317,499.0,False
b2c3,Batch 2,149.0,1.1009661,499.0,False
b2c3,Batch 2,151.0,1.0994471,499.0,False
b2c3,Batch 2,154.0,1.1012876,499.0,False
b2c3,Batch 2,156.0,1.1019566,499.0,False
b2c3,Batch 2,158.0,1.1007953,499.0,False
b2c3,Batch 2,161.0,1.1017268,499.0,False
b2c3,Batch 2,163.0,1.1016254,499.0,False
b2c3,Batch 2,165.0,1.1013269,499.0,False
b2c3,Batch 2,168.0,1.1016961,499.0,False
b2c3,Batch 2,170.0,1.1002036,499.0,False
b2c3,Batch 2,173.0,1.1024889,499.0,False
b2c3,Batch 2,175.0,1.0999274,499.0,False
b2c3,Batch 2,177.0,1.0998126,499.0,False
b2c3,Batch 2,180.0,1.1036987,499.0,False
b2c3,Batch 2,182.0,1.10253,499.0,False
b2c3,Batch 2,184.0,1.1012721,499.0,False
b2c3,Batch 2,187.0,1.104371,499.0,False
b2c3,Batch 2,189.0,1.1037397,499.0,False
b2c3,Batch 2,191.0,1.0999552,499.0,False
b2c3,Batch 2,194.0,1.1014856,499.0,False
b2c3,Batch 2,196.0,1.0997269,499.0,False
b2c3,Batch 2,198.0,1.1021403,499.0,False
b2c3,Batch 2,201.0,1.0998819,499.0,False
b2c3,Batch 2,203.0,1.0993147,499.0,False
b2c3,Batch 2,205.0,1.0982382,499.0,False
b2c3,Batch 2,208.0,1.1011488,499.0,False
b2c3,Batch 2,210.0,1.0983022,499.0,False
b2c3,Batch 2,213.0,1.0975479,499.0,False
b2c3,Batch 2,215.0,1.098201,499.0,False
b2c3,Batch 2,217.0,1.0957911,499.0,False
b2c3,Batch 2,220.0,1.094542,499.0,False
b2c3,Batch 2,222.0,1.0977392,499.0,False
b2c3,Batch 2,224.0,1.0954516,499.0,False
b2c3,Batch 2,227.0,1.0985506,499.0,False
b2c3,Batch 2,229.0,1.0922984,499.0,False
b2c3,Batch 2,231.0,1.0938077,499.0,False
b2c3,Batch 2,234.0,1.090801,499.0,False
b2c3,Batch 2,236.0,1.0942599,499.0,False
b2c3,Batch 2,238.0,1.0953447,499.0,False
b2c3,Batch 2,241.0,1.0991729,499.0,False
b2c3,Batch 2,243.0,1.0982857,499.0,False
b2c3,Batch 2,246.0,1.091043,499.0,False
b2c3,Batch 2,248.0,1.0884295,499.0,False
b2c3,Batch 2,250.0,1.0883563,499.0,False
b2c3,Batch 2,253.0,1.0840533,499.0,False
b2c3,Batch 2,255.0,1.0797664,499.0,False
b2c3,Batch 2,257.0,1.0798926,499.0,False
b2c3,Batch 2,260.0,1.0786197,499.0,False
b2c3,Batch 2,262.0,1.0810164,499.0,False
b2c3,Batch 2,264.0,1.0778009,499.0,False
b2c3,Batch 2,267.0,1.0777014,499.0,False
b2c3,Batch 2,269.0,1.0773751,499.0,False
b2c3,Batch 2,271.0,1.0767761,499.0,False
b2c3,Batch 2,274.0,1.0769452,499.0,False
b2c3,Batch 2,276.0,1.0777785,499.0,False
b2c3,Batch 2,279.0,1.0775741,499.0,False
b2c3,Batch 2,281.0,1.0771852,499.0,False
b2c3,Batch 2,283.0,1.0776242,499.0,False
b2c3,Batch 2,286.0,1.0752162,499.0,False
b2c3,Batch 2,288.0,1.0735486,499.0,False
b2c3,Batch 2,290.0,1.0729626,499.0,False
b2c3,Batch 2,293.0,1.0713923,499.0,False
b2c3,Batch 2,295.0,1.0708318,499.0,False
b2c3,Batch 2,297.0,1.0715225,499.0,False
b2c3,Batch 2,300.0,1.0695395,499.0,False
b2c3,Batch 2,302.0,1.0683647,499.0,False
b2c3,Batch 2,304.0,1.0688559,499.0,False
b2c3,Batch 2,307.0,1.0659369,499.0,False
b2c3,Batch 2,309.0,1.0672261,499.0,False
b2c3,Batch 2,312.0,1.0699953,499.0,False
b2c3,Batch 2,314.0,1.0670574,499.0,False
b2c3,Batch 2,316.0,1.0664351,499.0,False
b2c3,Batch 2,319.0,1.0666119,499.0,False
b2c3,Batch 2,321.0,1.0627882,499.0,False
b2c3,Batch 2,323.0,1.0618674,499.0,False
b2c3,Batch 2,326.0,1.066381,499.0,False
b2c3,Batch 2,328.0,1.0681474,499.0,False
b2c3,Batch 2,330.0,1.0613931,499.0,False
b2c3,Batch 2,333.0,1.0600984,499.0,False
b2c3,Batch 2,335.0,1.0597662,499.0,False
b2c3,Batch 2,337.0,1.0611727,499.0,False
b2c3,Batch 2,340.0,1.0608708,499.0,False
b2c3,Batch 2,342.0,1.0592921,499.0,False
b2c3,Batch 2,345.0,1.0562677,499.0,False
b2c3,Batch 2,347.0,1.0541879,499.0,False
b2c3,Batch 2,349.0,1.0535207,499.0,False
b2c3,Batch 2,352.0,1.0540456,499.0,False
b2c3,Batch 2,354.0,1.0516542,499.0,False
b2c3,Batch 2,356.0,1.0503408,499.0,False
b2c3,Batch 2,359.0,1.05259,499.0,False
b2c3,Batch 2,361.0,1.0491982,499.0,False
b2c3,Batch 2,363.0,1.045857,499.0,False
b2c3,Batch 2,366.0,1.0441304,499.0,False
b2c3,Batch 2,368.0,1.0425309,499.0,False
b2c3,Batch 2,370.0,1.0445082,499.0,False
b2c3,Batch 2,373.0,1.0458114,499.0,False
b2c3,Batch 2,375.0,1.0417753,499.0,False
b2c3,Batch 2,377.0,1.0431212,499.0,False
b2c3,Batch 2,380.0,1.0391285,499.0,False
b2c3,Batch 2,382.0,1.0396315,499.0,False
b2c3,Batch 2,385.0,1.0389389,499.0,False
b2c3,Batch 2,387.0,1.0341837,499.0,False
b2c3,Batch 2,389.0,1.0322746,499.0,False
b2c3,Batch 2,392.0,1.0356879,499.0,False
b2c3,Batch 2,394.0,1.031261,499.0,False
b2c3,Batch 2,396.0,1.03249,499.0,False
b2c3,Batch 2,399.0,1.0325234,499.0,False
b2c3,Batch 2,401.0,1.0313774,499.0,False
b2c3,Batch 2,403.0,1.035074,499.0,False
b2c3,Batch 2,406.0,1.0268141,499.0,False
b2c3,Batch 2,408.0,1.025016,499.0,False
b2c3,Batch 2,410.0,1.0240011,499.0,False
b2c3,Batch 2,413.0,1.0210263,499.0,False
b2c3,Batch 2,415.0,1.0178561,499.0,False
b2c3,Batch 2,418.0,1.0129478,499.0,False
b2c3,Batch 2,420.0,1.0106229,499.0,False
b2c3,Batch 2,422.0,1.0095128,499.0,False
b2c3,Batch 2,425.0,1.0061918,499.0,False
b2c3,Batch 2,427.0,1.0051072,499.0,False
b2c3,Batch 2,429.0,1.0028844,499.0,False
b2c3,Batch 2,432.0,0.99930811,499.0,False
b2c3,Batch 2,434.0,0.99481833,499.0,False
b2c3,Batch 2,436.0,0.99174654,499.0,False
b2c3,Batch 2,439.0,0.98893881,499.0,False
b2c3,Batch 2,441.0,0.99072552,499.0,False
b2c3,Batch 2,443.0,0.98796558,499.0,False
b2c3,Batch 2,446.0,0.97904789,499.0,False
b2c3,Batch 2,448.0,0.97507823,499.0,False
b2c3,Batch 2,451.0,0.97258842,499.0,False
b2c3,Batch 2,453.0,0.96994013,499.0,False
b2c3,Batch 2,455.0,0.96263087,499.0,False
b2c3,Batch 2,458.0,0.9588623,499.0,False
b2c3,Batch 2,460.0,0.95541084,499.0,False
b2c3,Batch 2,462.0,0.95150119,499.0,False
b2c3,Batch 2,465.0,0.94600385,499.0,False
b2c3,Batch 2,467.0,0.94267887,499.0,False
b2c3,Batch 2,469.0,0.94024312,499.0,False
b2c3,Batch 2,472.0,0.93275672,499.0,False
b2c3,Batch 2,474.0,0.92954922,499.0,False
b2c3,Batch 2,476.0,0.92909551,499.0,False
b2c3,Batch 2,479.0,0.92361236,499.0,False
b2c3,Batch 2,481.0,0.92004323,499.0,False
b2c3,Batch 2,484.0,0.9124316,499.0,False
b2c3,Batch 2,486.0,0.90696216,499.0,False
b2c3,Batch 2,488.0,0.90084296,499.0,False
b2c3,Batch 2,491.0,0.89746284,499.0,False
b2c3,Batch 2,493.0,0.89592981,499.0,False
b2c3,Batch 2,495.0,0.88727272,499.0,False
b2c3,Batch 2,498.0,0.88092363,499.0,False
b2c3,Batch 2,500.0,0.87731618,499.0,False
b2c3,Batch 2,502.0,0.87590736,499.0,False
b2c3,Batch 2,505.0,0.8643468,499.0,False
b2c3,Batch 2,507.0,0.86079669,499.0,False
b2c3,Batch 2,509.0,0.85587412,499.0,False
b2c3,Batch 2,512.0,0.84761196,499.0,False
b2c3,Batch 2,514.0,0.83889496,499.0,False
b2c3,Batch 2,517.0,0.82550967,499.0,False
b2c4,Batch 2,1.0,1.0891641,444.0,False
b2c4,Batch 2,3.0,1.0892873,444.0,False
b2c4,Batch 2,5.0,1.0908513,444.0,False
b2c4,Batch 2,7.0,1.0876662,444.0,False
b2c4,Batch 2,9.0,1.0893486,444.0,False
b2c4,Batch 2,11.0,1.0884482,444.0,False
b2c4,Batch 2,13.0,1.0892452,444.0,False
b2c4,Batch 2,15.0,1.0868802,444.0,False
b2c4,Batch 2,17.0,1.0896813,444.0,False
b2c4,Batch 2,20.0,1.090556,444.0,False
b2c4,Batch 2,22.0,1.0902702,444.0,False
b2c4,Batch 2,24.0,1.089304,444.0,False
b2c4,Batch 2,26.0,1.0862653,444.0,False
b2c4,Batch 2,28.0,1.0870093,444.0,False
b2c4,Batch 2,30.0,1.0885954,444.0,False
b2c4,Batch 2,32.0,1.0866909,444.0,False
b2c4,Batch 2,34.0,1.0877844,444.0,False
b2c4,Batch 2,36.0,1.0877328,444.0,False
b2c4,Batch 2,39.0,1.0887061,444.0,False
b2c4,Batch 2,41.0,1.0867225,444.0,False
b2c4,Batch 2,43.0,1.0896755,444.0,False
b2c4,Batch 2,45.0,1.0883062,444.0,False
b2c4,Batch 2,47.0,1.0892441,444.0,False
b2c4,Batch 2,49.0,1.0786239,444.0,False
b2c4,Batch 2,51.0,1.0807819,444.0,False
b2c4,Batch 2,53.0,1.0804321,444.0,False
b2c4,Batch 2,55.0,1.0819552,444.0,False
b2c4,Batch 2,58.0,1.080428,444.0,False
b2c4,Batch 2,60.0,1.0811924,444.0,False
b2c4,Batch 2,62.0,1.081072,444.0,False
b2c4,Batch 2,64.0,1.0843611,444.0,False
b2c4,Batch 2,66.0,1.0840455,444.0,False
b2c4,Batch 2,68.0,1.0851684,444.0,False
b2c4,Batch 2,70.0,1.0855519,444.0,False
b2c4,Batch 2,72.0,1.084747,444.0,False
b2c4,Batch 2,74.0,1.0858898,444.0,False
b2c4,Batch 2,77.0,1.0868195,444.0,False
b2c4,Batch 2,79.0,1.0872972,444.0,False
b2c4,Batch 2,81.0,1.0855947,444.0,False
b2c4,Batch 2,83.0,1.0860796,444.0,False
b2c4,Batch 2,85.0,1.0870513,444.0,False
b2c4,Batch 2,87.0,1.0870576,444.0,False
b2c4,Batch 2,89.0,1.0859756,444.0,False
b2c4,Batch 2,91.0,1.0812426,444.0,False
b2c4,Batch 2,94.0,1.0807395,444.0,False
b2c4,Batch 2,96.0,1.0815972,444.0,False
b2c4,Batch 2,98.0,1.0817722,444.0,False
b2c4,Batch 2,100.0,1.0813601,444.0,False
b2c4,Batch 2,102.0,1.0797645,444.0,False
b2c4,Batch 2,104.0,1.0771182,444.0,False
b2c4,Batch 2,106.0,1.0794334,444.0,False
b2c4,Batch 2,108.0,1.0774153,444.0,False
b2c4,Batch 2,110.0,1.0772834,444.0,False
b2c4,Batch 2,113.0,1.0789037,444.0,False
b2c4,Batch 2,115.0,1.0800626,444.0,False
b2c4,Batch 2,117.0,1.0798686,444.0,False
b2c4,Batch 2,119.0,1.0776818,444.0,False
b2c4,Batch 2,121.0,1.0799304,444.0,False
b2c4,Batch 2,123.0,1.0784675,444.0,False
b2c4,Batch 2,125.0,1.0768107,444.0,False
b2c4,Batch 2,127.0,1.0803765,444.0,False
b2c4,Batch 2,129.0,1.0781579,444.0,False
b2c4,Batch 2,132.0,1.0806977,444.0,False
b2c4,Batch 2,134.0,1.078704,444.0,False
b2c4,Batch 2,136.0,1.0774202,444.0,False
b2c4,Batch 2,138.0,1.0786957,444.0,False
b2c4,Batch 2,140.0,1.075749,444.0,False
b2c4,Batch 2,142.0,1.0774674,444.0,False
b2c4,Batch 2,144.0,1.0780315,444.0,False
b2c4,Batch 2,146.0,1.077536,444.0,False
b2c4,Batch 2,148.0,1.0745908,444.0,False
b2c4,Batch 2,151.0,1.0790758,444.0,False
b2c4,Batch 2,153.0,1.078859,444.0,False
b2c4,Batch 2,155.0,1.0778775,444.0,False
b2c4,Batch 2,157.0,1.0793071,444.0,False
b2c4,Batch 2,159.0,1.0796149,444.0,False
b2c4,Batch 2,161.0,1.0779159,444.0,False
b2c4,Batch 2,163.0,1.0812234,444.0,False
b2c4,Batch 2,165.0,1.0788271,444.0,False
b2c4,Batch 2,168.0,1.0792693,444.0,False
b2c4,Batch 2,170.0,1.0776632,444.0,False
b2c4,Batch 2,172.0,1.0760294,444.0,False
b2c4,Batch 2,174.0,1.0758111,444.0,False
b2c4,Batch 2,176.0,1.0769805,444.0,False
b2c4,Batch 2,178.0,1.0800095,444.0,False
b2c4,Batch 2,180.0,1.081221,444.0,False
b2c4,Batch 2,182.0,1.0789163,444.0,False
b2c4,Batch 2,184.0,1.0801245,444.0,False
b2c4,Batch 2,187.0,1.0768393,444.0,False
b2c4,Batch 2,189.0,1.078542,444.0,False
b2c4,Batch 2,191.0,1.0803665,444.0,False
b2c4,Batch 2,193.0,1.0764503,444.0,False
b2c4,Batch 2,195.0,1.0789263,444.0,False
b2c4,Batch 2,197.0,1.0791509,444.0,False
b2c4,Batch 2,199.0,1.0781021,444.0,False
b2c4,Batch 2,201.0,1.0762769,444.0,False
b2c4,Batch 2,203.0,1.0780034,444.0,False
b2c4,Batch 2,206.0,1.0735077,444.0,False
b2c4,Batch 2,208.0,1.0769327,444.0,False
b2c4,Batch 2,210.0,1.072769,444.0,False
b2c4,Batch 2,212.0,1.074164,444.0,False
b2c4,Batch 2,214.0,1.074303,444.0,False
b2c4,Batch 2,216.0,1.075482,444.0,False
b2c4,Batch 2,218.0,1.0746009,444.0,False
b2c4,Batch 2,220.0,1.0704166,444.0,False
b2c4,Batch 2,222.0,1.0713692,444.0,False
b2c4,Batch 2,225.0,1.0707037,444.0,False
b2c4,Batch 2,227.0,1.0676361,444.0,False
b2c4,Batch 2,229.0,1.070685,444.0,False
b2c4,Batch 2,231.0,1.0677179,444.0,False
b2c4,Batch 2,233.0,1.0679262,444.0,False
b2c4,Batch 2,235.0,1.0657729,444.0,False
b2c4,Batch 2,237.0,1.0686598,444.0,False
b2c4,Batch 2,239.0,1.0669979,444.0,False
b2c4,Batch 2,242.0,1.070642,444.0,False
b2c4,Batch 2,244.0,1.0720361,444.0,False
b2c4,Batch 2,246.0,1.0727687,444.0,False
b2c4,Batch 2,248.0,1.0649133,444.0,False
b2c4,Batch 2,250.0,1.0641935,444.0,False
b2c4,Batch 2,252.0,1.0603874,444.0,False
b2c4,Batch 2,254.0,1.0557399,444.0,False
b2c4,Batch 2,256.0,1.0559347,444.0,False
b2c4,Batch 2,258.0,1.0519284,444.0,False
b2c4,Batch 2,261.0,1.0483077,444.0,False
b2c4,Batch 2,263.0,1.0496143,444.0,False
b2c4,Batch 2,265.0,1.0494717,444.0,False
b2c4,Batch 2,267.0,1.0459533,444.0,False
b2c4,Batch 2,269.0,1.0494825,444.0,False
b2c4,Batch 2,271.0,1.0467265,444.0,False
b2c4,Batch 2,273.0,1.0490983,444.0,False
b2c4,Batch 2,275.0,1.0469669,444.0,False
b2c4,Batch 2,277.0,1.0484383,444.0,False
b2c4,Batch 2,280.0,1.0516974,444.0,False
b2c4,Batch 2,282.0,1.0436597,444.0,False
b2c4,Batch 2,284.0,1.0457126,444.0,False
b2c4,Batch 2,286.0,1.0432712,444.0,False
b2c4,Batch 2,288.0,1.0441378,444.0,False
b2c4,Batch 2,290.0,1.0435799,444.0,False
b2c4,Batch 2,292.0,1.0410703,444.0,False
b2c4,Batch 2,294.0,1.0414839,444.0,False
b2c4,Batch 2,296.0,1.0392454,444.0,False
b2c4,Batch 2,299.0,1.0367543,444.0,False
b2c4,Batch 2,301.0,1.0376859,444.0,False
b2c4,Batch 2,303.0,1.0329205,444.0,False
b2c4,Batch 2,305.0,1.0354476,444.0,False
b2c4,Batch 2,307.0,1.0331459,444.0,False
b2c4,Batch 2,309.0,1.0326641,444.0,False
b2c4,Batch 2,311.0,1.030664,444.0,False
b2c4,Batch 2,313.0,1.0312181,444.0,False
b2c4,Batch 2,316.0,1.031531,444.0,False
b2c4,Batch 2,318.0,1.0284464,444.0,False
b2c4,Batch 2,320.0,1.03212,444.0,False
b2c4,Batch 2,322.0,1.0274868,444.0,False
b2c4,Batch 2,324.0,1.0273331,444.0,False
b2c4,Batch 2,326.0,1.0249312,444.0,False
b2c4,Batch 2,328.0,1.0303433,444.0,False
b2c4,Batch 2,330.0,1.0273541,444.0,False
b2c4,Batch 2,332.0,1.0226395,444.0,False
b2c4,Batch 2,335.0,1.0215352,444.0,False
b2c4,Batch 2,337.0,1.0220324,444.0,False
b2c4,Batch 2,339.0,1.0204281,444.0,False
b2c4,Batch 2,341.0,1.0183742,444.0,False
b2c4,Batch 2,343.0,1.0171745,444.0,False
b2c4,Batch 2,345.0,1.0152817,444.0,False
b2c4,Batch 2,347.0,1.0147852,444.0,False
b2c4,Batch 2,349.0,1.0084456,444.0,False
b2c4,Batch 2,351.0,1.0098338,444.0,False
b2c4,Batch 2,354.0,1.0055017,444.0,False
b2c4,Batch 2,356.0,1.0055665,444.0,False
b2c4,Batch 2,358.0,1.0045859,444.0,False
b2c4,Batch 2,360.0,1.0049149,444.0,False
b2c4,Batch 2,362.0,1.0006254,444.0,False
b2c4,Batch 2,364.0,0.99798882,444.0,False
b2c4,Batch 2,366.0,0.99679935,444.0,False
b2c4,Batch 2,368.0,0.99172157,444.0,False
b2c4,Batch 2,370.0,0.99047744,444.0,False
b2c4,Batch 2,373.0,0.98931134,444.0,False
b2c4,Batch 2,375.0,0.99121529,444.0,False
b2c4,Batch 2,377.0,0.9865765,444.0,False
b2c4,Batch 2,379.0,0.98668694,444.0,False
b2c4,Batch 2,381.0,0.98463273,444.0,False
b2c4,Batch 2,383.0,0.97953618,444.0,False
b2c4,Batch 2,385.0,0.97863835,444.0,False
b2c4,Batch 2,387.0,0.97748005,444.0,False
b2c4,Batch 2,390.0,0.97365332,444.0,False
b2c4,Batch 2,392.0,0.97192556,444.0,False
b2c4,Batch 2,394.0,0.96987402,444.0,False
b2c4,Batch 2,396.0,0.96616876,444.0,False
b2c4,Batch 2,398.0,0.96789342,444.0,False
b2c4,Batch 2,400.0,0.96268356,444.0,False
b2c4,Batch 2,402.0,0.9598397,444.0,False
b2c4,Batch 2,404.0,0.96082336,444.0,False
b2c4,Batch 2,406.0,0.96016836,444.0,False
b2c4,Batch 2,409.0,0.95008266,444.0,False
b2c4,Batch 2,411.0,0.94897163,444.0,False
b2c4,Batch 2,413.0,0.9457255,444.0,False
b2c4,Batch 2,415.0,0.94112277,444.0,False
b2c4,Batch 2,417.0,0.93272626,444.0,False
b2c4,Batch 2,419.0,0.92943943,444.0,False
b2c4,Batch 2,421.0,0.92448771,444.0,False
b2c4,Batch 2,423.0,0.92191941,444.0,False
b2c4,Batch 2,425.0,0.91839099,444.0,False
b2c4,Batch 2,428.0,0.91224372,444.0,False
b2c4,Batch 2,430.0,0.91085887,444.0,False
b2c4,Batch 2,432.0,0.90397197,444.0,False
b2c4,Batch 2,434.0,0.90100259,444.0,False
b2c4,Batch 2,436.0,0.89176077,444.0,False
b2c4,Batch 2,438.0,0.89175355,444.0,False
b2c4,Batch 2,440.0,0.88644272,444.0,False
b2c4,Batch 2,442.0,0.88456255,444.0,False
b2c4,Batch 2,444.0,0.8775568,444.0,False
b2c4,Batch 2,447.0,0.86807472,444.0,False
b2c4,Batch 2,449.0,0.86537486,444.0,False
b2c4,Batch 2,451.0,0.85973406,444.0,False
b2c4,Batch 2,453.0,0.85560602,444.0,False
b2c4,Batch 2,455.0,0.84917426,444.0,False
b2c4,Batch 2,457.0,0.84610933,444.0,False
b2c4,Batch 2,459.0,0.84210521,444.0,False
b2c4,Batch 2,461.0,0.83388406,444.0,False
b2c4,Batch 2,464.0,0.82712674,444.0,False
b2c5,Batch 2,1.0,1.0967227,416.0,False
b2c5,Batch 2,3.0,1.0985123,416.0,False
b2c5,Batch 2,5.0,1.0988965,416.0,False
b2c5,Batch 2,7.0,1.0960954,416.0,False
b2c5,Batch 2,9.0,1.0978429,416.0,False
b2c5,Batch 2,11.0,1.0986855,416.0,False
b2c5,Batch 2,13.0,1.098332,416.0,False
b2c5,Batch 2,15.0,1.0959789,416.0,False
b2c5,Batch 2,17.0,1.0982153,416.0,False
b2c5,Batch 2,19.0,1.0967749,416.0,False
b2c5,Batch 2,21.0,1.0948036,416.0,False
b2c5,Batch 2,23.0,1.0946624,416.0,False
b2c5,Batch 2,25.0,1.0937163,416.0,False
b2c5,Batch 2,27.0,1.0932177,416.0,False
b2c5,Batch 2,29.0,1.0944738,416.0,False
b2c5,Batch 2,31.0,1.0933917,416.0,False
b2c5,Batch 2,33.0,1.0929189,416.0,False
b2c5,Batch 2,35.0,1.0930399,416.0,False
b2c5,Batch 2,37.0,1.0935663,416.0,False
b2c5,Batch 2,39.0,1.090849,416.0,False
b2c5,Batch 2,41.0,1.093433,416.0,False
b2c5,Batch 2,43.0,1.0958664,416.0,False
b2c5,Batch 2,45.0,1.0924085,416.0,False
b2c5,Batch 2,47.0,1.0920891,416.0,False
b2c5,Batch 2,49.0,1.0799308,416.0,False
b2c5,Batch 2,51.0,1.0832263,416.0,False
b2c5,Batch 2,53.0,1.0795916,416.0,False
b2c5,Batch 2,55.0,1.079668,416.0,False
b2c5,Batch 2,57.0,1.0830989,416.0,False
b2c5,Batch 2,59.0,1.0818456,416.0,False
b2c5,Batch 2,61.0,1.0845963,416.0,False
b2c5,Batch 2,63.0,1.0849501,416.0,False
b2c5,Batch 2,65.0,1.0843269,416.0,False
b2c5,Batch 2,67.0,1.0855263,416.0,False
b2c5,Batch 2,69.0,1.0871582,416.0,False
b2c5,Batch 2,71.0,1.0849514,416.0,False
b2c5,Batch 2,73.0,1.0868119,416.0,False
b2c5,Batch 2,76.0,1.0869244,416.0,False
b2c5,Batch 2,78.0,1.0821931,416.0,False
b2c5,Batch 2,80.0,1.0875654,416.0,False
b2c5,Batch 2,82.0,1.0862535,416.0,False
b2c5,Batch 2,84.0,1.0871289,416.0,False
b2c5,Batch 2,86.0,1.0848286,416.0,False
b2c5,Batch 2,88.0,1.0860461,416.0,False
b2c5,Batch 2,90.0,1.0840687,416.0,False
b2c5,Batch 2,92.0,1.0786479,416.0,False
b2c5,Batch 2,94.0,1.078632,416.0,False
b2c5,Batch 2,96.0,1.0791359,416.0,False
b2c5,Batch 2,98.0,1.0797518,416.0,False
b2c5,Batch 2,100.0,1.0760076,416.0,False
b2c5,Batch 2,102.0,1.0770996,416.0,False
b2c5,Batch 2,104.0,1.0745631,416.0,False
b2c5,Batch 2,106.0,1.0742189,416.0,False
b2c5,Batch 2,108.0,1.0757828,416.0,False
b2c5,Batch 2,110.0,1.0727626,416.0,False
b2c5,Batch 2,112.0,1.0752861,416.0,False
b2c5,Batch 2,114.0,1.0741999,416.0,False
b2c5,Batch 2,116.0,1.0752491,416.0,False
b2c5,Batch 2,118.0,1.0730774,416.0,False
b2c5,Batch 2,120.0,1.0740706,416.0,False
b2c5,Batch 2,122.0,1.0705396,416.0,False
b2c5,Batch 2,124.0,1.0720158,416.0,False
b2c5,Batch 2,126.0,1.0734667,416.0,False
b2c5,Batch 2,128.0,1.0742084,416.0,False
b2c5,Batch 2,130.0,1.0709475,416.0,False
b2c5,Batch 2,132.0,1.072552,416.0,False
b2c5,Batch 2,134.0,1.0724413,416.0,False
b2c5,Batch 2,136.0,1.0698082,416.0,False
b2c5,Batch 2,138.0,1.0706015,416.0,False
b2c5,Batch 2,140.0,1.0683838,416.0,False
b2c5,Batch 2,142.0,1.0697592,416.0,False
b2c5,Batch 2,144.0,1.0675383,416.0,False
b2c5,Batch 2,146.0,1.0681547,416.0,False
b2c5,Batch 2,149.0,1.0679504,416.0,False
b2c5,Batch 2,151.0,1.0640643,416.0,False
b2c5,Batch 2,153.0,1.0660232,416.0,False
b2c5,Batch 2,155.0,1.0665585,416.0,False
b2c5,Batch 2,157.0,1.0667434,416.0,False
b2c5,Batch 2,159.0,1.0669907,416.0,False
b2c5,Batch 2,161.0,1.0667942,416.0,False
b2c5,Batch 2,163.0,1.0644983,416.0,False
b2c5,Batch 2,165.0,1.0660802,416.0,False
b2c5,Batch 2,167.0,1.066174,416.0,False
b2c5,Batch 2,169.0,1.063401,416.0,False
b2c5,Batch 2,171.0,1.0631666,416.0,False
b2c5,Batch 2,173.0,1.0655766,416.0,False
b2c5,Batch 2,175.0,1.0609477,416.0,False
b2c5,Batch 2,177.0,1.0635873,416.0,False
b2c5,Batch 2,179.0,1.0646243,416.0,False
b2c5,Batch 2,181.0,1.0637017,416.0,False
b2c5,Batch 2,183.0,1.0614246,416.0,False
b2c5,Batch 2,185.0,1.0609339,416.0,False
b2c5,Batch 2,187.0,1.059466,416.0,False
b2c5,Batch 2,189.0,1.0614097,416.0,False
b2c5,Batch 2,191.0,1.0603133,416.0,False
b2c5,Batch 2,193.0,1.0599,416.0,False
b2c5,Batch 2,195.0,1.0602981,416.0,False
b2c5,Batch 2,197.0,1.0627481,416.0,False
b2c5,Batch 2,199.0,1.0583358,416.0,False
b2c5,Batch 2,201.0,1.0566173,416.0,False
b2c5,Batch 2,203.0,1.0576804,416.0,False
b2c5,Batch 2,205.0,1.0555613,416.0,False
b2c5,Batch 2,207.0,1.0547326,416.0,False
b2c5,Batch 2,209.0,1.0534683,416.0,False
b2c5,Batch 2,211.0,1.0540433,416.0,False
b2c5,Batch 2,213.0,1.0533688,416.0,False
b2c5,Batch 2,215.0,1.0497507,416.0,False
b2c5,Batch 2,217.0,1.0521698,416.0,False
b2c5,Batch 2,219.0,1.0511799,416.0,False
b2c5,Batch 2,221.0,1.049059,416.0,False
b2c5,Batch 2,224.0,1.0442866,416.0,False
b2c5,Batch 2,226.0,1.0468359,416.0,False
b2c5,Batch 2,228.0,1.0446081,416.0,False
b2c5,Batch 2,230.0,1.0449331,416.0,False
b2c5,Batch 2,232.0,1.0425451,416.0,False
b2c5,Batch 2,234.0,1.040423,416.0,False
b2c5,Batch 2,236.0,1.0415118,416.0,False
b2c5,Batch 2,238.0,1.0414426,416.0,False
b2c5,Batch 2,240.0,1.0381001,416.0,False
b2c5,Batch 2,242.0,1.0422155,416.0,False
b2c5,Batch 2,244.0,1.042924,416.0,False
b2c5,Batch 2,246.0,1.0439917,416.0,False
b2c5,Batch 2,248.0,1.0436333,416.0,False
b2c5,Batch 2,250.0,1.0349931,416.0,False
b2c5,Batch 2,252.0,1.0341374,416.0,False
b2c5,Batch 2,254.0,1.0300376,416.0,False
b2c5,Batch 2,256.0,1.0276726,416.0,False
b2c5,Batch 2,258.0,1.0242417,416.0,False
b2c5,Batch 2,260.0,1.0199134,416.0,False
b2c5,Batch 2,262.0,1.0204009,416.0,False
b2c5,Batch 2,264.0,1.0178207,416.0,False
b2c5,Batch 2,266.0,1.0175124,416.0,False
b2c5,Batch 2,268.0,1.0172181,416.0,False
b2c5,Batch 2,270.0,1.0116448,416.0,False
b2c5,Batch 2,272.0,1.0147402,416.0,False
b2c5,Batch 2,274.0,1.0127656,416.0,False
b2c5,Batch 2,276.0,1.0115284,416.0,False
b2c5,Batch 2,278.0,1.0121499,416.0,False
b2c5,Batch 2,280.0,1.0132259,416.0,False
b2c5,Batch 2,282.0,1.0116864,416.0,False
b2c5,Batch 2,284.0,1.0099239,416.0,False
b2c5,Batch 2,286.0,1.009762,416.0,False
b2c5,Batch 2,288.0,1.00984,416.0,False
b2c5,Batch 2,290.0,1.0080923,416.0,False
b2c5,Batch 2,292.0,1.007149,416.0,False
b2c5,Batch 2,294.0,1.0057176,416.0,False
b2c5,Batch 2,297.0,1.0018817,416.0,False
b2c5,Batch 2,299.0,1.0009087,416.0,False
b2c5,Batch 2,301.0,0.99750406,416.0,False
b2c5,Batch 2,303.0,1.001491,416.0,False
b2c5,Batch 2,305.0,0.99740314,416.0,False
b2c5,Batch 2,307.0,0.99483442,416.0,False
b2c5,Batch 2,309.0,0.99122882,416.0,False
b2c5,Batch 2,311.0,0.99198514,416.0,False
b2c5,Batch 2,313.0,0.9914124,416.0,False
b2c5,Batch 2,315.0,0.98956418,416.0,False
b2c5,Batch 2,317.0,0.9895758,416.0,False
b2c5,Batch 2,319.0,0.98821133,416.0,False
b2c5,Batch 2,321.0,0.98671895,416.0,False
b2c5,Batch 2,323.0,0.98557538,416.0,False
b2c5,Batch 2,325.0,0.98643553,416.0,False
b2c5,Batch 2,327.0,0.98202139,416.0,False
b2c5,Batch 2,329.0,0.97869468,416.0,False
b2c5,Batch 2,331.0,0.97870529,416.0,False
b2c5,Batch 2,333.0,0.98374015,416.0,False
b2c5,Batch 2,335.0,0.98244888,416.0,False
b2c5,Batch 2,337.0,0.97625917,416.0,False
b2c5,Batch 2,339.0,0.9748255,416.0,False
b2c5,Batch 2,341.0,0.97189665,416.0,False
b2c5,Batch 2,343.0,0.96951038,416.0,False
b2c5,Batch 2,345.0,0.96934623,416.0,False
b2c5,Batch 2,347.0,0.96651846,416.0,False
b2c5,Batch 2,349.0,0.97004026,416.0,False
b2c5,Batch 2,351.0,0.96330333,416.0,False
b2c5,Batch 2,353.0,0.9604125,416.0,False
b2c5,Batch 2,355.0,0.95726854,416.0,False
b2c5,Batch 2,357.0,0.95665568,416.0,False
b2c5,Batch 2,359.0,0.95237768,416.0,False
b2c5,Batch 2,361.0,0.95220107,416.0,False
b2c5,Batch 2,363.0,0.94882464,416.0,False
b2c5,Batch 2,365.0,0.94697171,416.0,False
b2c5,Batch 2,367.0,0.94992298,416.0,False
b2c5,Batch 2,369.0,0.94470221,416.0,False
b2c5,Batch 2,372.0,0.93838739,416.0,False
b2c5,Batch 2,374.0,0.93671042,416.0,False
b2c5,Batch 2,376.0,0.93281096,416.0,False
b2c5,Batch 2,378.0,0.93034452,416.0,False
b2c5,Batch 2,380.0,0.92903566,416.0,False
b2c5,Batch 2,382.0,0.92934203,416.0,False
b2c5,Batch 2,384.0,0.92498708,416.0,False
b2c5,Batch 2,386.0,0.92553484,416.0,False
b2c5,Batch 2,388.0,0.92077839,416.0,False
b2c5,Batch 2,390.0,0.91656655,416.0,False
b2c5,Batch 2,392.0,0.91482103,416.0,False
b2c5,Batch 2,394.0,0.91154414,416.0,False
b2c5,Batch 2,396.0,0.90662664,416.0,False
b2c5,Batch 2,398.0,0.90300983,416.0,False
b2c5,Batch 2,400.0,0.90281934,416.0,False
b2c5,Batch 2,402.0,0.89771467,416.0,False
b2c5,Batch 2,404.0,0.8928864,416.0,False
b2c5,Batch 2,406.0,0.89271706,416.0,False
b2c5,Batch 2,408.0,0.89238113,416.0,False
b2c5,Batch 2,410.0,0.88889462,416.0,False
b2c5,Batch 2,412.0,0.88827705,416.0,False
b2c5,Batch 2,414.0,0.88532013,416.0,False
b2c5,Batch 2,416.0,0.87848473,416.0,False
b2c5,Batch 2,418.0,0.87570196,416.0,False
b2c5,Batch 2,420.0,0.87036759,416.0,False
b2c5,Batch 2,422.0,0.86688954,416.0,False
b2c5,Batch 2,424.0,0.86010599,416.0,False
b2c5,Batch 2,426.0,0.85854697,416.0,False
b2c5,Batch 2,428.0,0.85322571,416.0,False
b2c5,Batch 2,430.0,0.85193425,416.0,False
b2c5,Batch 2,432.0,0.84681571,416.0,False
b2c5,Batch 2,434.0,0.8452571,416.0,False
b2c5,Batch 2,436.0,0.84002048,416.0,False
b2c5,Batch 2,438.0,0.84085947,416.0,False
b2c5,Batch 2,440.0,0.83162373,416.0,False
b2c5,Batch 2,442.0,0.8298831,416.0,False
b2c5,Batch 2,445.0,0.8261537,416.0,False
b2c6,Batch 2,1.0,1.0867316,393.0,False
b2c6,Batch 2,2.0,1.0885617,393.0,False
b2c6,Batch 2,4.0,1.090163,393.0,False
b2c6,Batch 2,6.0,1.088747,393.0,False
b2c6,Batch 2,8.0,1.0893795,393.0,False
b2c6,Batch 2,10.0,1.0903428,393.0,False
b2c6,Batch 2,12.0,1.0901278,393.0,False
b2c6,Batch 2,14.0,1.0906245,393.0,False
b2c6,Batch 2,15.0,1.0911855,393.0,False
b2c6,Batch 2,17.0,1.0896938,393.0,False
b2c6,Batch 2,19.0,1.0915769,393.0,False
b2c6,Batch 2,21.0,1.0908968,393.0,False
b2c6,Batch 2,23.0,1.0911571,393.0,False
b2c6,Batch 2,25.0,1.0890782,393.0,False
b2c6,Batch 2,27.0,1.0898894,393.0,False
b2c6,Batch 2,28.0,1.0910544,393.0,False
b2c6,Batch 2,30.0,1.0899274,393.0,False
b2c6,Batch 2,32.0,1.0903271,393.0,False
b2c6,Batch 2,34.0,1.0928735,393.0,False
b2c6,Batch 2,36.0,1.0926751,393.0,False
b2c6,Batch 2,38.0,1.0921565,393.0,False
b2c6,Batch 2,40.0,1.0937651,393.0,False
b2c6,Batch 2,41.0,1.0920773,393.0,False
b2c6,Batch 2,43.0,1.0917951,393.0,False
b2c6,Batch 2,45.0,1.093257,393.0,False
b2c6,Batch 2,47.0,1.093783,393.0,False
b2c6,Batch 2,49.0,1.0936093,393.0,False
b2c6,Batch 2,51.0,1.0949581,393.0,False
b2c6,Batch 2,53.0,1.0943819,393.0,False
b2c6,Batch 2,55.0,1.0937723,393.0,False
b2c6,Batch 2,56.0,1.0936135,393.0,False
b2c6,Batch 2,58.0,1.0926222,393.0,False
b2c6,Batch 2,60.0,1.094481,393.0,False
b2c6,Batch 2,62.0,1.093164,393.0,False
b2c6,Batch 2,64.0,1.0951638,393.0,False
b2c6,Batch 2,66.0,1.098047,393.0,False
b2c6,Batch 2,68.0,1.0969723,393.0,False
b2c6,Batch 2,69.0,1.0967196,393.0,False
b2c6,Batch 2,71.0,1.0981635,393.0,False
b2c6,Batch 2,73.0,1.0982168,393.0,False
b2c6,Batch 2,75.0,1.0981234,393.0,False
b2c6,Batch 2,77.0,1.0987035,393.0,False
b2c6,Batch 2,79.0,1.0963341,393.0,False
b2c6,Batch 2,81.0,1.0971994,393.0,False
b2c6,Batch 2,82.0,1.0968757,393.0,False
b2c6,Batch 2,84.0,1.0965201,393.0,False
b2c6,Batch 2,86.0,1.096086,393.0,False
b2c6,Batch 2,88.0,1.096359,393.0,False
b2c6,Batch 2,90.0,1.0921903,393.0,False
b2c6,Batch 2,92.0,1.0920177,393.0,False
b2c6,Batch 2,94.0,1.0910447,393.0,False
b2c6,Batch 2,96.0,1.0925134,393.0,False
b2c6,Batch 2,97.0,1.0912347,393.0,False
b2c6,Batch 2,99.0,1.0903074,393.0,False
b2c6,Batch 2,101.0,1.0911537,393.0,False
b2c6,Batch 2,103.0,1.0903831,393.0,False
b2c6,Batch 2,105.0,1.0900648,393.0,False
b2c6,Batch 2,107.0,1.0879191,393.0,False
b2c6,Batch 2,109.0,1.0851405,393.0,False
b2c6,Batch 2,110.0,1.0886979,393.0,False
b2c6,Batch 2,112.0,1.0891802,393.0,False
b2c6,Batch 2,114.0,1.089202,393.0,False
b2c6,Batch 2,116.0,1.0906236,393.0,False
b2c6,Batch 2,118.0,1.0921425,393.0,False
b2c6,Batch 2,120.0,1.0892017,393.0,False
b2c6,Batch 2,122.0,1.0896101,393.0,False
b2c6,Batch 2,123.0,1.0911669,393.0,False
b2c6,Batch 2,125.0,1.0897207,393.0,False
b2c6,Batch 2,127.0,1.0900472,393.0,False
b2c6,Batch 2,129.0,1.0917823,393.0,False
b2c6,Batch 2,131.0,1.0900203,393.0,False
b2c6,Batch 2,133.0,1.0872772,393.0,False
b2c6,Batch 2,135.0,1.0901419,393.0,False
b2c6,Batch 2,137.0,1.0864005,393.0,False
b2c6,Batch 2,138.0,1.0884748,393.0,False
b2c6,Batch 2,140.0,1.087052,393.0,False
b2c6,Batch 2,142.0,1.0859885,393.0,False
b2c6,Batch 2,144.0,1.0856075,393.0,False
b2c6,Batch 2,146.0,1.0884324,393.0,False
b2c6,Batch 2,148.0,1.0907419,393.0,False
b2c6,Batch 2,150.0,1.0897826,393.0,False
b2c6,Batch 2,151.0,1.0881594,393.0,False
b2c6,Batch 2,153.0,1.0888937,393.0,False
b2c6,Batch 2,155.0,1.0887694,393.0,False
b2c6,Batch 2,157.0,1.0875195,393.0,False
b2c6,Batch 2,159.0,1.0886524,393.0,False
b2c6,Batch 2,161.0,1.0880984,393.0,False
b2c6,Batch 2,163.0,1.0885398,393.0,False
b2c6,Batch 2,164.0,1.0886244,393.0,False
b2c6,Batch 2,166.0,1.087756,393.0,False
b2c6,Batch 2,168.0,1.0858462,393.0,False
b2c6,Batch 2,170.0,1.0884777,393.0,False
b2c6,Batch 2,172.0,1.0851475,393.0,False
b2c6,Batch 2,174.0,1.0871915,393.0,False
b2c6,Batch 2,176.0,1.088725,393.0,False
b2c6,Batch 2,177.0,1.0888995,393.0,False
b2c6,Batch 2,179.0,1.0876522,393.0,False
b2c6,Batch 2,181.0,1.086494,393.0,False
b2c6,Batch 2,183.0,1.087833,393.0,False
b2c6,Batch 2,185.0,1.0889692,393.0,False
b2c6,Batch 2,187.0,1.0875326,393.0,False
b2c6,Batch 2,189.0,1.0807372,393.0,False
b2c6,Batch 2,191.0,1.0835226,393.0,False
b2c6,Batch 2,192.0,1.0864764,393.0,False
b2c6,Batch 2,194.0,1.0873744,393.0,False
b2c6,Batch 2,196.0,1.0852432,393.0,False
b2c6,Batch 2,198.0,1.0855556,393.0,False
b2c6,Batch 2,200.0,1.0841267,393.0,False
b2c6,Batch 2,202.0,1.0836657,393.0,False
b2c6,Batch 2,204.0,1.0820296,393.0,False
b2c6,Batch 2,205.0,1.0827477,393.0,False
b2c6,Batch 2,207.0,1.0821649,393.0,False
b2c6,Batch 2,209.0,1.0818861,393.0,False
b2c6,Batch 2,211.0,1.0789088,393.0,False
b2c6,Batch 2,213.0,1.0816103,393.0,False
b2c6,Batch 2,215.0,1.0804186,393.0,False
b2c6,Batch 2,217.0,1.0777738,393.0,False
b2c6,Batch 2,218.0,1.0767227,393.0,False
b2c6,Batch 2,220.0,1.0766915,393.0,False
b2c6,Batch 2,222.0,1.0756857,393.0,False
b2c6,Batch 2,224.0,1.0772254,393.0,False
b2c6,Batch 2,226.0,1.0753171,393.0,False
b2c6,Batch 2,228.0,1.0735875,393.0,False
b2c6,Batch 2,230.0,1.0748693,393.0,False
b2c6,Batch 2,232.0,1.071449,393.0,False
b2c6,Batch 2,233.0,1.0721512,393.0,False
b2c6,Batch 2,235.0,1.0708399,393.0,False
b2c6,Batch 2,237.0,1.0729171,393.0,False
b2c6,Batch 2,239.0,1.0736459,393.0,False
b2c6,Batch 2,241.0,1.0771774,393.0,False
b2c6,Batch 2,243.0,1.0718399,393.0,False
b2c6,Batch 2,245.0,1.0684383,393.0,False
b2c6,Batch 2,246.0,1.0659803,393.0,False
b2c6,Batch 2,248.0,1.0655642,393.0,False
b2c6,Batch 2,250.0,1.0606283,393.0,False
b2c6,Batch 2,252.0,1.0591556,393.0,False
b2c6,Batch 2,254.0,1.054355,393.0,False
b2c6,Batch 2,256.0,1.0515336,393.0,False
b2c6,Batch 2,258.0,1.0526211,393.0,False
b2c6,Batch 2,259.0,1.0514599,393.0,False
b2c6,Batch 2,261.0,1.0499623,393.0,False
b2c6,Batch 2,263.0,1.0482736,393.0,False
b2c6,Batch 2,265.0,1.0477208,393.0,False
b2c6,Batch 2,267.0,1.0483428,393.0,False
b2c6,Batch 2,269.0,1.0474832,393.0,False
b2c6,Batch 2,271.0,1.0475529,393.0,False
b2c6,Batch 2,273.0,1.0492656,393.0,False
b2c6,Batch 2,274.0,1.0464479,393.0,False
b2c6,Batch 2,276.0,1.0473416,393.0,False
b2c6,Batch 2,278.0,1.0448525,393.0,False
b2c6,Batch 2,280.0,1.0451882,393.0,False
b2c6,Batch 2,282.0,1.0424705,393.0,False
b2c6,Batch 2,284.0,1.0419182,393.0,False
b2c6,Batch 2,286.0,1.0406523,393.0,False
b2c6,Batch 2,287.0,1.0392964,393.0,False
b2c6,Batch 2,289.0,1.0373772,393.0,False
b2c6,Batch 2,291.0,1.0370224,393.0,False
b2c6,Batch 2,293.0,1.0347172,393.0,False
b2c6,Batch 2,295.0,1.0326487,393.0,False
b2c6,Batch 2,297.0,1.0325165,393.0,False
b2c6,Batch 2,299.0,1.0299896,393.0,False
b2c6,Batch 2,300.0,1.0285903,393.0,False
b2c6,Batch 2,302.0,1.0253992,393.0,False
b2c6,Batch 2,304.0,1.0220088,393.0,False
b2c6,Batch 2,306.0,1.020999,393.0,False
b2c6,Batch 2,308.0,1.0193292,393.0,False
b2c6,Batch 2,310.0,1.0236374,393.0,False
b2c6,Batch 2,312.0,1.0183027,393.0,False
b2c6,Batch 2,313.0,1.0187199,393.0,False
b2c6,Batch 2,315.0,1.0169202,393.0,False
b2c6,Batch 2,317.0,1.0165547,393.0,False
b2c6,Batch 2,319.0,1.0123327,393.0,False
b2c6,Batch 2,321.0,1.0101167,393.0,False
b2c6,Batch 2,323.0,1.0079986,393.0,False
b2c6,Batch 2,325.0,1.0104541,393.0,False
b2c6,Batch 2,327.0,1.0109452,393.0,False
b2c6,Batch 2,328.0,1.0025786,393.0,False
b2c6,Batch 2,330.0,1.0034063,393.0,False
b2c6,Batch 2,332.0,0.99875957,393.0,False
b2c6,Batch 2,334.0,0.99697924,393.0,False
b2c6,Batch 2,336.0,0.99474859,393.0,False
b2c6,Batch 2,338.0,0.99143827,393.0,False
b2c6,Batch 2,340.0,0.99041027,393.0,False
b2c6,Batch 2,341.0,0.99053228,393.0,False
b2c6,Batch 2,343.0,0.98575932,393.0,False
b2c6,Batch 2,345.0,0.978185,393.0,False
b2c6,Batch 2,347.0,0.97918212,393.0,False
b2c6,Batch 2,349.0,0.97219348,393.0,False
b2c6,Batch 2,351.0,0.96952808,393.0,False
b2c6,Batch 2,353.0,0.96432745,393.0,False
b2c6,Batch 2,354.0,0.96495724,393.0,False
b2c6,Batch 2,356.0,0.9619329,393.0,False
b2c6,Batch 2,358.0,0.96126699,393.0,False
b2c6,Batch 2,360.0,0.95376378,393.0,False
b2c6,Batch 2,362.0,0.94877678,393.0,False
b2c6,Batch 2,364.0,0.94471371,393.0,False
b2c6,Batch 2,366.0,0.93915111,393.0,False
b2c6,Batch 2,368.0,0.93728459,393.0,False
b2c6,Batch 2,369.0,0.93333608,393.0,False
b2c6,Batch 2,371.0,0.93164152,393.0,False
b2c6,Batch 2,373.0,0.9286378,393.0,False
b2c6,Batch 2,375.0,0.92128754,393.0,False
b2c6,Batch 2,377.0,0.91641527,393.0,False
b2c6,Batch 2,379.0,0.91450024,393.0,False
b2c6,Batch 2,381.0,0.91047269,393.0,False
b2c6,Batch 2,382.0,0.90498185,393.0,False
b2c6,Batch 2,384.0,0.89867806,393.0,False
b2c6,Batch 2,386.0,0.89528865,393.0,False
b2c6,Batch 2,388.0,0.88943243,393.0,False
b2c6,Batch 2,390.0,0.88735336,393.0,False
b2c6,Batch 2,392.0,0.88047856,393.0,False
b2c6,Batch 2,394.0,0.87700665,393.0,False
b2c6,Batch 2,395.0,0.87767047,393.0,False
b2c6,Batch 2,397.0,0.8760227,393.0,False
b2c6,Batch 2,399.0,0.86485362,393.0,False
b2c6,Batch 2,401.0,0.85968328,393.0,False
b2c6,Batch 2,403.0,0.85331702,393.0,False
b2c6,Batch 2,405.0,0.84397191,393.0,False
b2c6,Batch 2,407.0,0.83794844,393.0,False
b2c6,Batch 2,409.0,0.82940364,393.0,False
b2c7,Batch 2,1.0,1.0877842,777.0,False
b2c7,Batch 2,4.0,1.092,777.0,False
b2c7,Batch 2,8.0,1.0918093,777.0,False
b2c7,Batch 2,12.0,1.0925291,777.0,False
b2c7,Batch 2,15.0,1.0917397,777.0,False
b2c7,Batch 2,19.0,1.0900112,777.0,False
b2c7,Batch 2,23.0,1.092838,777.0,False
b2c7,Batch 2,26.0,1.091868,777.0,False
b2c7,Batch 2,30.0,1.0919219,777.0,False
b2c7,Batch 2,34.0,1.0900257,777.0,False
b2c7,Batch 2,37.0,1.0925052,777.0,False
b2c7,Batch 2,41.0,1.0925468,777.0,False
b2c7,Batch 2,45.0,1.0928283,777.0,False
b2c7,Batch 2,48.0,1.0906346,777.0,False
b2c7,Batch 2,52.0,1.0920913,777.0,False
b2c7,Batch 2,56.0,1.0913953,777.0,False
b2c7,Batch 2,59.0,1.0917921,777.0,False
b2c7,Batch 2,63.0,1.0905315,777.0,False
b2c7,Batch 2,67.0,1.0930437,777.0,False
b2c7,Batch 2,70.0,1.1055878,777.0,False
b2c7,Batch 2,74.0,1.0959257,777.0,False
b2c7,Batch 2,78.0,1.096289,777.0,False
b2c7,Batch 2,81.0,1.0959262,777.0,False
b2c7,Batch 2,85.0,1.0964295,777.0,False
b2c7,Batch 2,89.0,1.09576,777.0,False
b2c7,Batch 2,92.0,1.0946238,777.0,False
b2c7,Batch 2,96.0,1.095221,777.0,False
b2c7,Batch 2,100.0,1.09727,777.0,False
b2c7,Batch 2,103.0,1.0959903,777.0,False
b2c7,Batch 2,107.0,1.0961859,777.0,False
b2c7,Batch 2,111.0,1.0953181,777.0,False
b2c7,Batch 2,114.0,1.094713,777.0,False
b2c7,Batch 2,118.0,1.094924,777.0,False
b2c7,Batch 2,122.0,1.0938047,777.0,False
b2c7,Batch 2,125.0,1.0954757,777.0,False
b2c7,Batch 2,129.0,1.0947952,777.0,False
b2c7,Batch 2,133.0,1.0945262,777.0,False
b2c7,Batch 2,137.0,1.0931772,777.0,False
b2c7,Batch 2,140.0,1.093083,777.0,False
b2c7,Batch 2,144.0,1.0957301,777.0,False
b2c7,Batch 2,148.0,1.0922502,777.0,False
b2c7,Batch 2,151.0,1.0936254,777.0,False
b2c7,Batch 2,155.0,1.0935839,777.0,False
b2c7,Batch 2,159.0,1.0947266,777.0,False
b2c7,Batch 2,162.0,1.0943855,777.0,False
b2c7,Batch 2,166.0,1.0944963,777.0,False
b2c7,Batch 2,170.0,1.0934958,777.0,False
b2c7,Batch 2,173.0,1.0944976,777.0,False
b2c7,Batch 2,177.0,1.0935023,777.0,False
b2c7,Batch 2,181.0,1.0940735,777.0,False
b2c7,Batch 2,184.0,1.0914326,777.0,False
b2c7,Batch 2,188.0,1.0933729,777.0,False
b2c7,Batch 2,192.0,1.0932742,777.0,False
b2c7,Batch 2,195.0,1.092821,777.0,False
b2c7,Batch 2,199.0,1.0905271,777.0,False
b2c7,Batch 2,203.0,1.0920633,777.0,False
b2c7,Batch 2,206.0,1.09305,777.0,False
b2c7,Batch 2,210.0,1.0932457,777.0,False
b2c7,Batch 2,214.0,1.0912389,777.0,False
b2c7,Batch 2,217.0,1.0918064,777.0,False
b2c7,Batch 2,221.0,1.0913504,777.0,False
b2c7,Batch 2,225.0,1.0909048,777.0,False
b2c7,Batch 2,228.0,1.0905603,777.0,False
b2c7,Batch 2,232.0,1.0889636,777.0,False
b2c7,Batch 2,236.0,1.0875856,777.0,False
b2c7,Batch 2,239.0,1.0901002,777.0,False
b2c7,Batch 2,243.0,1.088613,777.0,False
b2c7,Batch 2,247.0,1.090866,777.0,False
b2c7,Batch 2,250.0,1.0882714,777.0,False
b2c7,Batch 2,254.0,1.0900127,777.0,False
b2c7,Batch 2,258.0,1.0881819,777.0,False
b2c7,Batch 2,261.0,1.0877548,777.0,False
b2c7,Batch 2,265.0,1.0860596,777.0,False
b2c7,Batch 2,269.0,1.0883021,777.0,False
b2c7,Batch 2,273.0,1.0877227,777.0,False
b2c7,Batch 2,276.0,1.0861733,777.0,False
b2c7,Batch 2,280.0,1.0862309,777.0,False
b2c7,Batch 2,284.0,1.0864953,777.0,False
b2c7,Batch 2,287.0,1.0866266,777.0,False
b2c7,Batch 2,291.0,1.0856639,777.0,False
b2c7,Batch 2,295.0,1.0865351,777.0,False
b2c7,Batch 2,298.0,1.0849025,777.0,False
b2c7,Batch 2,302.0,1.0831761,777.0,False
b2c7,Batch 2,306.0,1.0834526,777.0,False
b2c7,Batch 2,309.0,1.0842478,777.0,False
b2c7,Batch 2,313.0,1.0842366,777.0,False
b2c7,Batch 2,317.0,1.0829132,777.0,False
b2c7,Batch 2,320.0,1.0839851,777.0,False
b2c7,Batch 2,324.0,1.0817469,777.0,False
b2c7,Batch 2,328.0,1.0813715,777.0,False
b2c7,Batch 2,331.0,1.0805446,777.0,False
b2c7,Batch 2,335.0,1.0814544,777.0,False
b2c7,Batch 2,339.0,1.0808389,777.0,False
b2c7,Batch 2,342.0,1.0808611,777.0,False
b2c7,Batch 2,346.0,1.0801779,777.0,False
b2c7,Batch 2,350.0,1.0786339,777.0,False
b2c7,Batch 2,353.0,1.0799843,777.0,False
b2c7,Batch 2,357.0,1.0806544,777.0,False
b2c7,Batch 2,361.0,1.0786091,777.0,False
b2c7,Batch 2,364.0,1.077996,777.0,False
b2c7,Batch 2,368.0,1.0784153,777.0,False
b2c7,Batch 2,372.0,1.0766076,777.0,False
b2c7,Batch 2,375.0,1.0773555,777.0,False
b2c7,Batch 2,379.0,1.0763872,777.0,False
b2c7,Batch 2,383.0,1.0750077,777.0,False
b2c7,Batch 2,386.0,1.0768439,777.0,False
b2c7,Batch 2,390.0,1.076461,777.0,False
b2c7,Batch 2,394.0,1.0749521,777.0,False
b2c7,Batch 2,397.0,1.0760168,777.0,False
b2c7,Batch 2,401.0,1.0751936,777.0,False
b2c7,Batch 2,405.0,1.0747232,777.0,False
b2c7,Batch 2,409.0,1.0734818,777.0,False
b2c7,Batch 2,412.0,1.0728116,777.0,False
b2c7,Batch 2,416.0,1.0719107,777.0,False
b2c7,Batch 2,420.0,1.0714647,777.0,False
b2c7,Batch 2,423.0,1.0723357,777.0,False
b2c7,Batch 2,427.0,1.0723557,777.0,False
b2c7,Batch 2,431.0,1.0707853,777.0,False
b2c7,Batch 2,434.0,1.0692799,777.0,False
b2c7,Batch 2,438.0,1.0674948,777.0,False
b2c7,Batch 2,442.0,1.0675039,777.0,False
b2c7,Batch 2,445.0,1.0672085,777.0,False
b2c7,Batch 2,449.0,1.0668631,777.0,False
b2c7,Batch 2,453.0,1.067693,777.0,False
b2c7,Batch 2,456.0,1.0663499,777.0,False
b2c7,Batch 2,460.0,1.0650452,777.0,False
b2c7,Batch 2,464.0,1.0658373,777.0,False
b2c7,Batch 2,467.0,1.0623186,777.0,False
b2c7,Batch 2,471.0,1.0649478,777.0,False
b2c7,Batch 2,475.0,1.0648568,777.0,False
b2c7,Batch 2,478.0,1.0625606,777.0,False
b2c7,Batch 2,482.0,1.0637531,777.0,False
b2c7,Batch 2,486.0,1.0606406,777.0,False
b2c7,Batch 2,489.0,1.058547,777.0,False
b2c7,Batch 2,493.0,1.0617139,777.0,False
b2c7,Batch 2,497.0,1.058867,777.0,False
b2c7,Batch 2,500.0,1.057995,777.0,False
b2c7,Batch 2,504.0,1.0578295,777.0,False
b2c7,Batch 2,508.0,1.0578313,777.0,False
b2c7,Batch 2,511.0,1.0549871,777.0,False
b2c7,Batch 2,515.0,1.0551246,777.0,False
b2c7,Batch 2,519.0,1.0541363,777.0,False
b2c7,Batch 2,522.0,1.0534011,777.0,False
b2c7,Batch 2,526.0,1.0530632,777.0,False
b2c7,Batch 2,530.0,1.0522958,777.0,False
b2c7,Batch 2,533.0,1.051761,777.0,False
b2c7,Batch 2,537.0,1.0513327,777.0,False
b2c7,Batch 2,541.0,1.0473419,777.0,False
b2c7,Batch 2,545.0,1.0513774,777.0,False
b2c7,Batch 2,548.0,1.047002,777.0,False
b2c7,Batch 2,552.0,1.044979,777.0,False
b2c7,Batch 2,556.0,1.0458804,777.0,False
b2c7,Batch 2,559.0,1.0451565,777.0,False
b2c7,Batch 2,563.0,1.0442786,777.0,False
b2c7,Batch 2,567.0,1.0432841,777.0,False
b2c7,Batch 2,570.0,1.0422045,777.0,False
b2c7,Batch 2,574.0,1.0418848,777.0,False
b2c7,Batch 2,578.0,1.0399706,777.0,False
b2c7,Batch 2,581.0,1.0389823,777.0,False
b2c7,Batch 2,585.0,1.0376357,777.0,False
b2c7,Batch 2,589.0,1.0364219,777.0,False
b2c7,Batch 2,592.0,1.034052,777.0,False
b2c7,Batch 2,596.0,1.0309243,777.0,False
b2c7,Batch 2,600.0,1.0323304,777.0,False
b2c7,Batch 2,603.0,1.0324057,777.0,False
b2c7,Batch 2,607.0,1.0283893,777.0,False
b2c7,Batch 2,611.0,1.0281783,777.0,False
b2c7,Batch 2,614.0,1.0272573,777.0,False
b2c7,Batch 2,618.0,1.025423,777.0,False
b2c7,Batch 2,622.0,1.0233914,777.0,False
b2c7,Batch 2,625.0,1.0198188,777.0,False
b2c7,Batch 2,629.0,1.0214229,777.0,False
b2c7,Batch 2,633.0,1.0161209,777.0,False
b2c7,Batch 2,636.0,1.0156903,777.0,False
b2c7,Batch 2,640.0,1.0155723,777.0,False
b2c7,Batch 2,644.0,1.0127147,777.0,False
b2c7,Batch 2,647.0,1.0096946,777.0,False
b2c7,Batch 2,651.0,1.0095426,777.0,False
b2c7,Batch 2,655.0,1.0086557,777.0,False
b2c7,Batch 2,658.0,1.0036741,777.0,False
b2c7,Batch 2,662.0,1.0012704,777.0,False
b2c7,Batch 2,666.0,1.0015503,777.0,False
b2c7,Batch 2,669.0,0.99784034,777.0,False
b2c7,Batch 2,673.0,0.9955864,777.0,False
b2c7,Batch 2,677.0,0.9933846,777.0,False
b2c7,Batch 2,681.0,0.991808,777.0,False
b2c7,Batch 2,684.0,0.98910892,777.0,False
b2c7,Batch 2,688.0,0.98673719,777.0,False
b2c7,Batch 2,692.0,0.98307812,777.0,False
b2c7,Batch 2,695.0,0.98088861,777.0,False
b2c7,Batch 2,699.0,0.97744346,777.0,False
b2c7,Batch 2,703.0,0.97514498,777.0,False
b2c7,Batch 2,706.0,0.97042269,777.0,False
b2c7,Batch 2,710.0,0.96900326,777.0,False
b2c7,Batch 2,714.0,0.96643716,777.0,False
b2c7,Batch 2,717.0,0.96219498,777.0,False
b2c7,Batch 2,721.0,0.961124,777.0,False
b2c7,Batch 2,725.0,0.95520604,777.0,False
b2c7,Batch 2,728.0,0.95128149,777.0,False
b2c7,Batch 2,732.0,0.94486064,777.0,False
b2c7,Batch 2,736.0,0.94165474,777.0,False
b2c7,Batch 2,739.0,0.9358145,777.0,False
b2c7,Batch 2,743.0,0.93179047,777.0,False
b2c7,Batch 2,747.0,0.92588979,777.0,False
b2c7,Batch 2,750.0,0.91893858,777.0,False
b2c7,Batch 2,754.0,0.91607779,777.0,False
b2c7,Batch 2,758.0,0.91004825,777.0,False
b2c7,Batch 2,761.0,0.90581244,777.0,False
b2c7,Batch 2,765.0,0.9007926,777.0,False
b2c7,Batch 2,769.0,0.89303046,777.0,False
b2c7,Batch 2,772.0,0.88786536,777.0,False
b2c7,Batch 2,776.0,0.88217771,777.0,False
b2c7,Batch 2,780.0,0.87643075,777.0,False
b2c7,Batch 2,783.0,0.86963624,777.0,False
b2c7,Batch 2,787.0,0.86355835,777.0,False
b2c7,Batch 2,791.0,0.85588932,777.0,False
b2c7,Batch 2,794.0,0.84950233,777.0,False
b2c7,Batch 2,798.0,0.84323359,777.0,False
b2c7,Batch 2,802.0,0.8366695,777.0,False
b2c7,Batch 2,806.0,0.8264814,777.0,False
b2c8,Batch 2,1.0,1.0904844,904.0,False
b2c8,Batch 2,5.0,1.0906397,904.0,False
b2c8,Batch 2,9.0,1.0932652,904.0,False
b2c8,Batch 2,13.0,1.0909708,904.0,False
b2c8,Batch 2,18.0,1.0913775,904.0,False
b2c8,Batch 2,22.0,1.0922469,904.0,False
b2c8,Batch 2,26.0,1.0926535,904.0,False
b2c8,Batch 2,31.0,1.0920774,904.0,False
b2c8,Batch 2,35.0,1.0925136,904.0,False
b2c8,Batch 2,39.0,1.0917671,904.0,False
b2c8,Batch 2,44.0,1.0923158,904.0,False
b2c8,Batch 2,48.0,1.0913814,904.0,False
b2c8,Batch 2,52.0,1.0930423,904.0,False
b2c8,Batch 2,57.0,1.0921466,904.0,False
b2c8,Batch 2,61.0,1.092434,904.0,False
b2c8,Batch 2,65.0,1.0937927,904.0,False
b2c8,Batch 2,70.0,1.088402,904.0,False
b2c8,Batch 2,74.0,1.0885298,904.0,False
b2c8,Batch 2,78.0,1.0895276,904.0,False
b2c8,Batch 2,83.0,1.0898091,904.0,False
b2c8,Batch 2,87.0,1.0917127,904.0,False
b2c8,Batch 2,91.0,1.0907851,904.0,False
b2c8,Batch 2,96.0,1.0910125,904.0,False
b2c8,Batch 2,100.0,1.0909338,904.0,False
b2c8,Batch 2,104.0,1.0899197,904.0,False
b2c8,Batch 2,108.0,1.0903648,904.0,False
b2c8,Batch 2,113.0,1.0912013,904.0,False
b2c8,Batch 2,117.0,1.0913525,904.0,False
b2c8,Batch 2,121.0,1.0916214,904.0,False
b2c8,Batch 2,126.0,1.092823,904.0,False
b2c8,Batch 2,130.0,1.0918421,904.0,False
b2c8,Batch 2,134.0,1.0910748,904.0,False
b2c8,Batch 2,139.0,1.0936906,904.0,False
b2c8,Batch 2,143.0,1.0941597,904.0,False
b2c8,Batch 2,147.0,1.0903944,904.0,False
b2c8,Batch 2,152.0,1.0936787,904.0,False
b2c8,Batch 2,156.0,1.0926898,904.0,False
b2c8,Batch 2,160.0,1.0936331,904.0,False
b2c8,Batch 2,165.0,1.0941048,904.0,False
b2c8,Batch 2,169.0,1.0943985,904.0,False
b2c8,Batch 2,173.0,1.0949287,904.0,False
b2c8,Batch 2,178.0,1.0952355,904.0,False
b2c8,Batch 2,182.0,1.0935359,904.0,False
b2c8,Batch 2,186.0,1.0942521,904.0,False
b2c8,Batch 2,191.0,1.0936689,904.0,False
b2c8,Batch 2,195.0,1.0938658,904.0,False
b2c8,Batch 2,199.0,1.0942248,904.0,False
b2c8,Batch 2,204.0,1.0932716,904.0,False
b2c8,Batch 2,208.0,1.0959265,904.0,False
b2c8,Batch 2,212.0,1.0937917,904.0,False
b2c8,Batch 2,216.0,1.095516,904.0,False
b2c8,Batch 2,221.0,1.0947471,904.0,False
b2c8,Batch 2,225.0,1.0952722,904.0,False
b2c8,Batch 2,229.0,1.0949187,904.0,False
b2c8,Batch 2,234.0,1.0954753,904.0,False
b2c8,Batch 2,238.0,1.0953041,904.0,False
b2c8,Batch 2,242.0,1.0945821,904.0,False
b2c8,Batch 2,247.0,1.092952,904.0,False
b2c8,Batch 2,251.0,1.0952208,904.0,False
b2c8,Batch 2,255.0,1.0965995,904.0,False
b2c8,Batch 2,260.0,1.0948386,904.0,False
b2c8,Batch 2,264.0,1.0944377,904.0,False
b2c8,Batch 2,268.0,1.0957328,904.0,False
b2c8,Batch 2,273.0,1.0958201,904.0,False
b2c8,Batch 2,277.0,1.0942669,904.0,False
b2c8,Batch 2,281.0,1.096171,904.0,False
b2c8,Batch 2,286.0,1.0940903,904.0,False
b2c8,Batch 2,290.0,1.0946456,904.0,False
b2c8,Batch 2,294.0,1.0964932,904.0,False
b2c8,Batch 2,299.0,1.0931933,904.0,False
b2c8,Batch 2,303.0,1.0947065,904.0,False
b2c8,Batch 2,307.0,1.0935808,904.0,False
b2c8,Batch 2,312.0,1.0936741,904.0,False
b2c8,Batch 2,316.0,1.0935929,904.0,False
b2c8,Batch 2,320.0,1.094087,904.0,False
b2c8,Batch 2,324.0,1.0965785,904.0,False
b2c8,Batch 2,329.0,1.0941559,904.0,False
b2c8,Batch 2,333.0,1.0932815,904.0,False
b2c8,Batch 2,337.0,1.0952535,904.0,False
b2c8,Batch 2,342.0,1.0952625,904.0,False
b2c8,Batch 2,346.0,1.0938917,904.0,False
b2c8,Batch 2,350.0,1.0948303,904.0,False
b2c8,Batch 2,355.0,1.0944728,904.0,False
b2c8,Batch 2,359.0,1.0945539,904.0,False
b2c8,Batch 2,363.0,1.0926342,904.0,False
b2c8,Batch 2,368.0,1.0923674,904.0,False
b2c8,Batch 2,372.0,1.0947711,904.0,False
b2c8,Batch 2,376.0,1.0910306,904.0,False
b2c8,Batch 2,381.0,1.0953423,904.0,False
b2c8,Batch 2,385.0,1.0917864,904.0,False
b2c8,Batch 2,389.0,1.0944798,904.0,False
b2c8,Batch 2,394.0,1.0900652,904.0,False
b2c8,Batch 2,398.0,1.0920414,904.0,False
b2c8,Batch 2,402.0,1.094311,904.0,False
b2c8,Batch 2,407.0,1.0923047,904.0,False
b2c8,Batch 2,411.0,1.0913454,904.0,False
b2c8,Batch 2,415.0,1.092452,904.0,False
b2c8,Batch 2,420.0,1.0911174,904.0,False
b2c8,Batch 2,424.0,1.092878,904.0,False
b2c8,Batch 2,428.0,1.0908676,904.0,False
b2c8,Batch 2,432.0,1.0924836,904.0,False
b2c8,Batch 2,437.0,1.0906067,904.0,False
b2c8,Batch 2,441.0,1.0894378,904.0,False
b2c8,Batch 2,445.0,1.0910916,904.0,False
b2c8,Batch 2,450.0,1.0901635,904.0,False
b2c8,Batch 2,454.0,1.0905998,904.0,False
b2c8,Batch 2,458.0,1.0915784,904.0,False
b2c8,Batch 2,463.0,1.0880803,904.0,False
b2c8,Batch 2,467.0,1.0878803,904.0,False
b2c8,Batch 2,471.0,1.0881691,904.0,False
b2c8,Batch 2,476.0,1.0893037,904.0,False
b2c8,Batch 2,480.0,1.0895013,904.0,False
b2c8,Batch 2,484.0,1.0886756,904.0,False
b2c8,Batch 2,489.0,1.0886809,904.0,False
b2c8,Batch 2,493.0,1.0880833,904.0,False
b2c8,Batch 2,497.0,1.0871692,904.0,False
b2c8,Batch 2,502.0,1.0862029,904.0,False
b2c8,Batch 2,506.0,1.0877148,904.0,False
b2c8,Batch 2,510.0,1.0869435,904.0,False
b2c8,Batch 2,515.0,1.0855893,904.0,False
b2c8,Batch 2,519.0,1.0859109,904.0,False
b2c8,Batch 2,523.0,1.0855136,904.0,False
b2c8,Batch 2,527.0,1.0845283,904.0,False
b2c8,Batch 2,532.0,1.0862184,904.0,False
b2c8,Batch 2,536.0,1.0845226,904.0,False
b2c8,Batch 2,540.0,1.0829293,904.0,False
b2c8,Batch 2,545.0,1.0844872,904.0,False
b2c8,Batch 2,549.0,1.0830008,904.0,False
b2c8,Batch 2,553.0,1.0811596,904.0,False
b2c8,Batch 2,558.0,1.0845284,904.0,False
b2c8,Batch 2,562.0,1.0841573,904.0,False
b2c8,Batch 2,566.0,1.0805237,904.0,False
b2c8,Batch 2,571.0,1.0801802,904.0,False
b2c8,Batch 2,575.0,1.0791988,904.0,False
b2c8,Batch 2,579.0,1.0772895,904.0,False
b2c8,Batch 2,584.0,1.0790954,904.0,False
b2c8,Batch 2,588.0,1.0797039,904.0,False
b2c8,Batch 2,592.0,1.0784904,904.0,False
b2c8,Batch 2,597.0,1.0769976,904.0,False
b2c8,Batch 2,601.0,1.0769341,904.0,False
b2c8,Batch 2,605.0,1.0760334,904.0,False
b2c8,Batch 2,610.0,1.0770961,904.0,False
b2c8,Batch 2,614.0,1.0740908,904.0,False
b2c8,Batch 2,618.0,1.0737715,904.0,False
b2c8,Batch 2,623.0,1.0741943,904.0,False
b2c8,Batch 2,627.0,1.0719587,904.0,False
b2c8,Batch 2,631.0,1.0711861,904.0,False
b2c8,Batch 2,635.0,1.0709417,904.0,False
b2c8,Batch 2,640.0,1.067818,904.0,False
b2c8,Batch 2,644.0,1.0685912,904.0,False
b2c8,Batch 2,648.0,1.0688063,904.0,False
b2c8,Batch 2,653.0,1.0660152,904.0,False
b2c8,Batch 2,657.0,1.0662024,904.0,False
b2c8,Batch 2,661.0,1.0646491,904.0,False
b2c8,Batch 2,666.0,1.0618759,904.0,False
b2c8,Batch 2,670.0,1.0613194,904.0,False
b2c8,Batch 2,674.0,1.0625029,904.0,False
b2c8,Batch 2,679.0,1.0580212,904.0,False
b2c8,Batch 2,683.0,1.0572826,904.0,False
b2c8,Batch 2,687.0,1.0597445,904.0,False
b2c8,Batch 2,692.0,1.0564917,904.0,False
b2c8,Batch 2,696.0,1.055329,904.0,False
b2c8,Batch 2,700.0,1.0545144,904.0,False
b2c8,Batch 2,705.0,1.0544313,904.0,False
b2c8,Batch 2,709.0,1.0502026,904.0,False
b2c8,Batch 2,713.0,1.0501852,904.0,False
b2c8,Batch 2,718.0,1.0479469,904.0,False
b2c8,Batch 2,722.0,1.0470655,904.0,False
b2c8,Batch 2,726.0,1.0461755,904.0,False
b2c8,Batch 2,731.0,1.0429873,904.0,False
b2c8,Batch 2,735.0,1.0401659,904.0,False
b2c8,Batch 2,739.0,1.0398704,904.0,False
b2c8,Batch 2,743.0,1.0367539,904.0,False
b2c8,Batch 2,748.0,1.0351493,904.0,False
b2c8,Batch 2,752.0,1.032559,904.0,False
b2c8,Batch 2,756.0,1.030218,904.0,False
b2c8,Batch 2,761.0,1.0260708,904.0,False
b2c8,Batch 2,765.0,1.0240872,904.0,False
b2c8,Batch 2,769.0,1.0227629,904.0,False
b2c8,Batch 2,774.0,1.0174692,904.0,False
b2c8,Batch 2,778.0,1.0150099,904.0,False
b2c8,Batch 2,782.0,1.0113809,904.0,False
b2c8,Batch 2,787.0,1.0066977,904.0,False
b2c8,Batch 2,791.0,1.0042684,904.0,False
b2c8,Batch 2,795.0,1.00012,904.0,False
b2c8,Batch 2,800.0,0.99645871,904.0,False
b2c8,Batch 2,804.0,0.99231613,904.0,False
b2c8,Batch 2,808.0,0.98494548,904.0,False
b2c8,Batch 2,813.0,0.98234046,904.0,False
b2c8,Batch 2,817.0,0.97858709,904.0,False
b2c8,Batch 2,821.0,0.97247297,904.0,False
b2c8,Batch 2,826.0,0.96971065,904.0,False
b2c8,Batch 2,830.0,0.96425951,904.0,False
b2c8,Batch 2,834.0,0.95930499,904.0,False
b2c8,Batch 2,839.0,0.95265508,904.0,False
b2c8,Batch 2,843.0,0.94788325,904.0,False
b2c8,Batch 2,847.0,0.94473982,904.0,False
b2c8,Batch 2,851.0,0.94049442,904.0,False
b2c8,Batch 2,856.0,0.9353286,904.0,False
b2c8,Batch 2,860.0,0.93215936,904.0,False
b2c8,Batch 2,864.0,0.92713785,904.0,False
b2c8,Batch 2,869.0,0.92053801,904.0,False
b2c8,Batch 2,873.0,0.91689301,904.0,False
b2c8,Batch 2,877.0,0.91273355,904.0,False
b2c8,Batch 2,882.0,0.90666717,904.0,False
b2c8,Batch 2,886.0,0.9015395,904.0,False
b2c8,Batch 2,890.0,0.89665872,904.0,False
b2c8,Batch 2,895.0,0.89082217,904.0,False
b2c8,Batch 2,899.0,0.88652772,904.0,False
b2c8,Batch 2,903.0,0.88142884,904.0,False
b2c8,Batch 2,908.0,0.87608737,904.0,False
b2c8,Batch 2,912.0,0.87051463,904.0,False
b2c8,Batch 2,916.0,0.86548525,904.0,False
b2c8,Batch 2,921.0,0.86022609,904.0,False
b2c8,Batch 2,925.0,0.85548937,904.0,False
b2c8,Batch 2,929.0,0.84916162,904.0,False
b2c8,Batch 2,934.0,0.84364009,904.0,False
b2c8,Batch 2,938.0,0.83829975,904.0,False
b2c8,Batch 2,942.0,0.83207577,904.0,False
b2c8,Batch 2,947.0,0.8255862,904.0,False
b2c9,Batch 2,1.0,1.095485,791.0,False
b2c9,Batch 2,4.0,1.0978576,791.0,False
b2c9,Batch 2,8.0,1.0989841,791.0,False
b2c9,Batch 2,12.0,1.0969135,791.0,False
b2c9,Batch 2,15.0,1.0983592,791.0,False
b2c9,Batch 2,19.0,1.0984173,791.0,False
b2c9,Batch 2,23.0,1.0986192,791.0,False
b2c9,Batch 2,27.0,1.098923,791.0,False
b2c9,Batch 2,30.0,1.0992076,791.0,False
b2c9,Batch 2,34.0,1.0988711,791.0,False
b2c9,Batch 2,38.0,1.0979602,791.0,False
b2c9,Batch 2,42.0,1.0981479,791.0,False
b2c9,Batch 2,45.0,1.0972474,791.0,False
b2c9,Batch 2,49.0,1.0990435,791.0,False
b2c9,Batch 2,53.0,1.0992681,791.0,False
b2c9,Batch 2,57.0,1.0991799,791.0,False
b2c9,Batch 2,60.0,1.0985441,791.0,False
b2c9,Batch 2,64.0,1.0986729,791.0,False
b2c9,Batch 2,68.0,1.0979224,791.0,False
b2c9,Batch 2,71.0,1.0908244,791.0,False
b2c9,Batch 2,75.0,1.094679,791.0,False
b2c9,Batch 2,79.0,1.0970885,791.0,False
b2c9,Batch 2,83.0,1.0961571,791.0,False
b2c9,Batch 2,86.0,1.0951744,791.0,False
b2c9,Batch 2,90.0,1.0962597,791.0,False
b2c9,Batch 2,94.0,1.0966872,791.0,False
b2c9,Batch 2,98.0,1.0992035,791.0,False
b2c9,Batch 2,101.0,1.0983156,791.0,False
b2c9,Batch 2,105.0,1.0966798,791.0,False
b2c9,Batch 2,109.0,1.0985591,791.0,False
b2c9,Batch 2,113.0,1.0988673,791.0,False
b2c9,Batch 2,116.0,1.0980213,791.0,False
b2c9,Batch 2,120.0,1.0985411,791.0,False
b2c9,Batch 2,124.0,1.0974567,791.0,False
b2c9,Batch 2,127.0,1.0995977,791.0,False
b2c9,Batch 2,131.0,1.0991391,791.0,False
b2c9,Batch 2,135.0,1.0977011,791.0,False
b2c9,Batch 2,139.0,1.1004863,791.0,False
b2c9,Batch 2,142.0,1.1002775,791.0,False
b2c9,Batch 2,146.0,1.0996925,791.0,False
b2c9,Batch 2,150.0,1.0997709,791.0,False
b2c9,Batch 2,154.0,1.1001564,791.0,False
b2c9,Batch 2,157.0,1.0999546,791.0,False
b2c9,Batch 2,161.0,1.1011236,791.0,False
b2c9,Batch 2,165.0,1.0993497,791.0,False
b2c9,Batch 2,169.0,1.1000261,791.0,False
b2c9,Batch 2,172.0,1.0995278,791.0,False
b2c9,Batch 2,176.0,1.0992743,791.0,False
b2c9,Batch 2,180.0,1.0995172,791.0,False
b2c9,Batch 2,184.0,1.1000981,791.0,False
b2c9,Batch 2,187.0,1.1016418,791.0,False
b2c9,Batch 2,191.0,1.1006339,791.0,False
b2c9,Batch 2,195.0,1.0993457,791.0,False
b2c9,Batch 2,198.0,1.1001999,791.0,False
b2c9,Batch 2,202.0,1.0988431,791.0,False
b2c9,Batch 2,206.0,1.0996178,791.0,False
b2c9,Batch 2,210.0,1.1015216,791.0,False
b2c9,Batch 2,213.0,1.099692,791.0,False
b2c9,Batch 2,217.0,1.0979122,791.0,False
b2c9,Batch 2,221.0,1.1004101,791.0,False
b2c9,Batch 2,225.0,1.0992572,791.0,False
b2c9,Batch 2,228.0,1.1009331,791.0,False
b2c9,Batch 2,232.0,1.1012753,791.0,False
b2c9,Batch 2,236.0,1.1015214,791.0,False
b2c9,Batch 2,240.0,1.1005019,791.0,False
b2c9,Batch 2,243.0,1.1003828,791.0,False
b2c9,Batch 2,247.0,1.1001784,791.0,False
b2c9,Batch 2,251.0,1.0988672,791.0,False
b2c9,Batch 2,254.0,1.1012435,791.0,False
b2c9,Batch 2,258.0,1.1000965,791.0,False
b2c9,Batch 2,262.0,1.0933504,791.0,False
b2c9,Batch 2,266.0,1.0961343,791.0,False
b2c9,Batch 2,269.0,1.0973389,791.0,False
b2c9,Batch 2,273.0,1.097999,791.0,False
b2c9,Batch 2,277.0,1.0979071,791.0,False
b2c9,Batch 2,281.0,1.097646,791.0,False
b2c9,Batch 2,284.0,1.0964603,791.0,False
b2c9,Batch 2,288.0,1.0980227,791.0,False
b2c9,Batch 2,292.0,1.0951988,791.0,False
b2c9,Batch 2,296.0,1.0983697,791.0,False
b2c9,Batch 2,299.0,1.0967247,791.0,False
b2c9,Batch 2,303.0,1.0977135,791.0,False
b2c9,Batch 2,307.0,1.0976512,791.0,False
b2c9,Batch 2,311.0,1.0993077,791.0,False
b2c9,Batch 2,314.0,1.0964445,791.0,False
b2c9,Batch 2,318.0,1.0987304,791.0,False
b2c9,Batch 2,322.0,1.0972259,791.0,False
b2c9,Batch 2,325.0,1.0973684,791.0,False
b2c9,Batch 2,329.0,1.0988853,791.0,False
b2c9,Batch 2,333.0,1.096349,791.0,False
b2c9,Batch 2,337.0,1.0966756,791.0,False
b2c9,Batch 2,340.0,1.0959208,791.0,False
b2c9,Batch 2,344.0,1.0970229,791.0,False
b2c9,Batch 2,348.0,1.0964707,791.0,False
b2c9,Batch 2,352.0,1.0952861,791.0,False
b2c9,Batch 2,355.0,1.097169,791.0,False
b2c9,Batch 2,359.0,1.0951345,791.0,False
b2c9,Batch 2,363.0,1.0975724,791.0,False
b2c9,Batch 2,367.0,1.0968956,791.0,False
b2c9,Batch 2,370.0,1.096974,791.0,False
b2c9,Batch 2,374.0,1.0960464,791.0,False
b2c9,Batch 2,378.0,1.0966761,791.0,False
b2c9,Batch 2,381.0,1.0953207,791.0,False
b2c9,Batch 2,385.0,1.094514,791.0,False
b2c9,Batch 2,389.0,1.0953372,791.0,False
b2c9,Batch 2,393.0,1.0941797,791.0,False
b2c9,Batch 2,396.0,1.0926912,791.0,False
b2c9,Batch 2,400.0,1.0929766,791.0,False
b2c9,Batch 2,404.0,1.0928091,791.0,False
b2c9,Batch 2,408.0,1.0922084,791.0,False
b2c9,Batch 2,411.0,1.0936339,791.0,False
b2c9,Batch 2,415.0,1.0940278,791.0,False
b2c9,Batch 2,419.0,1.0906891,791.0,False
b2c9,Batch 2,423.0,1.0911252,791.0,False
b2c9,Batch 2,426.0,1.0928141,791.0,False
b2c9,Batch 2,430.0,1.0886328,791.0,False
b2c9,Batch 2,434.0,1.0903009,791.0,False
b2c9,Batch 2,438.0,1.0902317,791.0,False
b2c9,Batch 2,441.0,1.089335,791.0,False
b2c9,Batch 2,445.0,1.0876983,791.0,False
b2c9,Batch 2,449.0,1.0906875,791.0,False
b2c9,Batch 2,452.0,1.0892569,791.0,False
b2c9,Batch 2,456.0,1.0872003,791.0,False
b2c9,Batch 2,460.0,1.0886424,791.0,False
b2c9,Batch 2,464.0,1.0894035,791.0,False
b2c9,Batch 2,467.0,1.0865237,791.0,False
b2c9,Batch 2,471.0,1.0868368,791.0,False
b2c9,Batch 2,475.0,1.0858264,791.0,False
b2c9,Batch 2,479.0,1.0862058,791.0,False
b2c9,Batch 2,482.0,1.0855765,791.0,False
b2c9,Batch 2,486.0,1.0839437,791.0,False
b2c9,Batch 2,490.0,1.0843514,791.0,False
b2c9,Batch 2,494.0,1.0822635,791.0,False
b2c9,Batch 2,497.0,1.0823318,791.0,False
b2c9,Batch 2,501.0,1.0825497,791.0,False
b2c9,Batch 2,505.0,1.0831163,791.0,False
b2c9,Batch 2,508.0,1.0816225,791.0,False
b2c9,Batch 2,512.0,1.0804429,791.0,False
b2c9,Batch 2,516.0,1.0794069,791.0,False
b2c9,Batch 2,520.0,1.0766294,791.0,False
b2c9,Batch 2,523.0,1.0779511,791.0,False
b2c9,Batch 2,527.0,1.0788087,791.0,False
b2c9,Batch 2,531.0,1.0773365,791.0,False
b2c9,Batch 2,535.0,1.0769811,791.0,False
b2c9,Batch 2,538.0,1.0749314,791.0,False
b2c9,Batch 2,542.0,1.0735992,791.0,False
b2c9,Batch 2,546.0,1.0730088,791.0,False
b2c9,Batch 2,550.0,1.0730866,791.0,False
b2c9,Batch 2,553.0,1.0720674,791.0,False
b2c9,Batch 2,557.0,1.0700282,791.0,False
b2c9,Batch 2,561.0,1.0697715,791.0,False
b2c9,Batch 2,565.0,1.0683117,791.0,False
b2c9,Batch 2,568.0,1.0660175,791.0,False
b2c9,Batch 2,572.0,1.0653718,791.0,False
b2c9,Batch 2,576.0,1.0661747,791.0,False
b2c9,Batch 2,579.0,1.0654341,791.0,False
b2c9,Batch 2,583.0,1.0635587,791.0,False
b2c9,Batch 2,587.0,1.0622972,791.0,False
b2c9,Batch 2,591.0,1.0587547,791.0,False
b2c9,Batch 2,594.0,1.0603671,791.0,False
b2c9,Batch 2,598.0,1.0588126,791.0,False
b2c9,Batch 2,602.0,1.058636,791.0,False
b2c9,Batch 2,606.0,1.0554283,791.0,False
b2c9,Batch 2,609.0,1.0563318,791.0,False
b2c9,Batch 2,613.0,1.0550239,791.0,False
b2c9,Batch 2,617.0,1.0547755,791.0,False
b2c9,Batch 2,621.0,1.0518595,791.0,False
b2c9,Batch 2,624.0,1.0508264,791.0,False
b2c9,Batch 2,628.0,1.0503927,791.0,False
b2c9,Batch 2,632.0,1.0481679,791.0,False
b2c9,Batch 2,635.0,1.0439204,791.0,False
b2c9,Batch 2,639.0,1.0450349,791.0,False
b2c9,Batch 2,643.0,1.041386,791.0,False
b2c9,Batch 2,647.0,1.0401673,791.0,False
b2c9,Batch 2,650.0,1.0377566,791.0,False
b2c9,Batch 2,654.0,1.0358262,791.0,False
b2c9,Batch 2,658.0,1.0332867,791.0,False
b2c9,Batch 2,662.0,1.0317335,791.0,False
b2c9,Batch 2,665.0,1.0271788,791.0,False
b2c9,Batch 2,669.0,1.0265754,791.0,False
b2c9,Batch 2,673.0,1.0238944,791.0,False
b2c9,Batch 2,677.0,1.0203531,791.0,False
b2c9,Batch 2,680.0,1.0196786,791.0,False
b2c9,Batch 2,684.0,1.0177554,791.0,False
b2c9,Batch 2,688.0,1.0157182,791.0,False
b2c9,Batch 2,692.0,1.012249,791.0,False
b2c9,Batch 2,695.0,1.0109736,791.0,False
b2c9,Batch 2,699.0,1.0059996,791.0,False
b2c9,Batch 2,703.0,1.0043077,791.0,False
b2c9,Batch 2,706.0,1.003368,791.0,False
b2c9,Batch 2,710.0,0.99919164,791.0,False
b2c9,Batch 2,714.0,0.99526262,791.0,False
b2c9,Batch 2,718.0,0.99155527,791.0,False
b2c9,Batch 2,721.0,0.98765677,791.0,False
b2c9,Batch 2,725.0,0.98251438,791.0,False
b2c9,Batch 2,729.0,0.97982442,791.0,False
b2c9,Batch 2,733.0,0.97313637,791.0,False
b2c9,Batch 2,736.0,0.97056371,791.0,False
b2c9,Batch 2,740.0,0.96436709,791.0,False
b2c9,Batch 2,744.0,0.95948553,791.0,False
b2c9,Batch 2,748.0,0.95107388,791.0,False
b2c9,Batch 2,751.0,0.94953847,791.0,False
b2c9,Batch 2,755.0,0.94338727,791.0,False
b2c9,Batch 2,759.0,0.93524635,791.0,False
b2c9,Batch 2,762.0,0.93187201,791.0,False
b2c9,Batch 2,766.0,0.92441213,791.0,False
b2c9,Batch 2,770.0,0.91673237,791.0,False
b2c9,Batch 2,774.0,0.91084886,791.0,False
b2c9,Batch 2,777.0,0.90406245,791.0,False
b2c9,Batch 2,781.0,0.89736515,791.0,False
b2c9,Batch 2,785.0,0.88879454,791.0,False
b2c9,Batch 2,789.0,0.88306129,791.0,False
b2c9,Batch 2,792.0,0.87633967,791.0,False
b2c9,Batch 2,796.0,0.87058228,791.0,False
b2c9,Batch 2,800.0,0.86280054,791.0,False
b2c9,Batch 2,804.0,0.85605317,791.0,False
b2c9,Batch 2,807.0,0.85170007,791.0,False
b2c9,Batch 2,811.0,0.84406704,791.0,False
b2c9,Batch 2,815.0,0.83528763,791.0,False
b2c9,Batch 2,819.0,0.82610458,791.0,False
b2c10,Batch 2,1.0,1.1081897,492.0,False
b2c10,Batch 2,3.0,1.1100956,492.0,False
b2c10,Batch 2,5.0,1.1109428,492.0,False
b2c10,Batch 2,8.0,1.1090498,492.0,False
b2c10,Batch 2,10.0,1.1099281,492.0,False
b2c10,Batch 2,12.0,1.1112562,492.0,False
b2c10,Batch 2,15.0,1.1116774,492.0,False
b2c10,Batch 2,17.0,1.1114923,492.0,False
b2c10,Batch 2,19.0,1.110916,492.0,False
b2c10,Batch 2,22.0,1.1113501,492.0,False
b2c10,Batch 2,24.0,1.111967,492.0,False
b2c10,Batch 2,27.0,1.1120434,492.0,False
b2c10,Batch 2,29.0,1.1121441,492.0,False
b2c10,Batch 2,31.0,1.1113164,492.0,False
b2c10,Batch 2,34.0,1.1125773,492.0,False
b2c10,Batch 2,36.0,1.1136953,492.0,False
b2c10,Batch 2,38.0,1.1128716,492.0,False
b2c10,Batch 2,41.0,1.1126831,492.0,False
b2c10,Batch 2,43.0,1.1133509,492.0,False
b2c10,Batch 2,45.0,1.1152341,492.0,False
b2c10,Batch 2,48.0,1.1048203,492.0,False
b2c10,Batch 2,50.0,1.1069406,492.0,False
b2c10,Batch 2,53.0,1.109795,492.0,False
b2c10,Batch 2,55.0,1.1085886,492.0,False
b2c10,Batch 2,57.0,1.110118,492.0,False
b2c10,Batch 2,60.0,1.1109192,492.0,False
b2c10,Batch 2,62.0,1.1087297,492.0,False
b2c10,Batch 2,64.0,1.1118224,492.0,False
b2c10,Batch 2,67.0,1.1104747,492.0,False
b2c10,Batch 2,69.0,1.1125809,492.0,False
b2c10,Batch 2,71.0,1.1141278,492.0,False
b2c10,Batch 2,74.0,1.112713,492.0,False
b2c10,Batch 2,76.0,1.1137996,492.0,False
b2c10,Batch 2,79.0,1.1136762,492.0,False
b2c10,Batch 2,81.0,1.1139672,492.0,False
b2c10,Batch 2,83.0,1.1154741,492.0,False
b2c10,Batch 2,86.0,1.1140351,492.0,False
b2c10,Batch 2,88.0,1.1146145,492.0,False
b2c10,Batch 2,90.0,1.1166811,492.0,False
b2c10,Batch 2,93.0,1.1157849,492.0,False
b2c10,Batch 2,95.0,1.1158215,492.0,False
b2c10,Batch 2,97.0,1.1166124,492.0,False
b2c10,Batch 2,100.0,1.1162933,492.0,False
b2c10,Batch 2,102.0,1.1153437,492.0,False
b2c10,Batch 2,105.0,1.1168873,492.0,False
b2c10,Batch 2,107.0,1.1163082,492.0,False
b2c10,Batch 2,109.0,1.1166277,492.0,False
b2c10,Batch 2,112.0,1.1155382,492.0,False
b2c10,Batch 2,114.0,1.1161885,492.0,False
b2c10,Batch 2,116.0,1.1168315,492.0,False
b2c10,Batch 2,119.0,1.1174642,492.0,False
b2c10,Batch 2,121.0,1.1181563,492.0,False
b2c10,Batch 2,123.0,1.1174618,492.0,False
b2c10,Batch 2,126.0,1.1196738,492.0,False
b2c10,Batch 2,128.0,1.1182197,492.0,False
b2c10,Batch 2,131.0,1.1195891,492.0,False
b2c10,Batch 2,133.0,1.1200588,492.0,False
b2c10,Batch 2,135.0,1.1180733,492.0,False
b2c10,Batch 2,138.0,1.1173364,492.0,False
b2c10,Batch 2,140.0,1.1195277,492.0,False
b2c10,Batch 2,142.0,1.1189523,492.0,False
b2c10,Batch 2,145.0,1.1199342,492.0,False
b2c10,Batch 2,147.0,1.120368,492.0,False
b2c10,Batch 2,150.0,1.1169457,492.0,False
b2c10,Batch 2,152.0,1.1198133,492.0,False
b2c10,Batch 2,154.0,1.1198114,492.0,False
b2c10,Batch 2,157.0,1.1180598,492.0,False
b2c10,Batch 2,159.0,1.1172804,492.0,False
b2c10,Batch 2,161.0,1.1179383,492.0,False
b2c10,Batch 2,164.0,1.1176927,492.0,False
b2c10,Batch 2,166.0,1.1182498,492.0,False
b2c10,Batch 2,168.0,1.117736,492.0,False
b2c10,Batch 2,171.0,1.1177614,492.0,False
b2c10,Batch 2,173.0,1.1194278,492.0,False
b2c10,Batch 2,176.0,1.1168232,492.0,False
b2c10,Batch 2,178.0,1.1180998,492.0,False
b2c10,Batch 2,180.0,1.1173375,492.0,False
b2c10,Batch 2,183.0,1.1181695,492.0,False
b2c10,Batch 2,185.0,1.1180052,492.0,False
b2c10,Batch 2,187.0,1.1172491,492.0,False
b2c10,Batch 2,190.0,1.1173563,492.0,False
b2c10,Batch 2,192.0,1.1176064,492.0,False
b2c10,Batch 2,194.0,1.1159412,492.0,False
b2c10,Batch 2,197.0,1.1174154,492.0,False
b2c10,Batch 2,199.0,1.1163651,492.0,False
b2c10,Batch 2,202.0,1.1143728,492.0,False
b2c10,Batch 2,204.0,1.1145449,492.0,False
b2c10,Batch 2,206.0,1.1143222,492.0,False
b2c10,Batch 2,209.0,1.1132804,492.0,False
b2c10,Batch 2,211.0,1.114908,492.0,False
b2c10,Batch 2,213.0,1.1143579,492.0,False
b2c10,Batch 2,216.0,1.1130352,492.0,False
b2c10,Batch 2,218.0,1.1108156,492.0,False
b2c10,Batch 2,220.0,1.1106458,492.0,False
b2c10,Batch 2,223.0,1.1110903,492.0,False
b2c10,Batch 2,225.0,1.1117418,492.0,False
b2c10,Batch 2,228.0,1.1092043,492.0,False
b2c10,Batch 2,230.0,1.1101356,492.0,False
b2c10,Batch 2,232.0,1.1107994,492.0,False
b2c10,Batch 2,235.0,1.1092508,492.0,False
b2c10,Batch 2,237.0,1.108615,492.0,False
b2c10,Batch 2,239.0,1.1091446,492.0,False
b2c10,Batch 2,242.0,1.1076317,492.0,False
b2c10,Batch 2,244.0,1.1086041,492.0,False
b2c10,Batch 2,246.0,1.1086519,492.0,False
b2c10,Batch 2,249.0,1.1076022,492.0,False
b2c10,Batch 2,251.0,1.1073419,492.0,False
b2c10,Batch 2,254.0,1.1072803,492.0,False
b2c10,Batch 2,256.0,1.1058338,492.0,False
b2c10,Batch 2,258.0,1.1062695,492.0,False
b2c10,Batch 2,261.0,1.105571,492.0,False
b2c10,Batch 2,263.0,1.104858,492.0,False
b2c10,Batch 2,265.0,1.1044493,492.0,False
b2c10,Batch 2,268.0,1.1024916,492.0,False
b2c10,Batch 2,270.0,1.1018668,492.0,False
b2c10,Batch 2,273.0,1.1027282,492.0,False
b2c10,Batch 2,275.0,1.0992683,492.0,False
b2c10,Batch 2,277.0,1.1006272,492.0,False
b2c10,Batch 2,280.0,1.0992117,492.0,False
b2c10,Batch 2,282.0,1.0982531,492.0,False
b2c10,Batch 2,284.0,1.0990807,492.0,False
b2c10,Batch 2,287.0,1.0974212,492.0,False
b2c10,Batch 2,289.0,1.0949653,492.0,False
b2c10,Batch 2,291.0,1.0958312,492.0,False
b2c10,Batch 2,294.0,1.0953578,492.0,False
b2c10,Batch 2,296.0,1.0949672,492.0,False
b2c10,Batch 2,299.0,1.0935024,492.0,False
b2c10,Batch 2,301.0,1.092484,492.0,False
b2c10,Batch 2,303.0,1.0911654,492.0,False
b2c10,Batch 2,306.0,1.0912507,492.0,False
b2c10,Batch 2,308.0,1.0905412,492.0,False
b2c10,Batch 2,310.0,1.0883037,492.0,False
b2c10,Batch 2,313.0,1.0880083,492.0,False
b2c10,Batch 2,315.0,1.0884781,492.0,False
b2c10,Batch 2,317.0,1.0879172,492.0,False
b2c10,Batch 2,320.0,1.0877818,492.0,False
b2c10,Batch 2,322.0,1.0852889,492.0,False
b2c10,Batch 2,325.0,1.0825267,492.0,False
b2c10,Batch 2,327.0,1.0840769,492.0,False
b2c10,Batch 2,329.0,1.081486,492.0,False
b2c10,Batch 2,332.0,1.0801847,492.0,False
b2c10,Batch 2,334.0,1.0808249,492.0,False
b2c10,Batch 2,336.0,1.0784544,492.0,False
b2c10,Batch 2,339.0,1.0769907,492.0,False
b2c10,Batch 2,341.0,1.0763676,492.0,False
b2c10,Batch 2,343.0,1.0751659,492.0,False
b2c10,Batch 2,346.0,1.0733451,492.0,False
b2c10,Batch 2,348.0,1.0718063,492.0,False
b2c10,Batch 2,351.0,1.0700122,492.0,False
b2c10,Batch 2,353.0,1.0693915,492.0,False
b2c10,Batch 2,355.0,1.0667427,492.0,False
b2c10,Batch 2,358.0,1.0657938,492.0,False
b2c10,Batch 2,360.0,1.0644989,492.0,False
b2c10,Batch 2,362.0,1.0629407,492.0,False
b2c10,Batch 2,365.0,1.0615046,492.0,False
b2c10,Batch 2,367.0,1.060733,492.0,False
b2c10,Batch 2,369.0,1.0600507,492.0,False
b2c10,Batch 2,372.0,1.0556548,492.0,False
b2c10,Batch 2,374.0,1.0550596,492.0,False
b2c10,Batch 2,377.0,1.0521753,492.0,False
b2c10,Batch 2,379.0,1.0506991,492.0,False
b2c10,Batch 2,381.0,1.0477351,492.0,False
b2c10,Batch 2,384.0,1.0470377,492.0,False
b2c10,Batch 2,386.0,1.0465633,492.0,False
b2c10,Batch 2,388.0,1.0438282,492.0,False
b2c10,Batch 2,391.0,1.0423632,492.0,False
b2c10,Batch 2,393.0,1.0385427,492.0,False
b2c10,Batch 2,396.0,1.0372744,492.0,False
b2c10,Batch 2,398.0,1.0362337,492.0,False
b2c10,Batch 2,400.0,1.0326258,492.0,False
b2c10,Batch 2,403.0,1.0321426,492.0,False
b2c10,Batch 2,405.0,1.0289047,492.0,False
b2c10,Batch 2,407.0,1.0273851,492.0,False
b2c10,Batch 2,410.0,1.0244445,492.0,False
b2c10,Batch 2,412.0,1.0220767,492.0,False
b2c10,Batch 2,414.0,1.0204363,492.0,False
b2c10,Batch 2,417.0,1.015817,492.0,False
b2c10,Batch 2,419.0,1.0129979,492.0,False
b2c10,Batch 2,422.0,1.0096884,492.0,False
b2c10,Batch 2,424.0,1.0053837,492.0,False
b2c10,Batch 2,426.0,1.0042859,492.0,False
b2c10,Batch 2,429.0,0.99959153,492.0,False
b2c10,Batch 2,431.0,0.99544805,492.0,False
b2c10,Batch 2,433.0,0.99219227,492.0,False
b2c10,Batch 2,436.0,0.98801386,492.0,False
b2c10,Batch 2,438.0,0.9849692,492.0,False
b2c10,Batch 2,440.0,0.98181772,492.0,False
b2c10,Batch 2,443.0,0.97636753,492.0,False
b2c10,Batch 2,445.0,0.97253412,492.0,False
b2c10,Batch 2,448.0,0.96584189,492.0,False
b2c10,Batch 2,450.0,0.96226352,492.0,False
b2c10,Batch 2,452.0,0.95786732,492.0,False
b2c10,Batch 2,455.0,0.95254886,492.0,False
b2c10,Batch 2,457.0,0.94847965,492.0,False
b2c10,Batch 2,459.0,0.94605857,492.0,False
b2c10,Batch 2,462.0,0.93848443,492.0,False
b2c10,Batch 2,464.0,0.93624467,492.0,False
b2c10,Batch 2,466.0,0.93202442,492.0,False
b2c10,Batch 2,469.0,0.92755878,492.0,False
b2c10,Batch 2,471.0,0.92354369,492.0,False
b2c10,Batch 2,474.0,0.91721654,492.0,False
b2c10,Batch 2,476.0,0.91241783,492.0,False
b2c10,Batch 2,478.0,0.90918332,492.0,False
b2c10,Batch 2,481.0,0.90079099,492.0,False
b2c10,Batch 2,483.0,0.89983195,492.0,False
b2c10,Batch 2,485.0,0.89516622,492.0,False
b2c10,Batch 2,488.0,0.88947845,492.0,False
b2c10,Batch 2,490.0,0.88656533,492.0,False
b2c10,Batch 2,492.0,0.8799966,492.0,False
b2c10,Batch 2,495.0,0.875103,492.0,False
b2c10,Batch 2,497.0,0.87207884,492.0,False
b2c10,Batch 2,500.0,0.86712027,492.0,False
b2c10,Batch 2,502.0,0.86166453,492.0,False
b2c10,Batch 2,504.0,0.85711753,492.0,False
b2c10,Batch 2,507.0,0.85325086,492.0,False
b2c10,Batch 2,509.0,0.84790778,492.0,False
b2c10,Batch 2,511.0,0.84414935,492.0,False
b2c10,Batch 2,514.0,0.83683354,492.0,False
b2c10,Batch 2,516.0,0.83227563,492.0,False
b2c10,Batch 2,519.0,0.82791102,492.0,False
b2c11,Batch 2,1.0,1.0964632,449.0,False
b2c11,Batch 2,3.0,1.0984064,449.0,False
b2c11,Batch 2,5.0,1.0971565,449.0,False
b2c11,Batch 2,7.0,1.0980698,449.0,False
b2c11,Batch 2,9.0,1.0973328,449.0,False
b2c11,Batch 2,11.0,1.0982047,449.0,False
b2c11,Batch 2,13.0,1.0998559,449.0,False
b2c11,Batch 2,15.0,1.0985316,449.0,False
b2c11,Batch 2,18.0,1.0996583,449.0,False
b2c11,Batch 2,20.0,1.0994618,449.0,False
b2c11,Batch 2,22.0,1.1005223,449.0,False
b2c11,Batch 2,24.0,1.1011547,449.0,False
b2c11,Batch 2,26.0,1.0989101,449.0,False
b2c11,Batch 2,28.0,1.1004893,449.0,False
b2c11,Batch 2,30.0,1.0981206,449.0,False
b2c11,Batch 2,32.0,1.1008356,449.0,False
b2c11,Batch 2,35.0,1.1007982,449.0,False
b2c11,Batch 2,37.0,1.102071,449.0,False
b2c11,Batch 2,39.0,1.104144,449.0,False
b2c11,Batch 2,41.0,1.1020097,449.0,False
b2c11,Batch 2,43.0,1.1034994,449.0,False
b2c11,Batch 2,45.0,1.1023296,449.0,False
b2c11,Batch 2,47.0,1.0999652,449.0,False
b2c11,Batch 2,50.0,1.1006769,449.0,False
b2c11,Batch 2,52.0,1.1026856,449.0,False
b2c11,Batch 2,54.0,1.1012563,449.0,False
b2c11,Batch 2,56.0,1.1024331,449.0,False
b2c11,Batch 2,58.0,1.1038885,449.0,False
b2c11,Batch 2,60.0,1.1019106,449.0,False
b2c11,Batch 2,62.0,1.1023384,449.0,False
b2c11,Batch 2,64.0,1.1008258,449.0,False
b2c11,Batch 2,67.0,1.1038082,449.0,False
b2c11,Batch 2,69.0,1.1033725,449.0,False
b2c11,Batch 2,71.0,1.103097,449.0,False
b2c11,Batch 2,73.0,1.1025608,449.0,False
b2c11,Batch 2,75.0,1.1047931,449.0,False
b2c11,Batch 2,77.0,1.1050839,449.0,False
b2c11,Batch 2,79.0,1.1056095,449.0,False
b2c11,Batch 2,82.0,1.1054267,449.0,False
b2c11,Batch 2,84.0,1.1089141,449.0,False
b2c11,Batch 2,86.0,1.1070589,449.0,False
b2c11,Batch 2,88.0,1.1066636,449.0,False
b2c11,Batch 2,90.0,1.1065263,449.0,False
b2c11,Batch 2,92.0,1.1078925,449.0,False
b2c11,Batch 2,94.0,1.1094658,449.0,False
b2c11,Batch 2,96.0,1.1072989,449.0,False
b2c11,Batch 2,99.0,1.1092116,449.0,False
b2c11,Batch 2,101.0,1.1087139,449.0,False
b2c11,Batch 2,103.0,1.1099746,449.0,False
b2c11,Batch 2,105.0,1.1103019,449.0,False
b2c11,Batch 2,107.0,1.1112248,449.0,False
b2c11,Batch 2,109.0,1.1084576,449.0,False
b2c11,Batch 2,111.0,1.1116519,449.0,False
b2c11,Batch 2,114.0,1.110801,449.0,False
b2c11,Batch 2,116.0,1.1098045,449.0,False
b2c11,Batch 2,118.0,1.1111027,449.0,False
b2c11,Batch 2,120.0,1.1096995,449.0,False
b2c11,Batch 2,122.0,1.11121,449.0,False
b2c11,Batch 2,124.0,1.1122284,449.0,False
b2c11,Batch 2,126.0,1.1113257,449.0,False
b2c11,Batch 2,128.0,1.1114302,449.0,False
b2c11,Batch 2,131.0,1.1126626,449.0,False
b2c11,Batch 2,133.0,1.112198,449.0,False
b2c11,Batch 2,135.0,1.1132337,449.0,False
b2c11,Batch 2,137.0,1.1119167,449.0,False
b2c11,Batch 2,139.0,1.1115243,449.0,False
b2c11,Batch 2,141.0,1.1128362,449.0,False
b2c11,Batch 2,143.0,1.1116996,449.0,False
b2c11,Batch 2,146.0,1.111393,449.0,False
b2c11,Batch 2,148.0,1.1119305,449.0,False
b2c11,Batch 2,150.0,1.1144173,449.0,False
b2c11,Batch 2,152.0,1.1122129,449.0,False
b2c11,Batch 2,154.0,1.1123875,449.0,False
b2c11,Batch 2,156.0,1.1128206,449.0,False
b2c11,Batch 2,158.0,1.1150701,449.0,False
b2c11,Batch 2,160.0,1.113057,449.0,False
b2c11,Batch 2,163.0,1.1129166,449.0,False
b2c11,Batch 2,165.0,1.1123381,449.0,False
b2c11,Batch 2,167.0,1.1113122,449.0,False
b2c11,Batch 2,169.0,1.1124287,449.0,False
b2c11,Batch 2,171.0,1.1134794,449.0,False
b2c11,Batch 2,173.0,1.1112068,449.0,False
b2c11,Batch 2,175.0,1.1119345,449.0,False
b2c11,Batch 2,177.0,1.1141691,449.0,False
b2c11,Batch 2,180.0,1.1118569,449.0,False
b2c11,Batch 2,182.0,1.1117667,449.0,False
b2c11,Batch 2,184.0,1.1124145,449.0,False
b2c11,Batch 2,186.0,1.114266,449.0,False
b2c11,Batch 2,188.0,1.1128868,449.0,False
b2c11,Batch 2,190.0,1.1116189,449.0,False
b2c11,Batch 2,192.0,1.1111579,449.0,False
b2c11,Batch 2,195.0,1.1127437,449.0,False
b2c11,Batch 2,197.0,1.1105638,449.0,False
b2c11,Batch 2,199.0,1.1106503,449.0,False
b2c11,Batch 2,201.0,1.1128597,449.0,False
b2c11,Batch 2,203.0,1.1112937,449.0,False
b2c11,Batch 2,205.0,1.1123108,449.0,False
b2c11,Batch 2,207.0,1.1105816,449.0,False
b2c11,Batch 2,209.0,1.1101391,449.0,False
b2c11,Batch 2,212.0,1.1121881,449.0,False
b2c11,Batch 2,214.0,1.1089038,449.0,False
b2c11,Batch 2,216.0,1.1106427,449.0,False
b2c11,Batch 2,218.0,1.110535,449.0,False
b2c11,Batch 2,220.0,1.1114753,449.0,False
b2c11,Batch 2,222.0,1.1094255,449.0,False
b2c11,Batch 2,224.0,1.1095055,449.0,False
b2c11,Batch 2,227.0,1.1090873,449.0,False
b2c11,Batch 2,229.0,1.1093819,449.0,False
b2c11,Batch 2,231.0,1.1092004,449.0,False
b2c11,Batch 2,233.0,1.107844,449.0,False
b2c11,Batch 2,235.0,1.107234,449.0,False
b2c11,Batch 2,237.0,1.1080981,449.0,False
b2c11,Batch 2,239.0,1.1069472,449.0,False
b2c11,Batch 2,241.0,1.1062934,449.0,False
b2c11,Batch 2,244.0,1.107654,449.0,False
b2c11,Batch 2,246.0,1.1055212,449.0,False
b2c11,Batch 2,248.0,1.1063596,449.0,False
b2c11,Batch 2,250.0,1.105428,449.0,False
b2c11,Batch 2,252.0,1.105624,449.0,False
b2c11,Batch 2,254.0,1.1064125,449.0,False
b2c11,Batch 2,256.0,1.1050617,449.0,False
b2c11,Batch 2,259.0,1.1035143,449.0,False
b2c11,Batch 2,261.0,1.1038631,449.0,False
b2c11,Batch 2,263.0,1.10261,449.0,False
b2c11,Batch 2,265.0,1.1028336,449.0,False
b2c11,Batch 2,267.0,1.103405,449.0,False
b2c11,Batch 2,269.0,1.1036124,449.0,False
b2c11,Batch 2,271.0,1.102334,449.0,False
b2c11,Batch 2,273.0,1.1016182,449.0,False
b2c11,Batch 2,276.0,1.1002605,449.0,False
b2c11,Batch 2,278.0,1.1025673,449.0,False
b2c11,Batch 2,280.0,1.0990003,449.0,False
b2c11,Batch 2,282.0,1.0994412,449.0,False
b2c11,Batch 2,284.0,1.0982931,449.0,False
b2c11,Batch 2,286.0,1.0991317,449.0,False
b2c11,Batch 2,288.0,1.0965707,449.0,False
b2c11,Batch 2,291.0,1.0961381,449.0,False
b2c11,Batch 2,293.0,1.0957948,449.0,False
b2c11,Batch 2,295.0,1.0963343,449.0,False
b2c11,Batch 2,297.0,1.0941849,449.0,False
b2c11,Batch 2,299.0,1.0958121,449.0,False
b2c11,Batch 2,301.0,1.0923691,449.0,False
b2c11,Batch 2,303.0,1.0912534,449.0,False
b2c11,Batch 2,305.0,1.0923405,449.0,False
b2c11,Batch 2,308.0,1.0895878,449.0,False
b2c11,Batch 2,310.0,1.090359,449.0,False
b2c11,Batch 2,312.0,1.0881326,449.0,False
b2c11,Batch 2,314.0,1.087617,449.0,False
b2c11,Batch 2,316.0,1.0869371,449.0,False
b2c11,Batch 2,318.0,1.0872337,449.0,False
b2c11,Batch 2,320.0,1.0848709,449.0,False
b2c11,Batch 2,322.0,1.0849675,449.0,False
b2c11,Batch 2,325.0,1.0830225,449.0,False
b2c11,Batch 2,327.0,1.0788366,449.0,False
b2c11,Batch 2,329.0,1.0811415,449.0,False
b2c11,Batch 2,331.0,1.0802287,449.0,False
b2c11,Batch 2,333.0,1.0787772,449.0,False
b2c11,Batch 2,335.0,1.0783708,449.0,False
b2c11,Batch 2,337.0,1.0767937,449.0,False
b2c11,Batch 2,340.0,1.0758935,449.0,False
b2c11,Batch 2,342.0,1.0738682,449.0,False
b2c11,Batch 2,344.0,1.0697989,449.0,False
b2c11,Batch 2,346.0,1.0694962,449.0,False
b2c11,Batch 2,348.0,1.0693995,449.0,False
b2c11,Batch 2,350.0,1.0669792,449.0,False
b2c11,Batch 2,352.0,1.0669737,449.0,False
b2c11,Batch 2,354.0,1.0633836,449.0,False
b2c11,Batch 2,357.0,1.0618138,449.0,False
b2c11,Batch 2,359.0,1.0587831,449.0,False
b2c11,Batch 2,361.0,1.0578136,449.0,False
b2c11,Batch 2,363.0,1.0557894,449.0,False
b2c11,Batch 2,365.0,1.0536766,449.0,False
b2c11,Batch 2,367.0,1.0507804,449.0,False
b2c11,Batch 2,369.0,1.0512961,449.0,False
b2c11,Batch 2,372.0,1.0461905,449.0,False
b2c11,Batch 2,374.0,1.0445411,449.0,False
b2c11,Batch 2,376.0,1.0413309,449.0,False
b2c11,Batch 2,378.0,1.039483,449.0,False
b2c11,Batch 2,380.0,1.0366931,449.0,False
b2c11,Batch 2,382.0,1.0345594,449.0,False
b2c11,Batch 2,384.0,1.0301461,449.0,False
b2c11,Batch 2,386.0,1.0272018,449.0,False
b2c11,Batch 2,389.0,1.0226399,449.0,False
b2c11,Batch 2,391.0,1.0180886,449.0,False
b2c11,Batch 2,393.0,1.0156528,449.0,False
b2c11,Batch 2,395.0,1.0115637,449.0,False
b2c11,Batch 2,397.0,1.0084205,449.0,False
b2c11,Batch 2,399.0,1.0042381,449.0,False
b2c11,Batch 2,401.0,1.0017564,449.0,False
b2c11,Batch 2,404.0,0.99445367,449.0,False
b2c11,Batch 2,406.0,0.98885655,449.0,False
b2c11,Batch 2,408.0,0.98210341,449.0,False
b2c11,Batch 2,410.0,0.97996849,449.0,False
b2c11,Batch 2,412.0,0.97526264,449.0,False
b2c11,Batch 2,414.0,0.97076565,449.0,False
b2c11,Batch 2,416.0,0.96531051,449.0,False
b2c11,Batch 2,418.0,0.95768076,449.0,False
b2c11,Batch 2,421.0,0.95307207,449.0,False
b2c11,Batch 2,423.0,0.94712549,449.0,False
b2c11,Batch 2,425.0,0.9419871,449.0,False
b2c11,Batch 2,427.0,0.93756986,449.0,False
b2c11,Batch 2,429.0,0.93264395,449.0,False
b2c11,Batch 2,431.0,0.9273541,449.0,False
b2c11,Batch 2,433.0,0.92195791,449.0,False
b2c11,Batch 2,436.0,0.91322547,449.0,False
b2c11,Batch 2,438.0,0.90919262,449.0,False
b2c11,Batch 2,440.0,0.9043045,449.0,False
b2c11,Batch 2,442.0,0.8983621,449.0,False
b2c11,Batch 2,444.0,0.89209765,449.0,False
b2c11,Batch 2,446.0,0.88699937,449.0,False
b2c11,Batch 2,448.0,0.88150233,449.0,False
b2c11,Batch 2,450.0,0.87482113,449.0,False
b2c11,Batch 2,453.0,0.86604261,449.0,False
b2c11,Batch 2,455.0,0.86265707,449.0,False
b2c11,Batch 2,457.0,0.85742843,449.0,False
b2c11,Batch 2,459.0,0.85061783,449.0,False
b2c11,Batch 2,461.0,0.84581643,449.0,False
b2c11,Batch 2,463.0,0.84120536,449.0,False
b2c11,Batch 2,465.0,0.83498895,449.0,False
b2c11,Batch 2,468.0,0.82524824,449.0,False
b2c12,Batch 2,1.0,1.1009463,466.0,False
b2c12,Batch 2,3.0,1.1036935,466.0,False
b2c12,Batch 2,5.0,1.1038435,466.0,False
b2c12,Batch 2,7.0,1.1032505,466.0,False
b2c12,Batch 2,9.0,1.1036737,466.0,False
b2c12,Batch 2,12.0,1.1012919,466.0,False
b2c12,Batch 2,14.0,1.1031756,466.0,False
b2c12,Batch 2,16.0,1.1043751,466.0,False
b2c12,Batch 2,18.0,1.1035104,466.0,False
b2c12,Batch 2,21.0,1.1041013,466.0,False
b2c12,Batch 2,23.0,1.1047375,466.0,False
b2c12,Batch 2,25.0,1.1040194,466.0,False
b2c12,Batch 2,27.0,1.1045214,466.0,False
b2c12,Batch 2,30.0,1.1042125,466.0,False
b2c12,Batch 2,32.0,1.1044132,466.0,False
b2c12,Batch 2,34.0,1.1031257,466.0,False
b2c12,Batch 2,36.0,1.1056067,466.0,False
b2c12,Batch 2,39.0,1.1036484,466.0,False
b2c12,Batch 2,41.0,1.1060672,466.0,False
b2c12,Batch 2,43.0,1.1050606,466.0,False
b2c12,Batch 2,45.0,1.1060481,466.0,False
b2c12,Batch 2,48.0,1.1054281,466.0,False
b2c12,Batch 2,50.0,1.0978094,466.0,False
b2c12,Batch 2,52.0,1.1013004,466.0,False
b2c12,Batch 2,54.0,1.1011499,466.0,False
b2c12,Batch 2,57.0,1.1033882,466.0,False
b2c12,Batch 2,59.0,1.1034144,466.0,False
b2c12,Batch 2,61.0,1.1013921,466.0,False
b2c12,Batch 2,63.0,1.1037034,466.0,False
b2c12,Batch 2,66.0,1.1023756,466.0,False
b2c12,Batch 2,68.0,1.1024493,466.0,False
b2c12,Batch 2,70.0,1.1054484,466.0,False
b2c12,Batch 2,72.0,1.1055067,466.0,False
b2c12,Batch 2,75.0,1.104005,466.0,False
b2c12,Batch 2,77.0,1.1034743,466.0,False
b2c12,Batch 2,79.0,1.1049323,466.0,False
b2c12,Batch 2,81.0,1.1023369,466.0,False
b2c12,Batch 2,84.0,1.1046505,466.0,False
b2c12,Batch 2,86.0,1.1048869,466.0,False
b2c12,Batch 2,88.0,1.1077628,466.0,False
b2c12,Batch 2,90.0,1.1071166,466.0,False
b2c12,Batch 2,93.0,1.1070158,466.0,False
b2c12,Batch 2,95.0,1.1083778,466.0,False
b2c12,Batch 2,97.0,1.1070908,466.0,False
b2c12,Batch 2,99.0,1.1076849,466.0,False
b2c12,Batch 2,102.0,1.106334,466.0,False
b2c12,Batch 2,104.0,1.105091,466.0,False
b2c12,Batch 2,106.0,1.108443,466.0,False
b2c12,Batch 2,108.0,1.1069297,466.0,False
b2c12,Batch 2,111.0,1.1058699,466.0,False
b2c12,Batch 2,113.0,1.1075453,466.0,False
b2c12,Batch 2,115.0,1.1071253,466.0,False
b2c12,Batch 2,117.0,1.1085418,466.0,False
b2c12,Batch 2,120.0,1.1070212,466.0,False
b2c12,Batch 2,122.0,1.1070242,466.0,False
b2c12,Batch 2,124.0,1.1069461,466.0,False
b2c12,Batch 2,126.0,1.1064053,466.0,False
b2c12,Batch 2,129.0,1.1073521,466.0,False
b2c12,Batch 2,131.0,1.1076026,466.0,False
b2c12,Batch 2,133.0,1.105983,466.0,False
b2c12,Batch 2,135.0,1.1059935,466.0,False
b2c12,Batch 2,138.0,1.1052804,466.0,False
b2c12,Batch 2,140.0,1.106971,466.0,False
b2c12,Batch 2,142.0,1.1055413,466.0,False
b2c12,Batch 2,144.0,1.1052076,466.0,False
b2c12,Batch 2,147.0,1.1037433,466.0,False
b2c12,Batch 2,149.0,1.1048385,466.0,False
b2c12,Batch 2,151.0,1.1049941,466.0,False
b2c12,Batch 2,153.0,1.1032143,466.0,False
b2c12,Batch 2,156.0,1.1044571,466.0,False
b2c12,Batch 2,158.0,1.1029251,466.0,False
b2c12,Batch 2,160.0,1.103515,466.0,False
b2c12,Batch 2,162.0,1.1013064,466.0,False
b2c12,Batch 2,165.0,1.1022737,466.0,False
b2c12,Batch 2,167.0,1.1028003,466.0,False
b2c12,Batch 2,169.0,1.0997604,466.0,False
b2c12,Batch 2,171.0,1.1010945,466.0,False
b2c12,Batch 2,173.0,1.1026815,466.0,False
b2c12,Batch 2,176.0,1.0994786,466.0,False
b2c12,Batch 2,178.0,1.1004155,466.0,False
b2c12,Batch 2,180.0,1.0987999,466.0,False
b2c12,Batch 2,182.0,1.0984815,466.0,False
b2c12,Batch 2,185.0,1.0968484,466.0,False
b2c12,Batch 2,187.0,1.0981877,466.0,False
b2c12,Batch 2,189.0,1.098038,466.0,False
b2c12,Batch 2,191.0,1.0991724,466.0,False
b2c12,Batch 2,194.0,1.0949222,466.0,False
b2c12,Batch 2,196.0,1.0948805,466.0,False
b2c12,Batch 2,198.0,1.0959401,466.0,False
b2c12,Batch 2,200.0,1.0952098,466.0,False
b2c12,Batch 2,203.0,1.0957439,466.0,False
b2c12,Batch 2,205.0,1.0949641,466.0,False
b2c12,Batch 2,207.0,1.0935838,466.0,False
b2c12,Batch 2,209.0,1.0916554,466.0,False
b2c12,Batch 2,212.0,1.0919096,466.0,False
b2c12,Batch 2,214.0,1.0923347,466.0,False
b2c12,Batch 2,216.0,1.0924146,466.0,False
b2c12,Batch 2,218.0,1.0909628,466.0,False
b2c12,Batch 2,221.0,1.0884436,466.0,False
b2c12,Batch 2,223.0,1.0907077,466.0,False
b2c12,Batch 2,225.0,1.0902197,466.0,False
b2c12,Batch 2,227.0,1.0887524,466.0,False
b2c12,Batch 2,230.0,1.0879979,466.0,False
b2c12,Batch 2,232.0,1.0861477,466.0,False
b2c12,Batch 2,234.0,1.0868436,466.0,False
b2c12,Batch 2,236.0,1.0865167,466.0,False
b2c12,Batch 2,239.0,1.0864383,466.0,False
b2c12,Batch 2,241.0,1.0844193,466.0,False
b2c12,Batch 2,243.0,1.0836464,466.0,False
b2c12,Batch 2,245.0,1.0832051,466.0,False
b2c12,Batch 2,248.0,1.08095,466.0,False
b2c12,Batch 2,250.0,1.081479,466.0,False
b2c12,Batch 2,252.0,1.0812925,466.0,False
b2c12,Batch 2,254.0,1.0813953,466.0,False
b2c12,Batch 2,257.0,1.0809416,466.0,False
b2c12,Batch 2,259.0,1.077746,466.0,False
b2c12,Batch 2,261.0,1.0791705,466.0,False
b2c12,Batch 2,263.0,1.0790142,466.0,False
b2c12,Batch 2,266.0,1.0747553,466.0,False
b2c12,Batch 2,268.0,1.076696,466.0,False
b2c12,Batch 2,270.0,1.0734763,466.0,False
b2c12,Batch 2,272.0,1.0747809,466.0,False
b2c12,Batch 2,275.0,1.0710984,466.0,False
b2c12,Batch 2,277.0,1.0720152,466.0,False
b2c12,Batch 2,279.0,1.0715227,466.0,False
b2c12,Batch 2,281.0,1.0705456,466.0,False
b2c12,Batch 2,284.0,1.0702565,466.0,False
b2c12,Batch 2,286.0,1.0676367,466.0,False
b2c12,Batch 2,288.0,1.0666997,466.0,False
b2c12,Batch 2,290.0,1.0667385,466.0,False
b2c12,Batch 2,293.0,1.0648391,466.0,False
b2c12,Batch 2,295.0,1.0611248,466.0,False
b2c12,Batch 2,297.0,1.0611266,466.0,False
b2c12,Batch 2,299.0,1.0608594,466.0,False
b2c12,Batch 2,302.0,1.0604347,466.0,False
b2c12,Batch 2,304.0,1.0591823,466.0,False
b2c12,Batch 2,306.0,1.0593498,466.0,False
b2c12,Batch 2,308.0,1.0572205,466.0,False
b2c12,Batch 2,311.0,1.0555868,466.0,False
b2c12,Batch 2,313.0,1.0534371,466.0,False
b2c12,Batch 2,315.0,1.0538863,466.0,False
b2c12,Batch 2,317.0,1.0511,466.0,False
b2c12,Batch 2,320.0,1.0499288,466.0,False
b2c12,Batch 2,322.0,1.0484676,466.0,False
b2c12,Batch 2,324.0,1.0463293,466.0,False
b2c12,Batch 2,326.0,1.0465171,466.0,False
b2c12,Batch 2,329.0,1.0444617,466.0,False
b2c12,Batch 2,331.0,1.0441771,466.0,False
b2c12,Batch 2,333.0,1.0427892,466.0,False
b2c12,Batch 2,335.0,1.0411056,466.0,False
b2c12,Batch 2,337.0,1.040776,466.0,False
b2c12,Batch 2,340.0,1.0379066,466.0,False
b2c12,Batch 2,342.0,1.0372795,466.0,False
b2c12,Batch 2,344.0,1.0356827,466.0,False
b2c12,Batch 2,346.0,1.0325177,466.0,False
b2c12,Batch 2,349.0,1.0318391,466.0,False
b2c12,Batch 2,351.0,1.028483,466.0,False
b2c12,Batch 2,353.0,1.0285324,466.0,False
b2c12,Batch 2,355.0,1.0271837,466.0,False
b2c12,Batch 2,358.0,1.0239536,466.0,False
b2c12,Batch 2,360.0,1.0241599,466.0,False
b2c12,Batch 2,362.0,1.0206739,466.0,False
b2c12,Batch 2,364.0,1.0200212,466.0,False
b2c12,Batch 2,367.0,1.0182122,466.0,False
b2c12,Batch 2,369.0,1.0163982,466.0,False
b2c12,Batch 2,371.0,1.0145321,466.0,False
b2c12,Batch 2,373.0,1.0113504,466.0,False
b2c12,Batch 2,376.0,1.0096539,466.0,False
b2c12,Batch 2,378.0,1.007918,466.0,False
b2c12,Batch 2,380.0,1.0059164,466.0,False
b2c12,Batch 2,382.0,1.0026083,466.0,False
b2c12,Batch 2,385.0,1.0014265,466.0,False
b2c12,Batch 2,387.0,0.99929124,466.0,False
b2c12,Batch 2,389.0,0.99704874,466.0,False
b2c12,Batch 2,391.0,0.99319333,466.0,False
b2c12,Batch 2,394.0,0.99226451,466.0,False
b2c12,Batch 2,396.0,0.9902668,466.0,False
b2c12,Batch 2,398.0,0.98806483,466.0,False
b2c12,Batch 2,400.0,0.98571658,466.0,False
b2c12,Batch 2,403.0,0.98139679,466.0,False
b2c12,Batch 2,405.0,0.97958779,466.0,False
b2c12,Batch 2,407.0,0.97764623,466.0,False
b2c12,Batch 2,409.0,0.97416055,466.0,False
b2c12,Batch 2,412.0,0.97153866,466.0,False
b2c12,Batch 2,414.0,0.96905082,466.0,False
b2c12,Batch 2,416.0,0.96505576,466.0,False
b2c12,Batch 2,418.0,0.96422517,466.0,False
b2c12,Batch 2,421.0,0.95883232,466.0,False
b2c12,Batch 2,423.0,0.95706964,466.0,False
b2c12,Batch 2,425.0,0.95365667,466.0,False
b2c12,Batch 2,427.0,0.95116657,466.0,False
b2c12,Batch 2,430.0,0.94563609,466.0,False
b2c12,Batch 2,432.0,0.94164348,466.0,False
b2c12,Batch 2,434.0,0.93881857,466.0,False
b2c12,Batch 2,436.0,0.93426418,466.0,False
b2c12,Batch 2,439.0,0.9298746,466.0,False
b2c12,Batch 2,441.0,0.92518449,466.0,False
b2c12,Batch 2,443.0,0.92256832,466.0,False
b2c12,Batch 2,445.0,0.91767174,466.0,False
b2c12,Batch 2,448.0,0.91243529,466.0,False
b2c12,Batch 2,450.0,0.90831828,466.0,False
b2c12,Batch 2,452.0,0.90675533,466.0,False
b2c12,Batch 2,454.0,0.90038764,466.0,False
b2c12,Batch 2,457.0,0.89634699,466.0,False
b2c12,Batch 2,459.0,0.89222711,466.0,False
b2c12,Batch 2,461.0,0.888004,466.0,False
b2c12,Batch 2,463.0,0.88586849,466.0,False
b2c12,Batch 2,466.0,0.87776774,466.0,False
b2c12,Batch 2,468.0,0.87440926,466.0,False
b2c12,Batch 2,470.0,0.87200409,466.0,False
b2c12,Batch 2,472.0,0.86838526,466.0,False
b2c12,Batch 2,475.0,0.86241114,466.0,False
b2c12,Batch 2,477.0,0.85742587,466.0,False
b2c12,Batch 2,479.0,0.85511982,466.0,False
b2c12,Batch 2,481.0,0.85008824,466.0,False
b2c12,Batch 2,484.0,0.8448143,466.0,False
b2c12,Batch 2,486.0,0.8411755,466.0,False
b2c12,Batch 2,488.0,0.83513957,466.0,False
b2c12,Batch 2,490.0,0.83082145,466.0,False
b2c12,Batch 2,493.0,0.82528538,466.0,False
b2c13,Batch 2,1.0,1.0958186,460.0,False
b2c13,Batch 2,3.0,1.0962155,460.0,False
b2c13,Batch 2,5.0,1.0958209,460.0,False
b2c13,Batch 2,7.0,1.0954682,460.0,False
b2c13,Batch 2,9.0,1.0963813,460.0,False
b2c13,Batch 2,12.0,1.0960945,460.0,False
b2c13,Batch 2,14.0,1.0964546,460.0,False
b2c13,Batch 2,16.0,1.0967793,460.0,False
b2c13,Batch 2,18.0,1.0972735,460.0,False
b2c13,Batch 2,20.0,1.0958774,460.0,False
b2c13,Batch 2,23.0,1.0962541,460.0,False
b2c13,Batch 2,25.0,1.0961696,460.0,False
b2c13,Batch 2,27.0,1.0943227,460.0,False
b2c13,Batch 2,29.0,1.0953584,460.0,False
b2c13,Batch 2,31.0,1.0956577,460.0,False
b2c13,Batch 2,34.0,1.0961756,460.0,False
b2c13,Batch 2,36.0,1.0957121,460.0,False
b2c13,Batch 2,38.0,1.0953662,460.0,False
b2c13,Batch 2,40.0,1.0950729,460.0,False
b2c13,Batch 2,42.0,1.0954757,460.0,False
b2c13,Batch 2,45.0,1.0963019,460.0,False
b2c13,Batch 2,47.0,1.0958422,460.0,False
b2c13,Batch 2,49.0,1.0917236,460.0,False
b2c13,Batch 2,51.0,1.0924516,460.0,False
b2c13,Batch 2,53.0,1.0941615,460.0,False
b2c13,Batch 2,56.0,1.0933465,460.0,False
b2c13,Batch 2,58.0,1.0936733,460.0,False
b2c13,Batch 2,60.0,1.0923387,460.0,False
b2c13,Batch 2,62.0,1.093944,460.0,False
b2c13,Batch 2,64.0,1.0933012,460.0,False
b2c13,Batch 2,67.0,1.094173,460.0,False
b2c13,Batch 2,69.0,1.0953083,460.0,False
b2c13,Batch 2,71.0,1.095376,460.0,False
b2c13,Batch 2,73.0,1.0940825,460.0,False
b2c13,Batch 2,75.0,1.0961686,460.0,False
b2c13,Batch 2,78.0,1.0950773,460.0,False
b2c13,Batch 2,80.0,1.0925674,460.0,False
b2c13,Batch 2,82.0,1.0946892,460.0,False
b2c13,Batch 2,84.0,1.0959036,460.0,False
b2c13,Batch 2,86.0,1.0964648,460.0,False
b2c13,Batch 2,89.0,1.0950236,460.0,False
b2c13,Batch 2,91.0,1.094233,460.0,False
b2c13,Batch 2,93.0,1.0938289,460.0,False
b2c13,Batch 2,95.0,1.0959765,460.0,False
b2c13,Batch 2,97.0,1.0975729,460.0,False
b2c13,Batch 2,100.0,1.0951428,460.0,False
b2c13,Batch 2,102.0,1.0940742,460.0,False
b2c13,Batch 2,104.0,1.096011,460.0,False
b2c13,Batch 2,106.0,1.0952015,460.0,False
b2c13,Batch 2,108.0,1.0974087,460.0,False
b2c13,Batch 2,111.0,1.0966303,460.0,False
b2c13,Batch 2,113.0,1.0969507,460.0,False
b2c13,Batch 2,115.0,1.0956786,460.0,False
b2c13,Batch 2,117.0,1.0971467,460.0,False
b2c13,Batch 2,119.0,1.0937512,460.0,False
b2c13,Batch 2,122.0,1.0963005,460.0,False
b2c13,Batch 2,124.0,1.0950748,460.0,False
b2c13,Batch 2,126.0,1.096686,460.0,False
b2c13,Batch 2,128.0,1.0956365,460.0,False
b2c13,Batch 2,130.0,1.0955505,460.0,False
b2c13,Batch 2,133.0,1.0961263,460.0,False
b2c13,Batch 2,135.0,1.0965935,460.0,False
b2c13,Batch 2,137.0,1.0961626,460.0,False
b2c13,Batch 2,139.0,1.0962278,460.0,False
b2c13,Batch 2,141.0,1.0953608,460.0,False
b2c13,Batch 2,144.0,1.0957767,460.0,False
b2c13,Batch 2,146.0,1.0940356,460.0,False
b2c13,Batch 2,148.0,1.0931116,460.0,False
b2c13,Batch 2,150.0,1.0932422,460.0,False
b2c13,Batch 2,152.0,1.0948507,460.0,False
b2c13,Batch 2,155.0,1.0939898,460.0,False
b2c13,Batch 2,157.0,1.0939409,460.0,False
b2c13,Batch 2,159.0,1.0932999,460.0,False
b2c13,Batch 2,161.0,1.0937201,460.0,False
b2c13,Batch 2,163.0,1.0935917,460.0,False
b2c13,Batch 2,166.0,1.0921686,460.0,False
b2c13,Batch 2,168.0,1.0940896,460.0,False
b2c13,Batch 2,170.0,1.0929009,460.0,False
b2c13,Batch 2,172.0,1.0903449,460.0,False
b2c13,Batch 2,174.0,1.0943379,460.0,False
b2c13,Batch 2,177.0,1.0927751,460.0,False
b2c13,Batch 2,179.0,1.0916641,460.0,False
b2c13,Batch 2,181.0,1.0926712,460.0,False
b2c13,Batch 2,183.0,1.0907769,460.0,False
b2c13,Batch 2,185.0,1.0902705,460.0,False
b2c13,Batch 2,188.0,1.0915625,460.0,False
b2c13,Batch 2,190.0,1.0915775,460.0,False
b2c13,Batch 2,192.0,1.0911547,460.0,False
b2c13,Batch 2,194.0,1.0902888,460.0,False
b2c13,Batch 2,196.0,1.0896593,460.0,False
b2c13,Batch 2,199.0,1.0910971,460.0,False
b2c13,Batch 2,201.0,1.0878928,460.0,False
b2c13,Batch 2,203.0,1.0893401,460.0,False
b2c13,Batch 2,205.0,1.0886084,460.0,False
b2c13,Batch 2,207.0,1.0892453,460.0,False
b2c13,Batch 2,210.0,1.0867161,460.0,False
b2c13,Batch 2,212.0,1.0890325,460.0,False
b2c13,Batch 2,214.0,1.0876958,460.0,False
b2c13,Batch 2,216.0,1.088331,460.0,False
b2c13,Batch 2,218.0,1.0862052,460.0,False
b2c13,Batch 2,221.0,1.0867473,460.0,False
b2c13,Batch 2,223.0,1.0859131,460.0,False
b2c13,Batch 2,225.0,1.0838565,460.0,False
b2c13,Batch 2,227.0,1.0855479,460.0,False
b2c13,Batch 2,229.0,1.0839299,460.0,False
b2c13,Batch 2,232.0,1.083714,460.0,False
b2c13,Batch 2,234.0,1.0835789,460.0,False
b2c13,Batch 2,236.0,1.0819788,460.0,False
b2c13,Batch 2,238.0,1.082673,460.0,False
b2c13,Batch 2,240.0,1.0834873,460.0,False
b2c13,Batch 2,243.0,1.0835824,460.0,False
b2c13,Batch 2,245.0,1.0819781,460.0,False
b2c13,Batch 2,247.0,1.0822132,460.0,False
b2c13,Batch 2,249.0,1.0808662,460.0,False
b2c13,Batch 2,251.0,1.0806974,460.0,False
b2c13,Batch 2,254.0,1.0784551,460.0,False
b2c13,Batch 2,256.0,1.0780444,460.0,False
b2c13,Batch 2,258.0,1.0772489,460.0,False
b2c13,Batch 2,260.0,1.0762364,460.0,False
b2c13,Batch 2,262.0,1.078143,460.0,False
b2c13,Batch 2,265.0,1.0771518,460.0,False
b2c13,Batch 2,267.0,1.0767046,460.0,False
b2c13,Batch 2,269.0,1.0751919,460.0,False
b2c13,Batch 2,271.0,1.0751991,460.0,False
b2c13,Batch 2,273.0,1.0736002,460.0,False
b2c13,Batch 2,276.0,1.0751083,460.0,False
b2c13,Batch 2,278.0,1.0742012,460.0,False
b2c13,Batch 2,280.0,1.0726728,460.0,False
b2c13,Batch 2,282.0,1.0717173,460.0,False
b2c13,Batch 2,284.0,1.072011,460.0,False
b2c13,Batch 2,287.0,1.0696247,460.0,False
b2c13,Batch 2,289.0,1.0703641,460.0,False
b2c13,Batch 2,291.0,1.0682117,460.0,False
b2c13,Batch 2,293.0,1.0689689,460.0,False
b2c13,Batch 2,295.0,1.0677085,460.0,False
b2c13,Batch 2,298.0,1.0651641,460.0,False
b2c13,Batch 2,300.0,1.0657758,460.0,False
b2c13,Batch 2,302.0,1.0642104,460.0,False
b2c13,Batch 2,304.0,1.0627285,460.0,False
b2c13,Batch 2,306.0,1.0633559,460.0,False
b2c13,Batch 2,309.0,1.0624954,460.0,False
b2c13,Batch 2,311.0,1.0608928,460.0,False
b2c13,Batch 2,313.0,1.0603778,460.0,False
b2c13,Batch 2,315.0,1.0567398,460.0,False
b2c13,Batch 2,317.0,1.0564176,460.0,False
b2c13,Batch 2,320.0,1.0556272,460.0,False
b2c13,Batch 2,322.0,1.0547713,460.0,False
b2c13,Batch 2,324.0,1.0551811,460.0,False
b2c13,Batch 2,326.0,1.0534811,460.0,False
b2c13,Batch 2,328.0,1.0523467,460.0,False
b2c13,Batch 2,331.0,1.0501394,460.0,False
b2c13,Batch 2,333.0,1.0489639,460.0,False
b2c13,Batch 2,335.0,1.0473683,460.0,False
b2c13,Batch 2,337.0,1.0466084,460.0,False
b2c13,Batch 2,339.0,1.0431445,460.0,False
b2c13,Batch 2,342.0,1.041379,460.0,False
b2c13,Batch 2,344.0,1.040452,460.0,False
b2c13,Batch 2,346.0,1.0416678,460.0,False
b2c13,Batch 2,348.0,1.0417213,460.0,False
b2c13,Batch 2,350.0,1.0381198,460.0,False
b2c13,Batch 2,353.0,1.03692,460.0,False
b2c13,Batch 2,355.0,1.0355934,460.0,False
b2c13,Batch 2,357.0,1.0337242,460.0,False
b2c13,Batch 2,359.0,1.0323725,460.0,False
b2c13,Batch 2,361.0,1.031486,460.0,False
b2c13,Batch 2,364.0,1.0283837,460.0,False
b2c13,Batch 2,366.0,1.0262315,460.0,False
b2c13,Batch 2,368.0,1.0243545,460.0,False
b2c13,Batch 2,370.0,1.0230786,460.0,False
b2c13,Batch 2,372.0,1.0204158,460.0,False
b2c13,Batch 2,375.0,1.0187966,460.0,False
b2c13,Batch 2,377.0,1.0164258,460.0,False
b2c13,Batch 2,379.0,1.0165455,460.0,False
b2c13,Batch 2,381.0,1.0119964,460.0,False
b2c13,Batch 2,383.0,1.0123143,460.0,False
b2c13,Batch 2,386.0,1.0081041,460.0,False
b2c13,Batch 2,388.0,1.0055164,460.0,False
b2c13,Batch 2,390.0,1.0049728,460.0,False
b2c13,Batch 2,392.0,1.0016308,460.0,False
b2c13,Batch 2,394.0,0.99912918,460.0,False
b2c13,Batch 2,397.0,0.99416399,460.0,False
b2c13,Batch 2,399.0,0.99351835,460.0,False
b2c13,Batch 2,401.0,0.99001664,460.0,False
b2c13,Batch 2,403.0,0.98712856,460.0,False
b2c13,Batch 2,405.0,0.98506737,460.0,False
b2c13,Batch 2,408.0,0.98019665,460.0,False
b2c13,Batch 2,410.0,0.97715998,460.0,False
b2c13,Batch 2,412.0,0.9725396,460.0,False
b2c13,Batch 2,414.0,0.97137725,460.0,False
b2c13,Batch 2,416.0,0.96913767,460.0,False
b2c13,Batch 2,419.0,0.96333766,460.0,False
b2c13,Batch 2,421.0,0.95941669,460.0,False
b2c13,Batch 2,423.0,0.95447695,460.0,False
b2c13,Batch 2,425.0,0.95140433,460.0,False
b2c13,Batch 2,427.0,0.94920272,460.0,False
b2c13,Batch 2,430.0,0.9434033,460.0,False
b2c13,Batch 2,432.0,0.93838787,460.0,False
b2c13,Batch 2,434.0,0.93429422,460.0,False
b2c13,Batch 2,436.0,0.92993134,460.0,False
b2c13,Batch 2,438.0,0.9254176,460.0,False
b2c13,Batch 2,441.0,0.91949844,460.0,False
b2c13,Batch 2,443.0,0.91581637,460.0,False
b2c13,Batch 2,445.0,0.91129732,460.0,False
b2c13,Batch 2,447.0,0.90667617,460.0,False
b2c13,Batch 2,449.0,0.90405154,460.0,False
b2c13,Batch 2,452.0,0.89694363,460.0,False
b2c13,Batch 2,454.0,0.8927803,460.0,False
b2c13,Batch 2,456.0,0.88797355,460.0,False
b2c13,Batch 2,458.0,0.88214087,460.0,False
b2c13,Batch 2,460.0,0.8768245,460.0,False
b2c13,Batch 2,463.0,0.87258083,460.0,False
b2c13,Batch 2,465.0,0.86702281,460.0,False
b2c13,Batch 2,467.0,0.86305702,460.0,False
b2c13,Batch 2,469.0,0.85872138,460.0,False
b2c13,Batch 2,471.0,0.85480011,460.0,False
b2c13,Batch 2,474.0,0.84743643,460.0,False
b2c13,Batch 2,476.0,0.8426286,460.0,False
b2c13,Batch 2,478.0,0.83892214,460.0,False
b2c13,Batch 2,480.0,0.83345473,460.0,False
b2c13,Batch 2,483.0,0.82574999,460.0,False
b2c14,Batch 2,1.0,1.0838536,426.0,False
b2c14,Batch 2,3.0,1.083961,426.0,False
b2c14,Batch 2,5.0,1.0845788,426.0,False
b2c14,Batch 2,7.0,1.0839429,426.0,False
b2c14,Batch 2,9.0,1.0842229,426.0,False
b2c14,Batch 2,11.0,1.0835075,426.0,False
b2c14,Batch 2,13.0,1.0832349,426.0,False
b2c14,Batch 2,15.0,1.0844134,426.0,False
b2c14,Batch 2,17.0,1.0823331,426.0,False
b2c14,Batch 2,19.0,1.0825942,426.0,False
b2c14,Batch 2,22.0,1.0836508,426.0,False
b2c14,Batch 2,24.0,1.0825516,426.0,False
b2c14,Batch 2,26.0,1.0833572,426.0,False
b2c14,Batch 2,28.0,1.0819772,426.0,False
b2c14,Batch 2,30.0,1.0816216,426.0,False
b2c14,Batch 2,32.0,1.0829302,426.0,False
b2c14,Batch 2,34.0,1.0814497,426.0,False
b2c14,Batch 2,36.0,1.0828226,426.0,False
b2c14,Batch 2,38.0,1.0820076,426.0,False
b2c14,Batch 2,40.0,1.0824426,426.0,False
b2c14,Batch 2,43.0,1.0810896,426.0,False
b2c14,Batch 2,45.0,1.0810962,426.0,False
b2c14,Batch 2,47.0,1.0801746,426.0,False
b2c14,Batch 2,49.0,1.0802133,426.0,False
b2c14,Batch 2,51.0,1.0734872,426.0,False
b2c14,Batch 2,53.0,1.0747732,426.0,False
b2c14,Batch 2,55.0,1.07689,426.0,False
b2c14,Batch 2,57.0,1.0763274,426.0,False
b2c14,Batch 2,59.0,1.0761141,426.0,False
b2c14,Batch 2,61.0,1.076651,426.0,False
b2c14,Batch 2,64.0,1.0750878,426.0,False
b2c14,Batch 2,66.0,1.0746099,426.0,False
b2c14,Batch 2,68.0,1.0755001,426.0,False
b2c14,Batch 2,70.0,1.0762999,426.0,False
b2c14,Batch 2,72.0,1.0774473,426.0,False
b2c14,Batch 2,74.0,1.075959,426.0,False
b2c14,Batch 2,76.0,1.0754553,426.0,False
b2c14,Batch 2,78.0,1.07549,426.0,False
b2c14,Batch 2,80.0,1.0733595,426.0,False
b2c14,Batch 2,82.0,1.0768462,426.0,False
b2c14,Batch 2,85.0,1.0753208,426.0,False
b2c14,Batch 2,87.0,1.0775497,426.0,False
b2c14,Batch 2,89.0,1.0769874,426.0,False
b2c14,Batch 2,91.0,1.0751948,426.0,False
b2c14,Batch 2,93.0,1.0780898,426.0,False
b2c14,Batch 2,95.0,1.077144,426.0,False
b2c14,Batch 2,97.0,1.0771906,426.0,False
b2c14,Batch 2,99.0,1.0774776,426.0,False
b2c14,Batch 2,101.0,1.0761365,426.0,False
b2c14,Batch 2,103.0,1.0764527,426.0,False
b2c14,Batch 2,106.0,1.0753624,426.0,False
b2c14,Batch 2,108.0,1.0767301,426.0,False
b2c14,Batch 2,110.0,1.0761672,426.0,False
b2c14,Batch 2,112.0,1.076687,426.0,False
b2c14,Batch 2,114.0,1.0752938,426.0,False
b2c14,Batch 2,116.0,1.0755148,426.0,False
b2c14,Batch 2,118.0,1.0766165,426.0,False
b2c14,Batch 2,120.0,1.0750718,426.0,False
b2c14,Batch 2,122.0,1.0752928,426.0,False
b2c14,Batch 2,124.0,1.0757215,426.0,False
b2c14,Batch 2,127.0,1.0727339,426.0,False
b2c14,Batch 2,129.0,1.0724682,426.0,False
b2c14,Batch 2,131.0,1.0735415,426.0,False
b2c14,Batch 2,133.0,1.0732329,426.0,False
b2c14,Batch 2,135.0,1.0704966,426.0,False
b2c14,Batch 2,137.0,1.0728219,426.0,False
b2c14,Batch 2,139.0,1.0708187,426.0,False
b2c14,Batch 2,141.0,1.0717592,426.0,False
b2c14,Batch 2,143.0,1.069942,426.0,False
b2c14,Batch 2,145.0,1.0698307,426.0,False
b2c14,Batch 2,148.0,1.0681974,426.0,False
b2c14,Batch 2,150.0,1.070315,426.0,False
b2c14,Batch 2,152.0,1.0700257,426.0,False
b2c14,Batch 2,154.0,1.069172,426.0,False
b2c14,Batch 2,156.0,1.0689672,426.0,False
b2c14,Batch 2,158.0,1.0687971,426.0,False
b2c14,Batch 2,160.0,1.0670336,426.0,False
b2c14,Batch 2,162.0,1.0668687,426.0,False
b2c14,Batch 2,164.0,1.0674901,426.0,False
b2c14,Batch 2,166.0,1.0659974,426.0,False
b2c14,Batch 2,169.0,1.0649638,426.0,False
b2c14,Batch 2,171.0,1.0645956,426.0,False
b2c14,Batch 2,173.0,1.0644579,426.0,False
b2c14,Batch 2,175.0,1.0638154,426.0,False
b2c14,Batch 2,177.0,1.0633742,426.0,False
b2c14,Batch 2,179.0,1.0632752,426.0,False
b2c14,Batch 2,181.0,1.0632621,426.0,False
b2c14,Batch 2,183.0,1.0616319,426.0,False
b2c14,Batch 2,185.0,1.0584701,426.0,False
b2c14,Batch 2,187.0,1.0619382,426.0,False
b2c14,Batch 2,190.0,1.0616177,426.0,False
b2c14,Batch 2,192.0,1.059666,426.0,False
b2c14,Batch 2,194.0,1.0591145,426.0,False
b2c14,Batch 2,196.0,1.0594198,426.0,False
b2c14,Batch 2,198.0,1.0585957,426.0,False
b2c14,Batch 2,200.0,1.0579793,426.0,False
b2c14,Batch 2,202.0,1.05821,426.0,False
b2c14,Batch 2,204.0,1.0574284,426.0,False
b2c14,Batch 2,206.0,1.0579181,426.0,False
b2c14,Batch 2,208.0,1.0570759,426.0,False
b2c14,Batch 2,211.0,1.0555402,426.0,False
b2c14,Batch 2,213.0,1.0543013,426.0,False
b2c14,Batch 2,215.0,1.0545256,426.0,False
b2c14,Batch 2,217.0,1.0530803,426.0,False
b2c14,Batch 2,219.0,1.0531009,426.0,False
b2c14,Batch 2,221.0,1.0518773,426.0,False
b2c14,Batch 2,223.0,1.0524086,426.0,False
b2c14,Batch 2,225.0,1.0526793,426.0,False
b2c14,Batch 2,227.0,1.0516219,426.0,False
b2c14,Batch 2,229.0,1.0494686,426.0,False
b2c14,Batch 2,232.0,1.0508362,426.0,False
b2c14,Batch 2,234.0,1.0496188,426.0,False
b2c14,Batch 2,236.0,1.0502477,426.0,False
b2c14,Batch 2,238.0,1.0479139,426.0,False
b2c14,Batch 2,240.0,1.048425,426.0,False
b2c14,Batch 2,242.0,1.0479858,426.0,False
b2c14,Batch 2,244.0,1.0464358,426.0,False
b2c14,Batch 2,246.0,1.045921,426.0,False
b2c14,Batch 2,248.0,1.0454566,426.0,False
b2c14,Batch 2,250.0,1.044987,426.0,False
b2c14,Batch 2,253.0,1.0432259,426.0,False
b2c14,Batch 2,255.0,1.0437783,426.0,False
b2c14,Batch 2,257.0,1.0434315,426.0,False
b2c14,Batch 2,259.0,1.0421654,426.0,False
b2c14,Batch 2,261.0,1.0407393,426.0,False
b2c14,Batch 2,263.0,1.0401349,426.0,False
b2c14,Batch 2,265.0,1.0401462,426.0,False
b2c14,Batch 2,267.0,1.0372416,426.0,False
b2c14,Batch 2,269.0,1.0374184,426.0,False
b2c14,Batch 2,271.0,1.0378323,426.0,False
b2c14,Batch 2,274.0,1.0358171,426.0,False
b2c14,Batch 2,276.0,1.035305,426.0,False
b2c14,Batch 2,278.0,1.0348121,426.0,False
b2c14,Batch 2,280.0,1.0336858,426.0,False
b2c14,Batch 2,282.0,1.0343245,426.0,False
b2c14,Batch 2,284.0,1.0319341,426.0,False
b2c14,Batch 2,286.0,1.0314617,426.0,False
b2c14,Batch 2,288.0,1.0307471,426.0,False
b2c14,Batch 2,290.0,1.0300897,426.0,False
b2c14,Batch 2,292.0,1.0294249,426.0,False
b2c14,Batch 2,295.0,1.0274917,426.0,False
b2c14,Batch 2,297.0,1.0262313,426.0,False
b2c14,Batch 2,299.0,1.0256816,426.0,False
b2c14,Batch 2,301.0,1.0255959,426.0,False
b2c14,Batch 2,303.0,1.0233896,426.0,False
b2c14,Batch 2,305.0,1.0219104,426.0,False
b2c14,Batch 2,307.0,1.0212669,426.0,False
b2c14,Batch 2,309.0,1.0212365,426.0,False
b2c14,Batch 2,311.0,1.0189,426.0,False
b2c14,Batch 2,313.0,1.0181302,426.0,False
b2c14,Batch 2,316.0,1.0146922,426.0,False
b2c14,Batch 2,318.0,1.0136316,426.0,False
b2c14,Batch 2,320.0,1.0136902,426.0,False
b2c14,Batch 2,322.0,1.0127568,426.0,False
b2c14,Batch 2,324.0,1.0124593,426.0,False
b2c14,Batch 2,326.0,1.0121258,426.0,False
b2c14,Batch 2,328.0,1.0101517,426.0,False
b2c14,Batch 2,330.0,1.008388,426.0,False
b2c14,Batch 2,332.0,1.0072722,426.0,False
b2c14,Batch 2,334.0,1.0058944,426.0,False
b2c14,Batch 2,337.0,1.0043858,426.0,False
b2c14,Batch 2,339.0,1.0033454,426.0,False
b2c14,Batch 2,341.0,1.0010951,426.0,False
b2c14,Batch 2,343.0,1.000034,426.0,False
b2c14,Batch 2,345.0,0.99721223,426.0,False
b2c14,Batch 2,347.0,0.99646819,426.0,False
b2c14,Batch 2,349.0,0.99729139,426.0,False
b2c14,Batch 2,351.0,0.99302244,426.0,False
b2c14,Batch 2,353.0,0.99323535,426.0,False
b2c14,Batch 2,355.0,0.99108428,426.0,False
b2c14,Batch 2,358.0,0.98827744,426.0,False
b2c14,Batch 2,360.0,0.98662335,426.0,False
b2c14,Batch 2,362.0,0.98413479,426.0,False
b2c14,Batch 2,364.0,0.98179883,426.0,False
b2c14,Batch 2,366.0,0.9805395,426.0,False
b2c14,Batch 2,368.0,0.97817147,426.0,False
b2c14,Batch 2,370.0,0.97493827,426.0,False
b2c14,Batch 2,372.0,0.97339028,426.0,False
b2c14,Batch 2,374.0,0.97020525,426.0,False
b2c14,Batch 2,376.0,0.96763295,426.0,False
b2c14,Batch 2,379.0,0.96144015,426.0,False
b2c14,Batch 2,381.0,0.96182019,426.0,False
b2c14,Batch 2,383.0,0.95824569,426.0,False
b2c14,Batch 2,385.0,0.95451868,426.0,False
b2c14,Batch 2,387.0,0.95131373,426.0,False
b2c14,Batch 2,389.0,0.95007378,426.0,False
b2c14,Batch 2,391.0,0.9451921,426.0,False
b2c14,Batch 2,393.0,0.94012153,426.0,False
b2c14,Batch 2,395.0,0.93570906,426.0,False
b2c14,Batch 2,397.0,0.93191743,426.0,False
b2c14,Batch 2,400.0,0.92651552,426.0,False
b2c14,Batch 2,402.0,0.92334968,426.0,False
b2c14,Batch 2,404.0,0.91934621,426.0,False
b2c14,Batch 2,406.0,0.91525823,426.0,False
b2c14,Batch 2,408.0,0.9111045,426.0,False
b2c14,Batch 2,410.0,0.90783477,426.0,False
b2c14,Batch 2,412.0,0.90416914,426.0,False
b2c14,Batch 2,414.0,0.90019929,426.0,False
b2c14,Batch 2,416.0,0.89499336,426.0,False
b2c14,Batch 2,418.0,0.89325124,426.0,False
b2c14,Batch 2,421.0,0.88515383,426.0,False
b2c14,Batch 2,423.0,0.8834874,426.0,False
b2c14,Batch 2,425.0,0.88008499,426.0,False
b2c14,Batch 2,427.0,0.8777526,426.0,False
b2c14,Batch 2,429.0,0.87174284,426.0,False
b2c14,Batch 2,431.0,0.87011433,426.0,False
b2c14,Batch 2,433.0,0.86512643,426.0,False
b2c14,Batch 2,435.0,0.86317772,426.0,False
b2c14,Batch 2,437.0,0.86141711,426.0,False
b2c14,Batch 2,439.0,0.85822588,426.0,False
b2c14,Batch 2,442.0,0.85441172,426.0,False
b2c14,Batch 2,444.0,0.84978545,426.0,False
b2c14,Batch 2,446.0,0.8475334,426.0,False
b2c14,Batch 2,448.0,0.84388715,426.0,False
b2c14,Batch 2,450.0,0.83835775,426.0,False
b2c14,Batch 2,452.0,0.83897775,426.0,False
b2c14,Batch 2,454.0,0.83605468,426.0,False
b2c14,Batch 2,456.0,0.83277512,426.0,False
b2c14,Batch 2,458.0,0.82927364,426.0,False
b2c14,Batch 2,461.0,0.82618046,426.0,False
b2c15,Batch 2,1.0,1.0686641,396.0,False
b2c15,Batch 2,2.0,1.0697494,396.0,False
b2c15,Batch 2,4.0,1.0696555,396.0,False
b2c15,Batch 2,6.0,1.0690478,396.0,False
b2c15,Batch 2,8.0,1.0701016,396.0,False
b2c15,Batch 2,10.0,1.0711806,396.0,False
b2c15,Batch 2,12.0,1.0720874,396.0,False
b2c15,Batch 2,14.0,1.0733323,396.0,False
b2c15,Batch 2,16.0,1.0715045,396.0,False
b2c15,Batch 2,17.0,1.0725535,396.0,False
b2c15,Batch 2,19.0,1.071653,396.0,False
b2c15,Batch 2,21.0,1.0718105,396.0,False
b2c15,Batch 2,23.0,1.0715101,396.0,False
b2c15,Batch 2,25.0,1.0716777,396.0,False
b2c15,Batch 2,27.0,1.0724601,396.0,False
b2c15,Batch 2,29.0,1.0726891,396.0,False
b2c15,Batch 2,31.0,1.0713525,396.0,False
b2c15,Batch 2,33.0,1.0722289,396.0,False
b2c15,Batch 2,34.0,1.0733446,396.0,False
b2c15,Batch 2,36.0,1.0744435,396.0,False
b2c15,Batch 2,38.0,1.0733904,396.0,False
b2c15,Batch 2,40.0,1.0732014,396.0,False
b2c15,Batch 2,42.0,1.0724279,396.0,False
b2c15,Batch 2,44.0,1.0712005,396.0,False
b2c15,Batch 2,46.0,1.0709207,396.0,False
b2c15,Batch 2,48.0,1.0770239,396.0,False
b2c15,Batch 2,50.0,1.0765369,396.0,False
b2c15,Batch 2,51.0,1.078784,396.0,False
b2c15,Batch 2,53.0,1.0779099,396.0,False
b2c15,Batch 2,55.0,1.0767443,396.0,False
b2c15,Batch 2,57.0,1.0773993,396.0,False
b2c15,Batch 2,59.0,1.0783585,396.0,False
b2c15,Batch 2,61.0,1.0772259,396.0,False
b2c15,Batch 2,63.0,1.0770776,396.0,False
b2c15,Batch 2,65.0,1.0769958,396.0,False
b2c15,Batch 2,67.0,1.0773196,396.0,False
b2c15,Batch 2,68.0,1.0780933,396.0,False
b2c15,Batch 2,70.0,1.0789763,396.0,False
b2c15,Batch 2,72.0,1.0760593,396.0,False
b2c15,Batch 2,74.0,1.0779316,396.0,False
b2c15,Batch 2,76.0,1.0771488,396.0,False
b2c15,Batch 2,78.0,1.0790178,396.0,False
b2c15,Batch 2,80.0,1.0787742,396.0,False
b2c15,Batch 2,82.0,1.0775214,396.0,False
b2c15,Batch 2,83.0,1.0783734,396.0,False
b2c15,Batch 2,85.0,1.0769857,396.0,False
b2c15,Batch 2,87.0,1.0781547,396.0,False
b2c15,Batch 2,89.0,1.0765941,396.0,False
b2c15,Batch 2,91.0,1.0775461,396.0,False
b2c15,Batch 2,93.0,1.0780432,396.0,False
b2c15,Batch 2,95.0,1.0767148,396.0,False
b2c15,Batch 2,97.0,1.0783651,396.0,False
b2c15,Batch 2,99.0,1.0781245,396.0,False
b2c15,Batch 2,100.0,1.0770745,396.0,False
b2c15,Batch 2,102.0,1.0769618,396.0,False
b2c15,Batch 2,104.0,1.075534,396.0,False
b2c15,Batch 2,106.0,1.0754766,396.0,False
b2c15,Batch 2,108.0,1.0774647,396.0,False
b2c15,Batch 2,110.0,1.0780268,396.0,False
b2c15,Batch 2,112.0,1.0779221,396.0,False
b2c15,Batch 2,114.0,1.0766414,396.0,False
b2c15,Batch 2,116.0,1.0753373,396.0,False
b2c15,Batch 2,117.0,1.075225,396.0,False
b2c15,Batch 2,119.0,1.0776221,396.0,False
b2c15,Batch 2,121.0,1.0759742,396.0,False
b2c15,Batch 2,123.0,1.0750005,396.0,False
b2c15,Batch 2,125.0,1.0760314,396.0,False
b2c15,Batch 2,127.0,1.0758874,396.0,False
b2c15,Batch 2,129.0,1.0742172,396.0,False
b2c15,Batch 2,131.0,1.0742303,396.0,False
b2c15,Batch 2,133.0,1.0747371,396.0,False
b2c15,Batch 2,134.0,1.0725722,396.0,False
b2c15,Batch 2,136.0,1.0742773,396.0,False
b2c15,Batch 2,138.0,1.0738939,396.0,False
b2c15,Batch 2,140.0,1.0748042,396.0,False
b2c15,Batch 2,142.0,1.0740598,396.0,False
b2c15,Batch 2,144.0,1.0745496,396.0,False
b2c15,Batch 2,146.0,1.0733417,396.0,False
b2c15,Batch 2,148.0,1.0720148,396.0,False
b2c15,Batch 2,149.0,1.0730519,396.0,False
b2c15,Batch 2,151.0,1.0711228,396.0,False
b2c15,Batch 2,153.0,1.0701931,396.0,False
b2c15,Batch 2,155.0,1.0717098,396.0,False
b2c15,Batch 2,157.0,1.0701431,396.0,False
b2c15,Batch 2,159.0,1.0699646,396.0,False
b2c15,Batch 2,161.0,1.069873,396.0,False
b2c15,Batch 2,163.0,1.0685819,396.0,False
b2c15,Batch 2,165.0,1.0695076,396.0,False
b2c15,Batch 2,166.0,1.0693822,396.0,False
b2c15,Batch 2,168.0,1.0698459,396.0,False
b2c15,Batch 2,170.0,1.0690718,396.0,False
b2c15,Batch 2,172.0,1.0687211,396.0,False
b2c15,Batch 2,174.0,1.0652884,396.0,False
b2c15,Batch 2,176.0,1.0675809,396.0,False
b2c15,Batch 2,178.0,1.0686156,396.0,False
b2c15,Batch 2,180.0,1.0670469,396.0,False
b2c15,Batch 2,182.0,1.0652454,396.0,False
b2c15,Batch 2,183.0,1.0667301,396.0,False
b2c15,Batch 2,185.0,1.0651543,396.0,False
b2c15,Batch 2,187.0,1.0642623,396.0,False
b2c15,Batch 2,189.0,1.0626011,396.0,False
b2c15,Batch 2,191.0,1.0640502,396.0,False
b2c15,Batch 2,193.0,1.0630206,396.0,False
b2c15,Batch 2,195.0,1.0637205,396.0,False
b2c15,Batch 2,197.0,1.0636011,396.0,False
b2c15,Batch 2,199.0,1.0623109,396.0,False
b2c15,Batch 2,200.0,1.0614941,396.0,False
b2c15,Batch 2,202.0,1.0605106,396.0,False
b2c15,Batch 2,204.0,1.0596454,396.0,False
b2c15,Batch 2,206.0,1.0594367,396.0,False
b2c15,Batch 2,208.0,1.0580524,396.0,False
b2c15,Batch 2,210.0,1.0579847,396.0,False
b2c15,Batch 2,212.0,1.0581447,396.0,False
b2c15,Batch 2,214.0,1.0554862,396.0,False
b2c15,Batch 2,215.0,1.0581292,396.0,False
b2c15,Batch 2,217.0,1.0565857,396.0,False
b2c15,Batch 2,219.0,1.0563185,396.0,False
b2c15,Batch 2,221.0,1.0569665,396.0,False
b2c15,Batch 2,223.0,1.0551872,396.0,False
b2c15,Batch 2,225.0,1.0551701,396.0,False
b2c15,Batch 2,227.0,1.0534074,396.0,False
b2c15,Batch 2,229.0,1.0526053,396.0,False
b2c15,Batch 2,231.0,1.0518401,396.0,False
b2c15,Batch 2,232.0,1.0512409,396.0,False
b2c15,Batch 2,234.0,1.0508633,396.0,False
b2c15,Batch 2,236.0,1.0509642,396.0,False
b2c15,Batch 2,238.0,1.0497603,396.0,False
b2c15,Batch 2,240.0,1.0480933,396.0,False
b2c15,Batch 2,242.0,1.0489258,396.0,False
b2c15,Batch 2,244.0,1.0470229,396.0,False
b2c15,Batch 2,246.0,1.0465183,396.0,False
b2c15,Batch 2,248.0,1.0472146,396.0,False
b2c15,Batch 2,249.0,1.0452992,396.0,False
b2c15,Batch 2,251.0,1.0441705,396.0,False
b2c15,Batch 2,253.0,1.0439873,396.0,False
b2c15,Batch 2,255.0,1.041274,396.0,False
b2c15,Batch 2,257.0,1.0434788,396.0,False
b2c15,Batch 2,259.0,1.0410638,396.0,False
b2c15,Batch 2,261.0,1.041337,396.0,False
b2c15,Batch 2,263.0,1.0395875,396.0,False
b2c15,Batch 2,265.0,1.0385252,396.0,False
b2c15,Batch 2,266.0,1.0389872,396.0,False
b2c15,Batch 2,268.0,1.0381888,396.0,False
b2c15,Batch 2,270.0,1.0347965,396.0,False
b2c15,Batch 2,272.0,1.0339264,396.0,False
b2c15,Batch 2,274.0,1.034302,396.0,False
b2c15,Batch 2,276.0,1.0331278,396.0,False
b2c15,Batch 2,278.0,1.0322758,396.0,False
b2c15,Batch 2,280.0,1.028793,396.0,False
b2c15,Batch 2,281.0,1.0293301,396.0,False
b2c15,Batch 2,283.0,1.0287502,396.0,False
b2c15,Batch 2,285.0,1.0273592,396.0,False
b2c15,Batch 2,287.0,1.0251237,396.0,False
b2c15,Batch 2,289.0,1.0250394,396.0,False
b2c15,Batch 2,291.0,1.022707,396.0,False
b2c15,Batch 2,293.0,1.0212656,396.0,False
b2c15,Batch 2,295.0,1.0204232,396.0,False
b2c15,Batch 2,297.0,1.0200586,396.0,False
b2c15,Batch 2,298.0,1.0179867,396.0,False
b2c15,Batch 2,300.0,1.0203447,396.0,False
b2c15,Batch 2,302.0,1.0158833,396.0,False
b2c15,Batch 2,304.0,1.0169102,396.0,False
b2c15,Batch 2,306.0,1.0132951,396.0,False
b2c15,Batch 2,308.0,1.011636,396.0,False
b2c15,Batch 2,310.0,1.0103279,396.0,False
b2c15,Batch 2,312.0,1.0097983,396.0,False
b2c15,Batch 2,314.0,1.0071287,396.0,False
b2c15,Batch 2,315.0,1.005875,396.0,False
b2c15,Batch 2,317.0,1.0042429,396.0,False
b2c15,Batch 2,319.0,1.0040531,396.0,False
b2c15,Batch 2,321.0,1.0027578,396.0,False
b2c15,Batch 2,323.0,0.99998111,396.0,False
b2c15,Batch 2,325.0,0.99946028,396.0,False
b2c15,Batch 2,327.0,0.99635047,396.0,False
b2c15,Batch 2,329.0,0.99371123,396.0,False
b2c15,Batch 2,331.0,0.99256277,396.0,False
b2c15,Batch 2,332.0,0.99131483,396.0,False
b2c15,Batch 2,334.0,0.98997998,396.0,False
b2c15,Batch 2,336.0,0.98756051,396.0,False
b2c15,Batch 2,338.0,0.98537594,396.0,False
b2c15,Batch 2,340.0,0.98317683,396.0,False
b2c15,Batch 2,342.0,0.98000193,396.0,False
b2c15,Batch 2,344.0,0.97852588,396.0,False
b2c15,Batch 2,346.0,0.97745287,396.0,False
b2c15,Batch 2,347.0,0.97539485,396.0,False
b2c15,Batch 2,349.0,0.97154546,396.0,False
b2c15,Batch 2,351.0,0.97094995,396.0,False
b2c15,Batch 2,353.0,0.9670853,396.0,False
b2c15,Batch 2,355.0,0.96150309,396.0,False
b2c15,Batch 2,357.0,0.96349823,396.0,False
b2c15,Batch 2,359.0,0.95904011,396.0,False
b2c15,Batch 2,361.0,0.95513058,396.0,False
b2c15,Batch 2,363.0,0.95146608,396.0,False
b2c15,Batch 2,364.0,0.95023227,396.0,False
b2c15,Batch 2,366.0,0.94614542,396.0,False
b2c15,Batch 2,368.0,0.94280624,396.0,False
b2c15,Batch 2,370.0,0.94008118,396.0,False
b2c15,Batch 2,372.0,0.93579078,396.0,False
b2c15,Batch 2,374.0,0.93086338,396.0,False
b2c15,Batch 2,376.0,0.92783588,396.0,False
b2c15,Batch 2,378.0,0.92338991,396.0,False
b2c15,Batch 2,380.0,0.91975874,396.0,False
b2c15,Batch 2,381.0,0.91851574,396.0,False
b2c15,Batch 2,383.0,0.91239703,396.0,False
b2c15,Batch 2,385.0,0.90614992,396.0,False
b2c15,Batch 2,387.0,0.90205055,396.0,False
b2c15,Batch 2,389.0,0.89712155,396.0,False
b2c15,Batch 2,391.0,0.88958746,396.0,False
b2c15,Batch 2,393.0,0.88624454,396.0,False
b2c15,Batch 2,395.0,0.88107902,396.0,False
b2c15,Batch 2,397.0,0.87444973,396.0,False
b2c15,Batch 2,398.0,0.87253755,396.0,False
b2c15,Batch 2,400.0,0.86708057,396.0,False
b2c15,Batch 2,402.0,0.85943109,396.0,False
b2c15,Batch 2,404.0,0.85469759,396.0,False
b2c15,Batch 2,406.0,0.84767896,396.0,False
b2c15,Batch 2,408.0,0.84345853,396.0,False
b2c15,Batch 2,410.0,0.83861941,396.0,False
b2c15,Batch 2,412.0,0.83122098,396.0,False
b2c15,Batch 2,414.0,0.82608759,396.0,False
b2c16,Batch 2,1.0,1.0956542,472.0,False
b2c16,Batch 2,3.0,1.095314,472.0,False
b2c16,Batch 2,5.0,1.0974058,472.0,False
b2c16,Batch 2,7.0,1.0972971,472.0,False
b2c16,Batch 2,10.0,1.0965556,472.0,False
b2c16,Batch 2,12.0,1.0968899,472.0,False
b2c16,Batch 2,14.0,1.0971096,472.0,False
b2c16,Batch 2,16.0,1.0974647,472.0,False
b2c16,Batch 2,19.0,1.0985644,472.0,False
b2c16,Batch 2,21.0,1.0981832,472.0,False
b2c16,Batch 2,23.0,1.0983361,472.0,False
b2c16,Batch 2,26.0,1.0977579,472.0,False
b2c16,Batch 2,28.0,1.0982311,472.0,False
b2c16,Batch 2,30.0,1.0978529,472.0,False
b2c16,Batch 2,32.0,1.0986423,472.0,False
b2c16,Batch 2,35.0,1.0983714,472.0,False
b2c16,Batch 2,37.0,1.0972704,472.0,False
b2c16,Batch 2,39.0,1.099111,472.0,False
b2c16,Batch 2,41.0,1.0997868,472.0,False
b2c16,Batch 2,44.0,1.1008457,472.0,False
b2c16,Batch 2,46.0,1.1016679,472.0,False
b2c16,Batch 2,48.0,1.0914675,472.0,False
b2c16,Batch 2,51.0,1.0946469,472.0,False
b2c16,Batch 2,53.0,1.0931933,472.0,False
b2c16,Batch 2,55.0,1.094901,472.0,False
b2c16,Batch 2,57.0,1.0940031,472.0,False
b2c16,Batch 2,60.0,1.0954984,472.0,False
b2c16,Batch 2,62.0,1.095858,472.0,False
b2c16,Batch 2,64.0,1.0968155,472.0,False
b2c16,Batch 2,66.0,1.0972073,472.0,False
b2c16,Batch 2,69.0,1.0976274,472.0,False
b2c16,Batch 2,71.0,1.0981688,472.0,False
b2c16,Batch 2,73.0,1.0967745,472.0,False
b2c16,Batch 2,76.0,1.0961981,472.0,False
b2c16,Batch 2,78.0,1.0986017,472.0,False
b2c16,Batch 2,80.0,1.0990481,472.0,False
b2c16,Batch 2,82.0,1.0978469,472.0,False
b2c16,Batch 2,85.0,1.0972956,472.0,False
b2c16,Batch 2,87.0,1.0983728,472.0,False
b2c16,Batch 2,89.0,1.0977279,472.0,False
b2c16,Batch 2,91.0,1.0976982,472.0,False
b2c16,Batch 2,94.0,1.0975755,472.0,False
b2c16,Batch 2,96.0,1.0940137,472.0,False
b2c16,Batch 2,98.0,1.0953606,472.0,False
b2c16,Batch 2,101.0,1.0957557,472.0,False
b2c16,Batch 2,103.0,1.0941645,472.0,False
b2c16,Batch 2,105.0,1.0939438,472.0,False
b2c16,Batch 2,107.0,1.0922256,472.0,False
b2c16,Batch 2,110.0,1.0912489,472.0,False
b2c16,Batch 2,112.0,1.0927272,472.0,False
b2c16,Batch 2,114.0,1.0914055,472.0,False
b2c16,Batch 2,116.0,1.0917995,472.0,False
b2c16,Batch 2,119.0,1.0913008,472.0,False
b2c16,Batch 2,121.0,1.0921786,472.0,False
b2c16,Batch 2,123.0,1.0913712,472.0,False
b2c16,Batch 2,126.0,1.0915003,472.0,False
b2c16,Batch 2,128.0,1.0930293,472.0,False
b2c16,Batch 2,130.0,1.0933936,472.0,False
b2c16,Batch 2,132.0,1.0932952,472.0,False
b2c16,Batch 2,135.0,1.091535,472.0,False
b2c16,Batch 2,137.0,1.0915248,472.0,False
b2c16,Batch 2,139.0,1.0911665,472.0,False
b2c16,Batch 2,141.0,1.0921965,472.0,False
b2c16,Batch 2,144.0,1.0913427,472.0,False
b2c16,Batch 2,146.0,1.0928764,472.0,False
b2c16,Batch 2,148.0,1.0925374,472.0,False
b2c16,Batch 2,151.0,1.0935329,472.0,False
b2c16,Batch 2,153.0,1.0937077,472.0,False
b2c16,Batch 2,155.0,1.0935191,472.0,False
b2c16,Batch 2,157.0,1.0904276,472.0,False
b2c16,Batch 2,160.0,1.0894649,472.0,False
b2c16,Batch 2,162.0,1.0903516,472.0,False
b2c16,Batch 2,164.0,1.0882289,472.0,False
b2c16,Batch 2,167.0,1.0920123,472.0,False
b2c16,Batch 2,169.0,1.0885348,472.0,False
b2c16,Batch 2,171.0,1.0924765,472.0,False
b2c16,Batch 2,173.0,1.091702,472.0,False
b2c16,Batch 2,176.0,1.0934404,472.0,False
b2c16,Batch 2,178.0,1.0899757,472.0,False
b2c16,Batch 2,180.0,1.0910976,472.0,False
b2c16,Batch 2,182.0,1.0915742,472.0,False
b2c16,Batch 2,185.0,1.0903645,472.0,False
b2c16,Batch 2,187.0,1.0915128,472.0,False
b2c16,Batch 2,189.0,1.0894194,472.0,False
b2c16,Batch 2,192.0,1.0917804,472.0,False
b2c16,Batch 2,194.0,1.0927215,472.0,False
b2c16,Batch 2,196.0,1.0902213,472.0,False
b2c16,Batch 2,198.0,1.09096,472.0,False
b2c16,Batch 2,201.0,1.0889751,472.0,False
b2c16,Batch 2,203.0,1.0855907,472.0,False
b2c16,Batch 2,205.0,1.0853951,472.0,False
b2c16,Batch 2,207.0,1.0884433,472.0,False
b2c16,Batch 2,210.0,1.0867596,472.0,False
b2c16,Batch 2,212.0,1.0883789,472.0,False
b2c16,Batch 2,214.0,1.0875533,472.0,False
b2c16,Batch 2,217.0,1.0871098,472.0,False
b2c16,Batch 2,219.0,1.0875095,472.0,False
b2c16,Batch 2,221.0,1.0865566,472.0,False
b2c16,Batch 2,223.0,1.0853174,472.0,False
b2c16,Batch 2,226.0,1.085886,472.0,False
b2c16,Batch 2,228.0,1.0831796,472.0,False
b2c16,Batch 2,230.0,1.0841228,472.0,False
b2c16,Batch 2,232.0,1.0818881,472.0,False
b2c16,Batch 2,235.0,1.0795727,472.0,False
b2c16,Batch 2,237.0,1.0824897,472.0,False
b2c16,Batch 2,239.0,1.0836828,472.0,False
b2c16,Batch 2,242.0,1.0786041,472.0,False
b2c16,Batch 2,244.0,1.0776011,472.0,False
b2c16,Batch 2,246.0,1.0816053,472.0,False
b2c16,Batch 2,248.0,1.0763443,472.0,False
b2c16,Batch 2,251.0,1.0750996,472.0,False
b2c16,Batch 2,253.0,1.0734361,472.0,False
b2c16,Batch 2,255.0,1.0725484,472.0,False
b2c16,Batch 2,257.0,1.0696199,472.0,False
b2c16,Batch 2,260.0,1.0704018,472.0,False
b2c16,Batch 2,262.0,1.069684,472.0,False
b2c16,Batch 2,264.0,1.0657594,472.0,False
b2c16,Batch 2,267.0,1.067062,472.0,False
b2c16,Batch 2,269.0,1.0673326,472.0,False
b2c16,Batch 2,271.0,1.0650728,472.0,False
b2c16,Batch 2,273.0,1.0665116,472.0,False
b2c16,Batch 2,276.0,1.0661747,472.0,False
b2c16,Batch 2,278.0,1.0650549,472.0,False
b2c16,Batch 2,280.0,1.0637473,472.0,False
b2c16,Batch 2,282.0,1.0621191,472.0,False
b2c16,Batch 2,285.0,1.0615165,472.0,False
b2c16,Batch 2,287.0,1.0608431,472.0,False
b2c16,Batch 2,289.0,1.0602934,472.0,False
b2c16,Batch 2,292.0,1.057426,472.0,False
b2c16,Batch 2,294.0,1.0576597,472.0,False
b2c16,Batch 2,296.0,1.057741,472.0,False
b2c16,Batch 2,298.0,1.056475,472.0,False
b2c16,Batch 2,301.0,1.0564929,472.0,False
b2c16,Batch 2,303.0,1.0543098,472.0,False
b2c16,Batch 2,305.0,1.053587,472.0,False
b2c16,Batch 2,307.0,1.052368,472.0,False
b2c16,Batch 2,310.0,1.0526072,472.0,False
b2c16,Batch 2,312.0,1.0510362,472.0,False
b2c16,Batch 2,314.0,1.0495329,472.0,False
b2c16,Batch 2,317.0,1.0496292,472.0,False
b2c16,Batch 2,319.0,1.0479842,472.0,False
b2c16,Batch 2,321.0,1.0481269,472.0,False
b2c16,Batch 2,323.0,1.0480173,472.0,False
b2c16,Batch 2,326.0,1.0491996,472.0,False
b2c16,Batch 2,328.0,1.0475593,472.0,False
b2c16,Batch 2,330.0,1.0443971,472.0,False
b2c16,Batch 2,333.0,1.0425104,472.0,False
b2c16,Batch 2,335.0,1.042505,472.0,False
b2c16,Batch 2,337.0,1.0402223,472.0,False
b2c16,Batch 2,339.0,1.0407908,472.0,False
b2c16,Batch 2,342.0,1.0383153,472.0,False
b2c16,Batch 2,344.0,1.0387876,472.0,False
b2c16,Batch 2,346.0,1.0361378,472.0,False
b2c16,Batch 2,348.0,1.036687,472.0,False
b2c16,Batch 2,351.0,1.0340523,472.0,False
b2c16,Batch 2,353.0,1.0324864,472.0,False
b2c16,Batch 2,355.0,1.02944,472.0,False
b2c16,Batch 2,358.0,1.0279584,472.0,False
b2c16,Batch 2,360.0,1.0266595,472.0,False
b2c16,Batch 2,362.0,1.0261368,472.0,False
b2c16,Batch 2,364.0,1.0239272,472.0,False
b2c16,Batch 2,367.0,1.0218755,472.0,False
b2c16,Batch 2,369.0,1.0191079,472.0,False
b2c16,Batch 2,371.0,1.0193861,472.0,False
b2c16,Batch 2,373.0,1.0194535,472.0,False
b2c16,Batch 2,376.0,1.01589,472.0,False
b2c16,Batch 2,378.0,1.0140444,472.0,False
b2c16,Batch 2,380.0,1.0127153,472.0,False
b2c16,Batch 2,383.0,1.0113938,472.0,False
b2c16,Batch 2,385.0,1.0095512,472.0,False
b2c16,Batch 2,387.0,1.0084517,472.0,False
b2c16,Batch 2,389.0,1.0064553,472.0,False
b2c16,Batch 2,392.0,1.0057032,472.0,False
b2c16,Batch 2,394.0,1.0044464,472.0,False
b2c16,Batch 2,396.0,0.99825847,472.0,False
b2c16,Batch 2,398.0,1.0009733,472.0,False
b2c16,Batch 2,401.0,0.99846864,472.0,False
b2c16,Batch 2,403.0,0.99603653,472.0,False
b2c16,Batch 2,405.0,0.99182522,472.0,False
b2c16,Batch 2,408.0,0.98849976,472.0,False
b2c16,Batch 2,410.0,0.99160832,472.0,False
b2c16,Batch 2,412.0,0.98871553,472.0,False
b2c16,Batch 2,414.0,0.98313183,472.0,False
b2c16,Batch 2,417.0,0.9785006,472.0,False
b2c16,Batch 2,419.0,0.97752064,472.0,False
b2c16,Batch 2,421.0,0.97380906,472.0,False
b2c16,Batch 2,423.0,0.97013646,472.0,False
b2c16,Batch 2,426.0,0.96757281,472.0,False
b2c16,Batch 2,428.0,0.96237129,472.0,False
b2c16,Batch 2,430.0,0.96161097,472.0,False
b2c16,Batch 2,433.0,0.95628607,472.0,False
b2c16,Batch 2,435.0,0.95254248,472.0,False
b2c16,Batch 2,437.0,0.9496088,472.0,False
b2c16,Batch 2,439.0,0.94619972,472.0,False
b2c16,Batch 2,442.0,0.94084013,472.0,False
b2c16,Batch 2,444.0,0.93799293,472.0,False
b2c16,Batch 2,446.0,0.93221635,472.0,False
b2c16,Batch 2,448.0,0.92966187,472.0,False
b2c16,Batch 2,451.0,0.92267096,472.0,False
b2c16,Batch 2,453.0,0.91909844,472.0,False
b2c16,Batch 2,455.0,0.91569531,472.0,False
b2c16,Batch 2,458.0,0.91067219,472.0,False
b2c16,Batch 2,460.0,0.90737104,472.0,False
b2c16,Batch 2,462.0,0.90112531,472.0,False
b2c16,Batch 2,464.0,0.89661723,472.0,False
b2c16,Batch 2,467.0,0.89081526,472.0,False
b2c16,Batch 2,469.0,0.88710636,472.0,False
b2c16,Batch 2,471.0,0.88071209,472.0,False
b2c16,Batch 2,473.0,0.87943012,472.0,False
b2c16,Batch 2,476.0,0.87590224,472.0,False
b2c16,Batch 2,478.0,0.87106049,472.0,False
b2c16,Batch 2,480.0,0.86537069,472.0,False
b2c16,Batch 2,483.0,0.86071187,472.0,False
b2c16,Batch 2,485.0,0.8543542,472.0,False
b2c16,Batch 2,487.0,0.85078919,472.0,False
b2c16,Batch 2,489.0,0.84509784,472.0,False
b2c16,Batch 2,492.0,0.83919692,472.0,False
b2c16,Batch 2,494.0,0.8370893,472.0,False
b2c16,Batch 2,496.0,0.83327562,472.0,False
b2c16,Batch 2,499.0,0.82648873,472.0,False
b2c17,Batch 2,1.0,1.0892786,471.0,False
b2c17,Batch 2,3.0,1.0920639,471.0,False
b2c17,Batch 2,5.0,1.0911998,471.0,False
b2c17,Batch 2,7.0,1.092047,471.0,False
b2c17,Batch 2,10.0,1.09258,471.0,False
b2c17,Batch 2,12.0,1.0946261,471.0,False
b2c17,Batch 2,14.0,1.0924852,471.0,False
b2c17,Batch 2,16.0,1.092592,471.0,False
b2c17,Batch 2,19.0,1.0907178,471.0,False
b2c17,Batch 2,21.0,1.091581,471.0,False
b2c17,Batch 2,23.0,1.0930938,471.0,False
b2c17,Batch 2,25.0,1.0929128,471.0,False
b2c17,Batch 2,28.0,1.0923277,471.0,False
b2c17,Batch 2,30.0,1.0921437,471.0,False
b2c17,Batch 2,32.0,1.0925212,471.0,False
b2c17,Batch 2,34.0,1.0920677,471.0,False
b2c17,Batch 2,37.0,1.092867,471.0,False
b2c17,Batch 2,39.0,1.0934769,471.0,False
b2c17,Batch 2,41.0,1.0923042,471.0,False
b2c17,Batch 2,43.0,1.0914536,471.0,False
b2c17,Batch 2,46.0,1.0933554,471.0,False
b2c17,Batch 2,48.0,1.0927582,471.0,False
b2c17,Batch 2,50.0,1.0938005,471.0,False
b2c17,Batch 2,52.0,1.0930492,471.0,False
b2c17,Batch 2,55.0,1.0949043,471.0,False
b2c17,Batch 2,57.0,1.0970305,471.0,False
b2c17,Batch 2,59.0,1.0949998,471.0,False
b2c17,Batch 2,61.0,1.0949464,471.0,False
b2c17,Batch 2,64.0,1.0952669,471.0,False
b2c17,Batch 2,66.0,1.0945877,471.0,False
b2c17,Batch 2,68.0,1.0949407,471.0,False
b2c17,Batch 2,70.0,1.0959184,471.0,False
b2c17,Batch 2,73.0,1.0970749,471.0,False
b2c17,Batch 2,75.0,1.0961598,471.0,False
b2c17,Batch 2,77.0,1.0955894,471.0,False
b2c17,Batch 2,79.0,1.0956185,471.0,False
b2c17,Batch 2,82.0,1.0953493,471.0,False
b2c17,Batch 2,84.0,1.0947919,471.0,False
b2c17,Batch 2,86.0,1.0947477,471.0,False
b2c17,Batch 2,88.0,1.0952431,471.0,False
b2c17,Batch 2,91.0,1.094764,471.0,False
b2c17,Batch 2,93.0,1.0939786,471.0,False
b2c17,Batch 2,95.0,1.0933267,471.0,False
b2c17,Batch 2,97.0,1.0949703,471.0,False
b2c17,Batch 2,100.0,1.0944375,471.0,False
b2c17,Batch 2,102.0,1.0937823,471.0,False
b2c17,Batch 2,104.0,1.0914453,471.0,False
b2c17,Batch 2,106.0,1.0940669,471.0,False
b2c17,Batch 2,109.0,1.0927374,471.0,False
b2c17,Batch 2,111.0,1.0906285,471.0,False
b2c17,Batch 2,113.0,1.0899949,471.0,False
b2c17,Batch 2,115.0,1.0897071,471.0,False
b2c17,Batch 2,118.0,1.0884447,471.0,False
b2c17,Batch 2,120.0,1.0871121,471.0,False
b2c17,Batch 2,122.0,1.0874277,471.0,False
b2c17,Batch 2,124.0,1.0867364,471.0,False
b2c17,Batch 2,127.0,1.0870607,471.0,False
b2c17,Batch 2,129.0,1.0866764,471.0,False
b2c17,Batch 2,131.0,1.0861248,471.0,False
b2c17,Batch 2,133.0,1.0858632,471.0,False
b2c17,Batch 2,136.0,1.0863492,471.0,False
b2c17,Batch 2,138.0,1.0847818,471.0,False
b2c17,Batch 2,140.0,1.0840957,471.0,False
b2c17,Batch 2,142.0,1.0844151,471.0,False
b2c17,Batch 2,145.0,1.0866165,471.0,False
b2c17,Batch 2,147.0,1.0854886,471.0,False
b2c17,Batch 2,149.0,1.0858382,471.0,False
b2c17,Batch 2,151.0,1.0853587,471.0,False
b2c17,Batch 2,154.0,1.0856887,471.0,False
b2c17,Batch 2,156.0,1.0862522,471.0,False
b2c17,Batch 2,158.0,1.083208,471.0,False
b2c17,Batch 2,160.0,1.082329,471.0,False
b2c17,Batch 2,163.0,1.0832319,471.0,False
b2c17,Batch 2,165.0,1.0842378,471.0,False
b2c17,Batch 2,167.0,1.0838534,471.0,False
b2c17,Batch 2,169.0,1.0848275,471.0,False
b2c17,Batch 2,172.0,1.0851244,471.0,False
b2c17,Batch 2,174.0,1.0822449,471.0,False
b2c17,Batch 2,176.0,1.0807889,471.0,False
b2c17,Batch 2,178.0,1.0823339,471.0,False
b2c17,Batch 2,181.0,1.0809014,471.0,False
b2c17,Batch 2,183.0,1.0835729,471.0,False
b2c17,Batch 2,185.0,1.0820875,471.0,False
b2c17,Batch 2,187.0,1.0815501,471.0,False
b2c17,Batch 2,190.0,1.0804371,471.0,False
b2c17,Batch 2,192.0,1.0828969,471.0,False
b2c17,Batch 2,194.0,1.0837271,471.0,False
b2c17,Batch 2,196.0,1.0821053,471.0,False
b2c17,Batch 2,199.0,1.0805573,471.0,False
b2c17,Batch 2,201.0,1.0785786,471.0,False
b2c17,Batch 2,203.0,1.0791787,471.0,False
b2c17,Batch 2,205.0,1.079743,471.0,False
b2c17,Batch 2,208.0,1.0790492,471.0,False
b2c17,Batch 2,210.0,1.0774261,471.0,False
b2c17,Batch 2,212.0,1.0760949,471.0,False
b2c17,Batch 2,214.0,1.078811,471.0,False
b2c17,Batch 2,217.0,1.0787274,471.0,False
b2c17,Batch 2,219.0,1.0786343,471.0,False
b2c17,Batch 2,221.0,1.0774081,471.0,False
b2c17,Batch 2,223.0,1.0758659,471.0,False
b2c17,Batch 2,226.0,1.0761701,471.0,False
b2c17,Batch 2,228.0,1.0737822,471.0,False
b2c17,Batch 2,230.0,1.0742434,471.0,False
b2c17,Batch 2,232.0,1.0751442,471.0,False
b2c17,Batch 2,235.0,1.071704,471.0,False
b2c17,Batch 2,237.0,1.0750018,471.0,False
b2c17,Batch 2,239.0,1.0728445,471.0,False
b2c17,Batch 2,241.0,1.0744778,471.0,False
b2c17,Batch 2,244.0,1.0726976,471.0,False
b2c17,Batch 2,246.0,1.0689051,471.0,False
b2c17,Batch 2,248.0,1.0704947,471.0,False
b2c17,Batch 2,250.0,1.0702338,471.0,False
b2c17,Batch 2,253.0,1.0679529,471.0,False
b2c17,Batch 2,255.0,1.0660789,471.0,False
b2c17,Batch 2,257.0,1.066893,471.0,False
b2c17,Batch 2,259.0,1.0650508,471.0,False
b2c17,Batch 2,262.0,1.0638332,471.0,False
b2c17,Batch 2,264.0,1.0664556,471.0,False
b2c17,Batch 2,266.0,1.0657909,471.0,False
b2c17,Batch 2,268.0,1.0651344,471.0,False
b2c17,Batch 2,271.0,1.0623047,471.0,False
b2c17,Batch 2,273.0,1.06819,471.0,False
b2c17,Batch 2,275.0,1.0620781,471.0,False
b2c17,Batch 2,277.0,1.061377,471.0,False
b2c17,Batch 2,280.0,1.0558014,471.0,False
b2c17,Batch 2,282.0,1.0540218,471.0,False
b2c17,Batch 2,284.0,1.0526494,471.0,False
b2c17,Batch 2,286.0,1.0518428,471.0,False
b2c17,Batch 2,289.0,1.0513165,471.0,False
b2c17,Batch 2,291.0,1.0510465,471.0,False
b2c17,Batch 2,293.0,1.0474563,471.0,False
b2c17,Batch 2,295.0,1.046582,471.0,False
b2c17,Batch 2,298.0,1.0466938,471.0,False
b2c17,Batch 2,300.0,1.0460831,471.0,False
b2c17,Batch 2,302.0,1.0438033,471.0,False
b2c17,Batch 2,304.0,1.0444407,471.0,False
b2c17,Batch 2,307.0,1.0432531,471.0,False
b2c17,Batch 2,309.0,1.0428978,471.0,False
b2c17,Batch 2,311.0,1.0412986,471.0,False
b2c17,Batch 2,313.0,1.0414481,471.0,False
b2c17,Batch 2,316.0,1.0373957,471.0,False
b2c17,Batch 2,318.0,1.0386761,471.0,False
b2c17,Batch 2,320.0,1.0364081,471.0,False
b2c17,Batch 2,322.0,1.0351758,471.0,False
b2c17,Batch 2,325.0,1.033339,471.0,False
b2c17,Batch 2,327.0,1.0313846,471.0,False
b2c17,Batch 2,329.0,1.031402,471.0,False
b2c17,Batch 2,331.0,1.030087,471.0,False
b2c17,Batch 2,334.0,1.0293601,471.0,False
b2c17,Batch 2,336.0,1.0275123,471.0,False
b2c17,Batch 2,338.0,1.0262712,471.0,False
b2c17,Batch 2,340.0,1.0259784,471.0,False
b2c17,Batch 2,343.0,1.0231705,471.0,False
b2c17,Batch 2,345.0,1.0225309,471.0,False
b2c17,Batch 2,347.0,1.0216042,471.0,False
b2c17,Batch 2,349.0,1.0198525,471.0,False
b2c17,Batch 2,352.0,1.0180925,471.0,False
b2c17,Batch 2,354.0,1.0172905,471.0,False
b2c17,Batch 2,356.0,1.0159287,471.0,False
b2c17,Batch 2,358.0,1.0154814,471.0,False
b2c17,Batch 2,361.0,1.0151476,471.0,False
b2c17,Batch 2,363.0,1.0155876,471.0,False
b2c17,Batch 2,365.0,1.0133735,471.0,False
b2c17,Batch 2,367.0,1.0107899,471.0,False
b2c17,Batch 2,370.0,1.008636,471.0,False
b2c17,Batch 2,372.0,1.0057449,471.0,False
b2c17,Batch 2,374.0,1.0041466,471.0,False
b2c17,Batch 2,376.0,1.0031689,471.0,False
b2c17,Batch 2,379.0,1.0027212,471.0,False
b2c17,Batch 2,381.0,0.99964678,471.0,False
b2c17,Batch 2,383.0,0.99845403,471.0,False
b2c17,Batch 2,385.0,0.99700212,471.0,False
b2c17,Batch 2,388.0,0.99412328,471.0,False
b2c17,Batch 2,390.0,0.99297762,471.0,False
b2c17,Batch 2,392.0,0.99088848,471.0,False
b2c17,Batch 2,394.0,0.9886381,471.0,False
b2c17,Batch 2,397.0,0.98494923,471.0,False
b2c17,Batch 2,399.0,0.98273766,471.0,False
b2c17,Batch 2,401.0,0.98169571,471.0,False
b2c17,Batch 2,403.0,0.97981125,471.0,False
b2c17,Batch 2,406.0,0.97649306,471.0,False
b2c17,Batch 2,408.0,0.97527915,471.0,False
b2c17,Batch 2,410.0,0.97266901,471.0,False
b2c17,Batch 2,412.0,0.97059387,471.0,False
b2c17,Batch 2,415.0,0.9683187,471.0,False
b2c17,Batch 2,417.0,0.96729469,471.0,False
b2c17,Batch 2,419.0,0.96364117,471.0,False
b2c17,Batch 2,421.0,0.96116906,471.0,False
b2c17,Batch 2,424.0,0.95774221,471.0,False
b2c17,Batch 2,426.0,0.95585352,471.0,False
b2c17,Batch 2,428.0,0.95461178,471.0,False
b2c17,Batch 2,430.0,0.95055073,471.0,False
b2c17,Batch 2,433.0,0.94802582,471.0,False
b2c17,Batch 2,435.0,0.9462449,471.0,False
b2c17,Batch 2,437.0,0.94194555,471.0,False
b2c17,Batch 2,439.0,0.93748397,471.0,False
b2c17,Batch 2,442.0,0.93583566,471.0,False
b2c17,Batch 2,444.0,0.93262935,471.0,False
b2c17,Batch 2,446.0,0.93021053,471.0,False
b2c17,Batch 2,448.0,0.92385149,471.0,False
b2c17,Batch 2,451.0,0.91923481,471.0,False
b2c17,Batch 2,453.0,0.91926676,471.0,False
b2c17,Batch 2,455.0,0.91471672,471.0,False
b2c17,Batch 2,457.0,0.90891844,471.0,False
b2c17,Batch 2,460.0,0.90253961,471.0,False
b2c17,Batch 2,462.0,0.8982181,471.0,False
b2c17,Batch 2,464.0,0.89338237,471.0,False
b2c17,Batch 2,466.0,0.88876128,471.0,False
b2c17,Batch 2,469.0,0.88327318,471.0,False
b2c17,Batch 2,471.0,0.87988895,471.0,False
b2c17,Batch 2,473.0,0.87421745,471.0,False
b2c17,Batch 2,475.0,0.87085086,471.0,False
b2c17,Batch 2,478.0,0.86466104,471.0,False
b2c17,Batch 2,480.0,0.86029226,471.0,False
b2c17,Batch 2,482.0,0.85503423,471.0,False
b2c17,Batch 2,484.0,0.8525306,471.0,False
b2c17,Batch 2,487.0,0.84286326,471.0,False
b2c17,Batch 2,489.0,0.83909839,471.0,False
b2c17,Batch 2,491.0,0.83336222,471.0,False
b2c17,Batch 2,494.0,0.8272146,471.0,False
b2c18,Batch 2,1.0,1.075542,449.0,False
b2c18,Batch 2,3.0,1.0754716,449.0,False
b2c18,Batch 2,5.0,1.0776064,449.0,False
b2c18,Batch 2,7.0,1.0776873,449.0,False
b2c18,Batch 2,9.0,1.0764831,449.0,False
b2c18,Batch 2,11.0,1.0798888,449.0,False
b2c18,Batch 2,13.0,1.0777206,449.0,False
b2c18,Batch 2,15.0,1.0785028,449.0,False
b2c18,Batch 2,18.0,1.0783601,449.0,False
b2c18,Batch 2,20.0,1.0786946,449.0,False
b2c18,Batch 2,22.0,1.079684,449.0,False
b2c18,Batch 2,24.0,1.0797223,449.0,False
b2c18,Batch 2,26.0,1.0805378,449.0,False
b2c18,Batch 2,28.0,1.0794653,449.0,False
b2c18,Batch 2,30.0,1.077951,449.0,False
b2c18,Batch 2,32.0,1.0798994,449.0,False
b2c18,Batch 2,35.0,1.0804663,449.0,False
b2c18,Batch 2,37.0,1.0796646,449.0,False
b2c18,Batch 2,39.0,1.0813372,449.0,False
b2c18,Batch 2,41.0,1.0814703,449.0,False
b2c18,Batch 2,43.0,1.0801522,449.0,False
b2c18,Batch 2,45.0,1.0810171,449.0,False
b2c18,Batch 2,47.0,1.0816684,449.0,False
b2c18,Batch 2,49.0,1.0820843,449.0,False
b2c18,Batch 2,52.0,1.0844057,449.0,False
b2c18,Batch 2,54.0,1.0852963,449.0,False
b2c18,Batch 2,56.0,1.0854154,449.0,False
b2c18,Batch 2,58.0,1.0850036,449.0,False
b2c18,Batch 2,60.0,1.0850779,449.0,False
b2c18,Batch 2,62.0,1.0844691,449.0,False
b2c18,Batch 2,64.0,1.0841978,449.0,False
b2c18,Batch 2,66.0,1.0850682,449.0,False
b2c18,Batch 2,69.0,1.0857702,449.0,False
b2c18,Batch 2,71.0,1.08608,449.0,False
b2c18,Batch 2,73.0,1.0879334,449.0,False
b2c18,Batch 2,75.0,1.0867015,449.0,False
b2c18,Batch 2,77.0,1.0858449,449.0,False
b2c18,Batch 2,79.0,1.0850451,449.0,False
b2c18,Batch 2,81.0,1.0852915,449.0,False
b2c18,Batch 2,83.0,1.0852544,449.0,False
b2c18,Batch 2,86.0,1.0875207,449.0,False
b2c18,Batch 2,88.0,1.0875236,449.0,False
b2c18,Batch 2,90.0,1.0855144,449.0,False
b2c18,Batch 2,92.0,1.085259,449.0,False
b2c18,Batch 2,94.0,1.0865276,449.0,False
b2c18,Batch 2,96.0,1.0851964,449.0,False
b2c18,Batch 2,98.0,1.0849184,449.0,False
b2c18,Batch 2,101.0,1.0839953,449.0,False
b2c18,Batch 2,103.0,1.0849144,449.0,False
b2c18,Batch 2,105.0,1.0830317,449.0,False
b2c18,Batch 2,107.0,1.0818793,449.0,False
b2c18,Batch 2,109.0,1.0819592,449.0,False
b2c18,Batch 2,111.0,1.0809656,449.0,False
b2c18,Batch 2,113.0,1.0824296,449.0,False
b2c18,Batch 2,115.0,1.0813433,449.0,False
b2c18,Batch 2,118.0,1.0809965,449.0,False
b2c18,Batch 2,120.0,1.0800585,449.0,False
b2c18,Batch 2,122.0,1.0802871,449.0,False
b2c18,Batch 2,124.0,1.0801907,449.0,False
b2c18,Batch 2,126.0,1.0792258,449.0,False
b2c18,Batch 2,128.0,1.0793734,449.0,False
b2c18,Batch 2,130.0,1.0790504,449.0,False
b2c18,Batch 2,132.0,1.0799663,449.0,False
b2c18,Batch 2,135.0,1.0790926,449.0,False
b2c18,Batch 2,137.0,1.0786189,449.0,False
b2c18,Batch 2,139.0,1.0804613,449.0,False
b2c18,Batch 2,141.0,1.0806661,449.0,False
b2c18,Batch 2,143.0,1.0816799,449.0,False
b2c18,Batch 2,145.0,1.080869,449.0,False
b2c18,Batch 2,147.0,1.0798854,449.0,False
b2c18,Batch 2,149.0,1.0802336,449.0,False
b2c18,Batch 2,152.0,1.0795243,449.0,False
b2c18,Batch 2,154.0,1.07819,449.0,False
b2c18,Batch 2,156.0,1.078612,449.0,False
b2c18,Batch 2,158.0,1.0791378,449.0,False
b2c18,Batch 2,160.0,1.0792559,449.0,False
b2c18,Batch 2,162.0,1.080299,449.0,False
b2c18,Batch 2,164.0,1.0804113,449.0,False
b2c18,Batch 2,166.0,1.0814507,449.0,False
b2c18,Batch 2,169.0,1.079048,449.0,False
b2c18,Batch 2,171.0,1.0791136,449.0,False
b2c18,Batch 2,173.0,1.0777707,449.0,False
b2c18,Batch 2,175.0,1.0786177,449.0,False
b2c18,Batch 2,177.0,1.0769081,449.0,False
b2c18,Batch 2,179.0,1.0805255,449.0,False
b2c18,Batch 2,181.0,1.0795686,449.0,False
b2c18,Batch 2,183.0,1.0803173,449.0,False
b2c18,Batch 2,186.0,1.0817984,449.0,False
b2c18,Batch 2,188.0,1.0814681,449.0,False
b2c18,Batch 2,190.0,1.0794089,449.0,False
b2c18,Batch 2,192.0,1.0798817,449.0,False
b2c18,Batch 2,194.0,1.0771447,449.0,False
b2c18,Batch 2,196.0,1.078822,449.0,False
b2c18,Batch 2,198.0,1.0788957,449.0,False
b2c18,Batch 2,201.0,1.0791585,449.0,False
b2c18,Batch 2,203.0,1.0766538,449.0,False
b2c18,Batch 2,205.0,1.0779541,449.0,False
b2c18,Batch 2,207.0,1.0792253,449.0,False
b2c18,Batch 2,209.0,1.0779058,449.0,False
b2c18,Batch 2,211.0,1.0791565,449.0,False
b2c18,Batch 2,213.0,1.078132,449.0,False
b2c18,Batch 2,215.0,1.0786448,449.0,False
b2c18,Batch 2,218.0,1.0739669,449.0,False
b2c18,Batch 2,220.0,1.0747086,449.0,False
b2c18,Batch 2,222.0,1.0752798,449.0,False
b2c18,Batch 2,224.0,1.077666,449.0,False
b2c18,Batch 2,226.0,1.0766823,449.0,False
b2c18,Batch 2,228.0,1.0756152,449.0,False
b2c18,Batch 2,230.0,1.0768822,449.0,False
b2c18,Batch 2,232.0,1.0775743,449.0,False
b2c18,Batch 2,235.0,1.0768418,449.0,False
b2c18,Batch 2,237.0,1.0732234,449.0,False
b2c18,Batch 2,239.0,1.0746922,449.0,False
b2c18,Batch 2,241.0,1.0751535,449.0,False
b2c18,Batch 2,243.0,1.0729049,449.0,False
b2c18,Batch 2,245.0,1.072273,449.0,False
b2c18,Batch 2,247.0,1.073436,449.0,False
b2c18,Batch 2,249.0,1.0702022,449.0,False
b2c18,Batch 2,252.0,1.0703923,449.0,False
b2c18,Batch 2,254.0,1.0709144,449.0,False
b2c18,Batch 2,256.0,1.0726131,449.0,False
b2c18,Batch 2,258.0,1.0720912,449.0,False
b2c18,Batch 2,260.0,1.0714166,449.0,False
b2c18,Batch 2,262.0,1.0691545,449.0,False
b2c18,Batch 2,264.0,1.0700629,449.0,False
b2c18,Batch 2,266.0,1.0648603,449.0,False
b2c18,Batch 2,269.0,1.0638781,449.0,False
b2c18,Batch 2,271.0,1.0614874,449.0,False
b2c18,Batch 2,273.0,1.0624425,449.0,False
b2c18,Batch 2,275.0,1.0601661,449.0,False
b2c18,Batch 2,277.0,1.060284,449.0,False
b2c18,Batch 2,279.0,1.0581915,449.0,False
b2c18,Batch 2,281.0,1.0565946,449.0,False
b2c18,Batch 2,284.0,1.0576533,449.0,False
b2c18,Batch 2,286.0,1.0567362,449.0,False
b2c18,Batch 2,288.0,1.0549283,449.0,False
b2c18,Batch 2,290.0,1.0570745,449.0,False
b2c18,Batch 2,292.0,1.0559623,449.0,False
b2c18,Batch 2,294.0,1.0558013,449.0,False
b2c18,Batch 2,296.0,1.0551783,449.0,False
b2c18,Batch 2,298.0,1.0539906,449.0,False
b2c18,Batch 2,301.0,1.0523155,449.0,False
b2c18,Batch 2,303.0,1.0528725,449.0,False
b2c18,Batch 2,305.0,1.0514258,449.0,False
b2c18,Batch 2,307.0,1.0503104,449.0,False
b2c18,Batch 2,309.0,1.0491922,449.0,False
b2c18,Batch 2,311.0,1.0489334,449.0,False
b2c18,Batch 2,313.0,1.0479354,449.0,False
b2c18,Batch 2,315.0,1.0473784,449.0,False
b2c18,Batch 2,318.0,1.0463763,449.0,False
b2c18,Batch 2,320.0,1.045108,449.0,False
b2c18,Batch 2,322.0,1.0444602,449.0,False
b2c18,Batch 2,324.0,1.0432609,449.0,False
b2c18,Batch 2,326.0,1.042382,449.0,False
b2c18,Batch 2,328.0,1.0419037,449.0,False
b2c18,Batch 2,330.0,1.0411348,449.0,False
b2c18,Batch 2,332.0,1.0401139,449.0,False
b2c18,Batch 2,335.0,1.0394114,449.0,False
b2c18,Batch 2,337.0,1.037966,449.0,False
b2c18,Batch 2,339.0,1.0373435,449.0,False
b2c18,Batch 2,341.0,1.0374496,449.0,False
b2c18,Batch 2,343.0,1.0373763,449.0,False
b2c18,Batch 2,345.0,1.0361009,449.0,False
b2c18,Batch 2,347.0,1.0356311,449.0,False
b2c18,Batch 2,349.0,1.0338553,449.0,False
b2c18,Batch 2,352.0,1.0323225,449.0,False
b2c18,Batch 2,354.0,1.0302567,449.0,False
b2c18,Batch 2,356.0,1.0288427,449.0,False
b2c18,Batch 2,358.0,1.0283308,449.0,False
b2c18,Batch 2,360.0,1.0274208,449.0,False
b2c18,Batch 2,362.0,1.0247229,449.0,False
b2c18,Batch 2,364.0,1.024798,449.0,False
b2c18,Batch 2,366.0,1.0228115,449.0,False
b2c18,Batch 2,369.0,1.0208372,449.0,False
b2c18,Batch 2,371.0,1.0193763,449.0,False
b2c18,Batch 2,373.0,1.0171251,449.0,False
b2c18,Batch 2,375.0,1.0136085,449.0,False
b2c18,Batch 2,377.0,1.0120938,449.0,False
b2c18,Batch 2,379.0,1.0111257,449.0,False
b2c18,Batch 2,381.0,1.0089148,449.0,False
b2c18,Batch 2,384.0,1.0056366,449.0,False
b2c18,Batch 2,386.0,1.0040388,449.0,False
b2c18,Batch 2,388.0,1.0017666,449.0,False
b2c18,Batch 2,390.0,0.99801129,449.0,False
b2c18,Batch 2,392.0,0.9973889,449.0,False
b2c18,Batch 2,394.0,0.99694413,449.0,False
b2c18,Batch 2,396.0,0.99313188,449.0,False
b2c18,Batch 2,398.0,0.98902375,449.0,False
b2c18,Batch 2,401.0,0.98562407,449.0,False
b2c18,Batch 2,403.0,0.98320591,449.0,False
b2c18,Batch 2,405.0,0.98083919,449.0,False
b2c18,Batch 2,407.0,0.97744542,449.0,False
b2c18,Batch 2,409.0,0.97479028,449.0,False
b2c18,Batch 2,411.0,0.97130257,449.0,False
b2c18,Batch 2,413.0,0.96773314,449.0,False
b2c18,Batch 2,415.0,0.96393389,449.0,False
b2c18,Batch 2,418.0,0.95982921,449.0,False
b2c18,Batch 2,420.0,0.95610327,449.0,False
b2c18,Batch 2,422.0,0.95265895,449.0,False
b2c18,Batch 2,424.0,0.94501275,449.0,False
b2c18,Batch 2,426.0,0.94008148,449.0,False
b2c18,Batch 2,428.0,0.93975151,449.0,False
b2c18,Batch 2,430.0,0.93308145,449.0,False
b2c18,Batch 2,432.0,0.9263171,449.0,False
b2c18,Batch 2,435.0,0.91768199,449.0,False
b2c18,Batch 2,437.0,0.91203737,449.0,False
b2c18,Batch 2,439.0,0.90597832,449.0,False
b2c18,Batch 2,441.0,0.90061337,449.0,False
b2c18,Batch 2,443.0,0.89592761,449.0,False
b2c18,Batch 2,445.0,0.88948613,449.0,False
b2c18,Batch 2,447.0,0.88415289,449.0,False
b2c18,Batch 2,449.0,0.87836123,449.0,False
b2c18,Batch 2,452.0,0.87230444,449.0,False
b2c18,Batch 2,454.0,0.86660606,449.0,False
b2c18,Batch 2,456.0,0.86045098,449.0,False
b2c18,Batch 2,458.0,0.8569454,449.0,False
b2c18,Batch 2,460.0,0.8481617,449.0,False
b2c18,Batch 2,462.0,0.84211469,449.0,False
b2c18,Batch 2,464.0,0.83625847,449.0,False
b2c18,Batch 2,467.0,0.82719898,449.0,False
b2c19,Batch 2,1.0,1.0912853,392.0,False
b2c19,Batch 2,2.0,1.0902406,392.0,False
b2c19,Batch 2,4.0,1.0907462,392.0,False
b2c19,Batch 2,6.0,1.0929073,392.0,False
b2c19,Batch 2,8.0,1.0929101,392.0,False
b2c19,Batch 2,10.0,1.0924506,392.0,False
b2c19,Batch 2,12.0,1.094359,392.0,False
b2c19,Batch 2,14.0,1.0947381,392.0,False
b2c19,Batch 2,15.0,1.0935801,392.0,False
b2c19,Batch 2,17.0,1.0936342,392.0,False
b2c19,Batch 2,19.0,1.0950593,392.0,False
b2c19,Batch 2,21.0,1.0968611,392.0,False
b2c19,Batch 2,23.0,1.0947016,392.0,False
b2c19,Batch 2,25.0,1.0954068,392.0,False
b2c19,Batch 2,27.0,1.0950007,392.0,False
b2c19,Batch 2,29.0,1.0961156,392.0,False
b2c19,Batch 2,30.0,1.0951934,392.0,False
b2c19,Batch 2,32.0,1.0945297,392.0,False
b2c19,Batch 2,34.0,1.0969408,392.0,False
b2c19,Batch 2,36.0,1.0977476,392.0,False
b2c19,Batch 2,38.0,1.0976421,392.0,False
b2c19,Batch 2,40.0,1.0977716,392.0,False
b2c19,Batch 2,42.0,1.0965582,392.0,False
b2c19,Batch 2,44.0,1.0985194,392.0,False
b2c19,Batch 2,45.0,1.0986713,392.0,False
b2c19,Batch 2,47.0,1.0987709,392.0,False
b2c19,Batch 2,49.0,1.0839374,392.0,False
b2c19,Batch 2,51.0,1.0898108,392.0,False
b2c19,Batch 2,53.0,1.0907193,392.0,False
b2c19,Batch 2,55.0,1.0899327,392.0,False
b2c19,Batch 2,57.0,1.0905855,392.0,False
b2c19,Batch 2,59.0,1.0913028,392.0,False
b2c19,Batch 2,60.0,1.0914524,392.0,False
b2c19,Batch 2,62.0,1.0931689,392.0,False
b2c19,Batch 2,64.0,1.0942888,392.0,False
b2c19,Batch 2,66.0,1.0945064,392.0,False
b2c19,Batch 2,68.0,1.094445,392.0,False
b2c19,Batch 2,70.0,1.0974143,392.0,False
b2c19,Batch 2,72.0,1.0986837,392.0,False
b2c19,Batch 2,74.0,1.0973887,392.0,False
b2c19,Batch 2,75.0,1.0963942,392.0,False
b2c19,Batch 2,77.0,1.0943985,392.0,False
b2c19,Batch 2,79.0,1.0938963,392.0,False
b2c19,Batch 2,81.0,1.0958018,392.0,False
b2c19,Batch 2,83.0,1.0972784,392.0,False
b2c19,Batch 2,85.0,1.0963643,392.0,False
b2c19,Batch 2,87.0,1.0969515,392.0,False
b2c19,Batch 2,88.0,1.0982678,392.0,False
b2c19,Batch 2,90.0,1.0981153,392.0,False
b2c19,Batch 2,92.0,1.0973572,392.0,False
b2c19,Batch 2,94.0,1.0965936,392.0,False
b2c19,Batch 2,96.0,1.0952394,392.0,False
b2c19,Batch 2,98.0,1.0945666,392.0,False
b2c19,Batch 2,100.0,1.0930592,392.0,False
b2c19,Batch 2,102.0,1.0947796,392.0,False
b2c19,Batch 2,103.0,1.0933331,392.0,False
b2c19,Batch 2,105.0,1.0907558,392.0,False
b2c19,Batch 2,107.0,1.0918547,392.0,False
b2c19,Batch 2,109.0,1.091576,392.0,False
b2c19,Batch 2,111.0,1.0896994,392.0,False
b2c19,Batch 2,113.0,1.0913054,392.0,False
b2c19,Batch 2,115.0,1.0914941,392.0,False
b2c19,Batch 2,117.0,1.0902336,392.0,False
b2c19,Batch 2,118.0,1.089889,392.0,False
b2c19,Batch 2,120.0,1.0900234,392.0,False
b2c19,Batch 2,122.0,1.0905846,392.0,False
b2c19,Batch 2,124.0,1.089967,392.0,False
b2c19,Batch 2,126.0,1.0901945,392.0,False
b2c19,Batch 2,128.0,1.0881081,392.0,False
b2c19,Batch 2,130.0,1.0890732,392.0,False
b2c19,Batch 2,132.0,1.092104,392.0,False
b2c19,Batch 2,133.0,1.0930618,392.0,False
b2c19,Batch 2,135.0,1.0911938,392.0,False
b2c19,Batch 2,137.0,1.0913733,392.0,False
b2c19,Batch 2,139.0,1.0909392,392.0,False
b2c19,Batch 2,141.0,1.0917542,392.0,False
b2c19,Batch 2,143.0,1.0915656,392.0,False
b2c19,Batch 2,145.0,1.0900379,392.0,False
b2c19,Batch 2,147.0,1.0902373,392.0,False
b2c19,Batch 2,148.0,1.0907704,392.0,False
b2c19,Batch 2,150.0,1.0899403,392.0,False
b2c19,Batch 2,152.0,1.0919235,392.0,False
b2c19,Batch 2,154.0,1.0927358,392.0,False
b2c19,Batch 2,156.0,1.0893456,392.0,False
b2c19,Batch 2,158.0,1.095148,392.0,False
b2c19,Batch 2,160.0,1.0914499,392.0,False
b2c19,Batch 2,162.0,1.0917717,392.0,False
b2c19,Batch 2,163.0,1.0906526,392.0,False
b2c19,Batch 2,165.0,1.0913192,392.0,False
b2c19,Batch 2,167.0,1.0921075,392.0,False
b2c19,Batch 2,169.0,1.0936655,392.0,False
b2c19,Batch 2,171.0,1.0925393,392.0,False
b2c19,Batch 2,173.0,1.0892038,392.0,False
b2c19,Batch 2,175.0,1.0927504,392.0,False
b2c19,Batch 2,176.0,1.0923347,392.0,False
b2c19,Batch 2,178.0,1.0969974,392.0,False
b2c19,Batch 2,180.0,1.094063,392.0,False
b2c19,Batch 2,182.0,1.0911133,392.0,False
b2c19,Batch 2,184.0,1.0919104,392.0,False
b2c19,Batch 2,186.0,1.0921209,392.0,False
b2c19,Batch 2,188.0,1.090892,392.0,False
b2c19,Batch 2,190.0,1.0914119,392.0,False
b2c19,Batch 2,191.0,1.0930071,392.0,False
b2c19,Batch 2,193.0,1.0896086,392.0,False
b2c19,Batch 2,195.0,1.0907598,392.0,False
b2c19,Batch 2,197.0,1.0903193,392.0,False
b2c19,Batch 2,199.0,1.0899223,392.0,False
b2c19,Batch 2,201.0,1.0923728,392.0,False
b2c19,Batch 2,203.0,1.0889046,392.0,False
b2c19,Batch 2,205.0,1.089082,392.0,False
b2c19,Batch 2,206.0,1.0871457,392.0,False
b2c19,Batch 2,208.0,1.0886662,392.0,False
b2c19,Batch 2,210.0,1.0886201,392.0,False
b2c19,Batch 2,212.0,1.0895555,392.0,False
b2c19,Batch 2,214.0,1.087453,392.0,False
b2c19,Batch 2,216.0,1.0875651,392.0,False
b2c19,Batch 2,218.0,1.0890416,392.0,False
b2c19,Batch 2,220.0,1.0903722,392.0,False
b2c19,Batch 2,221.0,1.0887624,392.0,False
b2c19,Batch 2,223.0,1.0883924,392.0,False
b2c19,Batch 2,225.0,1.0870168,392.0,False
b2c19,Batch 2,227.0,1.0878097,392.0,False
b2c19,Batch 2,229.0,1.0867505,392.0,False
b2c19,Batch 2,231.0,1.0845013,392.0,False
b2c19,Batch 2,233.0,1.0803787,392.0,False
b2c19,Batch 2,235.0,1.0845119,392.0,False
b2c19,Batch 2,236.0,1.0826678,392.0,False
b2c19,Batch 2,238.0,1.0803946,392.0,False
b2c19,Batch 2,240.0,1.0796742,392.0,False
b2c19,Batch 2,242.0,1.0825812,392.0,False
b2c19,Batch 2,244.0,1.0838846,392.0,False
b2c19,Batch 2,246.0,1.0782398,392.0,False
b2c19,Batch 2,248.0,1.0749509,392.0,False
b2c19,Batch 2,249.0,1.084345,392.0,False
b2c19,Batch 2,251.0,1.075498,392.0,False
b2c19,Batch 2,253.0,1.0764353,392.0,False
b2c19,Batch 2,255.0,1.0720739,392.0,False
b2c19,Batch 2,257.0,1.0702012,392.0,False
b2c19,Batch 2,259.0,1.0694091,392.0,False
b2c19,Batch 2,261.0,1.066893,392.0,False
b2c19,Batch 2,263.0,1.0683868,392.0,False
b2c19,Batch 2,264.0,1.0674274,392.0,False
b2c19,Batch 2,266.0,1.0639509,392.0,False
b2c19,Batch 2,268.0,1.0597898,392.0,False
b2c19,Batch 2,270.0,1.0607581,392.0,False
b2c19,Batch 2,272.0,1.060982,392.0,False
b2c19,Batch 2,274.0,1.0592892,392.0,False
b2c19,Batch 2,276.0,1.0596431,392.0,False
b2c19,Batch 2,278.0,1.0595343,392.0,False
b2c19,Batch 2,279.0,1.0584068,392.0,False
b2c19,Batch 2,281.0,1.0591837,392.0,False
b2c19,Batch 2,283.0,1.0550652,392.0,False
b2c19,Batch 2,285.0,1.0550685,392.0,False
b2c19,Batch 2,287.0,1.0525469,392.0,False
b2c19,Batch 2,289.0,1.0529789,392.0,False
b2c19,Batch 2,291.0,1.0515909,392.0,False
b2c19,Batch 2,293.0,1.0490077,392.0,False
b2c19,Batch 2,294.0,1.0481708,392.0,False
b2c19,Batch 2,296.0,1.046875,392.0,False
b2c19,Batch 2,298.0,1.0456563,392.0,False
b2c19,Batch 2,300.0,1.0448923,392.0,False
b2c19,Batch 2,302.0,1.0428796,392.0,False
b2c19,Batch 2,304.0,1.042513,392.0,False
b2c19,Batch 2,306.0,1.0399251,392.0,False
b2c19,Batch 2,308.0,1.0391697,392.0,False
b2c19,Batch 2,309.0,1.0370727,392.0,False
b2c19,Batch 2,311.0,1.0354038,392.0,False
b2c19,Batch 2,313.0,1.0352213,392.0,False
b2c19,Batch 2,315.0,1.032696,392.0,False
b2c19,Batch 2,317.0,1.0303912,392.0,False
b2c19,Batch 2,319.0,1.0299751,392.0,False
b2c19,Batch 2,321.0,1.0264167,392.0,False
b2c19,Batch 2,323.0,1.0255883,392.0,False
b2c19,Batch 2,324.0,1.025529,392.0,False
b2c19,Batch 2,326.0,1.0243474,392.0,False
b2c19,Batch 2,328.0,1.0241233,392.0,False
b2c19,Batch 2,330.0,1.0220699,392.0,False
b2c19,Batch 2,332.0,1.0171659,392.0,False
b2c19,Batch 2,334.0,1.0150989,392.0,False
b2c19,Batch 2,336.0,1.0117599,392.0,False
b2c19,Batch 2,337.0,1.0098164,392.0,False
b2c19,Batch 2,339.0,1.0079271,392.0,False
b2c19,Batch 2,341.0,1.0052676,392.0,False
b2c19,Batch 2,343.0,1.0022516,392.0,False
b2c19,Batch 2,345.0,0.99901938,392.0,False
b2c19,Batch 2,347.0,0.99515575,392.0,False
b2c19,Batch 2,349.0,0.99094349,392.0,False
b2c19,Batch 2,351.0,0.98658484,392.0,False
b2c19,Batch 2,352.0,0.9859857,392.0,False
b2c19,Batch 2,354.0,0.9813205,392.0,False
b2c19,Batch 2,356.0,0.97517216,392.0,False
b2c19,Batch 2,358.0,0.97067338,392.0,False
b2c19,Batch 2,360.0,0.96605629,392.0,False
b2c19,Batch 2,362.0,0.96143705,392.0,False
b2c19,Batch 2,364.0,0.9560796,392.0,False
b2c19,Batch 2,366.0,0.95074743,392.0,False
b2c19,Batch 2,367.0,0.947662,392.0,False
b2c19,Batch 2,369.0,0.9436028,392.0,False
b2c19,Batch 2,371.0,0.93836391,392.0,False
b2c19,Batch 2,373.0,0.93414986,392.0,False
b2c19,Batch 2,375.0,0.92629892,392.0,False
b2c19,Batch 2,377.0,0.92148238,392.0,False
b2c19,Batch 2,379.0,0.91548532,392.0,False
b2c19,Batch 2,381.0,0.90990454,392.0,False
b2c19,Batch 2,382.0,0.90903592,392.0,False
b2c19,Batch 2,384.0,0.90272313,392.0,False
b2c19,Batch 2,386.0,0.89665335,392.0,False
b2c19,Batch 2,388.0,0.8936922,392.0,False
b2c19,Batch 2,390.0,0.88764942,392.0,False
b2c19,Batch 2,392.0,0.87817252,392.0,False
b2c19,Batch 2,394.0,0.87733477,392.0,False
b2c19,Batch 2,396.0,0.87179613,392.0,False
b2c19,Batch 2,397.0,0.86946249,392.0,False
b2c19,Batch 2,399.0,0.86118954,392.0,False
b2c19,Batch 2,401.0,0.85528618,392.0,False
b2c19,Batch 2,403.0,0.84884691,392.0,False
b2c19,Batch 2,405.0,0.8469519,392.0,False
b2c19,Batch 2,407.0,0.84176344,392.0,False
b2c19,Batch 2,409.0,0.83240563,392.0,False
b2c19,Batch 2,411.0,0.82597393,392.0,False
b2c20,Batch 2,1.0,1.0973283,489.0,False
b2c20,Batch 2,3.0,1.0973581,489.0,False
b2c20,Batch 2,5.0,1.0982624,489.0,False
b2c20,Batch 2,7.0,1.0999666,489.0,False
b2c20,Batch 2,10.0,1.1000065,489.0,False
b2c20,Batch 2,12.0,1.0989804,489.0,False
b2c20,Batch 2,14.0,1.0994316,489.0,False
b2c20,Batch 2,17.0,1.0995517,489.0,False
b2c20,Batch 2,19.0,1.0999416,489.0,False
b2c20,Batch 2,21.0,1.0993935,489.0,False
b2c20,Batch 2,24.0,1.1003678,489.0,False
b2c20,Batch 2,26.0,1.0997447,489.0,False
b2c20,Batch 2,28.0,1.0997322,489.0,False
b2c20,Batch 2,30.0,1.100991,489.0,False
b2c20,Batch 2,33.0,1.102512,489.0,False
b2c20,Batch 2,35.0,1.1011722,489.0,False
b2c20,Batch 2,37.0,1.1003705,489.0,False
b2c20,Batch 2,40.0,1.1009483,489.0,False
b2c20,Batch 2,42.0,1.1009144,489.0,False
b2c20,Batch 2,44.0,1.1018547,489.0,False
b2c20,Batch 2,47.0,1.1027781,489.0,False
b2c20,Batch 2,49.0,1.1023651,489.0,False
b2c20,Batch 2,51.0,1.0945971,489.0,False
b2c20,Batch 2,54.0,1.0966967,489.0,False
b2c20,Batch 2,56.0,1.0962447,489.0,False
b2c20,Batch 2,58.0,1.0972739,489.0,False
b2c20,Batch 2,60.0,1.0973141,489.0,False
b2c20,Batch 2,63.0,1.0989611,489.0,False
b2c20,Batch 2,65.0,1.0985906,489.0,False
b2c20,Batch 2,67.0,1.0997049,489.0,False
b2c20,Batch 2,70.0,1.0982547,489.0,False
b2c20,Batch 2,72.0,1.0986137,489.0,False
b2c20,Batch 2,74.0,1.0999374,489.0,False
b2c20,Batch 2,77.0,1.1006032,489.0,False
b2c20,Batch 2,79.0,1.1008772,489.0,False
b2c20,Batch 2,81.0,1.1021906,489.0,False
b2c20,Batch 2,84.0,1.10208,489.0,False
b2c20,Batch 2,86.0,1.1018419,489.0,False
b2c20,Batch 2,88.0,1.1022836,489.0,False
b2c20,Batch 2,90.0,1.1029574,489.0,False
b2c20,Batch 2,93.0,1.1036202,489.0,False
b2c20,Batch 2,95.0,1.1036271,489.0,False
b2c20,Batch 2,97.0,1.1026871,489.0,False
b2c20,Batch 2,100.0,1.1038647,489.0,False
b2c20,Batch 2,102.0,1.1036041,489.0,False
b2c20,Batch 2,104.0,1.1059963,489.0,False
b2c20,Batch 2,107.0,1.1037059,489.0,False
b2c20,Batch 2,109.0,1.104075,489.0,False
b2c20,Batch 2,111.0,1.1051767,489.0,False
b2c20,Batch 2,113.0,1.1062285,489.0,False
b2c20,Batch 2,116.0,1.1033611,489.0,False
b2c20,Batch 2,118.0,1.1075544,489.0,False
b2c20,Batch 2,120.0,1.1063157,489.0,False
b2c20,Batch 2,123.0,1.1059095,489.0,False
b2c20,Batch 2,125.0,1.1076764,489.0,False
b2c20,Batch 2,127.0,1.1072555,489.0,False
b2c20,Batch 2,130.0,1.1078697,489.0,False
b2c20,Batch 2,132.0,1.1065487,489.0,False
b2c20,Batch 2,134.0,1.1077201,489.0,False
b2c20,Batch 2,137.0,1.1064106,489.0,False
b2c20,Batch 2,139.0,1.1063864,489.0,False
b2c20,Batch 2,141.0,1.1101779,489.0,False
b2c20,Batch 2,143.0,1.108861,489.0,False
b2c20,Batch 2,146.0,1.1107184,489.0,False
b2c20,Batch 2,148.0,1.1089911,489.0,False
b2c20,Batch 2,150.0,1.1079693,489.0,False
b2c20,Batch 2,153.0,1.1090922,489.0,False
b2c20,Batch 2,155.0,1.109358,489.0,False
b2c20,Batch 2,157.0,1.1110744,489.0,False
b2c20,Batch 2,160.0,1.1082084,489.0,False
b2c20,Batch 2,162.0,1.1101689,489.0,False
b2c20,Batch 2,164.0,1.1109416,489.0,False
b2c20,Batch 2,167.0,1.1077863,489.0,False
b2c20,Batch 2,169.0,1.1113384,489.0,False
b2c20,Batch 2,171.0,1.1101941,489.0,False
b2c20,Batch 2,173.0,1.1103843,489.0,False
b2c20,Batch 2,176.0,1.111868,489.0,False
b2c20,Batch 2,178.0,1.110942,489.0,False
b2c20,Batch 2,180.0,1.1102135,489.0,False
b2c20,Batch 2,183.0,1.1116841,489.0,False
b2c20,Batch 2,185.0,1.110402,489.0,False
b2c20,Batch 2,187.0,1.1107343,489.0,False
b2c20,Batch 2,190.0,1.1104288,489.0,False
b2c20,Batch 2,192.0,1.1109619,489.0,False
b2c20,Batch 2,194.0,1.1106572,489.0,False
b2c20,Batch 2,197.0,1.1112397,489.0,False
b2c20,Batch 2,199.0,1.1118579,489.0,False
b2c20,Batch 2,201.0,1.113302,489.0,False
b2c20,Batch 2,203.0,1.1109165,489.0,False
b2c20,Batch 2,206.0,1.1103213,489.0,False
b2c20,Batch 2,208.0,1.1112127,489.0,False
b2c20,Batch 2,210.0,1.1114924,489.0,False
b2c20,Batch 2,213.0,1.1112767,489.0,False
b2c20,Batch 2,215.0,1.1113764,489.0,False
b2c20,Batch 2,217.0,1.1114371,489.0,False
b2c20,Batch 2,220.0,1.1120095,489.0,False
b2c20,Batch 2,222.0,1.1112446,489.0,False
b2c20,Batch 2,224.0,1.1127633,489.0,False
b2c20,Batch 2,226.0,1.1103848,489.0,False
b2c20,Batch 2,229.0,1.1119924,489.0,False
b2c20,Batch 2,231.0,1.1112025,489.0,False
b2c20,Batch 2,233.0,1.1099777,489.0,False
b2c20,Batch 2,236.0,1.1112801,489.0,False
b2c20,Batch 2,238.0,1.1091349,489.0,False
b2c20,Batch 2,240.0,1.1116832,489.0,False
b2c20,Batch 2,243.0,1.1111839,489.0,False
b2c20,Batch 2,245.0,1.1107547,489.0,False
b2c20,Batch 2,247.0,1.1110315,489.0,False
b2c20,Batch 2,250.0,1.1088891,489.0,False
b2c20,Batch 2,252.0,1.1080283,489.0,False
b2c20,Batch 2,254.0,1.1101764,489.0,False
b2c20,Batch 2,256.0,1.1075264,489.0,False
b2c20,Batch 2,259.0,1.1082094,489.0,False
b2c20,Batch 2,261.0,1.109008,489.0,False
b2c20,Batch 2,263.0,1.1103182,489.0,False
b2c20,Batch 2,266.0,1.1077799,489.0,False
b2c20,Batch 2,268.0,1.1076978,489.0,False
b2c20,Batch 2,270.0,1.1070261,489.0,False
b2c20,Batch 2,273.0,1.1063803,489.0,False
b2c20,Batch 2,275.0,1.1071076,489.0,False
b2c20,Batch 2,277.0,1.10632,489.0,False
b2c20,Batch 2,280.0,1.1079481,489.0,False
b2c20,Batch 2,282.0,1.1061121,489.0,False
b2c20,Batch 2,284.0,1.1068484,489.0,False
b2c20,Batch 2,286.0,1.103711,489.0,False
b2c20,Batch 2,289.0,1.1045405,489.0,False
b2c20,Batch 2,291.0,1.1035382,489.0,False
b2c20,Batch 2,293.0,1.1050925,489.0,False
b2c20,Batch 2,296.0,1.1030581,489.0,False
b2c20,Batch 2,298.0,1.1045482,489.0,False
b2c20,Batch 2,300.0,1.1033195,489.0,False
b2c20,Batch 2,303.0,1.1031723,489.0,False
b2c20,Batch 2,305.0,1.1036016,489.0,False
b2c20,Batch 2,307.0,1.1028267,489.0,False
b2c20,Batch 2,309.0,1.1028334,489.0,False
b2c20,Batch 2,312.0,1.1018357,489.0,False
b2c20,Batch 2,314.0,1.1002243,489.0,False
b2c20,Batch 2,316.0,1.1018342,489.0,False
b2c20,Batch 2,319.0,1.0988686,489.0,False
b2c20,Batch 2,321.0,1.1002504,489.0,False
b2c20,Batch 2,323.0,1.1009904,489.0,False
b2c20,Batch 2,326.0,1.0974261,489.0,False
b2c20,Batch 2,328.0,1.0982419,489.0,False
b2c20,Batch 2,330.0,1.0972149,489.0,False
b2c20,Batch 2,333.0,1.0978134,489.0,False
b2c20,Batch 2,335.0,1.0966946,489.0,False
b2c20,Batch 2,337.0,1.0939372,489.0,False
b2c20,Batch 2,339.0,1.0954989,489.0,False
b2c20,Batch 2,342.0,1.0950295,489.0,False
b2c20,Batch 2,344.0,1.0949486,489.0,False
b2c20,Batch 2,346.0,1.0915749,489.0,False
b2c20,Batch 2,349.0,1.0936204,489.0,False
b2c20,Batch 2,351.0,1.0921052,489.0,False
b2c20,Batch 2,353.0,1.0912852,489.0,False
b2c20,Batch 2,356.0,1.0903101,489.0,False
b2c20,Batch 2,358.0,1.0891433,489.0,False
b2c20,Batch 2,360.0,1.0877249,489.0,False
b2c20,Batch 2,363.0,1.0851294,489.0,False
b2c20,Batch 2,365.0,1.0866873,489.0,False
b2c20,Batch 2,367.0,1.0870001,489.0,False
b2c20,Batch 2,369.0,1.0857967,489.0,False
b2c20,Batch 2,372.0,1.0811442,489.0,False
b2c20,Batch 2,374.0,1.0815605,489.0,False
b2c20,Batch 2,376.0,1.0801957,489.0,False
b2c20,Batch 2,379.0,1.0779412,489.0,False
b2c20,Batch 2,381.0,1.0774667,489.0,False
b2c20,Batch 2,383.0,1.0776588,489.0,False
b2c20,Batch 2,386.0,1.0735791,489.0,False
b2c20,Batch 2,388.0,1.0721389,489.0,False
b2c20,Batch 2,390.0,1.0706599,489.0,False
b2c20,Batch 2,393.0,1.0668371,489.0,False
b2c20,Batch 2,395.0,1.0669458,489.0,False
b2c20,Batch 2,397.0,1.0669097,489.0,False
b2c20,Batch 2,399.0,1.0645068,489.0,False
b2c20,Batch 2,402.0,1.062479,489.0,False
b2c20,Batch 2,404.0,1.0581002,489.0,False
b2c20,Batch 2,406.0,1.0582669,489.0,False
b2c20,Batch 2,409.0,1.0558889,489.0,False
b2c20,Batch 2,411.0,1.054031,489.0,False
b2c20,Batch 2,413.0,1.0515307,489.0,False
b2c20,Batch 2,416.0,1.0475302,489.0,False
b2c20,Batch 2,418.0,1.0452235,489.0,False
b2c20,Batch 2,420.0,1.0413624,489.0,False
b2c20,Batch 2,422.0,1.0396107,489.0,False
b2c20,Batch 2,425.0,1.0362372,489.0,False
b2c20,Batch 2,427.0,1.0336616,489.0,False
b2c20,Batch 2,429.0,1.0287319,489.0,False
b2c20,Batch 2,432.0,1.024485,489.0,False
b2c20,Batch 2,434.0,1.0191979,489.0,False
b2c20,Batch 2,436.0,1.0175983,489.0,False
b2c20,Batch 2,439.0,1.0112628,489.0,False
b2c20,Batch 2,441.0,1.0054278,489.0,False
b2c20,Batch 2,443.0,1.0019326,489.0,False
b2c20,Batch 2,446.0,0.9948191,489.0,False
b2c20,Batch 2,448.0,0.99178594,489.0,False
b2c20,Batch 2,450.0,0.98613757,489.0,False
b2c20,Batch 2,452.0,0.98054963,489.0,False
b2c20,Batch 2,455.0,0.97328162,489.0,False
b2c20,Batch 2,457.0,0.96890622,489.0,False
b2c20,Batch 2,459.0,0.96387386,489.0,False
b2c20,Batch 2,462.0,0.95543408,489.0,False
b2c20,Batch 2,464.0,0.95136106,489.0,False
b2c20,Batch 2,466.0,0.94390434,489.0,False
b2c20,Batch 2,469.0,0.93693995,489.0,False
b2c20,Batch 2,471.0,0.93014091,489.0,False
b2c20,Batch 2,473.0,0.92577505,489.0,False
b2c20,Batch 2,476.0,0.91728365,489.0,False
b2c20,Batch 2,478.0,0.91146648,489.0,False
b2c20,Batch 2,480.0,0.90560329,489.0,False
b2c20,Batch 2,482.0,0.89771324,489.0,False
b2c20,Batch 2,485.0,0.89135075,489.0,False
b2c20,Batch 2,487.0,0.88532108,489.0,False
b2c20,Batch 2,489.0,0.87974203,489.0,False
b2c20,Batch 2,492.0,0.86926657,489.0,False
b2c20,Batch 2,494.0,0.8655315,489.0,False
b2c20,Batch 2,496.0,0.85879207,489.0,False
b2c20,Batch 2,499.0,0.85135394,489.0,False
b2c20,Batch 2,501.0,0.84192348,489.0,False
b2c20,Batch 2,503.0,0.83791983,489.0,False
b2c20,Batch 2,506.0,0.82856864,489.0,False
b2c21,Batch 2,1.0,1.09855,408.0,False
b2c21,Batch 2,2.0,1.0985936,408.0,False
b2c21,Batch 2,4.0,1.099995,408.0,False
b2c21,Batch 2,6.0,1.1009929,408.0,False
b2c21,Batch 2,8.0,1.1006373,408.0,False
b2c21,Batch 2,10.0,1.102361,408.0,False
b2c21,Batch 2,12.0,1.1009465,408.0,False
b2c21,Batch 2,14.0,1.1021839,408.0,False
b2c21,Batch 2,16.0,1.1011955,408.0,False
b2c21,Batch 2,18.0,1.0995799,408.0,False
b2c21,Batch 2,20.0,1.1012627,408.0,False
b2c21,Batch 2,22.0,1.1027304,408.0,False
b2c21,Batch 2,24.0,1.101419,408.0,False
b2c21,Batch 2,26.0,1.1029462,408.0,False
b2c21,Batch 2,28.0,1.1009462,408.0,False
b2c21,Batch 2,30.0,1.1013087,408.0,False
b2c21,Batch 2,32.0,1.1031455,408.0,False
b2c21,Batch 2,33.0,1.1018683,408.0,False
b2c21,Batch 2,35.0,1.1028951,408.0,False
b2c21,Batch 2,37.0,1.1040269,408.0,False
b2c21,Batch 2,39.0,1.1043777,408.0,False
b2c21,Batch 2,41.0,1.1045218,408.0,False
b2c21,Batch 2,43.0,1.1046761,408.0,False
b2c21,Batch 2,45.0,1.1068199,408.0,False
b2c21,Batch 2,47.0,1.1066968,408.0,False
b2c21,Batch 2,49.0,1.0964967,408.0,False
b2c21,Batch 2,51.0,1.0988535,408.0,False
b2c21,Batch 2,53.0,1.0996543,408.0,False
b2c21,Batch 2,55.0,1.0972061,408.0,False
b2c21,Batch 2,57.0,1.0991204,408.0,False
b2c21,Batch 2,59.0,1.098619,408.0,False
b2c21,Batch 2,61.0,1.0975119,408.0,False
b2c21,Batch 2,63.0,1.1004115,408.0,False
b2c21,Batch 2,65.0,1.1024528,408.0,False
b2c21,Batch 2,66.0,1.103621,408.0,False
b2c21,Batch 2,68.0,1.102935,408.0,False
b2c21,Batch 2,70.0,1.1038849,408.0,False
b2c21,Batch 2,72.0,1.1025865,408.0,False
b2c21,Batch 2,74.0,1.105615,408.0,False
b2c21,Batch 2,76.0,1.1032412,408.0,False
b2c21,Batch 2,78.0,1.1042268,408.0,False
b2c21,Batch 2,80.0,1.1041961,408.0,False
b2c21,Batch 2,82.0,1.103484,408.0,False
b2c21,Batch 2,84.0,1.1050043,408.0,False
b2c21,Batch 2,86.0,1.1037536,408.0,False
b2c21,Batch 2,88.0,1.1042312,408.0,False
b2c21,Batch 2,90.0,1.1053007,408.0,False
b2c21,Batch 2,92.0,1.1034656,408.0,False
b2c21,Batch 2,94.0,1.1059742,408.0,False
b2c21,Batch 2,96.0,1.1037123,408.0,False
b2c21,Batch 2,98.0,1.1026791,408.0,False
b2c21,Batch 2,99.0,1.1026068,408.0,False
b2c21,Batch 2,101.0,1.1011353,408.0,False
b2c21,Batch 2,103.0,1.1020645,408.0,False
b2c21,Batch 2,105.0,1.1011078,408.0,False
b2c21,Batch 2,107.0,1.0987543,408.0,False
b2c21,Batch 2,109.0,1.0998436,408.0,False
b2c21,Batch 2,111.0,1.0983597,408.0,False
b2c21,Batch 2,113.0,1.0972968,408.0,False
b2c21,Batch 2,115.0,1.0984987,408.0,False
b2c21,Batch 2,117.0,1.0970324,408.0,False
b2c21,Batch 2,119.0,1.0979693,408.0,False
b2c21,Batch 2,121.0,1.097751,408.0,False
b2c21,Batch 2,123.0,1.0974993,408.0,False
b2c21,Batch 2,125.0,1.0981119,408.0,False
b2c21,Batch 2,127.0,1.0969498,408.0,False
b2c21,Batch 2,129.0,1.0961224,408.0,False
b2c21,Batch 2,131.0,1.0963221,408.0,False
b2c21,Batch 2,132.0,1.0984282,408.0,False
b2c21,Batch 2,134.0,1.1012112,408.0,False
b2c21,Batch 2,136.0,1.0998172,408.0,False
b2c21,Batch 2,138.0,1.1000059,408.0,False
b2c21,Batch 2,140.0,1.0993197,408.0,False
b2c21,Batch 2,142.0,1.0989488,408.0,False
b2c21,Batch 2,144.0,1.0993357,408.0,False
b2c21,Batch 2,146.0,1.099194,408.0,False
b2c21,Batch 2,148.0,1.0972966,408.0,False
b2c21,Batch 2,150.0,1.0982972,408.0,False
b2c21,Batch 2,152.0,1.0978835,408.0,False
b2c21,Batch 2,154.0,1.0999076,408.0,False
b2c21,Batch 2,156.0,1.1000825,408.0,False
b2c21,Batch 2,158.0,1.1011071,408.0,False
b2c21,Batch 2,160.0,1.0981247,408.0,False
b2c21,Batch 2,162.0,1.098501,408.0,False
b2c21,Batch 2,164.0,1.0990859,408.0,False
b2c21,Batch 2,165.0,1.0996681,408.0,False
b2c21,Batch 2,167.0,1.0974509,408.0,False
b2c21,Batch 2,169.0,1.0994235,408.0,False
b2c21,Batch 2,171.0,1.0997814,408.0,False
b2c21,Batch 2,173.0,1.1001921,408.0,False
b2c21,Batch 2,175.0,1.0998536,408.0,False
b2c21,Batch 2,177.0,1.1010393,408.0,False
b2c21,Batch 2,179.0,1.102892,408.0,False
b2c21,Batch 2,181.0,1.1028503,408.0,False
b2c21,Batch 2,183.0,1.1030482,408.0,False
b2c21,Batch 2,185.0,1.0998303,408.0,False
b2c21,Batch 2,187.0,1.0990534,408.0,False
b2c21,Batch 2,189.0,1.1020151,408.0,False
b2c21,Batch 2,191.0,1.0998631,408.0,False
b2c21,Batch 2,193.0,1.1019356,408.0,False
b2c21,Batch 2,195.0,1.0980459,408.0,False
b2c21,Batch 2,197.0,1.0977272,408.0,False
b2c21,Batch 2,198.0,1.1006287,408.0,False
b2c21,Batch 2,200.0,1.1017588,408.0,False
b2c21,Batch 2,202.0,1.1030988,408.0,False
b2c21,Batch 2,204.0,1.10079,408.0,False
b2c21,Batch 2,206.0,1.0969033,408.0,False
b2c21,Batch 2,208.0,1.0961578,408.0,False
b2c21,Batch 2,210.0,1.0970995,408.0,False
b2c21,Batch 2,212.0,1.0915129,408.0,False
b2c21,Batch 2,214.0,1.0966873,408.0,False
b2c21,Batch 2,216.0,1.0955398,408.0,False
b2c21,Batch 2,218.0,1.0953565,408.0,False
b2c21,Batch 2,220.0,1.0984039,408.0,False
b2c21,Batch 2,222.0,1.0984001,408.0,False
b2c21,Batch 2,224.0,1.0968286,408.0,False
b2c21,Batch 2,226.0,1.0941765,408.0,False
b2c21,Batch 2,228.0,1.0936902,408.0,False
b2c21,Batch 2,229.0,1.0943158,408.0,False
b2c21,Batch 2,231.0,1.0936791,408.0,False
b2c21,Batch 2,233.0,1.0918843,408.0,False
b2c21,Batch 2,235.0,1.0914834,408.0,False
b2c21,Batch 2,237.0,1.0914311,408.0,False
b2c21,Batch 2,239.0,1.0901203,408.0,False
b2c21,Batch 2,241.0,1.0881618,408.0,False
b2c21,Batch 2,243.0,1.0899043,408.0,False
b2c21,Batch 2,245.0,1.0919393,408.0,False
b2c21,Batch 2,247.0,1.0918733,408.0,False
b2c21,Batch 2,249.0,1.0880747,408.0,False
b2c21,Batch 2,251.0,1.0876557,408.0,False
b2c21,Batch 2,253.0,1.0883729,408.0,False
b2c21,Batch 2,255.0,1.0836357,408.0,False
b2c21,Batch 2,257.0,1.0805573,408.0,False
b2c21,Batch 2,259.0,1.0775049,408.0,False
b2c21,Batch 2,261.0,1.0765365,408.0,False
b2c21,Batch 2,262.0,1.0774369,408.0,False
b2c21,Batch 2,264.0,1.0757697,408.0,False
b2c21,Batch 2,266.0,1.0748004,408.0,False
b2c21,Batch 2,268.0,1.0739362,408.0,False
b2c21,Batch 2,270.0,1.0688869,408.0,False
b2c21,Batch 2,272.0,1.0706875,408.0,False
b2c21,Batch 2,274.0,1.0702538,408.0,False
b2c21,Batch 2,276.0,1.0690477,408.0,False
b2c21,Batch 2,278.0,1.0672263,408.0,False
b2c21,Batch 2,280.0,1.0681579,408.0,False
b2c21,Batch 2,282.0,1.0683435,408.0,False
b2c21,Batch 2,284.0,1.0657092,408.0,False
b2c21,Batch 2,286.0,1.0640635,408.0,False
b2c21,Batch 2,288.0,1.0635871,408.0,False
b2c21,Batch 2,290.0,1.0622361,408.0,False
b2c21,Batch 2,292.0,1.0601814,408.0,False
b2c21,Batch 2,294.0,1.0593399,408.0,False
b2c21,Batch 2,295.0,1.0581101,408.0,False
b2c21,Batch 2,297.0,1.0560569,408.0,False
b2c21,Batch 2,299.0,1.0549984,408.0,False
b2c21,Batch 2,301.0,1.0545459,408.0,False
b2c21,Batch 2,303.0,1.0531726,408.0,False
b2c21,Batch 2,305.0,1.0523286,408.0,False
b2c21,Batch 2,307.0,1.0501306,408.0,False
b2c21,Batch 2,309.0,1.0482705,408.0,False
b2c21,Batch 2,311.0,1.0462207,408.0,False
b2c21,Batch 2,313.0,1.0455086,408.0,False
b2c21,Batch 2,315.0,1.0445145,408.0,False
b2c21,Batch 2,317.0,1.0417981,408.0,False
b2c21,Batch 2,319.0,1.0406704,408.0,False
b2c21,Batch 2,321.0,1.0379511,408.0,False
b2c21,Batch 2,323.0,1.0371983,408.0,False
b2c21,Batch 2,325.0,1.0366654,408.0,False
b2c21,Batch 2,327.0,1.0353878,408.0,False
b2c21,Batch 2,328.0,1.0357215,408.0,False
b2c21,Batch 2,330.0,1.0339735,408.0,False
b2c21,Batch 2,332.0,1.0293696,408.0,False
b2c21,Batch 2,334.0,1.0276877,408.0,False
b2c21,Batch 2,336.0,1.0247226,408.0,False
b2c21,Batch 2,338.0,1.0220512,408.0,False
b2c21,Batch 2,340.0,1.0205085,408.0,False
b2c21,Batch 2,342.0,1.0175534,408.0,False
b2c21,Batch 2,344.0,1.0151798,408.0,False
b2c21,Batch 2,346.0,1.0113428,408.0,False
b2c21,Batch 2,348.0,1.0097491,408.0,False
b2c21,Batch 2,350.0,1.0060326,408.0,False
b2c21,Batch 2,352.0,1.0020716,408.0,False
b2c21,Batch 2,354.0,0.99805862,408.0,False
b2c21,Batch 2,356.0,0.99451977,408.0,False
b2c21,Batch 2,358.0,0.99193907,408.0,False
b2c21,Batch 2,360.0,0.98798764,408.0,False
b2c21,Batch 2,361.0,0.98595303,408.0,False
b2c21,Batch 2,363.0,0.98262489,408.0,False
b2c21,Batch 2,365.0,0.97782707,408.0,False
b2c21,Batch 2,367.0,0.9741441,408.0,False
b2c21,Batch 2,369.0,0.97051263,408.0,False
b2c21,Batch 2,371.0,0.96731883,408.0,False
b2c21,Batch 2,373.0,0.96053684,408.0,False
b2c21,Batch 2,375.0,0.95707411,408.0,False
b2c21,Batch 2,377.0,0.95208734,408.0,False
b2c21,Batch 2,379.0,0.94846398,408.0,False
b2c21,Batch 2,381.0,0.94334161,408.0,False
b2c21,Batch 2,383.0,0.93901908,408.0,False
b2c21,Batch 2,385.0,0.93597651,408.0,False
b2c21,Batch 2,387.0,0.93160748,408.0,False
b2c21,Batch 2,389.0,0.92421836,408.0,False
b2c21,Batch 2,391.0,0.92210966,408.0,False
b2c21,Batch 2,393.0,0.91804856,408.0,False
b2c21,Batch 2,394.0,0.91427928,408.0,False
b2c21,Batch 2,396.0,0.90784693,408.0,False
b2c21,Batch 2,398.0,0.90297806,408.0,False
b2c21,Batch 2,400.0,0.90128678,408.0,False
b2c21,Batch 2,402.0,0.89734745,408.0,False
b2c21,Batch 2,404.0,0.88837028,408.0,False
b2c21,Batch 2,406.0,0.88162631,408.0,False
b2c21,Batch 2,408.0,0.87569231,408.0,False
b2c21,Batch 2,410.0,0.87122548,408.0,False
b2c21,Batch 2,412.0,0.86556923,408.0,False
b2c21,Batch 2,414.0,0.85969263,408.0,False
b2c21,Batch 2,416.0,0.85535574,408.0,False
b2c21,Batch 2,418.0,0.8489514,408.0,False
b2c21,Batch 2,420.0,0.84405637,408.0,False
b2c21,Batch 2,422.0,0.8392989,408.0,False
b2c21,Batch 2,424.0,0.83233672,408.0,False
b2c21,Batch 2,426.0,0.82783753,408.0,False
b2c22,Batch 2,1.0,1.0906003,,False
b2c22,Batch 2,5.0,1.095708,,False
b2c22,Batch 2,9.0,1.0928383,,False
b2c22,Batch 2,13.0,1.0929295,,False
b2c22,Batch 2,17.0,1.0930037,,False
b2c22,Batch 2,21.0,1.0947222,,False
b2c22,Batch 2,26.0,1.0943718,,False
b2c22,Batch 2,30.0,1.095206,,False
b2c22,Batch 2,34.0,1.0966328,,False
b2c22,Batch 2,38.0,1.0850645,,False
b2c22,Batch 2,42.0,1.0905764,,False
b2c22,Batch 2,47.0,1.0908816,,False
b2c22,Batch 2,51.0,1.089332,,False
b2c22,Batch 2,55.0,1.0899607,,False
b2c22,Batch 2,59.0,1.0919552,,False
b2c22,Batch 2,63.0,1.0938798,,False
b2c22,Batch 2,68.0,1.0913211,,False
b2c22,Batch 2,72.0,1.0923891,,False
b2c22,Batch 2,76.0,1.092315,,False
b2c22,Batch 2,80.0,1.0926961,,False
b2c22,Batch 2,84.0,1.0912111,,False
b2c22,Batch 2,89.0,1.0923074,,False
b2c22,Batch 2,93.0,1.0902896,,False
b2c22,Batch 2,97.0,1.0900888,,False
b2c22,Batch 2,101.0,1.0847927,,False
b2c22,Batch 2,105.0,1.0867653,,False
b2c22,Batch 2,110.0,1.0869728,,False
b2c22,Batch 2,114.0,1.0864186,,False
b2c22,Batch 2,118.0,1.0885332,,False
b2c22,Batch 2,122.0,1.0893463,,False
b2c22,Batch 2,126.0,1.0889832,,False
b2c22,Batch 2,131.0,1.0878209,,False
b2c22,Batch 2,135.0,1.0886717,,False
b2c22,Batch 2,139.0,1.0890654,,False
b2c22,Batch 2,143.0,1.0872593,,False
b2c22,Batch 2,147.0,1.0906467,,False
b2c22,Batch 2,152.0,1.0878848,,False
b2c22,Batch 2,156.0,1.0890615,,False
b2c22,Batch 2,160.0,1.0896029,,False
b2c22,Batch 2,164.0,1.089263,,False
b2c22,Batch 2,168.0,1.0910337,,False
b2c22,Batch 2,173.0,1.0897821,,False
b2c22,Batch 2,177.0,1.089124,,False
b2c22,Batch 2,181.0,1.0891104,,False
b2c22,Batch 2,185.0,1.0877845,,False
b2c22,Batch 2,189.0,1.0887178,,False
b2c22,Batch 2,194.0,1.0893588,,False
b2c22,Batch 2,198.0,1.0902921,,False
b2c22,Batch 2,202.0,1.0880659,,False
b2c22,Batch 2,206.0,1.0892479,,False
b2c22,Batch 2,210.0,1.0862528,,False
b2c22,Batch 2,215.0,1.0879,,False
b2c22,Batch 2,219.0,1.0855849,,False
b2c22,Batch 2,223.0,1.0883113,,False
b2c22,Batch 2,227.0,1.0895121,,False
b2c22,Batch 2,231.0,1.0891014,,False
b2c22,Batch 2,235.0,1.0866152,,False
b2c22,Batch 2,240.0,1.0823511,,False
b2c22,Batch 2,244.0,1.082978,,False
b2c22,Batch 2,248.0,1.0820439,,False
b2c22,Batch 2,252.0,1.080724,,False
b2c22,Batch 2,256.0,1.081148,,False
b2c22,Batch 2,261.0,1.0803891,,False
b2c22,Batch 2,265.0,1.0813425,,False
b2c22,Batch 2,269.0,1.0811229,,False
b2c22,Batch 2,273.0,1.0811745,,False
b2c22,Batch 2,277.0,1.080712,,False
b2c22,Batch 2,282.0,1.0797365,,False
b2c22,Batch 2,286.0,1.0793967,,False
b2c22,Batch 2,290.0,1.0793967,,False
b2c22,Batch 2,294.0,1.0792729,,False
b2c22,Batch 2,298.0,1.0781238,,False
b2c22,Batch 2,303.0,1.0780499,,False
b2c22,Batch 2,307.0,1.0782601,,False
b2c22,Batch 2,311.0,1.0773607,,False
b2c22,Batch 2,315.0,1.0775673,,False
b2c22,Batch 2,319.0,1.0783981,,False
b2c22,Batch 2,324.0,1.0785295,,False
b2c22,Batch 2,328.0,1.0786318,,False
b2c22,Batch 2,332.0,1.0778234,,False
b2c22,Batch 2,336.0,1.0775352,,False
b2c22,Batch 2,340.0,1.0778265,,False
b2c22,Batch 2,345.0,1.077278,,False
b2c22,Batch 2,349.0,1.0777955,,False
b2c22,Batch 2,353.0,1.0769608,,False
b2c22,Batch 2,357.0,1.0767398,,False
b2c22,Batch 2,361.0,1.0753856,,False
b2c22,Batch 2,366.0,1.0754092,,False
b2c22,Batch 2,370.0,1.0749266,,False
b2c22,Batch 2,374.0,1.0749063,,False
b2c22,Batch 2,378.0,1.0751629,,False
b2c22,Batch 2,382.0,1.0751439,,False
b2c22,Batch 2,387.0,1.0743181,,False
b2c22,Batch 2,391.0,1.0746453,,False
b2c22,Batch 2,395.0,1.0744206,,False
b2c22,Batch 2,399.0,1.0746689,,False
b2c22,Batch 2,403.0,1.0760123,,False
b2c22,Batch 2,408.0,1.0757312,,False
b2c22,Batch 2,412.0,1.0758569,,False
b2c22,Batch 2,416.0,1.0751989,,False
b2c22,Batch 2,420.0,1.074078,,False
b2c22,Batch 2,424.0,1.0762197,,False
b2c22,Batch 2,429.0,1.0756041,,False
b2c22,Batch 2,433.0,1.0749053,,False
b2c22,Batch 2,437.0,1.0748987,,False
b2c22,Batch 2,441.0,1.0744984,,False
b2c22,Batch 2,445.0,1.0745115,,False
b2c22,Batch 2,450.0,1.0750604,,False
b2c22,Batch 2,454.0,1.0744987,,False
b2c22,Batch 2,458.0,1.0759437,,False
b2c22,Batch 2,462.0,1.0750957,,False
b2c22,Batch 2,466.0,1.0742573,,False
b2c22,Batch 2,470.0,1.0744343,,False
b2c22,Batch 2,475.0,1.0746717,,False
b2c22,Batch 2,479.0,1.074087,,False
b2c22,Batch 2,483.0,1.074146,,False
b2c22,Batch 2,487.0,1.0736724,,False
b2c22,Batch 2,491.0,1.072965,,False
b2c22,Batch 2,496.0,1.0734011,,False
b2c22,Batch 2,500.0,1.072994,,False
b2c22,Batch 2,504.0,1.0750067,,False
b2c22,Batch 2,508.0,1.0751261,,False
b2c22,Batch 2,512.0,1.0745729,,False
b2c22,Batch 2,517.0,1.0725902,,False
b2c22,Batch 2,521.0,1.0727454,,False
b2c22,Batch 2,525.0,1.0735189,,False
b2c22,Batch 2,529.0,1.0755056,,False
b2c22,Batch 2,533.0,1.0764116,,False
b2c22,Batch 2,538.0,1.0734416,,False
b2c22,Batch 2,542.0,1.0722882,,False
b2c22,Batch 2,546.0,1.0733812,,False
b2c22,Batch 2,550.0,1.0717608,,False
b2c22,Batch 2,554.0,1.0714731,,False
b2c22,Batch 2,559.0,1.070666,,False
b2c22,Batch 2,563.0,1.0708768,,False
b2c22,Batch 2,567.0,1.0702753,,False
b2c22,Batch 2,571.0,1.0694751,,False
b2c22,Batch 2,575.0,1.0687546,,False
b2c22,Batch 2,580.0,1.0689611,,False
b2c22,Batch 2,584.0,1.0683714,,False
b2c22,Batch 2,588.0,1.0677975,,False
b2c22,Batch 2,592.0,1.0679692,,False
b2c22,Batch 2,596.0,1.0679624,,False
b2c22,Batch 2,601.0,1.0679386,,False
b2c22,Batch 2,605.0,1.0677471,,False
b2c22,Batch 2,609.0,1.0672985,,False
b2c22,Batch 2,613.0,1.068588,,False
b2c22,Batch 2,617.0,1.0677646,,False
b2c22,Batch 2,622.0,1.0684955,,False
b2c22,Batch 2,626.0,1.0681018,,False
b2c22,Batch 2,630.0,1.0689133,,False
b2c22,Batch 2,634.0,1.070919,,False
b2c22,Batch 2,638.0,1.0702443,,False
b2c22,Batch 2,643.0,1.0697643,,False
b2c22,Batch 2,647.0,1.0702749,,False
b2c22,Batch 2,651.0,1.0699859,,False
b2c22,Batch 2,655.0,1.0691307,,False
b2c22,Batch 2,659.0,1.0691737,,False
b2c22,Batch 2,664.0,1.0699354,,False
b2c22,Batch 2,668.0,1.0697024,,False
b2c22,Batch 2,672.0,1.0689551,,False
b2c22,Batch 2,676.0,1.0686481,,False
b2c22,Batch 2,680.0,1.0685096,,False
b2c22,Batch 2,685.0,1.0682545,,False
b2c22,Batch 2,689.0,1.0696332,,False
b2c22,Batch 2,693.0,1.0714312,,False
b2c22,Batch 2,697.0,1.069139,,False
b2c22,Batch 2,701.0,1.0687025,,False
b2c22,Batch 2,705.0,1.0676063,,False
b2c22,Batch 2,710.0,1.0674111,,False
b2c22,Batch 2,714.0,1.072215,,False
b2c22,Batch 2,718.0,1.0713788,,False
b2c22,Batch 2,722.0,1.0699732,,False
b2c22,Batch 2,726.0,1.069064,,False
b2c22,Batch 2,731.0,1.0697839,,False
b2c22,Batch 2,735.0,1.0694225,,False
b2c22,Batch 2,739.0,1.0698268,,False
b2c22,Batch 2,743.0,1.0703324,,False
b2c22,Batch 2,747.0,1.0671582,,False
b2c22,Batch 2,752.0,1.0678387,,False
b2c22,Batch 2,756.0,1.0678866,,False
b2c22,Batch 2,760.0,1.0657345,,False
b2c22,Batch 2,764.0,1.0673262,,False
b2c22,Batch 2,768.0,1.0669411,,False
b2c22,Batch 2,773.0,1.0663791,,False
b2c22,Batch 2,777.0,1.0653694,,False
b2c22,Batch 2,781.0,1.0657566,,False
b2c22,Batch 2,785.0,1.066065,,False
b2c22,Batch 2,789.0,1.0648341,,False
b2c22,Batch 2,794.0,1.0658972,,False
b2c22,Batch 2,798.0,1.0664222,,False
b2c22,Batch 2,802.0,1.0647783,,False
b2c22,Batch 2,806.0,1.0642121,,False
b2c22,Batch 2,810.0,1.0651727,,False
b2c22,Batch 2,815.0,1.0652139,,False
b2c22,Batch 2,819.0,1.0642996,,False
b2c22,Batch 2,823.0,1.0644273,,False
b2c22,Batch 2,827.0,1.0631069,,False
b2c22,Batch 2,831.0,1.0629236,,False
b2c22,Batch 2,836.0,1.0623757,,False
b2c22,Batch 2,840.0,1.0622998,,False
b2c22,Batch 2,844.0,1.0617615,,False
b2c22,Batch 2,848.0,1.0615755,,False
b2c22,Batch 2,852.0,1.061095,,False
b2c22,Batch 2,857.0,1.0616453,,False
b2c22,Batch 2,861.0,1.0617434,,False
b2c22,Batch 2,865.0,1.0609496,,False
b2c22,Batch 2,869.0,1.061381,,False
b2c22,Batch 2,873.0,1.0606343,,False
b2c22,Batch 2,878.0,1.0627846,,False
b2c22,Batch 2,882.0,1.0617434,,False
b2c22,Batch 2,886.0,1.0614102,,False
b2c22,Batch 2,890.0,1.0599325,,False
b2c22,Batch 2,894.0,1.0613267,,False
b2c22,Batch 2,899.0,1.0614976,,False
b2c22,Batch 2,903.0,1.0574729,,False
b2c22,Batch 2,907.0,1.0572366,,False
b2c22,Batch 2,911.0,1.0567044,,False
b2c22,Batch 2,915.0,1.056186,,False
b2c22,Batch 2,920.0,1.0556005,,False
b2c23,Batch 2,1.0,1.0891813,,False
b2c23,Batch 2,6.0,1.0919636,,False
b2c23,Batch 2,11.0,1.0914952,,False
b2c23,Batch 2,16.0,1.0904051,,False
b2c23,Batch 2,22.0,1.0903755,,False
b2c23,Batch 2,27.0,1.0897112,,False
b2c23,Batch 2,32.0,1.0914912,,False
b2c23,Batch 2,37.0,1.089658,,False
b2c23,Batch 2,43.0,1.090968,,False
b2c23,Batch 2,48.0,1.0927221,,False
b2c23,Batch 2,53.0,1.0911123,,False
b2c23,Batch 2,58.0,1.0795865,,False
b2c23,Batch 2,64.0,1.0810175,,False
b2c23,Batch 2,69.0,1.0826093,,False
b2c23,Batch 2,74.0,1.0815364,,False
b2c23,Batch 2,79.0,1.0831392,,False
b2c23,Batch 2,85.0,1.0840735,,False
b2c23,Batch 2,90.0,1.0863141,,False
b2c23,Batch 2,95.0,1.0865374,,False
b2c23,Batch 2,100.0,1.0753278,,False
b2c23,Batch 2,106.0,1.0778668,,False
b2c23,Batch 2,111.0,1.0784837,,False
b2c23,Batch 2,116.0,1.0780102,,False
b2c23,Batch 2,121.0,1.0790915,,False
b2c23,Batch 2,127.0,1.0783851,,False
b2c23,Batch 2,132.0,1.0776013,,False
b2c23,Batch 2,137.0,1.0787212,,False
b2c23,Batch 2,142.0,1.0790375,,False
b2c23,Batch 2,148.0,1.0783896,,False
b2c23,Batch 2,153.0,1.0788167,,False
b2c23,Batch 2,158.0,1.0797225,,False
b2c23,Batch 2,163.0,1.0789441,,False
b2c23,Batch 2,169.0,1.079181,,False
b2c23,Batch 2,174.0,1.0800996,,False
b2c23,Batch 2,179.0,1.0801896,,False
b2c23,Batch 2,184.0,1.0802202,,False
b2c23,Batch 2,190.0,1.0798273,,False
b2c23,Batch 2,195.0,1.0788721,,False
b2c23,Batch 2,200.0,1.0798399,,False
b2c23,Batch 2,205.0,1.0795373,,False
b2c23,Batch 2,211.0,1.0800114,,False
b2c23,Batch 2,216.0,1.0820241,,False
b2c23,Batch 2,221.0,1.079924,,False
b2c23,Batch 2,226.0,1.080152,,False
b2c23,Batch 2,232.0,1.0805223,,False
b2c23,Batch 2,237.0,1.0811859,,False
b2c23,Batch 2,242.0,1.0779816,,False
b2c23,Batch 2,248.0,1.0811802,,False
b2c23,Batch 2,253.0,1.0808117,,False
b2c23,Batch 2,258.0,1.0800227,,False
b2c23,Batch 2,263.0,1.0789168,,False
b2c23,Batch 2,269.0,1.0783497,,False
b2c23,Batch 2,274.0,1.0786704,,False
b2c23,Batch 2,279.0,1.0789424,,False
b2c23,Batch 2,284.0,1.0801249,,False
b2c23,Batch 2,290.0,1.0811611,,False
b2c23,Batch 2,295.0,1.0795127,,False
b2c23,Batch 2,300.0,1.0795964,,False
b2c23,Batch 2,305.0,1.0805506,,False
b2c23,Batch 2,311.0,1.0779558,,False
b2c23,Batch 2,316.0,1.0781722,,False
b2c23,Batch 2,321.0,1.0767864,,False
b2c23,Batch 2,326.0,1.0802252,,False
b2c23,Batch 2,332.0,1.0779172,,False
b2c23,Batch 2,337.0,1.0784851,,False
b2c23,Batch 2,342.0,1.0740169,,False
b2c23,Batch 2,347.0,1.0718396,,False
b2c23,Batch 2,353.0,1.0727197,,False
b2c23,Batch 2,358.0,1.0711188,,False
b2c23,Batch 2,363.0,1.070999,,False
b2c23,Batch 2,368.0,1.0680819,,False
b2c23,Batch 2,374.0,1.0691814,,False
b2c23,Batch 2,379.0,1.0686862,,False
b2c23,Batch 2,384.0,1.0695305,,False
b2c23,Batch 2,389.0,1.0686967,,False
b2c23,Batch 2,395.0,1.0680584,,False
b2c23,Batch 2,400.0,1.0669885,,False
b2c23,Batch 2,405.0,1.0672249,,False
b2c23,Batch 2,410.0,1.0657405,,False
b2c23,Batch 2,416.0,1.0648366,,False
b2c23,Batch 2,421.0,1.0653553,,False
b2c23,Batch 2,426.0,1.065637,,False
b2c23,Batch 2,431.0,1.0647014,,False
b2c23,Batch 2,437.0,1.0643914,,False
b2c23,Batch 2,442.0,1.0632583,,False
b2c23,Batch 2,447.0,1.0631486,,False
b2c23,Batch 2,452.0,1.0627669,,False
b2c23,Batch 2,458.0,1.0629739,,False
b2c23,Batch 2,463.0,1.0623103,,False
b2c23,Batch 2,468.0,1.0631381,,False
b2c23,Batch 2,474.0,1.0630273,,False
b2c23,Batch 2,479.0,1.0621207,,False
b2c23,Batch 2,484.0,1.0614474,,False
b2c23,Batch 2,489.0,1.060707,,False
b2c23,Batch 2,495.0,1.0600564,,False
b2c23,Batch 2,500.0,1.0598172,,False
b2c23,Batch 2,505.0,1.0598893,,False
b2c23,Batch 2,510.0,1.0594378,,False
b2c23,Batch 2,516.0,1.0587834,,False
b2c23,Batch 2,521.0,1.0566599,,False
b2c23,Batch 2,526.0,1.0569628,,False
b2c23,Batch 2,531.0,1.057205,,False
b2c23,Batch 2,537.0,1.055939,,False
b2c23,Batch 2,542.0,1.0561545,,False
b2c23,Batch 2,547.0,1.0555021,,False
b2c23,Batch 2,552.0,1.0557574,,False
b2c23,Batch 2,558.0,1.0549412,,False
b2c23,Batch 2,563.0,1.0544215,,False
b2c23,Batch 2,568.0,1.0550363,,False
b2c23,Batch 2,573.0,1.0552309,,False
b2c23,Batch 2,579.0,1.0543483,,False
b2c23,Batch 2,584.0,1.0558832,,False
b2c23,Batch 2,589.0,1.0547888,,False
b2c23,Batch 2,594.0,1.0554031,,False
b2c23,Batch 2,600.0,1.055378,,False
b2c23,Batch 2,605.0,1.0540515,,False
b2c23,Batch 2,610.0,1.0533091,,False
b2c23,Batch 2,615.0,1.0569808,,False
b2c23,Batch 2,621.0,1.0553733,,False
b2c23,Batch 2,626.0,1.0537347,,False
b2c23,Batch 2,631.0,1.0523497,,False
b2c23,Batch 2,636.0,1.0526171,,False
b2c23,Batch 2,642.0,1.0518849,,False
b2c23,Batch 2,647.0,1.0516168,,False
b2c23,Batch 2,652.0,1.0519891,,False
b2c23,Batch 2,657.0,1.0517691,,False
b2c23,Batch 2,663.0,1.0524713,,False
b2c23,Batch 2,668.0,1.0515896,,False
b2c23,Batch 2,673.0,1.0513539,,False
b2c23,Batch 2,678.0,1.0507047,,False
b2c23,Batch 2,684.0,1.0502521,,False
b2c23,Batch 2,689.0,1.0496451,,False
b2c23,Batch 2,694.0,1.0497644,,False
b2c23,Batch 2,700.0,1.049252,,False
b2c23,Batch 2,705.0,1.0503274,,False
b2c23,Batch 2,710.0,1.0470555,,False
b2c23,Batch 2,715.0,1.0469348,,False
b2c23,Batch 2,721.0,1.0461113,,False
b2c23,Batch 2,726.0,1.0449364,,False
b2c23,Batch 2,731.0,1.048116,,False
b2c23,Batch 2,736.0,1.0482399,,False
b2c23,Batch 2,742.0,1.0458578,,False
b2c23,Batch 2,747.0,1.0470179,,False
b2c23,Batch 2,752.0,1.0461199,,False
b2c23,Batch 2,757.0,1.046204,,False
b2c23,Batch 2,763.0,1.0457115,,False
b2c23,Batch 2,768.0,1.0464438,,False
b2c23,Batch 2,773.0,1.0478823,,False
b2c23,Batch 2,778.0,1.0476429,,False
b2c23,Batch 2,784.0,1.0447776,,False
b2c23,Batch 2,789.0,1.0441151,,False
b2c23,Batch 2,794.0,1.0407096,,False
b2c23,Batch 2,799.0,1.042653,,False
b2c23,Batch 2,805.0,1.0394865,,False
b2c23,Batch 2,810.0,1.0389965,,False
b2c23,Batch 2,815.0,1.0387096,,False
b2c23,Batch 2,820.0,1.0382626,,False
b2c23,Batch 2,826.0,1.036376,,False
b2c23,Batch 2,831.0,1.0357352,,False
b2c23,Batch 2,836.0,1.0342053,,False
b2c23,Batch 2,841.0,1.033882,,False
b2c23,Batch 2,847.0,1.0329961,,False
b2c23,Batch 2,852.0,1.032365,,False
b2c23,Batch 2,857.0,1.031552,,False
b2c23,Batch 2,862.0,1.0316864,,False
b2c23,Batch 2,868.0,1.0308081,,False
b2c23,Batch 2,873.0,1.0303129,,False
b2c23,Batch 2,878.0,1.0294176,,False
b2c23,Batch 2,883.0,1.0286885,,False
b2c23,Batch 2,889.0,1.0286868,,False
b2c23,Batch 2,894.0,1.0296694,,False
b2c23,Batch 2,899.0,1.0289394,,False
b2c23,Batch 2,904.0,1.0300355,,False
b2c23,Batch 2,910.0,1.0297958,,False
b2c23,Batch 2,915.0,1.029281,,False
b2c23,Batch 2,920.0,1.0274519,,False
b2c23,Batch 2,926.0,1.0302789,,False
b2c23,Batch 2,931.0,1.0301428,,False
b2c23,Batch 2,936.0,1.0289272,,False
b2c23,Batch 2,941.0,1.0283505,,False
b2c23,Batch 2,947.0,1.0277265,,False
b2c23,Batch 2,952.0,1.0261953,,False
b2c23,Batch 2,957.0,1.0246543,,False
b2c23,Batch 2,962.0,1.0244375,,False
b2c23,Batch 2,968.0,1.0256908,,False
b2c23,Batch 2,973.0,1.0254699,,False
b2c23,Batch 2,978.0,1.0242213,,False
b2c23,Batch 2,983.0,1.0230507,,False
b2c23,Batch 2,989.0,1.0230249,,False
b2c23,Batch 2,994.0,1.0199541,,False
b2c23,Batch 2,999.0,1.0211655,,False
b2c23,Batch 2,1004.0,1.0185783,,False
b2c23,Batch 2,1010.0,1.0180522,,False
b2c23,Batch 2,1015.0,1.0143659,,False
b2c23,Batch 2,1020.0,1.0126289,,False
b2c23,Batch 2,1025.0,1.0122828,,False
b2c23,Batch 2,1031.0,1.0110339,,False
b2c23,Batch 2,1036.0,1.0086541,,False
b2c23,Batch 2,1041.0,1.0067117,,False
b2c23,Batch 2,1046.0,1.0057945,,False
b2c23,Batch 2,1052.0,1.0041224,,False
b2c23,Batch 2,1057.0,1.0028718,,False
b2c23,Batch 2,1062.0,1.0026195,,False
b2c23,Batch 2,1067.0,1.001339,,False
b2c23,Batch 2,1073.0,0.99960721,,False
b2c23,Batch 2,1078.0,0.99862766,,False
b2c23,Batch 2,1083.0,0.99713153,,False
b2c23,Batch 2,1088.0,0.99708587,,False
b2c23,Batch 2,1094.0,0.99597514,,False
b2c23,Batch 2,1099.0,0.99423397,,False
b2c23,Batch 2,1104.0,0.99445981,,False
b2c23,Batch 2,1109.0,0.99229878,,False
b2c23,Batch 2,1115.0,0.99065036,,False
b2c23,Batch 2,1120.0,0.98970795,,False
b2c23,Batch 2,1125.0,0.98764062,,False
b2c23,Batch 2,1130.0,0.98516572,,False
b2c23,Batch 2,1136.0,0.98473841,,False
b2c23,Batch 2,1141.0,0.98244965,,False
b2c23,Batch 2,1146.0,0.97908801,,False
b2c23,Batch 2,1152.0,0.97824305,,False
b2c24,Batch 2,1.0,1.0920496,514.0,False
b2c24,Batch 2,3.0,1.0946524,514.0,False
b2c24,Batch 2,5.0,1.0940183,514.0,False
b2c24,Batch 2,8.0,1.0940739,514.0,False
b2c24,Batch 2,10.0,1.0956398,514.0,False
b2c24,Batch 2,13.0,1.0967113,514.0,False
b2c24,Batch 2,15.0,1.0954196,514.0,False
b2c24,Batch 2,18.0,1.0948453,514.0,False
b2c24,Batch 2,20.0,1.0957532,514.0,False
b2c24,Batch 2,22.0,1.097048,514.0,False
b2c24,Batch 2,25.0,1.0957625,514.0,False
b2c24,Batch 2,27.0,1.0946625,514.0,False
b2c24,Batch 2,30.0,1.0963466,514.0,False
b2c24,Batch 2,32.0,1.0961306,514.0,False
b2c24,Batch 2,35.0,1.0971432,514.0,False
b2c24,Batch 2,37.0,1.096765,514.0,False
b2c24,Batch 2,40.0,1.0970181,514.0,False
b2c24,Batch 2,42.0,1.0966048,514.0,False
b2c24,Batch 2,44.0,1.0963831,514.0,False
b2c24,Batch 2,47.0,1.0961131,514.0,False
b2c24,Batch 2,49.0,1.0869893,514.0,False
b2c24,Batch 2,52.0,1.0935531,514.0,False
b2c24,Batch 2,54.0,1.0938314,514.0,False
b2c24,Batch 2,57.0,1.0939111,514.0,False
b2c24,Batch 2,59.0,1.0965879,514.0,False
b2c24,Batch 2,62.0,1.0957844,514.0,False
b2c24,Batch 2,64.0,1.0968498,514.0,False
b2c24,Batch 2,66.0,1.0960453,514.0,False
b2c24,Batch 2,69.0,1.0951505,514.0,False
b2c24,Batch 2,71.0,1.0960637,514.0,False
b2c24,Batch 2,74.0,1.0965912,514.0,False
b2c24,Batch 2,76.0,1.0972397,514.0,False
b2c24,Batch 2,79.0,1.0981765,514.0,False
b2c24,Batch 2,81.0,1.0985745,514.0,False
b2c24,Batch 2,84.0,1.0977067,514.0,False
b2c24,Batch 2,86.0,1.0995138,514.0,False
b2c24,Batch 2,88.0,1.0982705,514.0,False
b2c24,Batch 2,91.0,1.0974622,514.0,False
b2c24,Batch 2,93.0,1.1012707,514.0,False
b2c24,Batch 2,96.0,1.1000577,514.0,False
b2c24,Batch 2,98.0,1.1001389,514.0,False
b2c24,Batch 2,101.0,1.1006092,514.0,False
b2c24,Batch 2,103.0,1.0967976,514.0,False
b2c24,Batch 2,106.0,1.1002911,514.0,False
b2c24,Batch 2,108.0,1.0997884,514.0,False
b2c24,Batch 2,110.0,1.1005416,514.0,False
b2c24,Batch 2,113.0,1.1017621,514.0,False
b2c24,Batch 2,115.0,1.098811,514.0,False
b2c24,Batch 2,118.0,1.1011509,514.0,False
b2c24,Batch 2,120.0,1.1001879,514.0,False
b2c24,Batch 2,123.0,1.1006229,514.0,False
b2c24,Batch 2,125.0,1.1023113,514.0,False
b2c24,Batch 2,128.0,1.1015725,514.0,False
b2c24,Batch 2,130.0,1.0988761,514.0,False
b2c24,Batch 2,132.0,1.0981942,514.0,False
b2c24,Batch 2,135.0,1.0994545,514.0,False
b2c24,Batch 2,137.0,1.1001042,514.0,False
b2c24,Batch 2,140.0,1.1019666,514.0,False
b2c24,Batch 2,142.0,1.1013771,514.0,False
b2c24,Batch 2,145.0,1.0993147,514.0,False
b2c24,Batch 2,147.0,1.1005306,514.0,False
b2c24,Batch 2,150.0,1.1020919,514.0,False
b2c24,Batch 2,152.0,1.1002347,514.0,False
b2c24,Batch 2,154.0,1.1024444,514.0,False
b2c24,Batch 2,157.0,1.1034778,514.0,False
b2c24,Batch 2,159.0,1.1032181,514.0,False
b2c24,Batch 2,162.0,1.101795,514.0,False
b2c24,Batch 2,164.0,1.1023377,514.0,False
b2c24,Batch 2,167.0,1.1033181,514.0,False
b2c24,Batch 2,169.0,1.1024837,514.0,False
b2c24,Batch 2,172.0,1.102806,514.0,False
b2c24,Batch 2,174.0,1.1017386,514.0,False
b2c24,Batch 2,176.0,1.101369,514.0,False
b2c24,Batch 2,179.0,1.1000301,514.0,False
b2c24,Batch 2,181.0,1.1023422,514.0,False
b2c24,Batch 2,184.0,1.1040006,514.0,False
b2c24,Batch 2,186.0,1.1012961,514.0,False
b2c24,Batch 2,189.0,1.0985482,514.0,False
b2c24,Batch 2,191.0,1.102083,514.0,False
b2c24,Batch 2,193.0,1.101011,514.0,False
b2c24,Batch 2,196.0,1.0999116,514.0,False
b2c24,Batch 2,198.0,1.0995446,514.0,False
b2c24,Batch 2,201.0,1.0981191,514.0,False
b2c24,Batch 2,203.0,1.0989499,514.0,False
b2c24,Batch 2,206.0,1.101238,514.0,False
b2c24,Batch 2,208.0,1.0985184,514.0,False
b2c24,Batch 2,211.0,1.0990528,514.0,False
b2c24,Batch 2,213.0,1.0993332,514.0,False
b2c24,Batch 2,215.0,1.0980736,514.0,False
b2c24,Batch 2,218.0,1.0986837,514.0,False
b2c24,Batch 2,220.0,1.0970862,514.0,False
b2c24,Batch 2,223.0,1.0983307,514.0,False
b2c24,Batch 2,225.0,1.0951345,514.0,False
b2c24,Batch 2,228.0,1.0945337,514.0,False
b2c24,Batch 2,230.0,1.0924603,514.0,False
b2c24,Batch 2,233.0,1.0947404,514.0,False
b2c24,Batch 2,235.0,1.0937133,514.0,False
b2c24,Batch 2,237.0,1.0940155,514.0,False
b2c24,Batch 2,240.0,1.0926794,514.0,False
b2c24,Batch 2,242.0,1.0935892,514.0,False
b2c24,Batch 2,245.0,1.092605,514.0,False
b2c24,Batch 2,247.0,1.0926934,514.0,False
b2c24,Batch 2,250.0,1.0908705,514.0,False
b2c24,Batch 2,252.0,1.0894862,514.0,False
b2c24,Batch 2,255.0,1.0925163,514.0,False
b2c24,Batch 2,257.0,1.0915598,514.0,False
b2c24,Batch 2,259.0,1.0947912,514.0,False
b2c24,Batch 2,262.0,1.0911229,514.0,False
b2c24,Batch 2,264.0,1.0909812,514.0,False
b2c24,Batch 2,267.0,1.0940434,514.0,False
b2c24,Batch 2,269.0,1.0877283,514.0,False
b2c24,Batch 2,272.0,1.0908979,514.0,False
b2c24,Batch 2,274.0,1.0890284,514.0,False
b2c24,Batch 2,277.0,1.0883245,514.0,False
b2c24,Batch 2,279.0,1.0898526,514.0,False
b2c24,Batch 2,281.0,1.0879074,514.0,False
b2c24,Batch 2,284.0,1.0883036,514.0,False
b2c24,Batch 2,286.0,1.087911,514.0,False
b2c24,Batch 2,289.0,1.0881097,514.0,False
b2c24,Batch 2,291.0,1.087937,514.0,False
b2c24,Batch 2,294.0,1.086518,514.0,False
b2c24,Batch 2,296.0,1.0883684,514.0,False
b2c24,Batch 2,299.0,1.0826036,514.0,False
b2c24,Batch 2,301.0,1.0836877,514.0,False
b2c24,Batch 2,303.0,1.0825161,514.0,False
b2c24,Batch 2,306.0,1.0814792,514.0,False
b2c24,Batch 2,308.0,1.0828227,514.0,False
b2c24,Batch 2,311.0,1.0816915,514.0,False
b2c24,Batch 2,313.0,1.0789219,514.0,False
b2c24,Batch 2,316.0,1.0797439,514.0,False
b2c24,Batch 2,318.0,1.0815094,514.0,False
b2c24,Batch 2,321.0,1.0783708,514.0,False
b2c24,Batch 2,323.0,1.0789276,514.0,False
b2c24,Batch 2,325.0,1.0749238,514.0,False
b2c24,Batch 2,328.0,1.0751724,514.0,False
b2c24,Batch 2,330.0,1.0758287,514.0,False
b2c24,Batch 2,333.0,1.07385,514.0,False
b2c24,Batch 2,335.0,1.0760541,514.0,False
b2c24,Batch 2,338.0,1.0735321,514.0,False
b2c24,Batch 2,340.0,1.0750293,514.0,False
b2c24,Batch 2,343.0,1.0721383,514.0,False
b2c24,Batch 2,345.0,1.0721967,514.0,False
b2c24,Batch 2,347.0,1.0692368,514.0,False
b2c24,Batch 2,350.0,1.0686624,514.0,False
b2c24,Batch 2,352.0,1.0714265,514.0,False
b2c24,Batch 2,355.0,1.0676448,514.0,False
b2c24,Batch 2,357.0,1.0663077,514.0,False
b2c24,Batch 2,360.0,1.0648566,514.0,False
b2c24,Batch 2,362.0,1.0660349,514.0,False
b2c24,Batch 2,364.0,1.0608025,514.0,False
b2c24,Batch 2,367.0,1.0624593,514.0,False
b2c24,Batch 2,369.0,1.0626365,514.0,False
b2c24,Batch 2,372.0,1.0600631,514.0,False
b2c24,Batch 2,374.0,1.0625437,514.0,False
b2c24,Batch 2,377.0,1.0568924,514.0,False
b2c24,Batch 2,379.0,1.0562768,514.0,False
b2c24,Batch 2,382.0,1.0563878,514.0,False
b2c24,Batch 2,384.0,1.0564224,514.0,False
b2c24,Batch 2,386.0,1.0499783,514.0,False
b2c24,Batch 2,389.0,1.0509317,514.0,False
b2c24,Batch 2,391.0,1.0522949,514.0,False
b2c24,Batch 2,394.0,1.0462056,514.0,False
b2c24,Batch 2,396.0,1.046061,514.0,False
b2c24,Batch 2,399.0,1.0470934,514.0,False
b2c24,Batch 2,401.0,1.0404197,514.0,False
b2c24,Batch 2,404.0,1.0419756,514.0,False
b2c24,Batch 2,406.0,1.041888,514.0,False
b2c24,Batch 2,408.0,1.0376395,514.0,False
b2c24,Batch 2,411.0,1.0377294,514.0,False
b2c24,Batch 2,413.0,1.0353411,514.0,False
b2c24,Batch 2,416.0,1.0291402,514.0,False
b2c24,Batch 2,418.0,1.0299541,514.0,False
b2c24,Batch 2,421.0,1.0296122,514.0,False
b2c24,Batch 2,423.0,1.0291773,514.0,False
b2c24,Batch 2,426.0,1.0253626,514.0,False
b2c24,Batch 2,428.0,1.02196,514.0,False
b2c24,Batch 2,430.0,1.0219135,514.0,False
b2c24,Batch 2,433.0,1.0177751,514.0,False
b2c24,Batch 2,435.0,1.0146413,514.0,False
b2c24,Batch 2,438.0,1.0122935,514.0,False
b2c24,Batch 2,440.0,1.0088645,514.0,False
b2c24,Batch 2,443.0,1.0074728,514.0,False
b2c24,Batch 2,445.0,1.0014849,514.0,False
b2c24,Batch 2,448.0,1.0029936,514.0,False
b2c24,Batch 2,450.0,0.99793053,514.0,False
b2c24,Batch 2,452.0,0.99440002,514.0,False
b2c24,Batch 2,455.0,0.99267715,514.0,False
b2c24,Batch 2,457.0,0.98818088,514.0,False
b2c24,Batch 2,460.0,0.985838,514.0,False
b2c24,Batch 2,462.0,0.9798038,514.0,False
b2c24,Batch 2,465.0,0.97606164,514.0,False
b2c24,Batch 2,467.0,0.97412294,514.0,False
b2c24,Batch 2,470.0,0.97081077,514.0,False
b2c24,Batch 2,472.0,0.96461928,514.0,False
b2c24,Batch 2,474.0,0.96137476,514.0,False
b2c24,Batch 2,477.0,0.95107895,514.0,False
b2c24,Batch 2,479.0,0.94763124,514.0,False
b2c24,Batch 2,482.0,0.94345582,514.0,False
b2c24,Batch 2,484.0,0.93823767,514.0,False
b2c24,Batch 2,487.0,0.93322802,514.0,False
b2c24,Batch 2,489.0,0.93095416,514.0,False
b2c24,Batch 2,492.0,0.9223904,514.0,False
b2c24,Batch 2,494.0,0.91962248,514.0,False
b2c24,Batch 2,496.0,0.91518468,514.0,False
b2c24,Batch 2,499.0,0.90991026,514.0,False
b2c24,Batch 2,501.0,0.90768951,514.0,False
b2c24,Batch 2,504.0,0.90386617,514.0,False
b2c24,Batch 2,506.0,0.89819014,514.0,False
b2c24,Batch 2,509.0,0.88900375,514.0,False
b2c24,Batch 2,511.0,0.8835566,514.0,False
b2c24,Batch 2,514.0,0.87924409,514.0,False
b2c24,Batch 2,516.0,0.87971634,514.0,False
b2c24,Batch 2,518.0,0.87222189,514.0,False
b2c24,Batch 2,521.0,0.86506099,514.0,False
b2c24,Batch 2,523.0,0.86253071,514.0,False
b2c24,Batch 2,526.0,0.84929216,514.0,False
b2c24,Batch 2,528.0,0.84875661,514.0,False
b2c24,Batch 2,531.0,0.84149855,514.0,False
b2c24,Batch 2,533.0,0.83571547,514.0,False
b2c24,Batch 2,536.0,0.82615805,514.0,False
b2c25,Batch 2,1.0,1.0981549,493.0,False
b2c25,Batch 2,3.0,1.0995392,493.0,False
b2c25,Batch 2,5.0,1.1001149,493.0,False
b2c25,Batch 2,7.0,1.1021053,493.0,False
b2c25,Batch 2,10.0,1.1010141,493.0,False
b2c25,Batch 2,12.0,1.0999749,493.0,False
b2c25,Batch 2,14.0,1.1016725,493.0,False
b2c25,Batch 2,17.0,1.1016051,493.0,False
b2c25,Batch 2,19.0,1.1015352,493.0,False
b2c25,Batch 2,21.0,1.1016842,493.0,False
b2c25,Batch 2,24.0,1.1022948,493.0,False
b2c25,Batch 2,26.0,1.1034836,493.0,False
b2c25,Batch 2,28.0,1.1034281,493.0,False
b2c25,Batch 2,31.0,1.1021721,493.0,False
b2c25,Batch 2,33.0,1.1027106,493.0,False
b2c25,Batch 2,35.0,1.1028926,493.0,False
b2c25,Batch 2,38.0,1.1039122,493.0,False
b2c25,Batch 2,40.0,1.1034015,493.0,False
b2c25,Batch 2,42.0,1.1043756,493.0,False
b2c25,Batch 2,45.0,1.1029191,493.0,False
b2c25,Batch 2,47.0,1.1018749,493.0,False
b2c25,Batch 2,49.0,1.1052334,493.0,False
b2c25,Batch 2,52.0,1.0953635,493.0,False
b2c25,Batch 2,54.0,1.0996637,493.0,False
b2c25,Batch 2,56.0,1.1001941,493.0,False
b2c25,Batch 2,59.0,1.1021883,493.0,False
b2c25,Batch 2,61.0,1.1008798,493.0,False
b2c25,Batch 2,63.0,1.1003159,493.0,False
b2c25,Batch 2,66.0,1.0999699,493.0,False
b2c25,Batch 2,68.0,1.1021123,493.0,False
b2c25,Batch 2,70.0,1.1005088,493.0,False
b2c25,Batch 2,73.0,1.1040915,493.0,False
b2c25,Batch 2,75.0,1.1022429,493.0,False
b2c25,Batch 2,77.0,1.1041887,493.0,False
b2c25,Batch 2,80.0,1.1027993,493.0,False
b2c25,Batch 2,82.0,1.1032466,493.0,False
b2c25,Batch 2,84.0,1.1039947,493.0,False
b2c25,Batch 2,87.0,1.1060655,493.0,False
b2c25,Batch 2,89.0,1.1053525,493.0,False
b2c25,Batch 2,91.0,1.104995,493.0,False
b2c25,Batch 2,94.0,1.1022025,493.0,False
b2c25,Batch 2,96.0,1.1069529,493.0,False
b2c25,Batch 2,98.0,1.1054114,493.0,False
b2c25,Batch 2,101.0,1.1067909,493.0,False
b2c25,Batch 2,103.0,1.1060834,493.0,False
b2c25,Batch 2,105.0,1.1068838,493.0,False
b2c25,Batch 2,108.0,1.1067064,493.0,False
b2c25,Batch 2,110.0,1.1073958,493.0,False
b2c25,Batch 2,112.0,1.1061882,493.0,False
b2c25,Batch 2,115.0,1.1054152,493.0,False
b2c25,Batch 2,117.0,1.1079119,493.0,False
b2c25,Batch 2,119.0,1.1074392,493.0,False
b2c25,Batch 2,122.0,1.1081831,493.0,False
b2c25,Batch 2,124.0,1.1059222,493.0,False
b2c25,Batch 2,126.0,1.108449,493.0,False
b2c25,Batch 2,129.0,1.1104045,493.0,False
b2c25,Batch 2,131.0,1.1098502,493.0,False
b2c25,Batch 2,133.0,1.1072923,493.0,False
b2c25,Batch 2,136.0,1.1066691,493.0,False
b2c25,Batch 2,138.0,1.1063659,493.0,False
b2c25,Batch 2,140.0,1.1055325,493.0,False
b2c25,Batch 2,143.0,1.1073636,493.0,False
b2c25,Batch 2,145.0,1.1095185,493.0,False
b2c25,Batch 2,147.0,1.1098751,493.0,False
b2c25,Batch 2,150.0,1.1090524,493.0,False
b2c25,Batch 2,152.0,1.1101688,493.0,False
b2c25,Batch 2,154.0,1.1085,493.0,False
b2c25,Batch 2,157.0,1.1088185,493.0,False
b2c25,Batch 2,159.0,1.1088679,493.0,False
b2c25,Batch 2,161.0,1.1090045,493.0,False
b2c25,Batch 2,164.0,1.1117042,493.0,False
b2c25,Batch 2,166.0,1.1129618,493.0,False
b2c25,Batch 2,168.0,1.1094874,493.0,False
b2c25,Batch 2,171.0,1.1117334,493.0,False
b2c25,Batch 2,173.0,1.1122248,493.0,False
b2c25,Batch 2,175.0,1.1096349,493.0,False
b2c25,Batch 2,177.0,1.1108681,493.0,False
b2c25,Batch 2,180.0,1.1094459,493.0,False
b2c25,Batch 2,182.0,1.1086916,493.0,False
b2c25,Batch 2,184.0,1.1114147,493.0,False
b2c25,Batch 2,187.0,1.1110939,493.0,False
b2c25,Batch 2,189.0,1.1146069,493.0,False
b2c25,Batch 2,191.0,1.112597,493.0,False
b2c25,Batch 2,194.0,1.1090382,493.0,False
b2c25,Batch 2,196.0,1.1083183,493.0,False
b2c25,Batch 2,198.0,1.1101664,493.0,False
b2c25,Batch 2,201.0,1.1112168,493.0,False
b2c25,Batch 2,203.0,1.1110703,493.0,False
b2c25,Batch 2,205.0,1.1112524,493.0,False
b2c25,Batch 2,208.0,1.1085336,493.0,False
b2c25,Batch 2,210.0,1.1125263,493.0,False
b2c25,Batch 2,212.0,1.1104572,493.0,False
b2c25,Batch 2,215.0,1.1110003,493.0,False
b2c25,Batch 2,217.0,1.1127344,493.0,False
b2c25,Batch 2,219.0,1.1119907,493.0,False
b2c25,Batch 2,222.0,1.1098202,493.0,False
b2c25,Batch 2,224.0,1.1106168,493.0,False
b2c25,Batch 2,226.0,1.1069715,493.0,False
b2c25,Batch 2,229.0,1.109416,493.0,False
b2c25,Batch 2,231.0,1.1083896,493.0,False
b2c25,Batch 2,233.0,1.1079106,493.0,False
b2c25,Batch 2,236.0,1.108888,493.0,False
b2c25,Batch 2,238.0,1.1068865,493.0,False
b2c25,Batch 2,240.0,1.1069316,493.0,False
b2c25,Batch 2,243.0,1.1024017,493.0,False
b2c25,Batch 2,245.0,1.1068283,493.0,False
b2c25,Batch 2,247.0,1.1051353,493.0,False
b2c25,Batch 2,250.0,1.1049992,493.0,False
b2c25,Batch 2,252.0,1.1024606,493.0,False
b2c25,Batch 2,254.0,1.1055806,493.0,False
b2c25,Batch 2,257.0,1.1058977,493.0,False
b2c25,Batch 2,259.0,1.1046343,493.0,False
b2c25,Batch 2,261.0,1.1051501,493.0,False
b2c25,Batch 2,264.0,1.1053212,493.0,False
b2c25,Batch 2,266.0,1.1081216,493.0,False
b2c25,Batch 2,268.0,1.1067183,493.0,False
b2c25,Batch 2,271.0,1.1039164,493.0,False
b2c25,Batch 2,273.0,1.1047199,493.0,False
b2c25,Batch 2,275.0,1.1073103,493.0,False
b2c25,Batch 2,278.0,1.1057884,493.0,False
b2c25,Batch 2,280.0,1.1044021,493.0,False
b2c25,Batch 2,282.0,1.1024803,493.0,False
b2c25,Batch 2,285.0,1.1044422,493.0,False
b2c25,Batch 2,287.0,1.1024647,493.0,False
b2c25,Batch 2,289.0,1.1048816,493.0,False
b2c25,Batch 2,292.0,1.1047423,493.0,False
b2c25,Batch 2,294.0,1.1050963,493.0,False
b2c25,Batch 2,296.0,1.1038957,493.0,False
b2c25,Batch 2,299.0,1.1033491,493.0,False
b2c25,Batch 2,301.0,1.1008019,493.0,False
b2c25,Batch 2,303.0,1.1020221,493.0,False
b2c25,Batch 2,306.0,1.1003413,493.0,False
b2c25,Batch 2,308.0,1.0997634,493.0,False
b2c25,Batch 2,310.0,1.098022,493.0,False
b2c25,Batch 2,313.0,1.0999293,493.0,False
b2c25,Batch 2,315.0,1.098582,493.0,False
b2c25,Batch 2,317.0,1.0991434,493.0,False
b2c25,Batch 2,320.0,1.097634,493.0,False
b2c25,Batch 2,322.0,1.0942123,493.0,False
b2c25,Batch 2,324.0,1.0957946,493.0,False
b2c25,Batch 2,327.0,1.0973804,493.0,False
b2c25,Batch 2,329.0,1.0965737,493.0,False
b2c25,Batch 2,331.0,1.0935242,493.0,False
b2c25,Batch 2,334.0,1.0903589,493.0,False
b2c25,Batch 2,336.0,1.0893953,493.0,False
b2c25,Batch 2,338.0,1.0908408,493.0,False
b2c25,Batch 2,341.0,1.0942565,493.0,False
b2c25,Batch 2,343.0,1.0926749,493.0,False
b2c25,Batch 2,345.0,1.0933295,493.0,False
b2c25,Batch 2,347.0,1.0900701,493.0,False
b2c25,Batch 2,350.0,1.0905006,493.0,False
b2c25,Batch 2,352.0,1.0888098,493.0,False
b2c25,Batch 2,354.0,1.0902915,493.0,False
b2c25,Batch 2,357.0,1.0863907,493.0,False
b2c25,Batch 2,359.0,1.0845555,493.0,False
b2c25,Batch 2,361.0,1.086632,493.0,False
b2c25,Batch 2,364.0,1.0803157,493.0,False
b2c25,Batch 2,366.0,1.0809335,493.0,False
b2c25,Batch 2,368.0,1.0827,493.0,False
b2c25,Batch 2,371.0,1.0802004,493.0,False
b2c25,Batch 2,373.0,1.0768487,493.0,False
b2c25,Batch 2,375.0,1.0784326,493.0,False
b2c25,Batch 2,378.0,1.079524,493.0,False
b2c25,Batch 2,380.0,1.0782337,493.0,False
b2c25,Batch 2,382.0,1.0766672,493.0,False
b2c25,Batch 2,385.0,1.0752031,493.0,False
b2c25,Batch 2,387.0,1.0737226,493.0,False
b2c25,Batch 2,389.0,1.0725422,493.0,False
b2c25,Batch 2,392.0,1.0658575,493.0,False
b2c25,Batch 2,394.0,1.0657928,493.0,False
b2c25,Batch 2,396.0,1.0637574,493.0,False
b2c25,Batch 2,399.0,1.0641832,493.0,False
b2c25,Batch 2,401.0,1.0615249,493.0,False
b2c25,Batch 2,403.0,1.056854,493.0,False
b2c25,Batch 2,406.0,1.0558467,493.0,False
b2c25,Batch 2,408.0,1.0537438,493.0,False
b2c25,Batch 2,410.0,1.0546451,493.0,False
b2c25,Batch 2,413.0,1.0505441,493.0,False
b2c25,Batch 2,415.0,1.049975,493.0,False
b2c25,Batch 2,417.0,1.0468283,493.0,False
b2c25,Batch 2,420.0,1.0441182,493.0,False
b2c25,Batch 2,422.0,1.0415168,493.0,False
b2c25,Batch 2,424.0,1.0351973,493.0,False
b2c25,Batch 2,427.0,1.0315074,493.0,False
b2c25,Batch 2,429.0,1.0293685,493.0,False
b2c25,Batch 2,431.0,1.0272741,493.0,False
b2c25,Batch 2,434.0,1.0231665,493.0,False
b2c25,Batch 2,436.0,1.0216929,493.0,False
b2c25,Batch 2,438.0,1.0181441,493.0,False
b2c25,Batch 2,441.0,1.0104005,493.0,False
b2c25,Batch 2,443.0,1.0088905,493.0,False
b2c25,Batch 2,445.0,1.0017642,493.0,False
b2c25,Batch 2,448.0,0.99906886,493.0,False
b2c25,Batch 2,450.0,0.99375504,493.0,False
b2c25,Batch 2,452.0,0.9905014,493.0,False
b2c25,Batch 2,455.0,0.98127961,493.0,False
b2c25,Batch 2,457.0,0.97643805,493.0,False
b2c25,Batch 2,459.0,0.97156739,493.0,False
b2c25,Batch 2,462.0,0.96535605,493.0,False
b2c25,Batch 2,464.0,0.96202546,493.0,False
b2c25,Batch 2,466.0,0.95710397,493.0,False
b2c25,Batch 2,469.0,0.94840491,493.0,False
b2c25,Batch 2,471.0,0.94357675,493.0,False
b2c25,Batch 2,473.0,0.93743151,493.0,False
b2c25,Batch 2,476.0,0.92852551,493.0,False
b2c25,Batch 2,478.0,0.92477405,493.0,False
b2c25,Batch 2,480.0,0.92244339,493.0,False
b2c25,Batch 2,483.0,0.90976208,493.0,False
b2c25,Batch 2,485.0,0.90162945,493.0,False
b2c25,Batch 2,487.0,0.89611471,493.0,False
b2c25,Batch 2,490.0,0.88766772,493.0,False
b2c25,Batch 2,492.0,0.8833499,493.0,False
b2c25,Batch 2,494.0,0.87756073,493.0,False
b2c25,Batch 2,497.0,0.86964357,493.0,False
b2c25,Batch 2,499.0,0.86421633,493.0,False
b2c25,Batch 2,501.0,0.85718244,493.0,False
b2c25,Batch 2,504.0,0.84846771,493.0,False
b2c25,Batch 2,506.0,0.84110641,493.0,False
b2c25,Batch 2,508.0,0.83919936,493.0,False
b2c25,Batch 2,511.0,0.82751423,493.0,False
b2c26,Batch 2,1.0,1.1048244,450.0,False
b2c26,Batch 2,3.0,1.1059661,450.0,False
b2c26,Batch 2,5.0,1.1050026,450.0,False
b2c26,Batch 2,7.0,1.1055447,450.0,False
b2c26,Batch 2,9.0,1.1048484,450.0,False
b2c26,Batch 2,11.0,1.1061758,450.0,False
b2c26,Batch 2,14.0,1.1052417,450.0,False
b2c26,Batch 2,16.0,1.1060632,450.0,False
b2c26,Batch 2,18.0,1.1047018,450.0,False
b2c26,Batch 2,20.0,1.1047199,450.0,False
b2c26,Batch 2,22.0,1.10533,450.0,False
b2c26,Batch 2,24.0,1.1046664,450.0,False
b2c26,Batch 2,27.0,1.1039997,450.0,False
b2c26,Batch 2,29.0,1.1052213,450.0,False
b2c26,Batch 2,31.0,1.1048003,450.0,False
b2c26,Batch 2,33.0,1.1047207,450.0,False
b2c26,Batch 2,35.0,1.1042703,450.0,False
b2c26,Batch 2,37.0,1.1045817,450.0,False
b2c26,Batch 2,40.0,1.1037368,450.0,False
b2c26,Batch 2,42.0,1.1062523,450.0,False
b2c26,Batch 2,44.0,1.1050154,450.0,False
b2c26,Batch 2,46.0,1.1047281,450.0,False
b2c26,Batch 2,48.0,1.1056114,450.0,False
b2c26,Batch 2,50.0,1.1052415,450.0,False
b2c26,Batch 2,53.0,1.0984645,450.0,False
b2c26,Batch 2,55.0,1.1000547,450.0,False
b2c26,Batch 2,57.0,1.1005076,450.0,False
b2c26,Batch 2,59.0,1.1010658,450.0,False
b2c26,Batch 2,61.0,1.1016744,450.0,False
b2c26,Batch 2,63.0,1.1020103,450.0,False
b2c26,Batch 2,66.0,1.1015027,450.0,False
b2c26,Batch 2,68.0,1.1016628,450.0,False
b2c26,Batch 2,70.0,1.1022888,450.0,False
b2c26,Batch 2,72.0,1.1009368,450.0,False
b2c26,Batch 2,74.0,1.1022861,450.0,False
b2c26,Batch 2,76.0,1.1047949,450.0,False
b2c26,Batch 2,79.0,1.1052328,450.0,False
b2c26,Batch 2,81.0,1.103943,450.0,False
b2c26,Batch 2,83.0,1.1039829,450.0,False
b2c26,Batch 2,85.0,1.1044259,450.0,False
b2c26,Batch 2,87.0,1.1060596,450.0,False
b2c26,Batch 2,89.0,1.1045737,450.0,False
b2c26,Batch 2,92.0,1.1050888,450.0,False
b2c26,Batch 2,94.0,1.1062764,450.0,False
b2c26,Batch 2,96.0,1.1072066,450.0,False
b2c26,Batch 2,98.0,1.1051329,450.0,False
b2c26,Batch 2,100.0,1.1065354,450.0,False
b2c26,Batch 2,102.0,1.1075224,450.0,False
b2c26,Batch 2,105.0,1.1064157,450.0,False
b2c26,Batch 2,107.0,1.1063725,450.0,False
b2c26,Batch 2,109.0,1.1065141,450.0,False
b2c26,Batch 2,111.0,1.1056033,450.0,False
b2c26,Batch 2,113.0,1.1052984,450.0,False
b2c26,Batch 2,115.0,1.1059813,450.0,False
b2c26,Batch 2,118.0,1.1038198,450.0,False
b2c26,Batch 2,120.0,1.1010022,450.0,False
b2c26,Batch 2,122.0,1.1017293,450.0,False
b2c26,Batch 2,124.0,1.1048095,450.0,False
b2c26,Batch 2,126.0,1.1042925,450.0,False
b2c26,Batch 2,128.0,1.1027459,450.0,False
b2c26,Batch 2,131.0,1.1041559,450.0,False
b2c26,Batch 2,133.0,1.1037116,450.0,False
b2c26,Batch 2,135.0,1.0986154,450.0,False
b2c26,Batch 2,137.0,1.0996246,450.0,False
b2c26,Batch 2,139.0,1.0997934,450.0,False
b2c26,Batch 2,141.0,1.1024283,450.0,False
b2c26,Batch 2,144.0,1.1044712,450.0,False
b2c26,Batch 2,146.0,1.1016486,450.0,False
b2c26,Batch 2,148.0,1.1020411,450.0,False
b2c26,Batch 2,150.0,1.1031357,450.0,False
b2c26,Batch 2,152.0,1.0998356,450.0,False
b2c26,Batch 2,154.0,1.1007788,450.0,False
b2c26,Batch 2,157.0,1.0994627,450.0,False
b2c26,Batch 2,159.0,1.1008638,450.0,False
b2c26,Batch 2,161.0,1.1009479,450.0,False
b2c26,Batch 2,163.0,1.0985323,450.0,False
b2c26,Batch 2,165.0,1.1014656,450.0,False
b2c26,Batch 2,168.0,1.1009318,450.0,False
b2c26,Batch 2,170.0,1.0987521,450.0,False
b2c26,Batch 2,172.0,1.1006448,450.0,False
b2c26,Batch 2,174.0,1.0976999,450.0,False
b2c26,Batch 2,176.0,1.0980198,450.0,False
b2c26,Batch 2,178.0,1.0977125,450.0,False
b2c26,Batch 2,181.0,1.0941821,450.0,False
b2c26,Batch 2,183.0,1.0956112,450.0,False
b2c26,Batch 2,185.0,1.0955216,450.0,False
b2c26,Batch 2,187.0,1.0958041,450.0,False
b2c26,Batch 2,189.0,1.0968874,450.0,False
b2c26,Batch 2,191.0,1.0961478,450.0,False
b2c26,Batch 2,194.0,1.0896575,450.0,False
b2c26,Batch 2,196.0,1.0908387,450.0,False
b2c26,Batch 2,198.0,1.0933,450.0,False
b2c26,Batch 2,200.0,1.0918382,450.0,False
b2c26,Batch 2,202.0,1.0899285,450.0,False
b2c26,Batch 2,204.0,1.0925466,450.0,False
b2c26,Batch 2,207.0,1.0884176,450.0,False
b2c26,Batch 2,209.0,1.0894822,450.0,False
b2c26,Batch 2,211.0,1.0913769,450.0,False
b2c26,Batch 2,213.0,1.0915493,450.0,False
b2c26,Batch 2,215.0,1.0863559,450.0,False
b2c26,Batch 2,217.0,1.0879683,450.0,False
b2c26,Batch 2,220.0,1.0884463,450.0,False
b2c26,Batch 2,222.0,1.0862364,450.0,False
b2c26,Batch 2,224.0,1.0836174,450.0,False
b2c26,Batch 2,226.0,1.0838147,450.0,False
b2c26,Batch 2,228.0,1.083385,450.0,False
b2c26,Batch 2,230.0,1.0857338,450.0,False
b2c26,Batch 2,233.0,1.0815785,450.0,False
b2c26,Batch 2,235.0,1.0800018,450.0,False
b2c26,Batch 2,237.0,1.079381,450.0,False
b2c26,Batch 2,239.0,1.0802852,450.0,False
b2c26,Batch 2,241.0,1.0763519,450.0,False
b2c26,Batch 2,243.0,1.0774047,450.0,False
b2c26,Batch 2,246.0,1.075722,450.0,False
b2c26,Batch 2,248.0,1.0756861,450.0,False
b2c26,Batch 2,250.0,1.0749403,450.0,False
b2c26,Batch 2,252.0,1.0754321,450.0,False
b2c26,Batch 2,254.0,1.0723554,450.0,False
b2c26,Batch 2,256.0,1.0710955,450.0,False
b2c26,Batch 2,259.0,1.0716858,450.0,False
b2c26,Batch 2,261.0,1.0717033,450.0,False
b2c26,Batch 2,263.0,1.0706006,450.0,False
b2c26,Batch 2,265.0,1.0687053,450.0,False
b2c26,Batch 2,267.0,1.0728775,450.0,False
b2c26,Batch 2,269.0,1.0703762,450.0,False
b2c26,Batch 2,272.0,1.072016,450.0,False
b2c26,Batch 2,274.0,1.0697056,450.0,False
b2c26,Batch 2,276.0,1.0689801,450.0,False
b2c26,Batch 2,278.0,1.0645603,450.0,False
b2c26,Batch 2,280.0,1.065436,450.0,False
b2c26,Batch 2,282.0,1.0624866,450.0,False
b2c26,Batch 2,285.0,1.0602244,450.0,False
b2c26,Batch 2,287.0,1.0600822,450.0,False
b2c26,Batch 2,289.0,1.0611684,450.0,False
b2c26,Batch 2,291.0,1.0604919,450.0,False
b2c26,Batch 2,293.0,1.0596355,450.0,False
b2c26,Batch 2,295.0,1.0611166,450.0,False
b2c26,Batch 2,298.0,1.058778,450.0,False
b2c26,Batch 2,300.0,1.0576499,450.0,False
b2c26,Batch 2,302.0,1.0567864,450.0,False
b2c26,Batch 2,304.0,1.0563835,450.0,False
b2c26,Batch 2,306.0,1.055331,450.0,False
b2c26,Batch 2,308.0,1.0547159,450.0,False
b2c26,Batch 2,311.0,1.0511613,450.0,False
b2c26,Batch 2,313.0,1.0495843,450.0,False
b2c26,Batch 2,315.0,1.0508749,450.0,False
b2c26,Batch 2,317.0,1.0471691,450.0,False
b2c26,Batch 2,319.0,1.0458115,450.0,False
b2c26,Batch 2,322.0,1.0448645,450.0,False
b2c26,Batch 2,324.0,1.0411469,450.0,False
b2c26,Batch 2,326.0,1.0436414,450.0,False
b2c26,Batch 2,328.0,1.0424639,450.0,False
b2c26,Batch 2,330.0,1.0425189,450.0,False
b2c26,Batch 2,332.0,1.0426539,450.0,False
b2c26,Batch 2,335.0,1.0374937,450.0,False
b2c26,Batch 2,337.0,1.0335522,450.0,False
b2c26,Batch 2,339.0,1.0333033,450.0,False
b2c26,Batch 2,341.0,1.034436,450.0,False
b2c26,Batch 2,343.0,1.0338391,450.0,False
b2c26,Batch 2,345.0,1.0315163,450.0,False
b2c26,Batch 2,348.0,1.029726,450.0,False
b2c26,Batch 2,350.0,1.0273136,450.0,False
b2c26,Batch 2,352.0,1.0258126,450.0,False
b2c26,Batch 2,354.0,1.0274549,450.0,False
b2c26,Batch 2,356.0,1.0237734,450.0,False
b2c26,Batch 2,358.0,1.0231752,450.0,False
b2c26,Batch 2,361.0,1.0150601,450.0,False
b2c26,Batch 2,363.0,1.0144486,450.0,False
b2c26,Batch 2,365.0,1.0160824,450.0,False
b2c26,Batch 2,367.0,1.0133774,450.0,False
b2c26,Batch 2,369.0,1.0117234,450.0,False
b2c26,Batch 2,371.0,1.0113153,450.0,False
b2c26,Batch 2,374.0,1.0072842,450.0,False
b2c26,Batch 2,376.0,1.006573,450.0,False
b2c26,Batch 2,378.0,1.0019784,450.0,False
b2c26,Batch 2,380.0,1.0019207,450.0,False
b2c26,Batch 2,382.0,1.0009483,450.0,False
b2c26,Batch 2,384.0,1.0000793,450.0,False
b2c26,Batch 2,387.0,0.99739969,450.0,False
b2c26,Batch 2,389.0,0.99513221,450.0,False
b2c26,Batch 2,391.0,0.992908,450.0,False
b2c26,Batch 2,393.0,0.98770458,450.0,False
b2c26,Batch 2,395.0,0.98719043,450.0,False
b2c26,Batch 2,397.0,0.98070925,450.0,False
b2c26,Batch 2,400.0,0.97703314,450.0,False
b2c26,Batch 2,402.0,0.97413987,450.0,False
b2c26,Batch 2,404.0,0.97314882,450.0,False
b2c26,Batch 2,406.0,0.96740031,450.0,False
b2c26,Batch 2,408.0,0.96464998,450.0,False
b2c26,Batch 2,410.0,0.96265501,450.0,False
b2c26,Batch 2,413.0,0.95755523,450.0,False
b2c26,Batch 2,415.0,0.95119154,450.0,False
b2c26,Batch 2,417.0,0.95134616,450.0,False
b2c26,Batch 2,419.0,0.94759935,450.0,False
b2c26,Batch 2,421.0,0.94099325,450.0,False
b2c26,Batch 2,423.0,0.93949264,450.0,False
b2c26,Batch 2,426.0,0.93104732,450.0,False
b2c26,Batch 2,428.0,0.92809844,450.0,False
b2c26,Batch 2,430.0,0.92261887,450.0,False
b2c26,Batch 2,432.0,0.91985071,450.0,False
b2c26,Batch 2,434.0,0.91548425,450.0,False
b2c26,Batch 2,436.0,0.91050839,450.0,False
b2c26,Batch 2,439.0,0.90478104,450.0,False
b2c26,Batch 2,441.0,0.89906752,450.0,False
b2c26,Batch 2,443.0,0.89478719,450.0,False
b2c26,Batch 2,445.0,0.89235926,450.0,False
b2c26,Batch 2,447.0,0.88615602,450.0,False
b2c26,Batch 2,449.0,0.88223267,450.0,False
b2c26,Batch 2,452.0,0.87248927,450.0,False
b2c26,Batch 2,454.0,0.86898863,450.0,False
b2c26,Batch 2,456.0,0.86437488,450.0,False
b2c26,Batch 2,458.0,0.86336362,450.0,False
b2c26,Batch 2,460.0,0.85664344,450.0,False
b2c26,Batch 2,462.0,0.85195166,450.0,False
b2c26,Batch 2,465.0,0.84563267,450.0,False
b2c26,Batch 2,467.0,0.84360176,450.0,False
b2c26,Batch 2,469.0,0.8383255,450.0,False
b2c26,Batch 2,471.0,0.83300155,450.0,False
b2c26,Batch 2,473.0,0.83150405,450.0,False
b2c26,Batch 2,476.0,0.82529837,450.0,False
b2c27,Batch 2,1.0,1.0919615,474.0,False
b2c27,Batch 2,3.0,1.0951403,474.0,False
b2c27,Batch 2,5.0,1.0947001,474.0,False
b2c27,Batch 2,7.0,1.0957614,474.0,False
b2c27,Batch 2,9.0,1.096252,474.0,False
b2c27,Batch 2,12.0,1.0967549,474.0,False
b2c27,Batch 2,14.0,1.0955337,474.0,False
b2c27,Batch 2,16.0,1.096151,474.0,False
b2c27,Batch 2,18.0,1.0958723,474.0,False
b2c27,Batch 2,21.0,1.0970404,474.0,False
b2c27,Batch 2,23.0,1.095486,474.0,False
b2c27,Batch 2,25.0,1.0971814,474.0,False
b2c27,Batch 2,27.0,1.0965157,474.0,False
b2c27,Batch 2,30.0,1.0974637,474.0,False
b2c27,Batch 2,32.0,1.0967951,474.0,False
b2c27,Batch 2,34.0,1.0991896,474.0,False
b2c27,Batch 2,36.0,1.0980722,474.0,False
b2c27,Batch 2,39.0,1.0993389,474.0,False
b2c27,Batch 2,41.0,1.098264,474.0,False
b2c27,Batch 2,43.0,1.0976095,474.0,False
b2c27,Batch 2,45.0,1.0988331,474.0,False
b2c27,Batch 2,48.0,1.0983176,474.0,False
b2c27,Batch 2,50.0,1.0947737,474.0,False
b2c27,Batch 2,52.0,1.0968832,474.0,False
b2c27,Batch 2,54.0,1.0977577,474.0,False
b2c27,Batch 2,57.0,1.098317,474.0,False
b2c27,Batch 2,59.0,1.0973638,474.0,False
b2c27,Batch 2,61.0,1.0974145,474.0,False
b2c27,Batch 2,63.0,1.0973518,474.0,False
b2c27,Batch 2,66.0,1.0987515,474.0,False
b2c27,Batch 2,68.0,1.0979763,474.0,False
b2c27,Batch 2,70.0,1.0973446,474.0,False
b2c27,Batch 2,72.0,1.0999792,474.0,False
b2c27,Batch 2,75.0,1.1016716,474.0,False
b2c27,Batch 2,77.0,1.1014451,474.0,False
b2c27,Batch 2,79.0,1.1016303,474.0,False
b2c27,Batch 2,81.0,1.1005038,474.0,False
b2c27,Batch 2,84.0,1.1014913,474.0,False
b2c27,Batch 2,86.0,1.1020267,474.0,False
b2c27,Batch 2,88.0,1.1018224,474.0,False
b2c27,Batch 2,90.0,1.1021072,474.0,False
b2c27,Batch 2,93.0,1.102461,474.0,False
b2c27,Batch 2,95.0,1.1034191,474.0,False
b2c27,Batch 2,97.0,1.1040796,474.0,False
b2c27,Batch 2,99.0,1.1051688,474.0,False
b2c27,Batch 2,102.0,1.1038835,474.0,False
b2c27,Batch 2,104.0,1.1069155,474.0,False
b2c27,Batch 2,106.0,1.1041307,474.0,False
b2c27,Batch 2,108.0,1.1028425,474.0,False
b2c27,Batch 2,111.0,1.1057645,474.0,False
b2c27,Batch 2,113.0,1.1053663,474.0,False
b2c27,Batch 2,115.0,1.1061645,474.0,False
b2c27,Batch 2,117.0,1.1052996,474.0,False
b2c27,Batch 2,120.0,1.1044087,474.0,False
b2c27,Batch 2,122.0,1.1053119,474.0,False
b2c27,Batch 2,124.0,1.105023,474.0,False
b2c27,Batch 2,126.0,1.104151,474.0,False
b2c27,Batch 2,129.0,1.1068689,474.0,False
b2c27,Batch 2,131.0,1.1060516,474.0,False
b2c27,Batch 2,133.0,1.1045114,474.0,False
b2c27,Batch 2,135.0,1.1043253,474.0,False
b2c27,Batch 2,138.0,1.1058897,474.0,False
b2c27,Batch 2,140.0,1.1060629,474.0,False
b2c27,Batch 2,142.0,1.1075536,474.0,False
b2c27,Batch 2,144.0,1.1073771,474.0,False
b2c27,Batch 2,147.0,1.1095467,474.0,False
b2c27,Batch 2,149.0,1.1060901,474.0,False
b2c27,Batch 2,151.0,1.1072773,474.0,False
b2c27,Batch 2,153.0,1.1074241,474.0,False
b2c27,Batch 2,156.0,1.1078067,474.0,False
b2c27,Batch 2,158.0,1.108623,474.0,False
b2c27,Batch 2,160.0,1.1070466,474.0,False
b2c27,Batch 2,162.0,1.1085728,474.0,False
b2c27,Batch 2,165.0,1.1100775,474.0,False
b2c27,Batch 2,167.0,1.1101458,474.0,False
b2c27,Batch 2,169.0,1.108291,474.0,False
b2c27,Batch 2,171.0,1.1093363,474.0,False
b2c27,Batch 2,173.0,1.107657,474.0,False
b2c27,Batch 2,176.0,1.108613,474.0,False
b2c27,Batch 2,178.0,1.1084106,474.0,False
b2c27,Batch 2,180.0,1.1079865,474.0,False
b2c27,Batch 2,182.0,1.1093693,474.0,False
b2c27,Batch 2,185.0,1.1083652,474.0,False
b2c27,Batch 2,187.0,1.1088353,474.0,False
b2c27,Batch 2,189.0,1.1111873,474.0,False
b2c27,Batch 2,191.0,1.1079925,474.0,False
b2c27,Batch 2,194.0,1.107758,474.0,False
b2c27,Batch 2,196.0,1.1095694,474.0,False
b2c27,Batch 2,198.0,1.1094453,474.0,False
b2c27,Batch 2,200.0,1.1079472,474.0,False
b2c27,Batch 2,203.0,1.1087232,474.0,False
b2c27,Batch 2,205.0,1.1063629,474.0,False
b2c27,Batch 2,207.0,1.1072576,474.0,False
b2c27,Batch 2,209.0,1.1071489,474.0,False
b2c27,Batch 2,212.0,1.1085324,474.0,False
b2c27,Batch 2,214.0,1.1080723,474.0,False
b2c27,Batch 2,216.0,1.1071424,474.0,False
b2c27,Batch 2,218.0,1.1082505,474.0,False
b2c27,Batch 2,221.0,1.1054757,474.0,False
b2c27,Batch 2,223.0,1.1065167,474.0,False
b2c27,Batch 2,225.0,1.1040498,474.0,False
b2c27,Batch 2,227.0,1.1066287,474.0,False
b2c27,Batch 2,230.0,1.106226,474.0,False
b2c27,Batch 2,232.0,1.1063687,474.0,False
b2c27,Batch 2,234.0,1.1066558,474.0,False
b2c27,Batch 2,236.0,1.1018233,474.0,False
b2c27,Batch 2,239.0,1.1024629,474.0,False
b2c27,Batch 2,241.0,1.1013137,474.0,False
b2c27,Batch 2,243.0,1.1039155,474.0,False
b2c27,Batch 2,245.0,1.1022534,474.0,False
b2c27,Batch 2,248.0,1.101976,474.0,False
b2c27,Batch 2,250.0,1.1028463,474.0,False
b2c27,Batch 2,252.0,1.1001995,474.0,False
b2c27,Batch 2,254.0,1.1005477,474.0,False
b2c27,Batch 2,257.0,1.1003485,474.0,False
b2c27,Batch 2,259.0,1.1005404,474.0,False
b2c27,Batch 2,261.0,1.1010104,474.0,False
b2c27,Batch 2,263.0,1.1020072,474.0,False
b2c27,Batch 2,266.0,1.1025565,474.0,False
b2c27,Batch 2,268.0,1.1027884,474.0,False
b2c27,Batch 2,270.0,1.1022424,474.0,False
b2c27,Batch 2,272.0,1.1004654,474.0,False
b2c27,Batch 2,275.0,1.0982803,474.0,False
b2c27,Batch 2,277.0,1.098732,474.0,False
b2c27,Batch 2,279.0,1.0977001,474.0,False
b2c27,Batch 2,281.0,1.0997425,474.0,False
b2c27,Batch 2,284.0,1.0985581,474.0,False
b2c27,Batch 2,286.0,1.0962503,474.0,False
b2c27,Batch 2,288.0,1.0983831,474.0,False
b2c27,Batch 2,290.0,1.0974921,474.0,False
b2c27,Batch 2,293.0,1.0956799,474.0,False
b2c27,Batch 2,295.0,1.0964235,474.0,False
b2c27,Batch 2,297.0,1.0967185,474.0,False
b2c27,Batch 2,299.0,1.0950954,474.0,False
b2c27,Batch 2,302.0,1.0936872,474.0,False
b2c27,Batch 2,304.0,1.0944999,474.0,False
b2c27,Batch 2,306.0,1.0925397,474.0,False
b2c27,Batch 2,308.0,1.0929304,474.0,False
b2c27,Batch 2,311.0,1.09226,474.0,False
b2c27,Batch 2,313.0,1.0913168,474.0,False
b2c27,Batch 2,315.0,1.0905579,474.0,False
b2c27,Batch 2,317.0,1.0893635,474.0,False
b2c27,Batch 2,320.0,1.0866373,474.0,False
b2c27,Batch 2,322.0,1.0884552,474.0,False
b2c27,Batch 2,324.0,1.0876499,474.0,False
b2c27,Batch 2,326.0,1.0871041,474.0,False
b2c27,Batch 2,329.0,1.0867307,474.0,False
b2c27,Batch 2,331.0,1.0852387,474.0,False
b2c27,Batch 2,333.0,1.0807132,474.0,False
b2c27,Batch 2,335.0,1.0821137,474.0,False
b2c27,Batch 2,337.0,1.0830096,474.0,False
b2c27,Batch 2,340.0,1.0809751,474.0,False
b2c27,Batch 2,342.0,1.0831014,474.0,False
b2c27,Batch 2,344.0,1.0814614,474.0,False
b2c27,Batch 2,346.0,1.0813922,474.0,False
b2c27,Batch 2,349.0,1.0786039,474.0,False
b2c27,Batch 2,351.0,1.078505,474.0,False
b2c27,Batch 2,353.0,1.0742953,474.0,False
b2c27,Batch 2,355.0,1.0725008,474.0,False
b2c27,Batch 2,358.0,1.0744668,474.0,False
b2c27,Batch 2,360.0,1.0712558,474.0,False
b2c27,Batch 2,362.0,1.0684633,474.0,False
b2c27,Batch 2,364.0,1.0714258,474.0,False
b2c27,Batch 2,367.0,1.0678809,474.0,False
b2c27,Batch 2,369.0,1.0671787,474.0,False
b2c27,Batch 2,371.0,1.0627854,474.0,False
b2c27,Batch 2,373.0,1.064979,474.0,False
b2c27,Batch 2,376.0,1.0620784,474.0,False
b2c27,Batch 2,378.0,1.0611573,474.0,False
b2c27,Batch 2,380.0,1.0594593,474.0,False
b2c27,Batch 2,382.0,1.0585972,474.0,False
b2c27,Batch 2,385.0,1.057948,474.0,False
b2c27,Batch 2,387.0,1.0560781,474.0,False
b2c27,Batch 2,389.0,1.0492628,474.0,False
b2c27,Batch 2,391.0,1.047411,474.0,False
b2c27,Batch 2,394.0,1.0453677,474.0,False
b2c27,Batch 2,396.0,1.0437869,474.0,False
b2c27,Batch 2,398.0,1.0399933,474.0,False
b2c27,Batch 2,400.0,1.0383523,474.0,False
b2c27,Batch 2,403.0,1.0334945,474.0,False
b2c27,Batch 2,405.0,1.0318264,474.0,False
b2c27,Batch 2,407.0,1.028924,474.0,False
b2c27,Batch 2,409.0,1.0252613,474.0,False
b2c27,Batch 2,412.0,1.0226053,474.0,False
b2c27,Batch 2,414.0,1.0165823,474.0,False
b2c27,Batch 2,416.0,1.0161591,474.0,False
b2c27,Batch 2,418.0,1.0104309,474.0,False
b2c27,Batch 2,421.0,1.0053492,474.0,False
b2c27,Batch 2,423.0,0.99960506,474.0,False
b2c27,Batch 2,425.0,0.99678057,474.0,False
b2c27,Batch 2,427.0,0.99382424,474.0,False
b2c27,Batch 2,430.0,0.98852271,474.0,False
b2c27,Batch 2,432.0,0.98273998,474.0,False
b2c27,Batch 2,434.0,0.98038936,474.0,False
b2c27,Batch 2,436.0,0.97488123,474.0,False
b2c27,Batch 2,439.0,0.96929473,474.0,False
b2c27,Batch 2,441.0,0.96527332,474.0,False
b2c27,Batch 2,443.0,0.95713472,474.0,False
b2c27,Batch 2,445.0,0.95563871,474.0,False
b2c27,Batch 2,448.0,0.94704181,474.0,False
b2c27,Batch 2,450.0,0.94253695,474.0,False
b2c27,Batch 2,452.0,0.93752092,474.0,False
b2c27,Batch 2,454.0,0.93590742,474.0,False
b2c27,Batch 2,457.0,0.92637396,474.0,False
b2c27,Batch 2,459.0,0.92002243,474.0,False
b2c27,Batch 2,461.0,0.91405797,474.0,False
b2c27,Batch 2,463.0,0.90788603,474.0,False
b2c27,Batch 2,466.0,0.90125853,474.0,False
b2c27,Batch 2,468.0,0.8973701,474.0,False
b2c27,Batch 2,470.0,0.89296776,474.0,False
b2c27,Batch 2,472.0,0.88532841,474.0,False
b2c27,Batch 2,475.0,0.87687272,474.0,False
b2c27,Batch 2,477.0,0.86716402,474.0,False
b2c27,Batch 2,479.0,0.86186123,474.0,False
b2c27,Batch 2,481.0,0.85707498,474.0,False
b2c27,Batch 2,484.0,0.85103184,474.0,False
b2c27,Batch 2,486.0,0.84512806,474.0,False
b2c27,Batch 2,488.0,0.84058553,474.0,False
b2c27,Batch 2,490.0,0.83460176,474.0,False
b2c27,Batch 2,493.0,0.8266983,474.0,False
b2c28,Batch 2,1.0,1.0873438,437.0,False
b2c28,Batch 2,3.0,1.0899123,437.0,False
b2c28,Batch 2,5.0,1.0911843,437.0,False
b2c28,Batch 2,7.0,1.0925268,437.0,False
b2c28,Batch 2,9.0,1.0921518,437.0,False
b2c28,Batch 2,11.0,1.0929682,437.0,False
b2c28,Batch 2,13.0,1.092919,437.0,False
b2c28,Batch 2,15.0,1.0951691,437.0,False
b2c28,Batch 2,17.0,1.0931792,437.0,False
b2c28,Batch 2,19.0,1.0917717,437.0,False
b2c28,Batch 2,21.0,1.0949714,437.0,False
b2c28,Batch 2,23.0,1.0932634,437.0,False
b2c28,Batch 2,25.0,1.0953854,437.0,False
b2c28,Batch 2,28.0,1.0953703,437.0,False
b2c28,Batch 2,30.0,1.0961994,437.0,False
b2c28,Batch 2,32.0,1.0949453,437.0,False
b2c28,Batch 2,34.0,1.0962898,437.0,False
b2c28,Batch 2,36.0,1.0964473,437.0,False
b2c28,Batch 2,38.0,1.0967989,437.0,False
b2c28,Batch 2,40.0,1.0945519,437.0,False
b2c28,Batch 2,42.0,1.0944117,437.0,False
b2c28,Batch 2,44.0,1.0939181,437.0,False
b2c28,Batch 2,46.0,1.0970906,437.0,False
b2c28,Batch 2,48.0,1.0973959,437.0,False
b2c28,Batch 2,50.0,1.0888414,437.0,False
b2c28,Batch 2,52.0,1.0919787,437.0,False
b2c28,Batch 2,55.0,1.0922098,437.0,False
b2c28,Batch 2,57.0,1.0939509,437.0,False
b2c28,Batch 2,59.0,1.0934061,437.0,False
b2c28,Batch 2,61.0,1.0942979,437.0,False
b2c28,Batch 2,63.0,1.0950973,437.0,False
b2c28,Batch 2,65.0,1.0939482,437.0,False
b2c28,Batch 2,67.0,1.0935503,437.0,False
b2c28,Batch 2,69.0,1.0954198,437.0,False
b2c28,Batch 2,71.0,1.0961431,437.0,False
b2c28,Batch 2,73.0,1.0953033,437.0,False
b2c28,Batch 2,75.0,1.0959996,437.0,False
b2c28,Batch 2,77.0,1.097821,437.0,False
b2c28,Batch 2,79.0,1.0983335,437.0,False
b2c28,Batch 2,82.0,1.0977489,437.0,False
b2c28,Batch 2,84.0,1.0990702,437.0,False
b2c28,Batch 2,86.0,1.0975263,437.0,False
b2c28,Batch 2,88.0,1.0981492,437.0,False
b2c28,Batch 2,90.0,1.0982137,437.0,False
b2c28,Batch 2,92.0,1.0947154,437.0,False
b2c28,Batch 2,94.0,1.0980922,437.0,False
b2c28,Batch 2,96.0,1.0969013,437.0,False
b2c28,Batch 2,98.0,1.0980512,437.0,False
b2c28,Batch 2,100.0,1.0995919,437.0,False
b2c28,Batch 2,102.0,1.0975939,437.0,False
b2c28,Batch 2,104.0,1.0997601,437.0,False
b2c28,Batch 2,106.0,1.1003488,437.0,False
b2c28,Batch 2,109.0,1.0987448,437.0,False
b2c28,Batch 2,111.0,1.1001548,437.0,False
b2c28,Batch 2,113.0,1.0990427,437.0,False
b2c28,Batch 2,115.0,1.0980259,437.0,False
b2c28,Batch 2,117.0,1.0957862,437.0,False
b2c28,Batch 2,119.0,1.0984055,437.0,False
b2c28,Batch 2,121.0,1.0974008,437.0,False
b2c28,Batch 2,123.0,1.0995182,437.0,False
b2c28,Batch 2,125.0,1.1001049,437.0,False
b2c28,Batch 2,127.0,1.0997368,437.0,False
b2c28,Batch 2,129.0,1.0969286,437.0,False
b2c28,Batch 2,131.0,1.0936784,437.0,False
b2c28,Batch 2,133.0,1.0961329,437.0,False
b2c28,Batch 2,136.0,1.0948215,437.0,False
b2c28,Batch 2,138.0,1.0957021,437.0,False
b2c28,Batch 2,140.0,1.0991232,437.0,False
b2c28,Batch 2,142.0,1.098475,437.0,False
b2c28,Batch 2,144.0,1.0975403,437.0,False
b2c28,Batch 2,146.0,1.0962856,437.0,False
b2c28,Batch 2,148.0,1.0983336,437.0,False
b2c28,Batch 2,150.0,1.0958449,437.0,False
b2c28,Batch 2,152.0,1.0959463,437.0,False
b2c28,Batch 2,154.0,1.0959415,437.0,False
b2c28,Batch 2,156.0,1.0959165,437.0,False
b2c28,Batch 2,158.0,1.095665,437.0,False
b2c28,Batch 2,160.0,1.0960763,437.0,False
b2c28,Batch 2,163.0,1.0970284,437.0,False
b2c28,Batch 2,165.0,1.0950944,437.0,False
b2c28,Batch 2,167.0,1.0965601,437.0,False
b2c28,Batch 2,169.0,1.0949131,437.0,False
b2c28,Batch 2,171.0,1.0941632,437.0,False
b2c28,Batch 2,173.0,1.0953788,437.0,False
b2c28,Batch 2,175.0,1.0929916,437.0,False
b2c28,Batch 2,177.0,1.0942565,437.0,False
b2c28,Batch 2,179.0,1.0901462,437.0,False
b2c28,Batch 2,181.0,1.0923653,437.0,False
b2c28,Batch 2,183.0,1.0920055,437.0,False
b2c28,Batch 2,185.0,1.0913953,437.0,False
b2c28,Batch 2,187.0,1.0912027,437.0,False
b2c28,Batch 2,190.0,1.0911667,437.0,False
b2c28,Batch 2,192.0,1.0912384,437.0,False
b2c28,Batch 2,194.0,1.091107,437.0,False
b2c28,Batch 2,196.0,1.0878464,437.0,False
b2c28,Batch 2,198.0,1.0899577,437.0,False
b2c28,Batch 2,200.0,1.0892394,437.0,False
b2c28,Batch 2,202.0,1.0881878,437.0,False
b2c28,Batch 2,204.0,1.0863155,437.0,False
b2c28,Batch 2,206.0,1.088472,437.0,False
b2c28,Batch 2,208.0,1.0898105,437.0,False
b2c28,Batch 2,210.0,1.0877459,437.0,False
b2c28,Batch 2,212.0,1.0852083,437.0,False
b2c28,Batch 2,214.0,1.0867494,437.0,False
b2c28,Batch 2,217.0,1.0832742,437.0,False
b2c28,Batch 2,219.0,1.0848702,437.0,False
b2c28,Batch 2,221.0,1.0801446,437.0,False
b2c28,Batch 2,223.0,1.0830412,437.0,False
b2c28,Batch 2,225.0,1.0821667,437.0,False
b2c28,Batch 2,227.0,1.0813322,437.0,False
b2c28,Batch 2,229.0,1.0810515,437.0,False
b2c28,Batch 2,231.0,1.0802892,437.0,False
b2c28,Batch 2,233.0,1.0785524,437.0,False
b2c28,Batch 2,235.0,1.0766081,437.0,False
b2c28,Batch 2,237.0,1.0760499,437.0,False
b2c28,Batch 2,239.0,1.0772731,437.0,False
b2c28,Batch 2,242.0,1.0772879,437.0,False
b2c28,Batch 2,244.0,1.0749859,437.0,False
b2c28,Batch 2,246.0,1.075974,437.0,False
b2c28,Batch 2,248.0,1.0728921,437.0,False
b2c28,Batch 2,250.0,1.0737319,437.0,False
b2c28,Batch 2,252.0,1.0719376,437.0,False
b2c28,Batch 2,254.0,1.0720047,437.0,False
b2c28,Batch 2,256.0,1.0709264,437.0,False
b2c28,Batch 2,258.0,1.0706216,437.0,False
b2c28,Batch 2,260.0,1.0736297,437.0,False
b2c28,Batch 2,262.0,1.0725291,437.0,False
b2c28,Batch 2,264.0,1.0721185,437.0,False
b2c28,Batch 2,266.0,1.0695679,437.0,False
b2c28,Batch 2,269.0,1.0713502,437.0,False
b2c28,Batch 2,271.0,1.0648983,437.0,False
b2c28,Batch 2,273.0,1.0650538,437.0,False
b2c28,Batch 2,275.0,1.0643616,437.0,False
b2c28,Batch 2,277.0,1.0629574,437.0,False
b2c28,Batch 2,279.0,1.0628421,437.0,False
b2c28,Batch 2,281.0,1.0638546,437.0,False
b2c28,Batch 2,283.0,1.0627816,437.0,False
b2c28,Batch 2,285.0,1.0604295,437.0,False
b2c28,Batch 2,287.0,1.0617965,437.0,False
b2c28,Batch 2,289.0,1.0615251,437.0,False
b2c28,Batch 2,291.0,1.0602889,437.0,False
b2c28,Batch 2,293.0,1.0595,437.0,False
b2c28,Batch 2,296.0,1.0578043,437.0,False
b2c28,Batch 2,298.0,1.0585877,437.0,False
b2c28,Batch 2,300.0,1.0549251,437.0,False
b2c28,Batch 2,302.0,1.0535822,437.0,False
b2c28,Batch 2,304.0,1.0526471,437.0,False
b2c28,Batch 2,306.0,1.0531976,437.0,False
b2c28,Batch 2,308.0,1.0511696,437.0,False
b2c28,Batch 2,310.0,1.0485059,437.0,False
b2c28,Batch 2,312.0,1.0493379,437.0,False
b2c28,Batch 2,314.0,1.0447651,437.0,False
b2c28,Batch 2,316.0,1.0471393,437.0,False
b2c28,Batch 2,318.0,1.0444185,437.0,False
b2c28,Batch 2,320.0,1.0450538,437.0,False
b2c28,Batch 2,323.0,1.0414714,437.0,False
b2c28,Batch 2,325.0,1.0375433,437.0,False
b2c28,Batch 2,327.0,1.0370884,437.0,False
b2c28,Batch 2,329.0,1.0350732,437.0,False
b2c28,Batch 2,331.0,1.0369201,437.0,False
b2c28,Batch 2,333.0,1.0352867,437.0,False
b2c28,Batch 2,335.0,1.0317869,437.0,False
b2c28,Batch 2,337.0,1.0333349,437.0,False
b2c28,Batch 2,339.0,1.0310891,437.0,False
b2c28,Batch 2,341.0,1.0282428,437.0,False
b2c28,Batch 2,343.0,1.0270895,437.0,False
b2c28,Batch 2,345.0,1.0263292,437.0,False
b2c28,Batch 2,347.0,1.024419,437.0,False
b2c28,Batch 2,350.0,1.0187473,437.0,False
b2c28,Batch 2,352.0,1.017899,437.0,False
b2c28,Batch 2,354.0,1.0165188,437.0,False
b2c28,Batch 2,356.0,1.0143039,437.0,False
b2c28,Batch 2,358.0,1.0134226,437.0,False
b2c28,Batch 2,360.0,1.0128634,437.0,False
b2c28,Batch 2,362.0,1.0100975,437.0,False
b2c28,Batch 2,364.0,1.0086299,437.0,False
b2c28,Batch 2,366.0,1.0047983,437.0,False
b2c28,Batch 2,368.0,1.0045109,437.0,False
b2c28,Batch 2,370.0,1.0038025,437.0,False
b2c28,Batch 2,372.0,0.99997824,437.0,False
b2c28,Batch 2,374.0,0.99951375,437.0,False
b2c28,Batch 2,377.0,0.99437207,437.0,False
b2c28,Batch 2,379.0,0.99321717,437.0,False
b2c28,Batch 2,381.0,0.9906593,437.0,False
b2c28,Batch 2,383.0,0.98521757,437.0,False
b2c28,Batch 2,385.0,0.98409915,437.0,False
b2c28,Batch 2,387.0,0.97590685,437.0,False
b2c28,Batch 2,389.0,0.97522724,437.0,False
b2c28,Batch 2,391.0,0.9703505,437.0,False
b2c28,Batch 2,393.0,0.96952868,437.0,False
b2c28,Batch 2,395.0,0.96825856,437.0,False
b2c28,Batch 2,397.0,0.96454579,437.0,False
b2c28,Batch 2,399.0,0.95661163,437.0,False
b2c28,Batch 2,401.0,0.95550382,437.0,False
b2c28,Batch 2,404.0,0.9522649,437.0,False
b2c28,Batch 2,406.0,0.94668323,437.0,False
b2c28,Batch 2,408.0,0.94598424,437.0,False
b2c28,Batch 2,410.0,0.93925422,437.0,False
b2c28,Batch 2,412.0,0.93245435,437.0,False
b2c28,Batch 2,414.0,0.93159091,437.0,False
b2c28,Batch 2,416.0,0.92484927,437.0,False
b2c28,Batch 2,418.0,0.92010945,437.0,False
b2c28,Batch 2,420.0,0.91761923,437.0,False
b2c28,Batch 2,422.0,0.91380626,437.0,False
b2c28,Batch 2,424.0,0.90905607,437.0,False
b2c28,Batch 2,426.0,0.90289223,437.0,False
b2c28,Batch 2,428.0,0.89850748,437.0,False
b2c28,Batch 2,431.0,0.88817292,437.0,False
b2c28,Batch 2,433.0,0.88702685,437.0,False
b2c28,Batch 2,435.0,0.88177121,437.0,False
b2c28,Batch 2,437.0,0.87717742,437.0,False
b2c28,Batch 2,439.0,0.87335408,437.0,False
b2c28,Batch 2,441.0,0.86672354,437.0,False
b2c28,Batch 2,443.0,0.85868669,437.0,False
b2c28,Batch 2,445.0,0.85599351,437.0,False
b2c28,Batch 2,447.0,0.85164684,437.0,False
b2c28,Batch 2,449.0,0.84671366,437.0,False
b2c28,Batch 2,451.0,0.84070182,437.0,False
b2c28,Batch 2,453.0,0.83637589,437.0,False
b2c28,Batch 2,456.0,0.82741743,437.0,False
b2c29,Batch 2,1.0,1.1018348,452.0,False
b2c29,Batch 2,3.0,1.1035252,452.0,False
b2c29,Batch 2,5.0,1.1027535,452.0,False
b2c29,Batch 2,7.0,1.1044538,452.0,False
b2c29,Batch 2,9.0,1.1037036,452.0,False
b2c29,Batch 2,11.0,1.1056679,452.0,False
b2c29,Batch 2,13.0,1.1068796,452.0,False
b2c29,Batch 2,15.0,1.1066005,452.0,False
b2c29,Batch 2,18.0,1.1075176,452.0,False
b2c29,Batch 2,20.0,1.1071755,452.0,False
b2c29,Batch 2,22.0,1.1063024,452.0,False
b2c29,Batch 2,24.0,1.107412,452.0,False
b2c29,Batch 2,26.0,1.1083642,452.0,False
b2c29,Batch 2,28.0,1.108294,452.0,False
b2c29,Batch 2,30.0,1.1089954,452.0,False
b2c29,Batch 2,33.0,1.1083096,452.0,False
b2c29,Batch 2,35.0,1.1064273,452.0,False
b2c29,Batch 2,37.0,1.1098274,452.0,False
b2c29,Batch 2,39.0,1.1101791,452.0,False
b2c29,Batch 2,41.0,1.1109697,452.0,False
b2c29,Batch 2,43.0,1.1103506,452.0,False
b2c29,Batch 2,45.0,1.1098001,452.0,False
b2c29,Batch 2,48.0,1.1062931,452.0,False
b2c29,Batch 2,50.0,1.1075794,452.0,False
b2c29,Batch 2,52.0,1.1083454,452.0,False
b2c29,Batch 2,54.0,1.1088723,452.0,False
b2c29,Batch 2,56.0,1.1084884,452.0,False
b2c29,Batch 2,58.0,1.1098093,452.0,False
b2c29,Batch 2,60.0,1.1107107,452.0,False
b2c29,Batch 2,63.0,1.1111945,452.0,False
b2c29,Batch 2,65.0,1.1101469,452.0,False
b2c29,Batch 2,67.0,1.1110982,452.0,False
b2c29,Batch 2,69.0,1.1101969,452.0,False
b2c29,Batch 2,71.0,1.1123214,452.0,False
b2c29,Batch 2,73.0,1.1124516,452.0,False
b2c29,Batch 2,75.0,1.1127784,452.0,False
b2c29,Batch 2,78.0,1.1158,452.0,False
b2c29,Batch 2,80.0,1.1151431,452.0,False
b2c29,Batch 2,82.0,1.1144553,452.0,False
b2c29,Batch 2,84.0,1.1153805,452.0,False
b2c29,Batch 2,86.0,1.1147767,452.0,False
b2c29,Batch 2,88.0,1.1152713,452.0,False
b2c29,Batch 2,90.0,1.1154104,452.0,False
b2c29,Batch 2,93.0,1.1153998,452.0,False
b2c29,Batch 2,95.0,1.1142974,452.0,False
b2c29,Batch 2,97.0,1.1181728,452.0,False
b2c29,Batch 2,99.0,1.1155905,452.0,False
b2c29,Batch 2,101.0,1.1186894,452.0,False
b2c29,Batch 2,103.0,1.1172252,452.0,False
b2c29,Batch 2,105.0,1.1164243,452.0,False
b2c29,Batch 2,108.0,1.1168572,452.0,False
b2c29,Batch 2,110.0,1.116428,452.0,False
b2c29,Batch 2,112.0,1.1171641,452.0,False
b2c29,Batch 2,114.0,1.11724,452.0,False
b2c29,Batch 2,116.0,1.1166846,452.0,False
b2c29,Batch 2,118.0,1.1180468,452.0,False
b2c29,Batch 2,120.0,1.1191491,452.0,False
b2c29,Batch 2,123.0,1.117108,452.0,False
b2c29,Batch 2,125.0,1.1185271,452.0,False
b2c29,Batch 2,127.0,1.1171623,452.0,False
b2c29,Batch 2,129.0,1.1154288,452.0,False
b2c29,Batch 2,131.0,1.114226,452.0,False
b2c29,Batch 2,133.0,1.1174569,452.0,False
b2c29,Batch 2,135.0,1.1172994,452.0,False
b2c29,Batch 2,138.0,1.1189964,452.0,False
b2c29,Batch 2,140.0,1.1199573,452.0,False
b2c29,Batch 2,142.0,1.1205,452.0,False
b2c29,Batch 2,144.0,1.1202902,452.0,False
b2c29,Batch 2,146.0,1.1189991,452.0,False
b2c29,Batch 2,148.0,1.1192546,452.0,False
b2c29,Batch 2,150.0,1.1165972,452.0,False
b2c29,Batch 2,153.0,1.1193758,452.0,False
b2c29,Batch 2,155.0,1.1189648,452.0,False
b2c29,Batch 2,157.0,1.1196988,452.0,False
b2c29,Batch 2,159.0,1.120221,452.0,False
b2c29,Batch 2,161.0,1.1204293,452.0,False
b2c29,Batch 2,163.0,1.1207631,452.0,False
b2c29,Batch 2,165.0,1.1184359,452.0,False
b2c29,Batch 2,168.0,1.1191471,452.0,False
b2c29,Batch 2,170.0,1.1210933,452.0,False
b2c29,Batch 2,172.0,1.1194565,452.0,False
b2c29,Batch 2,174.0,1.1167524,452.0,False
b2c29,Batch 2,176.0,1.1190387,452.0,False
b2c29,Batch 2,178.0,1.1190538,452.0,False
b2c29,Batch 2,180.0,1.1204623,452.0,False
b2c29,Batch 2,183.0,1.1212287,452.0,False
b2c29,Batch 2,185.0,1.1189455,452.0,False
b2c29,Batch 2,187.0,1.1184361,452.0,False
b2c29,Batch 2,189.0,1.1196421,452.0,False
b2c29,Batch 2,191.0,1.1192018,452.0,False
b2c29,Batch 2,193.0,1.117631,452.0,False
b2c29,Batch 2,195.0,1.118399,452.0,False
b2c29,Batch 2,198.0,1.1167185,452.0,False
b2c29,Batch 2,200.0,1.118169,452.0,False
b2c29,Batch 2,202.0,1.1183817,452.0,False
b2c29,Batch 2,204.0,1.1192952,452.0,False
b2c29,Batch 2,206.0,1.1175176,452.0,False
b2c29,Batch 2,208.0,1.1178118,452.0,False
b2c29,Batch 2,210.0,1.1174024,452.0,False
b2c29,Batch 2,213.0,1.117348,452.0,False
b2c29,Batch 2,215.0,1.1165681,452.0,False
b2c29,Batch 2,217.0,1.1165985,452.0,False
b2c29,Batch 2,219.0,1.1173434,452.0,False
b2c29,Batch 2,221.0,1.1188439,452.0,False
b2c29,Batch 2,223.0,1.1151983,452.0,False
b2c29,Batch 2,225.0,1.1142132,452.0,False
b2c29,Batch 2,228.0,1.1111739,452.0,False
b2c29,Batch 2,230.0,1.112862,452.0,False
b2c29,Batch 2,232.0,1.1113304,452.0,False
b2c29,Batch 2,234.0,1.1122035,452.0,False
b2c29,Batch 2,236.0,1.1126586,452.0,False
b2c29,Batch 2,238.0,1.1130695,452.0,False
b2c29,Batch 2,240.0,1.1098365,452.0,False
b2c29,Batch 2,242.0,1.1127205,452.0,False
b2c29,Batch 2,245.0,1.1096339,452.0,False
b2c29,Batch 2,247.0,1.1114311,452.0,False
b2c29,Batch 2,249.0,1.1098025,452.0,False
b2c29,Batch 2,251.0,1.1085159,452.0,False
b2c29,Batch 2,253.0,1.1091678,452.0,False
b2c29,Batch 2,255.0,1.1129338,452.0,False
b2c29,Batch 2,257.0,1.1112574,452.0,False
b2c29,Batch 2,260.0,1.1099273,452.0,False
b2c29,Batch 2,262.0,1.1115891,452.0,False
b2c29,Batch 2,264.0,1.1105043,452.0,False
b2c29,Batch 2,266.0,1.1077887,452.0,False
b2c29,Batch 2,268.0,1.1090959,452.0,False
b2c29,Batch 2,270.0,1.1071494,452.0,False
b2c29,Batch 2,272.0,1.106935,452.0,False
b2c29,Batch 2,275.0,1.1067764,452.0,False
b2c29,Batch 2,277.0,1.1059941,452.0,False
b2c29,Batch 2,279.0,1.1047878,452.0,False
b2c29,Batch 2,281.0,1.1075627,452.0,False
b2c29,Batch 2,283.0,1.1066031,452.0,False
b2c29,Batch 2,285.0,1.1064289,452.0,False
b2c29,Batch 2,287.0,1.1060296,452.0,False
b2c29,Batch 2,290.0,1.1025702,452.0,False
b2c29,Batch 2,292.0,1.1042796,452.0,False
b2c29,Batch 2,294.0,1.101902,452.0,False
b2c29,Batch 2,296.0,1.1005172,452.0,False
b2c29,Batch 2,298.0,1.1002582,452.0,False
b2c29,Batch 2,300.0,1.1001427,452.0,False
b2c29,Batch 2,302.0,1.0986316,452.0,False
b2c29,Batch 2,305.0,1.0978048,452.0,False
b2c29,Batch 2,307.0,1.0941308,452.0,False
b2c29,Batch 2,309.0,1.0974073,452.0,False
b2c29,Batch 2,311.0,1.0969498,452.0,False
b2c29,Batch 2,313.0,1.0955883,452.0,False
b2c29,Batch 2,315.0,1.0966144,452.0,False
b2c29,Batch 2,317.0,1.0921381,452.0,False
b2c29,Batch 2,320.0,1.0887129,452.0,False
b2c29,Batch 2,322.0,1.0868173,452.0,False
b2c29,Batch 2,324.0,1.0864887,452.0,False
b2c29,Batch 2,326.0,1.0892332,452.0,False
b2c29,Batch 2,328.0,1.0866792,452.0,False
b2c29,Batch 2,330.0,1.0879257,452.0,False
b2c29,Batch 2,332.0,1.0839503,452.0,False
b2c29,Batch 2,335.0,1.0841833,452.0,False
b2c29,Batch 2,337.0,1.0816953,452.0,False
b2c29,Batch 2,339.0,1.0814395,452.0,False
b2c29,Batch 2,341.0,1.0787032,452.0,False
b2c29,Batch 2,343.0,1.0768144,452.0,False
b2c29,Batch 2,345.0,1.0744308,452.0,False
b2c29,Batch 2,347.0,1.0775267,452.0,False
b2c29,Batch 2,350.0,1.0735826,452.0,False
b2c29,Batch 2,352.0,1.0711086,452.0,False
b2c29,Batch 2,354.0,1.0702925,452.0,False
b2c29,Batch 2,356.0,1.0682647,452.0,False
b2c29,Batch 2,358.0,1.0640523,452.0,False
b2c29,Batch 2,360.0,1.0660808,452.0,False
b2c29,Batch 2,362.0,1.0616523,452.0,False
b2c29,Batch 2,365.0,1.0611149,452.0,False
b2c29,Batch 2,367.0,1.0577172,452.0,False
b2c29,Batch 2,369.0,1.0568491,452.0,False
b2c29,Batch 2,371.0,1.054376,452.0,False
b2c29,Batch 2,373.0,1.0501307,452.0,False
b2c29,Batch 2,375.0,1.0473675,452.0,False
b2c29,Batch 2,377.0,1.0416226,452.0,False
b2c29,Batch 2,380.0,1.0406213,452.0,False
b2c29,Batch 2,382.0,1.035725,452.0,False
b2c29,Batch 2,384.0,1.0350968,452.0,False
b2c29,Batch 2,386.0,1.0329884,452.0,False
b2c29,Batch 2,388.0,1.0287188,452.0,False
b2c29,Batch 2,390.0,1.0243652,452.0,False
b2c29,Batch 2,392.0,1.0205512,452.0,False
b2c29,Batch 2,395.0,1.019503,452.0,False
b2c29,Batch 2,397.0,1.0140723,452.0,False
b2c29,Batch 2,399.0,1.0126865,452.0,False
b2c29,Batch 2,401.0,1.0063167,452.0,False
b2c29,Batch 2,403.0,1.001953,452.0,False
b2c29,Batch 2,405.0,0.99760449,452.0,False
b2c29,Batch 2,407.0,0.99463892,452.0,False
b2c29,Batch 2,410.0,0.9867686,452.0,False
b2c29,Batch 2,412.0,0.98123628,452.0,False
b2c29,Batch 2,414.0,0.97674704,452.0,False
b2c29,Batch 2,416.0,0.97629315,452.0,False
b2c29,Batch 2,418.0,0.97045529,452.0,False
b2c29,Batch 2,420.0,0.96512371,452.0,False
b2c29,Batch 2,422.0,0.9589293,452.0,False
b2c29,Batch 2,425.0,0.95155561,452.0,False
b2c29,Batch 2,427.0,0.94665444,452.0,False
b2c29,Batch 2,429.0,0.94419599,452.0,False
b2c29,Batch 2,431.0,0.93859577,452.0,False
b2c29,Batch 2,433.0,0.93285453,452.0,False
b2c29,Batch 2,435.0,0.92887455,452.0,False
b2c29,Batch 2,437.0,0.91956979,452.0,False
b2c29,Batch 2,440.0,0.91363215,452.0,False
b2c29,Batch 2,442.0,0.90654212,452.0,False
b2c29,Batch 2,444.0,0.90071082,452.0,False
b2c29,Batch 2,446.0,0.8955645,452.0,False
b2c29,Batch 2,448.0,0.88863945,452.0,False
b2c29,Batch 2,450.0,0.88541383,452.0,False
b2c29,Batch 2,452.0,0.87586135,452.0,False
b2c29,Batch 2,455.0,0.87047023,452.0,False
b2c29,Batch 2,457.0,0.86329442,452.0,False
b2c29,Batch 2,459.0,0.85955143,452.0,False
b2c29,Batch 2,461.0,0.85436952,452.0,False
b2c29,Batch 2,463.0,0.84740514,452.0,False
b2c29,Batch 2,465.0,0.83657026,452.0,False
b2c29,Batch 2,467.0,0.83164561,452.0,False
b2c29,Batch 2,470.0,0.82541627,452.0,False
b2c30,Batch 2,1.0,1.0946058,412.0,False
b2c30,Batch 2,2.0,1.0946374,412.0,False
b2c30,Batch 2,4.0,1.0950533,412.0,False
b2c30,Batch 2,6.0,1.0947011,412.0,False
b2c30,Batch 2,8.0,1.0982414,412.0,False
b2c30,Batch 2,10.0,1.0984639,412.0,False
b2c30,Batch 2,12.0,1.0973027,412.0,False
b2c30,Batch 2,14.0,1.0982476,412.0,False
b2c30,Batch 2,16.0,1.0970764,412.0,False
b2c30,Batch 2,18.0,1.0953082,412.0,False
b2c30,Batch 2,20.0,1.0953571,412.0,False
b2c30,Batch 2,22.0,1.0947342,412.0,False
b2c30,Batch 2,24.0,1.0969055,412.0,False
b2c30,Batch 2,26.0,1.0962615,412.0,False
b2c30,Batch 2,28.0,1.096321,412.0,False
b2c30,Batch 2,30.0,1.0940311,412.0,False
b2c30,Batch 2,32.0,1.0957395,412.0,False
b2c30,Batch 2,34.0,1.0950471,412.0,False
b2c30,Batch 2,36.0,1.094592,412.0,False
b2c30,Batch 2,38.0,1.0962303,412.0,False
b2c30,Batch 2,40.0,1.09422,412.0,False
b2c30,Batch 2,42.0,1.0943029,412.0,False
b2c30,Batch 2,43.0,1.0950549,412.0,False
b2c30,Batch 2,45.0,1.0951548,412.0,False
b2c30,Batch 2,47.0,1.0944732,412.0,False
b2c30,Batch 2,49.0,1.0945542,412.0,False
b2c30,Batch 2,51.0,1.0960521,412.0,False
b2c30,Batch 2,53.0,1.0843079,412.0,False
b2c30,Batch 2,55.0,1.0887929,412.0,False
b2c30,Batch 2,57.0,1.0890985,412.0,False
b2c30,Batch 2,59.0,1.0875216,412.0,False
b2c30,Batch 2,61.0,1.0899178,412.0,False
b2c30,Batch 2,63.0,1.0906367,412.0,False
b2c30,Batch 2,65.0,1.0878758,412.0,False
b2c30,Batch 2,67.0,1.089833,412.0,False
b2c30,Batch 2,69.0,1.0898182,412.0,False
b2c30,Batch 2,71.0,1.0889658,412.0,False
b2c30,Batch 2,73.0,1.0896624,412.0,False
b2c30,Batch 2,75.0,1.0898851,412.0,False
b2c30,Batch 2,77.0,1.0909957,412.0,False
b2c30,Batch 2,79.0,1.0905527,412.0,False
b2c30,Batch 2,81.0,1.0925313,412.0,False
b2c30,Batch 2,83.0,1.0922421,412.0,False
b2c30,Batch 2,85.0,1.0911602,412.0,False
b2c30,Batch 2,86.0,1.0910331,412.0,False
b2c30,Batch 2,88.0,1.0922651,412.0,False
b2c30,Batch 2,90.0,1.0919193,412.0,False
b2c30,Batch 2,92.0,1.0913235,412.0,False
b2c30,Batch 2,94.0,1.0916312,412.0,False
b2c30,Batch 2,96.0,1.0885112,412.0,False
b2c30,Batch 2,98.0,1.0890605,412.0,False
b2c30,Batch 2,100.0,1.092545,412.0,False
b2c30,Batch 2,102.0,1.0909277,412.0,False
b2c30,Batch 2,104.0,1.0920107,412.0,False
b2c30,Batch 2,106.0,1.0908324,412.0,False
b2c30,Batch 2,108.0,1.0890628,412.0,False
b2c30,Batch 2,110.0,1.092255,412.0,False
b2c30,Batch 2,112.0,1.0916524,412.0,False
b2c30,Batch 2,114.0,1.0925704,412.0,False
b2c30,Batch 2,116.0,1.091163,412.0,False
b2c30,Batch 2,118.0,1.0902375,412.0,False
b2c30,Batch 2,120.0,1.0912784,412.0,False
b2c30,Batch 2,122.0,1.0887856,412.0,False
b2c30,Batch 2,124.0,1.0898722,412.0,False
b2c30,Batch 2,126.0,1.0876149,412.0,False
b2c30,Batch 2,128.0,1.0886261,412.0,False
b2c30,Batch 2,129.0,1.0897788,412.0,False
b2c30,Batch 2,131.0,1.0900996,412.0,False
b2c30,Batch 2,133.0,1.0880226,412.0,False
b2c30,Batch 2,135.0,1.0905411,412.0,False
b2c30,Batch 2,137.0,1.0882244,412.0,False
b2c30,Batch 2,139.0,1.0854412,412.0,False
b2c30,Batch 2,141.0,1.0859771,412.0,False
b2c30,Batch 2,143.0,1.0845587,412.0,False
b2c30,Batch 2,145.0,1.084806,412.0,False
b2c30,Batch 2,147.0,1.0858976,412.0,False
b2c30,Batch 2,149.0,1.0751698,412.0,False
b2c30,Batch 2,151.0,1.0803096,412.0,False
b2c30,Batch 2,153.0,1.0787419,412.0,False
b2c30,Batch 2,155.0,1.0782052,412.0,False
b2c30,Batch 2,157.0,1.0797386,412.0,False
b2c30,Batch 2,159.0,1.0782372,412.0,False
b2c30,Batch 2,161.0,1.0790179,412.0,False
b2c30,Batch 2,163.0,1.0787437,412.0,False
b2c30,Batch 2,165.0,1.081892,412.0,False
b2c30,Batch 2,167.0,1.0808642,412.0,False
b2c30,Batch 2,169.0,1.0792533,412.0,False
b2c30,Batch 2,171.0,1.0801789,412.0,False
b2c30,Batch 2,172.0,1.0780926,412.0,False
b2c30,Batch 2,174.0,1.0802933,412.0,False
b2c30,Batch 2,176.0,1.0798993,412.0,False
b2c30,Batch 2,178.0,1.0821881,412.0,False
b2c30,Batch 2,180.0,1.0784693,412.0,False
b2c30,Batch 2,182.0,1.0795382,412.0,False
b2c30,Batch 2,184.0,1.0804627,412.0,False
b2c30,Batch 2,186.0,1.0799408,412.0,False
b2c30,Batch 2,188.0,1.0782009,412.0,False
b2c30,Batch 2,190.0,1.0767989,412.0,False
b2c30,Batch 2,192.0,1.0789104,412.0,False
b2c30,Batch 2,194.0,1.0771984,412.0,False
b2c30,Batch 2,196.0,1.0784259,412.0,False
b2c30,Batch 2,198.0,1.0749742,412.0,False
b2c30,Batch 2,200.0,1.0760906,412.0,False
b2c30,Batch 2,202.0,1.076075,412.0,False
b2c30,Batch 2,204.0,1.0760603,412.0,False
b2c30,Batch 2,206.0,1.0734448,412.0,False
b2c30,Batch 2,208.0,1.0745784,412.0,False
b2c30,Batch 2,210.0,1.0749403,412.0,False
b2c30,Batch 2,212.0,1.0769935,412.0,False
b2c30,Batch 2,214.0,1.0760931,412.0,False
b2c30,Batch 2,215.0,1.076154,412.0,False
b2c30,Batch 2,217.0,1.078588,412.0,False
b2c30,Batch 2,219.0,1.0756158,412.0,False
b2c30,Batch 2,221.0,1.0767857,412.0,False
b2c30,Batch 2,223.0,1.0729454,412.0,False
b2c30,Batch 2,225.0,1.0745993,412.0,False
b2c30,Batch 2,227.0,1.0713038,412.0,False
b2c30,Batch 2,229.0,1.0713508,412.0,False
b2c30,Batch 2,231.0,1.0695142,412.0,False
b2c30,Batch 2,233.0,1.0696845,412.0,False
b2c30,Batch 2,235.0,1.0686636,412.0,False
b2c30,Batch 2,237.0,1.0688666,412.0,False
b2c30,Batch 2,239.0,1.070496,412.0,False
b2c30,Batch 2,241.0,1.0696856,412.0,False
b2c30,Batch 2,243.0,1.0701412,412.0,False
b2c30,Batch 2,245.0,1.0714,412.0,False
b2c30,Batch 2,247.0,1.0676811,412.0,False
b2c30,Batch 2,249.0,1.0679122,412.0,False
b2c30,Batch 2,251.0,1.0675449,412.0,False
b2c30,Batch 2,253.0,1.0642904,412.0,False
b2c30,Batch 2,255.0,1.0644468,412.0,False
b2c30,Batch 2,257.0,1.0650485,412.0,False
b2c30,Batch 2,258.0,1.0614793,412.0,False
b2c30,Batch 2,260.0,1.062673,412.0,False
b2c30,Batch 2,262.0,1.0608341,412.0,False
b2c30,Batch 2,264.0,1.0604666,412.0,False
b2c30,Batch 2,266.0,1.0602154,412.0,False
b2c30,Batch 2,268.0,1.0578773,412.0,False
b2c30,Batch 2,270.0,1.0564586,412.0,False
b2c30,Batch 2,272.0,1.0555804,412.0,False
b2c30,Batch 2,274.0,1.0531195,412.0,False
b2c30,Batch 2,276.0,1.054834,412.0,False
b2c30,Batch 2,278.0,1.0532503,412.0,False
b2c30,Batch 2,280.0,1.0524588,412.0,False
b2c30,Batch 2,282.0,1.0524588,412.0,False
b2c30,Batch 2,284.0,1.0464556,412.0,False
b2c30,Batch 2,286.0,1.0495729,412.0,False
b2c30,Batch 2,288.0,1.0467355,412.0,False
b2c30,Batch 2,290.0,1.0446699,412.0,False
b2c30,Batch 2,292.0,1.0459222,412.0,False
b2c30,Batch 2,294.0,1.0478386,412.0,False
b2c30,Batch 2,296.0,1.0431195,412.0,False
b2c30,Batch 2,298.0,1.0434811,412.0,False
b2c30,Batch 2,300.0,1.0433856,412.0,False
b2c30,Batch 2,301.0,1.0424054,412.0,False
b2c30,Batch 2,303.0,1.039814,412.0,False
b2c30,Batch 2,305.0,1.0399328,412.0,False
b2c30,Batch 2,307.0,1.037263,412.0,False
b2c30,Batch 2,309.0,1.034927,412.0,False
b2c30,Batch 2,311.0,1.0321425,412.0,False
b2c30,Batch 2,313.0,1.0320922,412.0,False
b2c30,Batch 2,315.0,1.0295537,412.0,False
b2c30,Batch 2,317.0,1.0275087,412.0,False
b2c30,Batch 2,319.0,1.0278839,412.0,False
b2c30,Batch 2,321.0,1.0269201,412.0,False
b2c30,Batch 2,323.0,1.0262408,412.0,False
b2c30,Batch 2,325.0,1.0247756,412.0,False
b2c30,Batch 2,327.0,1.019244,412.0,False
b2c30,Batch 2,329.0,1.0224681,412.0,False
b2c30,Batch 2,331.0,1.0206381,412.0,False
b2c30,Batch 2,333.0,1.018235,412.0,False
b2c30,Batch 2,335.0,1.0171206,412.0,False
b2c30,Batch 2,337.0,1.0158148,412.0,False
b2c30,Batch 2,339.0,1.0152042,412.0,False
b2c30,Batch 2,341.0,1.0118827,412.0,False
b2c30,Batch 2,343.0,1.0113206,412.0,False
b2c30,Batch 2,344.0,1.0085684,412.0,False
b2c30,Batch 2,346.0,1.0081159,412.0,False
b2c30,Batch 2,348.0,1.0037915,412.0,False
b2c30,Batch 2,350.0,1.0021665,412.0,False
b2c30,Batch 2,352.0,0.99682641,412.0,False
b2c30,Batch 2,354.0,0.99798477,412.0,False
b2c30,Batch 2,356.0,0.99511105,412.0,False
b2c30,Batch 2,358.0,0.99293864,412.0,False
b2c30,Batch 2,360.0,0.9880681,412.0,False
b2c30,Batch 2,362.0,0.98694474,412.0,False
b2c30,Batch 2,364.0,0.98883349,412.0,False
b2c30,Batch 2,366.0,0.98603654,412.0,False
b2c30,Batch 2,368.0,0.98070538,412.0,False
b2c30,Batch 2,370.0,0.98005474,412.0,False
b2c30,Batch 2,372.0,0.97612274,412.0,False
b2c30,Batch 2,374.0,0.97257161,412.0,False
b2c30,Batch 2,376.0,0.97001034,412.0,False
b2c30,Batch 2,378.0,0.96550298,412.0,False
b2c30,Batch 2,380.0,0.96071488,412.0,False
b2c30,Batch 2,382.0,0.95850289,412.0,False
b2c30,Batch 2,384.0,0.95510888,412.0,False
b2c30,Batch 2,386.0,0.9515714,412.0,False
b2c30,Batch 2,387.0,0.95089489,412.0,False
b2c30,Batch 2,389.0,0.9480173,412.0,False
b2c30,Batch 2,391.0,0.9420042,412.0,False
b2c30,Batch 2,393.0,0.93761402,412.0,False
b2c30,Batch 2,395.0,0.93255526,412.0,False
b2c30,Batch 2,397.0,0.92745918,412.0,False
b2c30,Batch 2,399.0,0.92252535,412.0,False
b2c30,Batch 2,401.0,0.91689497,412.0,False
b2c30,Batch 2,403.0,0.90910083,412.0,False
b2c30,Batch 2,405.0,0.90011203,412.0,False
b2c30,Batch 2,407.0,0.89392489,412.0,False
b2c30,Batch 2,409.0,0.89163178,412.0,False
b2c30,Batch 2,411.0,0.88595706,412.0,False
b2c30,Batch 2,413.0,0.8801018,412.0,False
b2c30,Batch 2,415.0,0.87162644,412.0,False
b2c30,Batch 2,417.0,0.86255157,412.0,False
b2c30,Batch 2,419.0,0.85800278,412.0,False
b2c30,Batch 2,421.0,0.85228097,412.0,False
b2c30,Batch 2,423.0,0.84730244,412.0,False
b2c30,Batch 2,425.0,0.84018499,412.0,False
b2c30,Batch 2,427.0,0.83367395,412.0,False
b2c30,Batch 2,429.0,0.82665932,412.0,False
b2c31,Batch 2,1.0,1.0979669,425.0,False
b2c31,Batch 2,3.0,1.0990947,425.0,False
b2c31,Batch 2,5.0,1.0977141,425.0,False
b2c31,Batch 2,7.0,1.099452,425.0,False
b2c31,Batch 2,9.0,1.1003547,425.0,False
b2c31,Batch 2,11.0,1.0984659,425.0,False
b2c31,Batch 2,13.0,1.0994015,425.0,False
b2c31,Batch 2,15.0,1.0997987,425.0,False
b2c31,Batch 2,17.0,1.0994197,425.0,False
b2c31,Batch 2,19.0,1.0986947,425.0,False
b2c31,Batch 2,21.0,1.0978867,425.0,False
b2c31,Batch 2,23.0,1.09843,425.0,False
b2c31,Batch 2,25.0,1.0984737,425.0,False
b2c31,Batch 2,27.0,1.0989217,425.0,False
b2c31,Batch 2,29.0,1.0976177,425.0,False
b2c31,Batch 2,31.0,1.0976735,425.0,False
b2c31,Batch 2,33.0,1.0994763,425.0,False
b2c31,Batch 2,35.0,1.0980144,425.0,False
b2c31,Batch 2,37.0,1.0973519,425.0,False
b2c31,Batch 2,39.0,1.0956696,425.0,False
b2c31,Batch 2,41.0,1.0985556,425.0,False
b2c31,Batch 2,43.0,1.097754,425.0,False
b2c31,Batch 2,45.0,1.0986571,425.0,False
b2c31,Batch 2,47.0,1.0984026,425.0,False
b2c31,Batch 2,49.0,1.0981714,425.0,False
b2c31,Batch 2,51.0,1.0990112,425.0,False
b2c31,Batch 2,53.0,1.1016773,425.0,False
b2c31,Batch 2,55.0,1.1012732,425.0,False
b2c31,Batch 2,57.0,1.101916,425.0,False
b2c31,Batch 2,59.0,1.1023382,425.0,False
b2c31,Batch 2,61.0,1.1027592,425.0,False
b2c31,Batch 2,63.0,1.099862,425.0,False
b2c31,Batch 2,66.0,1.1021044,425.0,False
b2c31,Batch 2,68.0,1.1028194,425.0,False
b2c31,Batch 2,70.0,1.1019578,425.0,False
b2c31,Batch 2,72.0,1.101663,425.0,False
b2c31,Batch 2,74.0,1.0993069,425.0,False
b2c31,Batch 2,76.0,1.1010752,425.0,False
b2c31,Batch 2,78.0,1.1022574,425.0,False
b2c31,Batch 2,80.0,1.1006758,425.0,False
b2c31,Batch 2,82.0,1.1004589,425.0,False
b2c31,Batch 2,84.0,1.1008241,425.0,False
b2c31,Batch 2,86.0,1.0987974,425.0,False
b2c31,Batch 2,88.0,1.0993198,425.0,False
b2c31,Batch 2,90.0,1.0992333,425.0,False
b2c31,Batch 2,92.0,1.1020318,425.0,False
b2c31,Batch 2,94.0,1.1010679,425.0,False
b2c31,Batch 2,96.0,1.1030833,425.0,False
b2c31,Batch 2,98.0,1.1010823,425.0,False
b2c31,Batch 2,100.0,1.1006228,425.0,False
b2c31,Batch 2,102.0,1.1017852,425.0,False
b2c31,Batch 2,104.0,1.1005244,425.0,False
b2c31,Batch 2,106.0,1.1008782,425.0,False
b2c31,Batch 2,108.0,1.1000594,425.0,False
b2c31,Batch 2,110.0,1.0994544,425.0,False
b2c31,Batch 2,112.0,1.0995414,425.0,False
b2c31,Batch 2,114.0,1.0993675,425.0,False
b2c31,Batch 2,116.0,1.0997567,425.0,False
b2c31,Batch 2,118.0,1.0988238,425.0,False
b2c31,Batch 2,120.0,1.0987444,425.0,False
b2c31,Batch 2,122.0,1.1014829,425.0,False
b2c31,Batch 2,124.0,1.0996722,425.0,False
b2c31,Batch 2,126.0,1.0994833,425.0,False
b2c31,Batch 2,129.0,1.0996587,425.0,False
b2c31,Batch 2,131.0,1.0982472,425.0,False
b2c31,Batch 2,133.0,1.097476,425.0,False
b2c31,Batch 2,135.0,1.0967681,425.0,False
b2c31,Batch 2,137.0,1.0984753,425.0,False
b2c31,Batch 2,139.0,1.0991683,425.0,False
b2c31,Batch 2,141.0,1.0973477,425.0,False
b2c31,Batch 2,143.0,1.095329,425.0,False
b2c31,Batch 2,145.0,1.0943149,425.0,False
b2c31,Batch 2,147.0,1.0953944,425.0,False
b2c31,Batch 2,149.0,1.0972217,425.0,False
b2c31,Batch 2,151.0,1.0962628,425.0,False
b2c31,Batch 2,153.0,1.0959398,425.0,False
b2c31,Batch 2,155.0,1.0938628,425.0,False
b2c31,Batch 2,157.0,1.0956032,425.0,False
b2c31,Batch 2,159.0,1.0942552,425.0,False
b2c31,Batch 2,161.0,1.0897212,425.0,False
b2c31,Batch 2,163.0,1.0937436,425.0,False
b2c31,Batch 2,165.0,1.0923784,425.0,False
b2c31,Batch 2,167.0,1.0938725,425.0,False
b2c31,Batch 2,169.0,1.0919873,425.0,False
b2c31,Batch 2,171.0,1.0930544,425.0,False
b2c31,Batch 2,173.0,1.0913284,425.0,False
b2c31,Batch 2,175.0,1.0911332,425.0,False
b2c31,Batch 2,177.0,1.0893724,425.0,False
b2c31,Batch 2,179.0,1.0906303,425.0,False
b2c31,Batch 2,181.0,1.0895693,425.0,False
b2c31,Batch 2,183.0,1.0879771,425.0,False
b2c31,Batch 2,185.0,1.0863822,425.0,False
b2c31,Batch 2,187.0,1.0891882,425.0,False
b2c31,Batch 2,189.0,1.0884825,425.0,False
b2c31,Batch 2,192.0,1.0885624,425.0,False
b2c31,Batch 2,194.0,1.0857575,425.0,False
b2c31,Batch 2,196.0,1.0839128,425.0,False
b2c31,Batch 2,198.0,1.0841832,425.0,False
b2c31,Batch 2,200.0,1.0855674,425.0,False
b2c31,Batch 2,202.0,1.0823745,425.0,False
b2c31,Batch 2,204.0,1.0838923,425.0,False
b2c31,Batch 2,206.0,1.0832243,425.0,False
b2c31,Batch 2,208.0,1.0837392,425.0,False
b2c31,Batch 2,210.0,1.0798452,425.0,False
b2c31,Batch 2,212.0,1.0814633,425.0,False
b2c31,Batch 2,214.0,1.0817095,425.0,False
b2c31,Batch 2,216.0,1.0800496,425.0,False
b2c31,Batch 2,218.0,1.0773408,425.0,False
b2c31,Batch 2,220.0,1.0789651,425.0,False
b2c31,Batch 2,222.0,1.0755935,425.0,False
b2c31,Batch 2,224.0,1.0769982,425.0,False
b2c31,Batch 2,226.0,1.076413,425.0,False
b2c31,Batch 2,228.0,1.0754168,425.0,False
b2c31,Batch 2,230.0,1.0770661,425.0,False
b2c31,Batch 2,232.0,1.0761156,425.0,False
b2c31,Batch 2,234.0,1.0751302,425.0,False
b2c31,Batch 2,236.0,1.0735962,425.0,False
b2c31,Batch 2,238.0,1.0730618,425.0,False
b2c31,Batch 2,240.0,1.072594,425.0,False
b2c31,Batch 2,242.0,1.0708612,425.0,False
b2c31,Batch 2,244.0,1.0710126,425.0,False
b2c31,Batch 2,246.0,1.068768,425.0,False
b2c31,Batch 2,248.0,1.0688287,425.0,False
b2c31,Batch 2,250.0,1.0677985,425.0,False
b2c31,Batch 2,252.0,1.0646871,425.0,False
b2c31,Batch 2,254.0,1.0658144,425.0,False
b2c31,Batch 2,257.0,1.0648239,425.0,False
b2c31,Batch 2,259.0,1.0654258,425.0,False
b2c31,Batch 2,261.0,1.0617797,425.0,False
b2c31,Batch 2,263.0,1.0610502,425.0,False
b2c31,Batch 2,265.0,1.0620072,425.0,False
b2c31,Batch 2,267.0,1.0616224,425.0,False
b2c31,Batch 2,269.0,1.0586642,425.0,False
b2c31,Batch 2,271.0,1.0589391,425.0,False
b2c31,Batch 2,273.0,1.0557386,425.0,False
b2c31,Batch 2,275.0,1.0583515,425.0,False
b2c31,Batch 2,277.0,1.0553004,425.0,False
b2c31,Batch 2,279.0,1.0551717,425.0,False
b2c31,Batch 2,281.0,1.055024,425.0,False
b2c31,Batch 2,283.0,1.0528876,425.0,False
b2c31,Batch 2,285.0,1.0523483,425.0,False
b2c31,Batch 2,287.0,1.0505508,425.0,False
b2c31,Batch 2,289.0,1.049859,425.0,False
b2c31,Batch 2,291.0,1.0512238,425.0,False
b2c31,Batch 2,293.0,1.0489014,425.0,False
b2c31,Batch 2,295.0,1.0471331,425.0,False
b2c31,Batch 2,297.0,1.0471365,425.0,False
b2c31,Batch 2,299.0,1.0451596,425.0,False
b2c31,Batch 2,301.0,1.0448641,425.0,False
b2c31,Batch 2,303.0,1.0441436,425.0,False
b2c31,Batch 2,305.0,1.0431113,425.0,False
b2c31,Batch 2,307.0,1.0389854,425.0,False
b2c31,Batch 2,309.0,1.0385234,425.0,False
b2c31,Batch 2,311.0,1.0355244,425.0,False
b2c31,Batch 2,313.0,1.0354968,425.0,False
b2c31,Batch 2,315.0,1.0362253,425.0,False
b2c31,Batch 2,317.0,1.0360538,425.0,False
b2c31,Batch 2,320.0,1.0321709,425.0,False
b2c31,Batch 2,322.0,1.0310059,425.0,False
b2c31,Batch 2,324.0,1.0304068,425.0,False
b2c31,Batch 2,326.0,1.0267624,425.0,False
b2c31,Batch 2,328.0,1.0270493,425.0,False
b2c31,Batch 2,330.0,1.026366,425.0,False
b2c31,Batch 2,332.0,1.0240608,425.0,False
b2c31,Batch 2,334.0,1.0227629,425.0,False
b2c31,Batch 2,336.0,1.0215387,425.0,False
b2c31,Batch 2,338.0,1.019569,425.0,False
b2c31,Batch 2,340.0,1.0188851,425.0,False
b2c31,Batch 2,342.0,1.0107017,425.0,False
b2c31,Batch 2,344.0,1.0155531,425.0,False
b2c31,Batch 2,346.0,1.0140936,425.0,False
b2c31,Batch 2,348.0,1.0121454,425.0,False
b2c31,Batch 2,350.0,1.0096908,425.0,False
b2c31,Batch 2,352.0,1.0074069,425.0,False
b2c31,Batch 2,354.0,1.0026094,425.0,False
b2c31,Batch 2,356.0,1.0048698,425.0,False
b2c31,Batch 2,358.0,1.002791,425.0,False
b2c31,Batch 2,360.0,0.99875057,425.0,False
b2c31,Batch 2,362.0,0.99929988,425.0,False
b2c31,Batch 2,364.0,0.99807674,425.0,False
b2c31,Batch 2,366.0,0.9929297,425.0,False
b2c31,Batch 2,368.0,0.99125731,425.0,False
b2c31,Batch 2,370.0,0.98913896,425.0,False
b2c31,Batch 2,372.0,0.98715395,425.0,False
b2c31,Batch 2,374.0,0.98393768,425.0,False
b2c31,Batch 2,376.0,0.97934121,425.0,False
b2c31,Batch 2,378.0,0.97868496,425.0,False
b2c31,Batch 2,380.0,0.97606534,425.0,False
b2c31,Batch 2,383.0,0.97429144,425.0,False
b2c31,Batch 2,385.0,0.96952379,425.0,False
b2c31,Batch 2,387.0,0.96781635,425.0,False
b2c31,Batch 2,389.0,0.96215332,425.0,False
b2c31,Batch 2,391.0,0.95542073,425.0,False
b2c31,Batch 2,393.0,0.95538819,425.0,False
b2c31,Batch 2,395.0,0.95060802,425.0,False
b2c31,Batch 2,397.0,0.94827378,425.0,False
b2c31,Batch 2,399.0,0.94347203,425.0,False
b2c31,Batch 2,401.0,0.94253546,425.0,False
b2c31,Batch 2,403.0,0.93643934,425.0,False
b2c31,Batch 2,405.0,0.93007004,425.0,False
b2c31,Batch 2,407.0,0.92592919,425.0,False
b2c31,Batch 2,409.0,0.92227674,425.0,False
b2c31,Batch 2,411.0,0.91723311,425.0,False
b2c31,Batch 2,413.0,0.91220093,425.0,False
b2c31,Batch 2,415.0,0.90638232,425.0,False
b2c31,Batch 2,417.0,0.90064019,425.0,False
b2c31,Batch 2,419.0,0.89675868,425.0,False
b2c31,Batch 2,421.0,0.89118588,425.0,False
b2c31,Batch 2,423.0,0.88418061,425.0,False
b2c31,Batch 2,425.0,0.87928772,425.0,False
b2c31,Batch 2,427.0,0.87539566,425.0,False
b2c31,Batch 2,429.0,0.86885393,425.0,False
b2c31,Batch 2,431.0,0.86239344,425.0,False
b2c31,Batch 2,433.0,0.858652,425.0,False
b2c31,Batch 2,435.0,0.8530426,425.0,False
b2c31,Batch 2,437.0,0.8491475,425.0,False
b2c31,Batch 2,439.0,0.84388834,425.0,False
b2c31,Batch 2,441.0,0.83907181,425.0,False
b2c31,Batch 2,443.0,0.83330786,425.0,False
b2c31,Batch 2,446.0,0.82528561,425.0,False
b2c32,Batch 2,1.0,1.0884297,809.0,False
b2c32,Batch 2,4.0,1.0897303,809.0,False
b2c32,Batch 2,8.0,1.0880455,809.0,False
b2c32,Batch 2,12.0,1.0911729,809.0,False
b2c32,Batch 2,16.0,1.0924315,809.0,False
b2c32,Batch 2,20.0,1.0924928,809.0,False
b2c32,Batch 2,23.0,1.0915267,809.0,False
b2c32,Batch 2,27.0,1.0926473,809.0,False
b2c32,Batch 2,31.0,1.0908109,809.0,False
b2c32,Batch 2,35.0,1.0927454,809.0,False
b2c32,Batch 2,39.0,1.0922167,809.0,False
b2c32,Batch 2,42.0,1.0914332,809.0,False
b2c32,Batch 2,46.0,1.0931969,809.0,False
b2c32,Batch 2,50.0,1.0924355,809.0,False
b2c32,Batch 2,54.0,1.0927665,809.0,False
b2c32,Batch 2,58.0,1.0923259,809.0,False
b2c32,Batch 2,61.0,1.0923904,809.0,False
b2c32,Batch 2,65.0,1.0920277,809.0,False
b2c32,Batch 2,69.0,1.0918859,809.0,False
b2c32,Batch 2,73.0,1.0803255,809.0,False
b2c32,Batch 2,77.0,1.085838,809.0,False
b2c32,Batch 2,80.0,1.087411,809.0,False
b2c32,Batch 2,84.0,1.0868549,809.0,False
b2c32,Batch 2,88.0,1.0877503,809.0,False
b2c32,Batch 2,92.0,1.0877174,809.0,False
b2c32,Batch 2,96.0,1.0886441,809.0,False
b2c32,Batch 2,99.0,1.0882854,809.0,False
b2c32,Batch 2,103.0,1.0885049,809.0,False
b2c32,Batch 2,107.0,1.0874211,809.0,False
b2c32,Batch 2,111.0,1.09051,809.0,False
b2c32,Batch 2,115.0,1.0897483,809.0,False
b2c32,Batch 2,118.0,1.090045,809.0,False
b2c32,Batch 2,122.0,1.0884603,809.0,False
b2c32,Batch 2,126.0,1.0900757,809.0,False
b2c32,Batch 2,130.0,1.0889825,809.0,False
b2c32,Batch 2,134.0,1.0884863,809.0,False
b2c32,Batch 2,137.0,1.089285,809.0,False
b2c32,Batch 2,141.0,1.087925,809.0,False
b2c32,Batch 2,145.0,1.0868955,809.0,False
b2c32,Batch 2,149.0,1.0906674,809.0,False
b2c32,Batch 2,153.0,1.0882386,809.0,False
b2c32,Batch 2,156.0,1.0875274,809.0,False
b2c32,Batch 2,160.0,1.0898597,809.0,False
b2c32,Batch 2,164.0,1.0880444,809.0,False
b2c32,Batch 2,168.0,1.0887507,809.0,False
b2c32,Batch 2,172.0,1.0881356,809.0,False
b2c32,Batch 2,175.0,1.0890023,809.0,False
b2c32,Batch 2,179.0,1.0868948,809.0,False
b2c32,Batch 2,183.0,1.0880747,809.0,False
b2c32,Batch 2,187.0,1.086149,809.0,False
b2c32,Batch 2,191.0,1.0862764,809.0,False
b2c32,Batch 2,194.0,1.0870652,809.0,False
b2c32,Batch 2,198.0,1.0852693,809.0,False
b2c32,Batch 2,202.0,1.082199,809.0,False
b2c32,Batch 2,206.0,1.0884075,809.0,False
b2c32,Batch 2,210.0,1.0876174,809.0,False
b2c32,Batch 2,214.0,1.086081,809.0,False
b2c32,Batch 2,217.0,1.0876927,809.0,False
b2c32,Batch 2,221.0,1.0872315,809.0,False
b2c32,Batch 2,225.0,1.0843132,809.0,False
b2c32,Batch 2,229.0,1.0850378,809.0,False
b2c32,Batch 2,233.0,1.0856264,809.0,False
b2c32,Batch 2,236.0,1.0862893,809.0,False
b2c32,Batch 2,240.0,1.0861504,809.0,False
b2c32,Batch 2,244.0,1.0846598,809.0,False
b2c32,Batch 2,248.0,1.0864917,809.0,False
b2c32,Batch 2,252.0,1.0838172,809.0,False
b2c32,Batch 2,255.0,1.088074,809.0,False
b2c32,Batch 2,259.0,1.0836726,809.0,False
b2c32,Batch 2,263.0,1.0822586,809.0,False
b2c32,Batch 2,267.0,1.085601,809.0,False
b2c32,Batch 2,271.0,1.0856241,809.0,False
b2c32,Batch 2,274.0,1.0832033,809.0,False
b2c32,Batch 2,278.0,1.0826172,809.0,False
b2c32,Batch 2,282.0,1.0829847,809.0,False
b2c32,Batch 2,286.0,1.0849313,809.0,False
b2c32,Batch 2,290.0,1.0816263,809.0,False
b2c32,Batch 2,293.0,1.0832558,809.0,False
b2c32,Batch 2,297.0,1.0807322,809.0,False
b2c32,Batch 2,301.0,1.0821537,809.0,False
b2c32,Batch 2,305.0,1.0841715,809.0,False
b2c32,Batch 2,309.0,1.0818746,809.0,False
b2c32,Batch 2,312.0,1.0808889,809.0,False
b2c32,Batch 2,316.0,1.0835668,809.0,False
b2c32,Batch 2,320.0,1.0806693,809.0,False
b2c32,Batch 2,324.0,1.0788277,809.0,False
b2c32,Batch 2,328.0,1.078382,809.0,False
b2c32,Batch 2,331.0,1.0797354,809.0,False
b2c32,Batch 2,335.0,1.0789884,809.0,False
b2c32,Batch 2,339.0,1.0784757,809.0,False
b2c32,Batch 2,343.0,1.0783952,809.0,False
b2c32,Batch 2,347.0,1.0753657,809.0,False
b2c32,Batch 2,350.0,1.076797,809.0,False
b2c32,Batch 2,354.0,1.0764122,809.0,False
b2c32,Batch 2,358.0,1.0735554,809.0,False
b2c32,Batch 2,362.0,1.0762577,809.0,False
b2c32,Batch 2,366.0,1.0767161,809.0,False
b2c32,Batch 2,369.0,1.0740496,809.0,False
b2c32,Batch 2,373.0,1.0725322,809.0,False
b2c32,Batch 2,377.0,1.0736824,809.0,False
b2c32,Batch 2,381.0,1.0739175,809.0,False
b2c32,Batch 2,385.0,1.0752341,809.0,False
b2c32,Batch 2,388.0,1.073092,809.0,False
b2c32,Batch 2,392.0,1.0725483,809.0,False
b2c32,Batch 2,396.0,1.0739104,809.0,False
b2c32,Batch 2,400.0,1.0719291,809.0,False
b2c32,Batch 2,404.0,1.0716764,809.0,False
b2c32,Batch 2,407.0,1.066422,809.0,False
b2c32,Batch 2,411.0,1.072741,809.0,False
b2c32,Batch 2,415.0,1.06926,809.0,False
b2c32,Batch 2,419.0,1.0692097,809.0,False
b2c32,Batch 2,423.0,1.070601,809.0,False
b2c32,Batch 2,427.0,1.0682425,809.0,False
b2c32,Batch 2,430.0,1.0704527,809.0,False
b2c32,Batch 2,434.0,1.0679944,809.0,False
b2c32,Batch 2,438.0,1.0695995,809.0,False
b2c32,Batch 2,442.0,1.0678586,809.0,False
b2c32,Batch 2,446.0,1.0660036,809.0,False
b2c32,Batch 2,449.0,1.0678754,809.0,False
b2c32,Batch 2,453.0,1.0659125,809.0,False
b2c32,Batch 2,457.0,1.0643229,809.0,False
b2c32,Batch 2,461.0,1.0631176,809.0,False
b2c32,Batch 2,465.0,1.0611198,809.0,False
b2c32,Batch 2,468.0,1.0642037,809.0,False
b2c32,Batch 2,472.0,1.0623192,809.0,False
b2c32,Batch 2,476.0,1.0609411,809.0,False
b2c32,Batch 2,480.0,1.0611242,809.0,False
b2c32,Batch 2,484.0,1.0608472,809.0,False
b2c32,Batch 2,487.0,1.0581553,809.0,False
b2c32,Batch 2,491.0,1.059516,809.0,False
b2c32,Batch 2,495.0,1.0593755,809.0,False
b2c32,Batch 2,499.0,1.0580251,809.0,False
b2c32,Batch 2,503.0,1.0597087,809.0,False
b2c32,Batch 2,506.0,1.0574961,809.0,False
b2c32,Batch 2,510.0,1.0556812,809.0,False
b2c32,Batch 2,514.0,1.0583625,809.0,False
b2c32,Batch 2,518.0,1.0526204,809.0,False
b2c32,Batch 2,522.0,1.0491692,809.0,False
b2c32,Batch 2,525.0,1.0544444,809.0,False
b2c32,Batch 2,529.0,1.0513172,809.0,False
b2c32,Batch 2,533.0,1.0525646,809.0,False
b2c32,Batch 2,537.0,1.0508653,809.0,False
b2c32,Batch 2,541.0,1.0480849,809.0,False
b2c32,Batch 2,544.0,1.0494596,809.0,False
b2c32,Batch 2,548.0,1.0484395,809.0,False
b2c32,Batch 2,552.0,1.0465997,809.0,False
b2c32,Batch 2,556.0,1.0489206,809.0,False
b2c32,Batch 2,560.0,1.0474875,809.0,False
b2c32,Batch 2,563.0,1.0457971,809.0,False
b2c32,Batch 2,567.0,1.0445234,809.0,False
b2c32,Batch 2,571.0,1.0406027,809.0,False
b2c32,Batch 2,575.0,1.0415148,809.0,False
b2c32,Batch 2,579.0,1.038808,809.0,False
b2c32,Batch 2,582.0,1.0384812,809.0,False
b2c32,Batch 2,586.0,1.0361694,809.0,False
b2c32,Batch 2,590.0,1.0356542,809.0,False
b2c32,Batch 2,594.0,1.0318902,809.0,False
b2c32,Batch 2,598.0,1.0353054,809.0,False
b2c32,Batch 2,601.0,1.0324908,809.0,False
b2c32,Batch 2,605.0,1.0345592,809.0,False
b2c32,Batch 2,609.0,1.0323437,809.0,False
b2c32,Batch 2,613.0,1.0320328,809.0,False
b2c32,Batch 2,617.0,1.0305548,809.0,False
b2c32,Batch 2,620.0,1.0254779,809.0,False
b2c32,Batch 2,624.0,1.0261741,809.0,False
b2c32,Batch 2,628.0,1.02579,809.0,False
b2c32,Batch 2,632.0,1.0240524,809.0,False
b2c32,Batch 2,636.0,1.0217302,809.0,False
b2c32,Batch 2,640.0,1.0183146,809.0,False
b2c32,Batch 2,643.0,1.0204574,809.0,False
b2c32,Batch 2,647.0,1.0193073,809.0,False
b2c32,Batch 2,651.0,1.0169511,809.0,False
b2c32,Batch 2,655.0,1.014291,809.0,False
b2c32,Batch 2,659.0,1.0124379,809.0,False
b2c32,Batch 2,662.0,1.0107213,809.0,False
b2c32,Batch 2,666.0,1.0112244,809.0,False
b2c32,Batch 2,670.0,1.00262,809.0,False
b2c32,Batch 2,674.0,1.0055256,809.0,False
b2c32,Batch 2,678.0,1.0014405,809.0,False
b2c32,Batch 2,681.0,1.0024629,809.0,False
b2c32,Batch 2,685.0,0.99674839,809.0,False
b2c32,Batch 2,689.0,1.0013832,809.0,False
b2c32,Batch 2,693.0,0.99505693,809.0,False
b2c32,Batch 2,697.0,0.99224132,809.0,False
b2c32,Batch 2,700.0,0.99108166,809.0,False
b2c32,Batch 2,704.0,0.98854631,809.0,False
b2c32,Batch 2,708.0,0.98655021,809.0,False
b2c32,Batch 2,712.0,0.98561645,809.0,False
b2c32,Batch 2,716.0,0.9815352,809.0,False
b2c32,Batch 2,719.0,0.98005664,809.0,False
b2c32,Batch 2,723.0,0.97565794,809.0,False
b2c32,Batch 2,727.0,0.97176301,809.0,False
b2c32,Batch 2,731.0,0.96963853,809.0,False
b2c32,Batch 2,735.0,0.96719933,809.0,False
b2c32,Batch 2,738.0,0.96499497,809.0,False
b2c32,Batch 2,742.0,0.9623366,809.0,False
b2c32,Batch 2,746.0,0.95998079,809.0,False
b2c32,Batch 2,750.0,0.95619226,809.0,False
b2c32,Batch 2,754.0,0.95117968,809.0,False
b2c32,Batch 2,757.0,0.94800562,809.0,False
b2c32,Batch 2,761.0,0.94485092,809.0,False
b2c32,Batch 2,765.0,0.94300067,809.0,False
b2c32,Batch 2,769.0,0.93833154,809.0,False
b2c32,Batch 2,773.0,0.93243867,809.0,False
b2c32,Batch 2,776.0,0.92952228,809.0,False
b2c32,Batch 2,780.0,0.92337996,809.0,False
b2c32,Batch 2,784.0,0.91561931,809.0,False
b2c32,Batch 2,788.0,0.9110359,809.0,False
b2c32,Batch 2,792.0,0.90624338,809.0,False
b2c32,Batch 2,795.0,0.90252364,809.0,False
b2c32,Batch 2,799.0,0.89542848,809.0,False
b2c32,Batch 2,803.0,0.88931149,809.0,False
b2c32,Batch 2,807.0,0.88058233,809.0,False
b2c32,Batch 2,811.0,0.87103057,809.0,False
b2c32,Batch 2,814.0,0.8658846,809.0,False
b2c32,Batch 2,818.0,0.86067265,809.0,False
b2c32,Batch 2,822.0,0.85149598,809.0,False
b2c32,Batch 2,826.0,0.84385419,809.0,False
b2c32,Batch 2,830.0,0.83404273,809.0,False
b2c32,Batch 2,834.0,0.82744044,809.0,False
b2c33,Batch 2,1.0,1.0723264,1140.0,False
b2c33,Batch 2,6.0,1.074231,1140.0,False
b2c33,Batch 2,11.0,1.074591,1140.0,False
b2c33,Batch 2,17.0,1.0745695,1140.0,False
b2c33,Batch 2,22.0,1.0740737,1140.0,False
b2c33,Batch 2,28.0,1.074046,1140.0,False
b2c33,Batch 2,33.0,1.0739752,1140.0,False
b2c33,Batch 2,39.0,1.0737855,1140.0,False
b2c33,Batch 2,44.0,1.0736855,1140.0,False
b2c33,Batch 2,49.0,1.0737026,1140.0,False
b2c33,Batch 2,55.0,1.0732825,1140.0,False
b2c33,Batch 2,60.0,1.073085,1140.0,False
b2c33,Batch 2,66.0,1.0728629,1140.0,False
b2c33,Batch 2,71.0,1.0726396,1140.0,False
b2c33,Batch 2,77.0,1.0625545,1140.0,False
b2c33,Batch 2,82.0,1.0669661,1140.0,False
b2c33,Batch 2,87.0,1.0681983,1140.0,False
b2c33,Batch 2,93.0,1.0685208,1140.0,False
b2c33,Batch 2,98.0,1.068741,1140.0,False
b2c33,Batch 2,104.0,1.0687532,1140.0,False
b2c33,Batch 2,109.0,1.0686959,1140.0,False
b2c33,Batch 2,115.0,1.0685841,1140.0,False
b2c33,Batch 2,120.0,1.0686404,1140.0,False
b2c33,Batch 2,125.0,1.068478,1140.0,False
b2c33,Batch 2,131.0,1.0684559,1140.0,False
b2c33,Batch 2,136.0,1.0682323,1140.0,False
b2c33,Batch 2,142.0,1.0678463,1140.0,False
b2c33,Batch 2,147.0,1.0678879,1140.0,False
b2c33,Batch 2,153.0,1.067632,1140.0,False
b2c33,Batch 2,158.0,1.0676078,1140.0,False
b2c33,Batch 2,163.0,1.0674554,1140.0,False
b2c33,Batch 2,169.0,1.0674505,1140.0,False
b2c33,Batch 2,174.0,1.0670969,1140.0,False
b2c33,Batch 2,180.0,1.0668302,1140.0,False
b2c33,Batch 2,185.0,1.0668505,1140.0,False
b2c33,Batch 2,191.0,1.0665102,1140.0,False
b2c33,Batch 2,196.0,1.0665625,1140.0,False
b2c33,Batch 2,201.0,1.0662978,1140.0,False
b2c33,Batch 2,207.0,1.0659723,1140.0,False
b2c33,Batch 2,212.0,1.0658233,1140.0,False
b2c33,Batch 2,218.0,1.0655652,1140.0,False
b2c33,Batch 2,223.0,1.0655508,1140.0,False
b2c33,Batch 2,229.0,1.0653681,1140.0,False
b2c33,Batch 2,234.0,1.0651251,1140.0,False
b2c33,Batch 2,239.0,1.0648813,1140.0,False
b2c33,Batch 2,245.0,1.0645798,1140.0,False
b2c33,Batch 2,250.0,1.0644467,1140.0,False
b2c33,Batch 2,256.0,1.0640997,1140.0,False
b2c33,Batch 2,261.0,1.0639913,1140.0,False
b2c33,Batch 2,267.0,1.0636567,1140.0,False
b2c33,Batch 2,272.0,1.0633454,1140.0,False
b2c33,Batch 2,277.0,1.0634977,1140.0,False
b2c33,Batch 2,283.0,1.0630808,1140.0,False
b2c33,Batch 2,288.0,1.0629138,1140.0,False
b2c33,Batch 2,294.0,1.0626791,1140.0,False
b2c33,Batch 2,299.0,1.0624338,1140.0,False
b2c33,Batch 2,305.0,1.0622,1140.0,False
b2c33,Batch 2,310.0,1.061875,1140.0,False
b2c33,Batch 2,315.0,1.0614467,1140.0,False
b2c33,Batch 2,321.0,1.0612513,1140.0,False
b2c33,Batch 2,326.0,1.0611455,1140.0,False
b2c33,Batch 2,332.0,1.0609419,1140.0,False
b2c33,Batch 2,337.0,1.0604458,1140.0,False
b2c33,Batch 2,343.0,1.0602216,1140.0,False
b2c33,Batch 2,348.0,1.0600899,1140.0,False
b2c33,Batch 2,353.0,1.0598311,1140.0,False
b2c33,Batch 2,359.0,1.0595896,1140.0,False
b2c33,Batch 2,364.0,1.059039,1140.0,False
b2c33,Batch 2,370.0,1.0588166,1140.0,False
b2c33,Batch 2,375.0,1.0587713,1140.0,False
b2c33,Batch 2,381.0,1.0586166,1140.0,False
b2c33,Batch 2,386.0,1.0583251,1140.0,False
b2c33,Batch 2,391.0,1.0579693,1140.0,False
b2c33,Batch 2,397.0,1.0577203,1140.0,False
b2c33,Batch 2,402.0,1.0574135,1140.0,False
b2c33,Batch 2,408.0,1.05718,1140.0,False
b2c33,Batch 2,413.0,1.0567396,1140.0,False
b2c33,Batch 2,419.0,1.0565287,1140.0,False
b2c33,Batch 2,424.0,1.0564563,1140.0,False
b2c33,Batch 2,429.0,1.0561979,1140.0,False
b2c33,Batch 2,435.0,1.0558283,1140.0,False
b2c33,Batch 2,440.0,1.0555135,1140.0,False
b2c33,Batch 2,446.0,1.0552511,1140.0,False
b2c33,Batch 2,451.0,1.0549959,1140.0,False
b2c33,Batch 2,457.0,1.0547472,1140.0,False
b2c33,Batch 2,462.0,1.0544306,1140.0,False
b2c33,Batch 2,467.0,1.0539452,1140.0,False
b2c33,Batch 2,473.0,1.0537064,1140.0,False
b2c33,Batch 2,478.0,1.0533099,1140.0,False
b2c33,Batch 2,484.0,1.0530876,1140.0,False
b2c33,Batch 2,489.0,1.0529453,1140.0,False
b2c33,Batch 2,495.0,1.0524197,1140.0,False
b2c33,Batch 2,500.0,1.0523154,1140.0,False
b2c33,Batch 2,505.0,1.0519311,1140.0,False
b2c33,Batch 2,511.0,1.0517838,1140.0,False
b2c33,Batch 2,516.0,1.0515008,1140.0,False
b2c33,Batch 2,522.0,1.0508748,1140.0,False
b2c33,Batch 2,527.0,1.0507264,1140.0,False
b2c33,Batch 2,533.0,1.0504066,1140.0,False
b2c33,Batch 2,538.0,1.0499762,1140.0,False
b2c33,Batch 2,543.0,1.0496186,1140.0,False
b2c33,Batch 2,549.0,1.0495167,1140.0,False
b2c33,Batch 2,554.0,1.0490806,1140.0,False
b2c33,Batch 2,560.0,1.048687,1140.0,False
b2c33,Batch 2,565.0,1.0484433,1140.0,False
b2c33,Batch 2,571.0,1.0480365,1140.0,False
b2c33,Batch 2,576.0,1.0477448,1140.0,False
b2c33,Batch 2,581.0,1.0474091,1140.0,False
b2c33,Batch 2,587.0,1.0474002,1140.0,False
b2c33,Batch 2,592.0,1.0469118,1140.0,False
b2c33,Batch 2,598.0,1.046513,1140.0,False
b2c33,Batch 2,603.0,1.04628,1140.0,False
b2c33,Batch 2,609.0,1.0459436,1140.0,False
b2c33,Batch 2,614.0,1.0456187,1140.0,False
b2c33,Batch 2,619.0,1.0454087,1140.0,False
b2c33,Batch 2,625.0,1.0451646,1140.0,False
b2c33,Batch 2,630.0,1.0447649,1140.0,False
b2c33,Batch 2,636.0,1.0444357,1140.0,False
b2c33,Batch 2,641.0,1.0440646,1140.0,False
b2c33,Batch 2,647.0,1.0436059,1140.0,False
b2c33,Batch 2,652.0,1.0432756,1140.0,False
b2c33,Batch 2,657.0,1.0429636,1140.0,False
b2c33,Batch 2,663.0,1.0426745,1140.0,False
b2c33,Batch 2,668.0,1.0421257,1140.0,False
b2c33,Batch 2,674.0,1.0418335,1140.0,False
b2c33,Batch 2,679.0,1.0415421,1140.0,False
b2c33,Batch 2,685.0,1.0410527,1140.0,False
b2c33,Batch 2,690.0,1.0408262,1140.0,False
b2c33,Batch 2,695.0,1.0404714,1140.0,False
b2c33,Batch 2,701.0,1.0399171,1140.0,False
b2c33,Batch 2,706.0,1.0395916,1140.0,False
b2c33,Batch 2,712.0,1.0391831,1140.0,False
b2c33,Batch 2,717.0,1.038794,1140.0,False
b2c33,Batch 2,723.0,1.038317,1140.0,False
b2c33,Batch 2,728.0,1.0377376,1140.0,False
b2c33,Batch 2,733.0,1.0376384,1140.0,False
b2c33,Batch 2,739.0,1.0369098,1140.0,False
b2c33,Batch 2,744.0,1.0366455,1140.0,False
b2c33,Batch 2,750.0,1.0360883,1140.0,False
b2c33,Batch 2,755.0,1.0356555,1140.0,False
b2c33,Batch 2,761.0,1.0350525,1140.0,False
b2c33,Batch 2,766.0,1.034477,1140.0,False
b2c33,Batch 2,771.0,1.0343628,1140.0,False
b2c33,Batch 2,777.0,1.0337596,1140.0,False
b2c33,Batch 2,782.0,1.0332642,1140.0,False
b2c33,Batch 2,788.0,1.0326227,1140.0,False
b2c33,Batch 2,793.0,1.0320657,1140.0,False
b2c33,Batch 2,799.0,1.031476,1140.0,False
b2c33,Batch 2,804.0,1.0308967,1140.0,False
b2c33,Batch 2,809.0,1.0303689,1140.0,False
b2c33,Batch 2,815.0,1.0297762,1140.0,False
b2c33,Batch 2,820.0,1.0291438,1140.0,False
b2c33,Batch 2,826.0,1.028331,1140.0,False
b2c33,Batch 2,831.0,1.0279906,1140.0,False
b2c33,Batch 2,837.0,1.026908,1140.0,False
b2c33,Batch 2,842.0,1.0264145,1140.0,False
b2c33,Batch 2,847.0,1.0257733,1140.0,False
b2c33,Batch 2,853.0,1.0248879,1140.0,False
b2c33,Batch 2,858.0,1.0241667,1140.0,False
b2c33,Batch 2,864.0,1.0232075,1140.0,False
b2c33,Batch 2,869.0,1.022387,1140.0,False
b2c33,Batch 2,875.0,1.0212945,1140.0,False
b2c33,Batch 2,880.0,1.020454,1140.0,False
b2c33,Batch 2,885.0,1.019621,1140.0,False
b2c33,Batch 2,891.0,1.0184894,1140.0,False
b2c33,Batch 2,896.0,1.0174226,1140.0,False
b2c33,Batch 2,902.0,1.0161448,1140.0,False
b2c33,Batch 2,907.0,1.0152547,1140.0,False
b2c33,Batch 2,913.0,1.0137181,1140.0,False
b2c33,Batch 2,918.0,1.01227,1140.0,False
b2c33,Batch 2,923.0,1.0109679,1140.0,False
b2c33,Batch 2,929.0,1.0092716,1140.0,False
b2c33,Batch 2,934.0,1.0075067,1140.0,False
b2c33,Batch 2,940.0,1.0054801,1140.0,False
b2c33,Batch 2,945.0,1.0033842,1140.0,False
b2c33,Batch 2,951.0,1.0009042,1140.0,False
b2c33,Batch 2,956.0,0.99850029,1140.0,False
b2c33,Batch 2,961.0,0.99622381,1140.0,False
b2c33,Batch 2,967.0,0.99304038,1140.0,False
b2c33,Batch 2,972.0,0.99048257,1140.0,False
b2c33,Batch 2,978.0,0.9870851,1140.0,False
b2c33,Batch 2,983.0,0.9841128,1140.0,False
b2c33,Batch 2,989.0,0.98048842,1140.0,False
b2c33,Batch 2,994.0,0.97738183,1140.0,False
b2c33,Batch 2,999.0,0.9743588,1140.0,False
b2c33,Batch 2,1005.0,0.97092581,1140.0,False
b2c33,Batch 2,1010.0,0.96791613,1140.0,False
b2c33,Batch 2,1016.0,0.96442157,1140.0,False
b2c33,Batch 2,1021.0,0.96124065,1140.0,False
b2c33,Batch 2,1027.0,0.9577927,1140.0,False
b2c33,Batch 2,1032.0,0.95485902,1140.0,False
b2c33,Batch 2,1037.0,0.95193022,1140.0,False
b2c33,Batch 2,1043.0,0.94864064,1140.0,False
b2c33,Batch 2,1048.0,0.94571143,1140.0,False
b2c33,Batch 2,1054.0,0.9420566,1140.0,False
b2c33,Batch 2,1059.0,0.93919653,1140.0,False
b2c33,Batch 2,1065.0,0.93534476,1140.0,False
b2c33,Batch 2,1070.0,0.93253845,1140.0,False
b2c33,Batch 2,1075.0,0.9292264,1140.0,False
b2c33,Batch 2,1081.0,0.92541665,1140.0,False
b2c33,Batch 2,1086.0,0.92202073,1140.0,False
b2c33,Batch 2,1092.0,0.91783524,1140.0,False
b2c33,Batch 2,1097.0,0.91434592,1140.0,False
b2c33,Batch 2,1103.0,0.91003358,1140.0,False
b2c33,Batch 2,1108.0,0.90632504,1140.0,False
b2c33,Batch 2,1113.0,0.90226924,1140.0,False
b2c33,Batch 2,1119.0,0.89743364,1140.0,False
b2c33,Batch 2,1124.0,0.89329159,1140.0,False
b2c33,Batch 2,1130.0,0.88826686,1140.0,False
b2c33,Batch 2,1135.0,0.88388914,1140.0,False
b2c33,Batch 2,1141.0,0.87830126,1140.0,False
b2c33,Batch 2,1146.0,0.87388575,1140.0,False
b2c33,Batch 2,1151.0,0.86902255,1140.0,False
b2c33,Batch 2,1157.0,0.86282939,1140.0,False
b2c33,Batch 2,1162.0,0.85723764,1140.0,False
b2c33,Batch 2,1168.0,0.85063374,1140.0,False
b2c33,Batch 2,1173.0,0.84503871,1140.0,False
b2c33,Batch 2,1179.0,0.83812833,1140.0,False
b2c33,Batch 2,1184.0,0.83237684,1140.0,False
b2c33,Batch 2,1190.0,0.82506907,1140.0,False
b2c34,Batch 2,1.0,1.0663866,1186.0,False
b2c34,Batch 2,6.0,1.0681121,1186.0,False
b2c34,Batch 2,12.0,1.0685601,1186.0,False
b2c34,Batch 2,18.0,1.0687661,1186.0,False
b2c34,Batch 2,23.0,1.0684789,1186.0,False
b2c34,Batch 2,29.0,1.068643,1186.0,False
b2c34,Batch 2,35.0,1.0685289,1186.0,False
b2c34,Batch 2,40.0,1.0682021,1186.0,False
b2c34,Batch 2,46.0,1.0682772,1186.0,False
b2c34,Batch 2,52.0,1.0681462,1186.0,False
b2c34,Batch 2,58.0,1.0681528,1186.0,False
b2c34,Batch 2,63.0,1.0678163,1186.0,False
b2c34,Batch 2,69.0,1.0676556,1186.0,False
b2c34,Batch 2,75.0,1.0674188,1186.0,False
b2c34,Batch 2,80.0,1.0627992,1186.0,False
b2c34,Batch 2,86.0,1.063933,1186.0,False
b2c34,Batch 2,92.0,1.064243,1186.0,False
b2c34,Batch 2,98.0,1.0642827,1186.0,False
b2c34,Batch 2,103.0,1.0643137,1186.0,False
b2c34,Batch 2,109.0,1.0644124,1186.0,False
b2c34,Batch 2,115.0,1.0642432,1186.0,False
b2c34,Batch 2,120.0,1.0640417,1186.0,False
b2c34,Batch 2,126.0,1.0640608,1186.0,False
b2c34,Batch 2,132.0,1.063823,1186.0,False
b2c34,Batch 2,138.0,1.0637176,1186.0,False
b2c34,Batch 2,143.0,1.0632894,1186.0,False
b2c34,Batch 2,149.0,1.0629009,1186.0,False
b2c34,Batch 2,155.0,1.0628389,1186.0,False
b2c34,Batch 2,160.0,1.0625956,1186.0,False
b2c34,Batch 2,166.0,1.0624956,1186.0,False
b2c34,Batch 2,172.0,1.062005,1186.0,False
b2c34,Batch 2,178.0,1.0618061,1186.0,False
b2c34,Batch 2,183.0,1.0617701,1186.0,False
b2c34,Batch 2,189.0,1.0615504,1186.0,False
b2c34,Batch 2,195.0,1.0611665,1186.0,False
b2c34,Batch 2,200.0,1.0609893,1186.0,False
b2c34,Batch 2,206.0,1.0608782,1186.0,False
b2c34,Batch 2,212.0,1.0606258,1186.0,False
b2c34,Batch 2,218.0,1.0603966,1186.0,False
b2c34,Batch 2,223.0,1.0602777,1186.0,False
b2c34,Batch 2,229.0,1.0600187,1186.0,False
b2c34,Batch 2,235.0,1.0597067,1186.0,False
b2c34,Batch 2,240.0,1.0594516,1186.0,False
b2c34,Batch 2,246.0,1.0590295,1186.0,False
b2c34,Batch 2,252.0,1.0587215,1186.0,False
b2c34,Batch 2,258.0,1.0587081,1186.0,False
b2c34,Batch 2,263.0,1.0583916,1186.0,False
b2c34,Batch 2,269.0,1.0583887,1186.0,False
b2c34,Batch 2,275.0,1.0579038,1186.0,False
b2c34,Batch 2,280.0,1.0575809,1186.0,False
b2c34,Batch 2,286.0,1.0574785,1186.0,False
b2c34,Batch 2,292.0,1.0571275,1186.0,False
b2c34,Batch 2,298.0,1.0568722,1186.0,False
b2c34,Batch 2,303.0,1.0566697,1186.0,False
b2c34,Batch 2,309.0,1.0565593,1186.0,False
b2c34,Batch 2,315.0,1.0560951,1186.0,False
b2c34,Batch 2,320.0,1.0558833,1186.0,False
b2c34,Batch 2,326.0,1.0557123,1186.0,False
b2c34,Batch 2,332.0,1.0552744,1186.0,False
b2c34,Batch 2,338.0,1.0551038,1186.0,False
b2c34,Batch 2,343.0,1.0550122,1186.0,False
b2c34,Batch 2,349.0,1.0547183,1186.0,False
b2c34,Batch 2,355.0,1.0544034,1186.0,False
b2c34,Batch 2,360.0,1.0540824,1186.0,False
b2c34,Batch 2,366.0,1.0538837,1186.0,False
b2c34,Batch 2,372.0,1.0533736,1186.0,False
b2c34,Batch 2,378.0,1.0534345,1186.0,False
b2c34,Batch 2,383.0,1.053251,1186.0,False
b2c34,Batch 2,389.0,1.0530554,1186.0,False
b2c34,Batch 2,395.0,1.0528874,1186.0,False
b2c34,Batch 2,400.0,1.0522629,1186.0,False
b2c34,Batch 2,406.0,1.0518938,1186.0,False
b2c34,Batch 2,412.0,1.0515593,1186.0,False
b2c34,Batch 2,418.0,1.0511228,1186.0,False
b2c34,Batch 2,423.0,1.0511135,1186.0,False
b2c34,Batch 2,429.0,1.050772,1186.0,False
b2c34,Batch 2,435.0,1.0506291,1186.0,False
b2c34,Batch 2,440.0,1.0502409,1186.0,False
b2c34,Batch 2,446.0,1.0499976,1186.0,False
b2c34,Batch 2,452.0,1.0498704,1186.0,False
b2c34,Batch 2,457.0,1.0494896,1186.0,False
b2c34,Batch 2,463.0,1.0490563,1186.0,False
b2c34,Batch 2,469.0,1.0486306,1186.0,False
b2c34,Batch 2,475.0,1.0483296,1186.0,False
b2c34,Batch 2,480.0,1.0480444,1186.0,False
b2c34,Batch 2,486.0,1.0477515,1186.0,False
b2c34,Batch 2,492.0,1.0473986,1186.0,False
b2c34,Batch 2,497.0,1.0471727,1186.0,False
b2c34,Batch 2,503.0,1.0467635,1186.0,False
b2c34,Batch 2,509.0,1.0466498,1186.0,False
b2c34,Batch 2,515.0,1.0461435,1186.0,False
b2c34,Batch 2,520.0,1.0458276,1186.0,False
b2c34,Batch 2,526.0,1.0455824,1186.0,False
b2c34,Batch 2,532.0,1.0450906,1186.0,False
b2c34,Batch 2,537.0,1.0449982,1186.0,False
b2c34,Batch 2,543.0,1.0446674,1186.0,False
b2c34,Batch 2,549.0,1.0441812,1186.0,False
b2c34,Batch 2,555.0,1.0439062,1186.0,False
b2c34,Batch 2,560.0,1.0435035,1186.0,False
b2c34,Batch 2,566.0,1.0431689,1186.0,False
b2c34,Batch 2,572.0,1.0427579,1186.0,False
b2c34,Batch 2,577.0,1.0425907,1186.0,False
b2c34,Batch 2,583.0,1.0421512,1186.0,False
b2c34,Batch 2,589.0,1.0418568,1186.0,False
b2c34,Batch 2,595.0,1.0413697,1186.0,False
b2c34,Batch 2,600.0,1.0414521,1186.0,False
b2c34,Batch 2,606.0,1.0407028,1186.0,False
b2c34,Batch 2,612.0,1.0404285,1186.0,False
b2c34,Batch 2,617.0,1.0402317,1186.0,False
b2c34,Batch 2,623.0,1.0396502,1186.0,False
b2c34,Batch 2,629.0,1.0393295,1186.0,False
b2c34,Batch 2,635.0,1.038811,1186.0,False
b2c34,Batch 2,640.0,1.0385463,1186.0,False
b2c34,Batch 2,646.0,1.0384631,1186.0,False
b2c34,Batch 2,652.0,1.0378647,1186.0,False
b2c34,Batch 2,657.0,1.0375214,1186.0,False
b2c34,Batch 2,663.0,1.0374415,1186.0,False
b2c34,Batch 2,669.0,1.0369052,1186.0,False
b2c34,Batch 2,675.0,1.0363246,1186.0,False
b2c34,Batch 2,680.0,1.0358887,1186.0,False
b2c34,Batch 2,686.0,1.0355078,1186.0,False
b2c34,Batch 2,692.0,1.035143,1186.0,False
b2c34,Batch 2,697.0,1.0348947,1186.0,False
b2c34,Batch 2,703.0,1.0343295,1186.0,False
b2c34,Batch 2,709.0,1.0339371,1186.0,False
b2c34,Batch 2,715.0,1.033641,1186.0,False
b2c34,Batch 2,720.0,1.0330867,1186.0,False
b2c34,Batch 2,726.0,1.0329214,1186.0,False
b2c34,Batch 2,732.0,1.0324323,1186.0,False
b2c34,Batch 2,737.0,1.0318669,1186.0,False
b2c34,Batch 2,743.0,1.0313655,1186.0,False
b2c34,Batch 2,749.0,1.0307685,1186.0,False
b2c34,Batch 2,755.0,1.0301604,1186.0,False
b2c34,Batch 2,760.0,1.0299033,1186.0,False
b2c34,Batch 2,766.0,1.0293794,1186.0,False
b2c34,Batch 2,772.0,1.0288056,1186.0,False
b2c34,Batch 2,777.0,1.0285372,1186.0,False
b2c34,Batch 2,783.0,1.027903,1186.0,False
b2c34,Batch 2,789.0,1.0270777,1186.0,False
b2c34,Batch 2,795.0,1.0267044,1186.0,False
b2c34,Batch 2,800.0,1.026155,1186.0,False
b2c34,Batch 2,806.0,1.0255409,1186.0,False
b2c34,Batch 2,812.0,1.0249554,1186.0,False
b2c34,Batch 2,817.0,1.0244666,1186.0,False
b2c34,Batch 2,823.0,1.0236973,1186.0,False
b2c34,Batch 2,829.0,1.0232176,1186.0,False
b2c34,Batch 2,835.0,1.0223835,1186.0,False
b2c34,Batch 2,840.0,1.0218468,1186.0,False
b2c34,Batch 2,846.0,1.0211004,1186.0,False
b2c34,Batch 2,852.0,1.0201821,1186.0,False
b2c34,Batch 2,857.0,1.0196865,1186.0,False
b2c34,Batch 2,863.0,1.0189517,1186.0,False
b2c34,Batch 2,869.0,1.0181181,1186.0,False
b2c34,Batch 2,874.0,1.0174413,1186.0,False
b2c34,Batch 2,880.0,1.0165675,1186.0,False
b2c34,Batch 2,886.0,1.0153987,1186.0,False
b2c34,Batch 2,892.0,1.0147322,1186.0,False
b2c34,Batch 2,897.0,1.0139147,1186.0,False
b2c34,Batch 2,903.0,1.0129541,1186.0,False
b2c34,Batch 2,909.0,1.0119772,1186.0,False
b2c34,Batch 2,914.0,1.0110415,1186.0,False
b2c34,Batch 2,920.0,1.0100222,1186.0,False
b2c34,Batch 2,926.0,1.0087357,1186.0,False
b2c34,Batch 2,932.0,1.0076547,1186.0,False
b2c34,Batch 2,937.0,1.0066592,1186.0,False
b2c34,Batch 2,943.0,1.0052841,1186.0,False
b2c34,Batch 2,949.0,1.0039384,1186.0,False
b2c34,Batch 2,954.0,1.0027157,1186.0,False
b2c34,Batch 2,960.0,1.0013376,1186.0,False
b2c34,Batch 2,966.0,0.99968654,1186.0,False
b2c34,Batch 2,972.0,0.99779028,1186.0,False
b2c34,Batch 2,977.0,0.99633974,1186.0,False
b2c34,Batch 2,983.0,0.99441934,1186.0,False
b2c34,Batch 2,989.0,0.9923932,1186.0,False
b2c34,Batch 2,994.0,0.99069881,1186.0,False
b2c34,Batch 2,1000.0,0.98858601,1186.0,False
b2c34,Batch 2,1006.0,0.98627371,1186.0,False
b2c34,Batch 2,1012.0,0.98375309,1186.0,False
b2c34,Batch 2,1017.0,0.98157752,1186.0,False
b2c34,Batch 2,1023.0,0.97899431,1186.0,False
b2c34,Batch 2,1029.0,0.97620326,1186.0,False
b2c34,Batch 2,1034.0,0.97361022,1186.0,False
b2c34,Batch 2,1040.0,0.97073185,1186.0,False
b2c34,Batch 2,1046.0,0.96742362,1186.0,False
b2c34,Batch 2,1052.0,0.96404779,1186.0,False
b2c34,Batch 2,1057.0,0.96120089,1186.0,False
b2c34,Batch 2,1063.0,0.95764005,1186.0,False
b2c34,Batch 2,1069.0,0.95411575,1186.0,False
b2c34,Batch 2,1074.0,0.95116806,1186.0,False
b2c34,Batch 2,1080.0,0.94786614,1186.0,False
b2c34,Batch 2,1086.0,0.94422591,1186.0,False
b2c34,Batch 2,1092.0,0.94077218,1186.0,False
b2c34,Batch 2,1097.0,0.93784142,1186.0,False
b2c34,Batch 2,1103.0,0.93451858,1186.0,False
b2c34,Batch 2,1109.0,0.9308002,1186.0,False
b2c34,Batch 2,1114.0,0.92773914,1186.0,False
b2c34,Batch 2,1120.0,0.92421085,1186.0,False
b2c34,Batch 2,1126.0,0.9204753,1186.0,False
b2c34,Batch 2,1132.0,0.91667837,1186.0,False
b2c34,Batch 2,1137.0,0.91341895,1186.0,False
b2c34,Batch 2,1143.0,0.90952283,1186.0,False
b2c34,Batch 2,1149.0,0.9054516,1186.0,False
b2c34,Batch 2,1154.0,0.90208864,1186.0,False
b2c34,Batch 2,1160.0,0.89778101,1186.0,False
b2c34,Batch 2,1166.0,0.8939743,1186.0,False
b2c34,Batch 2,1172.0,0.88974166,1186.0,False
b2c34,Batch 2,1177.0,0.88613397,1186.0,False
b2c34,Batch 2,1183.0,0.88164949,1186.0,False
b2c34,Batch 2,1189.0,0.87757862,1186.0,False
b2c34,Batch 2,1194.0,0.87405676,1186.0,False
b2c34,Batch 2,1200.0,0.86961007,1186.0,False
b2c34,Batch 2,1206.0,0.86495233,1186.0,False
b2c34,Batch 2,1212.0,0.86034399,1186.0,False
b2c34,Batch 2,1217.0,0.85646361,1186.0,False
b2c34,Batch 2,1223.0,0.85127133,1186.0,False
b2c34,Batch 2,1229.0,0.84638345,1186.0,False
b2c34,Batch 2,1234.0,0.84176868,1186.0,False
b2c34,Batch 2,1240.0,0.83681607,1186.0,False
b2c34,Batch 2,1246.0,0.83123225,1186.0,False
b2c34,Batch 2,1252.0,0.82562441,1186.0,False
b2c35,Batch 2,1.0,1.0688332,,False
b2c35,Batch 2,2.0,1.0689886,,False
b2c35,Batch 2,4.0,1.0687079,,False
b2c35,Batch 2,6.0,1.0676682,,False
b2c35,Batch 2,8.0,1.0666175,,False
b2c35,Batch 2,10.0,1.0655857,,False
b2c35,Batch 2,12.0,1.0644335,,False
b2c35,Batch 2,14.0,1.0635712,,False
b2c35,Batch 2,16.0,1.0623345,,False
b2c35,Batch 2,18.0,1.0615841,,False
b2c35,Batch 2,20.0,1.0604202,,False
b2c35,Batch 2,22.0,1.0596414,,False
b2c35,Batch 2,24.0,1.0585202,,False
b2c35,Batch 2,26.0,1.0574694,,False
b2c35,Batch 2,27.0,1.0571787,,False
b2c35,Batch 2,29.0,1.0561131,,False
b2c35,Batch 2,31.0,1.0554378,,False
b2c35,Batch 2,33.0,1.0544291,,False
b2c35,Batch 2,35.0,1.0535253,,False
b2c35,Batch 2,37.0,1.0526779,,False
b2c35,Batch 2,39.0,1.051689,,False
b2c35,Batch 2,41.0,1.0508903,,False
b2c35,Batch 2,43.0,1.0501918,,False
b2c35,Batch 2,45.0,1.0492647,,False
b2c35,Batch 2,47.0,1.048501,,False
b2c35,Batch 2,49.0,1.0475128,,False
b2c35,Batch 2,51.0,1.0468783,,False
b2c35,Batch 2,53.0,1.0459597,,False
b2c35,Batch 2,54.0,1.045491,,False
b2c35,Batch 2,56.0,1.0445911,,False
b2c35,Batch 2,58.0,1.0438677,,False
b2c35,Batch 2,60.0,1.0429381,,False
b2c35,Batch 2,62.0,1.0421941,,False
b2c35,Batch 2,64.0,0.88696426,,False
b2c35,Batch 2,66.0,1.0365243,,False
b2c35,Batch 2,68.0,1.0372567,,False
b2c35,Batch 2,70.0,1.0369989,,False
b2c35,Batch 2,72.0,1.0370651,,False
b2c35,Batch 2,74.0,1.0367233,,False
b2c35,Batch 2,76.0,1.0364339,,False
b2c35,Batch 2,78.0,1.0362943,,False
b2c35,Batch 2,80.0,1.0357078,,False
b2c35,Batch 2,81.0,1.0355901,,False
b2c35,Batch 2,83.0,1.0354829,,False
b2c35,Batch 2,85.0,1.0346818,,False
b2c35,Batch 2,87.0,1.0344698,,False
b2c35,Batch 2,89.0,1.0340173,,False
b2c35,Batch 2,91.0,1.0335492,,False
b2c35,Batch 2,93.0,1.0331827,,False
b2c35,Batch 2,95.0,1.032513,,False
b2c35,Batch 2,97.0,1.0321795,,False
b2c35,Batch 2,99.0,2.0611489,,False
b2c35,Batch 2,101.0,1.0303186,,False
b2c35,Batch 2,103.0,1.0302112,,False
b2c35,Batch 2,105.0,1.0302135,,False
b2c35,Batch 2,106.0,1.0300878,,False
b2c35,Batch 2,108.0,1.0297754,,False
b2c35,Batch 2,110.0,1.0295255,,False
b2c35,Batch 2,112.0,1.0290217,,False
b2c35,Batch 2,114.0,1.028784,,False
b2c35,Batch 2,116.0,1.0284069,,False
b2c35,Batch 2,118.0,1.0280312,,False
b2c35,Batch 2,120.0,1.0277064,,False
b2c35,Batch 2,122.0,1.0272406,,False
b2c35,Batch 2,124.0,1.0267854,,False
b2c35,Batch 2,126.0,1.0264472,,False
b2c35,Batch 2,128.0,1.0259161,,False
b2c35,Batch 2,130.0,1.0256982,,False
b2c35,Batch 2,132.0,1.0251099,,False
b2c35,Batch 2,133.0,1.0249763,,False
b2c35,Batch 2,135.0,1.0249594,,False
b2c35,Batch 2,137.0,1.0242463,,False
b2c35,Batch 2,139.0,1.023607,,False
b2c35,Batch 2,141.0,1.02309,,False
b2c35,Batch 2,143.0,1.0227413,,False
b2c35,Batch 2,145.0,1.0222242,,False
b2c35,Batch 2,147.0,1.0216079,,False
b2c35,Batch 2,149.0,1.0210687,,False
b2c35,Batch 2,151.0,1.0207618,,False
b2c35,Batch 2,153.0,1.0201106,,False
b2c35,Batch 2,155.0,1.0195968,,False
b2c35,Batch 2,157.0,1.019159,,False
b2c35,Batch 2,159.0,1.0182922,,False
b2c35,Batch 2,160.0,1.0181766,,False
b2c35,Batch 2,162.0,1.0176698,,False
b2c35,Batch 2,164.0,1.0170655,,False
b2c35,Batch 2,166.0,1.0165677,,False
b2c35,Batch 2,168.0,1.0158961,,False
b2c35,Batch 2,170.0,1.0153369,,False
b2c35,Batch 2,172.0,1.0147634,,False
b2c35,Batch 2,174.0,1.0141567,,False
b2c35,Batch 2,176.0,1.013603,,False
b2c35,Batch 2,178.0,1.0128217,,False
b2c35,Batch 2,180.0,1.0125289,,False
b2c35,Batch 2,182.0,1.0116436,,False
b2c35,Batch 2,184.0,1.0109272,,False
b2c35,Batch 2,185.0,1.0109627,,False
b2c35,Batch 2,187.0,1.0100754,,False
b2c35,Batch 2,189.0,1.0096313,,False
b2c35,Batch 2,191.0,1.0090874,,False
b2c35,Batch 2,193.0,1.0082017,,False
b2c35,Batch 2,195.0,1.0079253,,False
b2c35,Batch 2,197.0,1.0070519,,False
b2c35,Batch 2,199.0,1.0062103,,False
b2c35,Batch 2,201.0,1.0057746,,False
b2c35,Batch 2,203.0,1.0049244,,False
b2c35,Batch 2,205.0,1.0044419,,False
b2c35,Batch 2,207.0,1.0035771,,False
b2c35,Batch 2,209.0,1.0028567,,False
b2c35,Batch 2,211.0,1.0023931,,False
b2c35,Batch 2,212.0,1.0018929,,False
b2c35,Batch 2,214.0,1.0011431,,False
b2c35,Batch 2,216.0,1.0005093,,False
b2c35,Batch 2,218.0,0.9996556,,False
b2c35,Batch 2,220.0,0.99925089,,False
b2c35,Batch 2,222.0,0.99857938,,False
b2c35,Batch 2,224.0,0.99789268,,False
b2c35,Batch 2,226.0,0.99701464,,False
b2c35,Batch 2,228.0,0.99631763,,False
b2c35,Batch 2,230.0,0.99564779,,False
b2c35,Batch 2,232.0,0.99489284,,False
b2c35,Batch 2,234.0,0.99418432,,False
b2c35,Batch 2,236.0,0.99331421,,False
b2c35,Batch 2,238.0,0.99264294,,False
b2c35,Batch 2,239.0,0.99237221,,False
b2c35,Batch 2,241.0,0.99160236,,False
b2c35,Batch 2,243.0,0.99082059,,False
b2c35,Batch 2,245.0,0.99018359,,False
b2c35,Batch 2,247.0,0.98913401,,False
b2c35,Batch 2,249.0,0.98875391,,False
b2c35,Batch 2,251.0,0.98781788,,False
b2c35,Batch 2,253.0,0.98682553,,False
b2c35,Batch 2,255.0,0.9862681,,False
b2c35,Batch 2,257.0,0.98533386,,False
b2c35,Batch 2,259.0,0.98460722,,False
b2c35,Batch 2,261.0,0.98380274,,False
b2c35,Batch 2,263.0,0.9831025,,False
b2c35,Batch 2,264.0,0.98279256,,False
b2c35,Batch 2,266.0,0.98184168,,False
b2c35,Batch 2,268.0,0.98096281,,False
b2c35,Batch 2,270.0,0.98019034,,False
b2c35,Batch 2,272.0,0.97924405,,False
b2c35,Batch 2,274.0,0.97855622,,False
b2c35,Batch 2,276.0,0.97760212,,False
b2c35,Batch 2,278.0,0.97702205,,False
b2c35,Batch 2,280.0,0.97599751,,False
b2c35,Batch 2,282.0,0.97499061,,False
b2c35,Batch 2,284.0,0.97430384,,False
b2c35,Batch 2,286.0,0.97320765,,False
b2c35,Batch 2,288.0,0.97266102,,False
b2c35,Batch 2,290.0,0.97174418,,False
b2c35,Batch 2,291.0,0.9712491,,False
b2c35,Batch 2,293.0,0.97045773,,False
b2c35,Batch 2,295.0,0.96931821,,False
b2c35,Batch 2,297.0,0.96850848,,False
b2c35,Batch 2,299.0,0.96753335,,False
b2c35,Batch 2,301.0,0.96656907,,False
b2c35,Batch 2,303.0,0.96579558,,False
b2c35,Batch 2,305.0,0.96459329,,False
b2c35,Batch 2,307.0,0.96387708,,False
b2c35,Batch 2,309.0,0.96282536,,False
b2c35,Batch 2,311.0,0.96170324,,False
b2c35,Batch 2,313.0,0.96090823,,False
b2c35,Batch 2,315.0,0.95973408,,False
b2c35,Batch 2,317.0,0.95900893,,False
b2c35,Batch 2,318.0,0.95841092,,False
b2c35,Batch 2,320.0,0.95728517,,False
b2c35,Batch 2,322.0,0.95645684,,False
b2c35,Batch 2,324.0,0.95534831,,False
b2c35,Batch 2,326.0,0.95458424,,False
b2c35,Batch 2,328.0,0.95331806,,False
b2c35,Batch 2,330.0,0.95217633,,False
b2c35,Batch 2,332.0,0.95097983,,False
b2c35,Batch 2,334.0,0.9496296,,False
b2c35,Batch 2,336.0,0.94873679,,False
b2c35,Batch 2,338.0,0.94776028,,False
b2c35,Batch 2,340.0,0.94658303,,False
b2c35,Batch 2,342.0,0.94531918,,False
b2c35,Batch 2,343.0,0.94461656,,False
b2c35,Batch 2,345.0,0.9436335,,False
b2c35,Batch 2,347.0,0.94223487,,False
b2c35,Batch 2,349.0,0.94099349,,False
b2c35,Batch 2,351.0,0.93979818,,False
b2c35,Batch 2,353.0,0.93852365,,False
b2c35,Batch 2,355.0,0.93719524,,False
b2c35,Batch 2,357.0,0.93579066,,False
b2c35,Batch 2,359.0,0.93475288,,False
b2c35,Batch 2,361.0,0.93313694,,False
b2c35,Batch 2,363.0,0.93198311,,False
b2c35,Batch 2,365.0,0.93074256,,False
b2c35,Batch 2,367.0,0.92904586,,False
b2c35,Batch 2,369.0,0.92779392,,False
b2c35,Batch 2,370.0,0.9271403,,False
b2c35,Batch 2,372.0,0.92593956,,False
b2c35,Batch 2,374.0,0.92413718,,False
b2c35,Batch 2,376.0,0.92270857,,False
b2c35,Batch 2,378.0,0.92130667,,False
b2c35,Batch 2,380.0,0.91989332,,False
b2c35,Batch 2,382.0,0.91861403,,False
b2c35,Batch 2,384.0,0.9169088,,False
b2c35,Batch 2,386.0,0.91578984,,False
b2c35,Batch 2,388.0,0.91403991,,False
b2c35,Batch 2,390.0,0.91265202,,False
b2c35,Batch 2,392.0,0.91087121,,False
b2c35,Batch 2,394.0,0.90923411,,False
b2c35,Batch 2,396.0,0.90747184,,False
b2c35,Batch 2,397.0,0.90653199,,False
b2c35,Batch 2,399.0,0.90503794,,False
b2c35,Batch 2,401.0,0.90294403,,False
b2c35,Batch 2,403.0,0.90145195,,False
b2c35,Batch 2,405.0,0.89957559,,False
b2c35,Batch 2,407.0,0.89774352,,False
b2c35,Batch 2,409.0,0.8956725,,False
b2c35,Batch 2,411.0,0.89385742,,False
b2c35,Batch 2,413.0,0.89178133,,False
b2c35,Batch 2,415.0,0.88979304,,False
b2c35,Batch 2,417.0,0.88775665,,False
b2c35,Batch 2,419.0,0.88543528,,False
b2c35,Batch 2,421.0,0.88346595,,False
b2c35,Batch 2,423.0,0.88112044,,False
b2c36,Batch 2,1.0,1.0722554,,False
b2c36,Batch 2,2.0,1.0722352,,False
b2c36,Batch 2,3.0,1.0721406,,False
b2c36,Batch 2,4.0,1.0712079,,False
b2c36,Batch 2,6.0,1.0693724,,False
b2c36,Batch 2,7.0,1.0686593,,False
b2c36,Batch 2,8.0,1.0679338,,False
b2c36,Batch 2,9.0,1.0672412,,False
b2c36,Batch 2,11.0,1.0653927,,False
b2c36,Batch 2,12.0,1.0648009,,False
b2c36,Batch 2,13.0,1.0639898,,False
b2c36,Batch 2,15.0,1.0624661,,False
b2c36,Batch 2,16.0,1.0616628,,False
b2c36,Batch 2,17.0,1.0609699,,False
b2c36,Batch 2,18.0,1.0601939,,False
b2c36,Batch 2,20.0,1.0584533,,False
b2c36,Batch 2,21.0,1.0579083,,False
b2c36,Batch 2,22.0,1.0571201,,False
b2c36,Batch 2,23.0,1.0564235,,False
b2c36,Batch 2,25.0,1.0546843,,False
b2c36,Batch 2,26.0,1.0538548,,False
b2c36,Batch 2,27.0,1.0530365,,False
b2c36,Batch 2,29.0,1.0515355,,False
b2c36,Batch 2,30.0,1.0505794,,False
b2c36,Batch 2,31.0,1.0496686,,False
b2c36,Batch 2,32.0,1.0491378,,False
b2c36,Batch 2,34.0,1.0473169,,False
b2c36,Batch 2,35.0,1.0465508,,False
b2c36,Batch 2,36.0,1.0455875,,False
b2c36,Batch 2,37.0,1.0447278,,False
b2c36,Batch 2,39.0,1.0429581,,False
b2c36,Batch 2,40.0,1.0420154,,False
b2c36,Batch 2,41.0,1.041206,,False
b2c36,Batch 2,43.0,1.0395602,,False
b2c36,Batch 2,44.0,1.038465,,False
b2c36,Batch 2,45.0,1.0374073,,False
b2c36,Batch 2,46.0,1.0366133,,False
b2c36,Batch 2,48.0,1.034825,,False
b2c36,Batch 2,49.0,1.0339044,,False
b2c36,Batch 2,50.0,1.032944,,False
b2c36,Batch 2,51.0,1.0318539,,False
b2c36,Batch 2,53.0,1.0302485,,False
b2c36,Batch 2,54.0,1.0291648,,False
b2c36,Batch 2,55.0,1.0283408,,False
b2c36,Batch 2,57.0,1.0264002,,False
b2c36,Batch 2,58.0,1.0255502,,False
b2c36,Batch 2,59.0,1.0246276,,False
b2c36,Batch 2,60.0,1.023815,,False
b2c36,Batch 2,62.0,1.021775,,False
b2c36,Batch 2,63.0,1.021031,,False
b2c36,Batch 2,64.0,1.0200971,,False
b2c36,Batch 2,65.0,1.0191368,,False
b2c36,Batch 2,67.0,0.90709597,,False
b2c36,Batch 2,68.0,1.0129994,,False
b2c36,Batch 2,69.0,1.0134634,,False
b2c36,Batch 2,71.0,1.014061,,False
b2c36,Batch 2,72.0,1.0141634,,False
b2c36,Batch 2,73.0,1.0137185,,False
b2c36,Batch 2,74.0,1.0135207,,False
b2c36,Batch 2,76.0,1.0133512,,False
b2c36,Batch 2,77.0,1.0132259,,False
b2c36,Batch 2,78.0,1.0127238,,False
b2c36,Batch 2,79.0,1.0124643,,False
b2c36,Batch 2,81.0,1.0120025,,False
b2c36,Batch 2,82.0,1.0114653,,False
b2c36,Batch 2,83.0,1.011307,,False
b2c36,Batch 2,85.0,1.0101947,,False
b2c36,Batch 2,86.0,1.0098945,,False
b2c36,Batch 2,87.0,1.0095204,,False
b2c36,Batch 2,88.0,1.0090158,,False
b2c36,Batch 2,90.0,1.008229,,False
b2c36,Batch 2,91.0,1.0078259,,False
b2c36,Batch 2,92.0,1.007498,,False
b2c36,Batch 2,94.0,1.0061666,,False
b2c36,Batch 2,95.0,1.0057956,,False
b2c36,Batch 2,96.0,1.0053388,,False
b2c36,Batch 2,97.0,1.004904,,False
b2c36,Batch 2,99.0,2.0132973,,False
b2c36,Batch 2,100.0,1.0034419,,False
b2c36,Batch 2,101.0,1.0042319,,False
b2c36,Batch 2,102.0,1.0040377,,False
b2c36,Batch 2,104.0,1.0040979,,False
b2c36,Batch 2,105.0,1.0039504,,False
b2c36,Batch 2,106.0,1.0038521,,False
b2c36,Batch 2,108.0,1.0032849,,False
b2c36,Batch 2,109.0,1.003142,,False
b2c36,Batch 2,110.0,1.0028549,,False
b2c36,Batch 2,111.0,1.0027189,,False
b2c36,Batch 2,113.0,1.0021207,,False
b2c36,Batch 2,114.0,1.001713,,False
b2c36,Batch 2,115.0,1.0012413,,False
b2c36,Batch 2,116.0,1.0012333,,False
b2c36,Batch 2,118.0,1.0003873,,False
b2c36,Batch 2,119.0,1.0000432,,False
b2c36,Batch 2,120.0,0.99977058,,False
b2c36,Batch 2,122.0,0.99901932,,False
b2c36,Batch 2,123.0,0.9984386,,False
b2c36,Batch 2,124.0,0.9981764,,False
b2c36,Batch 2,125.0,0.99778795,,False
b2c36,Batch 2,127.0,0.9968102,,False
b2c36,Batch 2,128.0,0.99669999,,False
b2c36,Batch 2,129.0,0.99597883,,False
b2c36,Batch 2,130.0,0.99546361,,False
b2c36,Batch 2,132.0,0.99447554,,False
b2c36,Batch 2,133.0,0.9943127,,False
b2c36,Batch 2,134.0,0.99364525,,False
b2c36,Batch 2,136.0,0.9927848,,False
b2c36,Batch 2,137.0,0.9922049,,False
b2c36,Batch 2,138.0,0.99167544,,False
b2c36,Batch 2,139.0,0.9911328,,False
b2c36,Batch 2,141.0,0.99017662,,False
b2c36,Batch 2,142.0,0.98960048,,False
b2c36,Batch 2,143.0,0.98913467,,False
b2c36,Batch 2,144.0,0.98855031,,False
b2c36,Batch 2,146.0,0.98752761,,False
b2c36,Batch 2,147.0,0.98697817,,False
b2c36,Batch 2,148.0,0.98602879,,False
b2c36,Batch 2,150.0,0.98496014,,False
b2c36,Batch 2,151.0,0.9846096,,False
b2c36,Batch 2,152.0,0.98378682,,False
b2c36,Batch 2,153.0,0.98311073,,False
b2c36,Batch 2,155.0,0.98205197,,False
b2c36,Batch 2,156.0,0.98156083,,False
b2c36,Batch 2,157.0,0.98080164,,False
b2c36,Batch 2,158.0,0.9802931,,False
b2c36,Batch 2,160.0,0.97898859,,False
b2c36,Batch 2,161.0,0.97843546,,False
b2c36,Batch 2,162.0,0.977781,,False
b2c36,Batch 2,164.0,0.97635943,,False
b2c36,Batch 2,165.0,0.97569531,,False
b2c36,Batch 2,166.0,0.9752391,,False
b2c36,Batch 2,167.0,0.97443056,,False
b2c36,Batch 2,169.0,0.97318375,,False
b2c36,Batch 2,170.0,0.97253501,,False
b2c36,Batch 2,171.0,0.97195894,,False
b2c36,Batch 2,172.0,0.9712742,,False
b2c36,Batch 2,174.0,0.96980006,,False
b2c36,Batch 2,175.0,0.96938217,,False
b2c36,Batch 2,176.0,0.96875054,,False
b2c36,Batch 2,178.0,0.9671877,,False
b2c36,Batch 2,179.0,0.96646613,,False
b2c36,Batch 2,180.0,0.96584511,,False
b2c36,Batch 2,181.0,0.9651615,,False
b2c36,Batch 2,183.0,0.9638657,,False
b2c36,Batch 2,184.0,0.96307087,,False
b2c36,Batch 2,185.0,0.96258116,,False
b2c36,Batch 2,187.0,0.96110737,,False
b2c36,Batch 2,188.0,0.96024323,,False
b2c36,Batch 2,189.0,0.9597224,,False
b2c36,Batch 2,190.0,0.95919037,,False
b2c36,Batch 2,192.0,0.95752555,,False
b2c36,Batch 2,193.0,0.95681781,,False
b2c36,Batch 2,194.0,0.95612639,,False
b2c36,Batch 2,195.0,0.95553368,,False
b2c36,Batch 2,197.0,0.95381886,,False
b2c36,Batch 2,198.0,0.95316845,,False
b2c36,Batch 2,199.0,0.95258719,,False
b2c36,Batch 2,201.0,0.9508698,,False
b2c36,Batch 2,202.0,0.95010191,,False
b2c36,Batch 2,203.0,0.94956172,,False
b2c36,Batch 2,204.0,0.94873697,,False
b2c36,Batch 2,206.0,0.9472214,,False
b2c36,Batch 2,207.0,0.9466722,,False
b2c36,Batch 2,208.0,0.94580263,,False
b2c36,Batch 2,209.0,0.94507051,,False
b2c36,Batch 2,211.0,0.94338936,,False
b2c36,Batch 2,212.0,0.94281304,,False
b2c36,Batch 2,213.0,0.94199991,,False
b2c36,Batch 2,215.0,0.94049436,,False
b2c36,Batch 2,216.0,0.93986797,,False
b2c36,Batch 2,217.0,0.93910062,,False
b2c36,Batch 2,218.0,0.93812203,,False
b2c36,Batch 2,220.0,0.9367367,,False
b2c36,Batch 2,221.0,0.93594593,,False
b2c36,Batch 2,222.0,0.93495715,,False
b2c36,Batch 2,223.0,0.9341442,,False
b2c36,Batch 2,225.0,0.93291384,,False
b2c36,Batch 2,226.0,0.93196452,,False
b2c36,Batch 2,227.0,0.93113971,,False
b2c36,Batch 2,229.0,0.92958486,,False
b2c36,Batch 2,230.0,0.92874444,,False
b2c36,Batch 2,231.0,0.92780548,,False
b2c36,Batch 2,232.0,0.92706716,,False
b2c36,Batch 2,234.0,0.92568487,,False
b2c36,Batch 2,235.0,0.92468846,,False
b2c36,Batch 2,236.0,0.92379832,,False
b2c36,Batch 2,237.0,0.92297679,,False
b2c36,Batch 2,239.0,0.92129087,,False
b2c36,Batch 2,240.0,0.92039102,,False
b2c36,Batch 2,241.0,0.91949695,,False
b2c36,Batch 2,243.0,0.91791779,,False
b2c36,Batch 2,244.0,0.91702968,,False
b2c36,Batch 2,245.0,0.9161889,,False
b2c36,Batch 2,246.0,0.91550839,,False
b2c36,Batch 2,248.0,0.91337526,,False
b2c36,Batch 2,249.0,0.91258055,,False
b2c36,Batch 2,250.0,0.9119032,,False
b2c36,Batch 2,251.0,0.9108687,,False
b2c36,Batch 2,253.0,0.90889859,,False
b2c36,Batch 2,254.0,0.90813136,,False
b2c36,Batch 2,255.0,0.90713954,,False
b2c36,Batch 2,257.0,0.90515637,,False
b2c36,Batch 2,258.0,0.90420467,,False
b2c36,Batch 2,259.0,0.90331584,,False
b2c36,Batch 2,260.0,0.90212971,,False
b2c36,Batch 2,262.0,0.90019298,,False
b2c36,Batch 2,263.0,0.89918005,,False
b2c36,Batch 2,264.0,0.89806455,,False
b2c36,Batch 2,265.0,0.89701581,,False
b2c36,Batch 2,267.0,0.89495808,,False
b2c36,Batch 2,268.0,0.89388585,,False
b2c36,Batch 2,269.0,0.89295697,,False
b2c36,Batch 2,271.0,0.89095908,,False
b2c36,Batch 2,272.0,0.88982302,,False
b2c36,Batch 2,273.0,0.88877463,,False
b2c36,Batch 2,274.0,0.88771737,,False
b2c36,Batch 2,276.0,0.88548136,,False
b2c36,Batch 2,277.0,0.88428861,,False
b2c36,Batch 2,278.0,0.8833425,,False
b2c36,Batch 2,280.0,0.88107425,,False
b2c37,Batch 2,1.0,1.0828245,,False
b2c37,Batch 2,2.0,1.0834186,,False
b2c37,Batch 2,3.0,1.0836084,,False
b2c37,Batch 2,4.0,1.0839012,,False
b2c37,Batch 2,5.0,1.0843946,,False
b2c37,Batch 2,6.0,1.0845304,,False
b2c37,Batch 2,7.0,1.0845034,,False
b2c37,Batch 2,8.0,1.0846896,,False
b2c37,Batch 2,9.0,1.0846877,,False
b2c37,Batch 2,10.0,1.0849046,,False
b2c37,Batch 2,11.0,1.0847795,,False
b2c37,Batch 2,12.0,1.0849553,,False
b2c37,Batch 2,13.0,1.085071,,False
b2c37,Batch 2,14.0,1.0851231,,False
b2c37,Batch 2,15.0,1.08514,,False
b2c37,Batch 2,16.0,1.0850689,,False
b2c37,Batch 2,17.0,1.0853097,,False
b2c37,Batch 2,18.0,1.0853027,,False
b2c37,Batch 2,19.0,1.0855683,,False
b2c37,Batch 2,20.0,1.0855249,,False
b2c37,Batch 2,21.0,1.0853225,,False
b2c37,Batch 2,22.0,1.0857142,,False
b2c37,Batch 2,23.0,1.0853884,,False
b2c37,Batch 2,24.0,1.0854911,,False
b2c37,Batch 2,25.0,1.0855545,,False
b2c37,Batch 2,26.0,1.0855546,,False
b2c37,Batch 2,27.0,1.0856849,,False
b2c37,Batch 2,28.0,1.0856198,,False
b2c37,Batch 2,29.0,1.0857155,,False
b2c37,Batch 2,30.0,1.085579,,False
b2c37,Batch 2,31.0,1.0857635,,False
b2c37,Batch 2,32.0,1.0857121,,False
b2c37,Batch 2,33.0,1.0859344,,False
b2c37,Batch 2,34.0,1.0859023,,False
b2c37,Batch 2,35.0,1.085789,,False
b2c37,Batch 2,36.0,1.0859526,,False
b2c37,Batch 2,37.0,1.0857538,,False
b2c37,Batch 2,38.0,1.0859263,,False
b2c37,Batch 2,39.0,1.0858006,,False
b2c37,Batch 2,40.0,1.0858527,,False
b2c37,Batch 2,41.0,1.0858818,,False
b2c37,Batch 2,42.0,1.0858983,,False
b2c37,Batch 2,43.0,1.0859573,,False
b2c37,Batch 2,44.0,1.0857525,,False
b2c37,Batch 2,45.0,1.0859668,,False
b2c37,Batch 2,46.0,1.0860035,,False
b2c37,Batch 2,47.0,0.99869299,,False
b2c37,Batch 2,48.0,1.0823603,,False
b2c37,Batch 2,49.0,1.0833085,,False
b2c37,Batch 2,50.0,1.0839109,,False
b2c37,Batch 2,51.0,1.0839819,,False
b2c37,Batch 2,52.0,1.084241,,False
b2c37,Batch 2,53.0,1.0844364,,False
b2c37,Batch 2,54.0,1.084939,,False
b2c37,Batch 2,55.0,1.0847398,,False
b2c37,Batch 2,56.0,1.0848747,,False
b2c37,Batch 2,57.0,1.0848539,,False
b2c37,Batch 2,58.0,1.0846933,,False
b2c37,Batch 2,59.0,1.0848602,,False
b2c37,Batch 2,60.0,1.0848175,,False
b2c37,Batch 2,61.0,1.0851519,,False
b2c37,Batch 2,62.0,1.0850393,,False
b2c37,Batch 2,63.0,1.0851561,,False
b2c37,Batch 2,64.0,1.0849918,,False
b2c37,Batch 2,65.0,1.0850731,,False
b2c37,Batch 2,66.0,1.085233,,False
b2c37,Batch 2,67.0,1.084913,,False
b2c37,Batch 2,68.0,1.0851027,,False
b2c37,Batch 2,69.0,1.0850251,,False
b2c37,Batch 2,70.0,1.0851369,,False
b2c37,Batch 2,71.0,1.085207,,False
b2c37,Batch 2,72.0,1.0852933,,False
b2c37,Batch 2,73.0,1.0851051,,False
b2c37,Batch 2,74.0,1.0850737,,False
b2c37,Batch 2,75.0,1.0852995,,False
b2c37,Batch 2,76.0,1.0850644,,False
b2c37,Batch 2,77.0,1.0850356,,False
b2c37,Batch 2,78.0,1.0852298,,False
b2c37,Batch 2,79.0,1.085446,,False
b2c37,Batch 2,80.0,1.085183,,False
b2c37,Batch 2,81.0,1.0851487,,False
b2c37,Batch 2,82.0,1.0850984,,False
b2c37,Batch 2,83.0,1.0852993,,False
b2c37,Batch 2,84.0,1.0849322,,False
b2c37,Batch 2,85.0,1.0854156,,False
b2c37,Batch 2,86.0,1.0848913,,False
b2c37,Batch 2,87.0,1.0849099,,False
b2c37,Batch 2,88.0,1.0849705,,False
b2c37,Batch 2,89.0,1.0850203,,False
b2c37,Batch 2,90.0,1.085044,,False
b2c37,Batch 2,91.0,1.0848395,,False
b2c37,Batch 2,92.0,1.0848498,,False
b2c37,Batch 2,93.0,1.0847569,,False
b2c37,Batch 2,94.0,1.0848198,,False
b2c37,Batch 2,95.0,1.0848835,,False
b2c37,Batch 2,96.0,1.0847539,,False
b2c37,Batch 2,97.0,1.0849366,,False
b2c37,Batch 2,98.0,1.0848744,,False
b2c37,Batch 2,99.0,1.0848085,,False
b2c37,Batch 2,100.0,2.1673884,,False
b2c37,Batch 2,101.0,2.1693008,,False
b2c38,Batch 2,1.0,1.083521,,False
b2c38,Batch 2,2.0,1.0843664,,False
b2c38,Batch 2,3.0,1.0845771,,False
b2c38,Batch 2,4.0,1.0850062,,False
b2c38,Batch 2,5.0,1.0853578,,False
b2c38,Batch 2,6.0,1.0853142,,False
b2c38,Batch 2,7.0,1.0855815,,False
b2c38,Batch 2,8.0,1.0857445,,False
b2c38,Batch 2,9.0,1.0858036,,False
b2c38,Batch 2,10.0,1.0860128,,False
b2c38,Batch 2,11.0,1.0859107,,False
b2c38,Batch 2,12.0,1.0859317,,False
b2c38,Batch 2,13.0,1.0861989,,False
b2c38,Batch 2,14.0,1.0862443,,False
b2c38,Batch 2,15.0,1.0862811,,False
b2c38,Batch 2,16.0,1.0862097,,False
b2c38,Batch 2,17.0,1.0863242,,False
b2c38,Batch 2,18.0,1.0863507,,False
b2c38,Batch 2,19.0,1.0864004,,False
b2c38,Batch 2,20.0,1.0864428,,False
b2c38,Batch 2,21.0,1.0864588,,False
b2c38,Batch 2,22.0,1.0863678,,False
b2c38,Batch 2,23.0,1.086388,,False
b2c38,Batch 2,24.0,1.0863355,,False
b2c38,Batch 2,25.0,1.0864023,,False
b2c38,Batch 2,26.0,1.086408,,False
b2c38,Batch 2,27.0,1.0866046,,False
b2c38,Batch 2,28.0,1.0866112,,False
b2c38,Batch 2,29.0,1.0864739,,False
b2c38,Batch 2,30.0,1.0868007,,False
b2c38,Batch 2,31.0,1.0865369,,False
b2c38,Batch 2,32.0,1.0866297,,False
b2c38,Batch 2,33.0,1.0864364,,False
b2c38,Batch 2,34.0,1.0865645,,False
b2c38,Batch 2,35.0,1.0865825,,False
b2c38,Batch 2,36.0,1.0865479,,False
b2c38,Batch 2,37.0,1.0867323,,False
b2c38,Batch 2,38.0,1.0866762,,False
b2c38,Batch 2,39.0,1.0866811,,False
b2c38,Batch 2,40.0,1.0864781,,False
b2c38,Batch 2,41.0,1.0863816,,False
b2c38,Batch 2,42.0,1.0866078,,False
b2c38,Batch 2,43.0,1.0865425,,False
b2c38,Batch 2,44.0,1.0866078,,False
b2c38,Batch 2,45.0,1.0864208,,False
b2c38,Batch 2,46.0,1.0863984,,False
b2c38,Batch 2,47.0,1.0864426,,False
b2c38,Batch 2,48.0,1.0864282,,False
b2c38,Batch 2,49.0,1.0744981,,False
b2c38,Batch 2,50.0,1.0782462,,False
b2c38,Batch 2,51.0,1.0799172,,False
b2c38,Batch 2,52.0,1.0804276,,False
b2c38,Batch 2,53.0,1.0810245,,False
b2c38,Batch 2,54.0,1.0812248,,False
b2c38,Batch 2,55.0,1.0817885,,False
b2c38,Batch 2,56.0,1.0816377,,False
b2c38,Batch 2,57.0,1.0817412,,False
b2c38,Batch 2,58.0,1.0819782,,False
b2c38,Batch 2,59.0,1.0820034,,False
b2c38,Batch 2,60.0,1.0820905,,False
b2c38,Batch 2,61.0,1.0822403,,False
b2c38,Batch 2,62.0,1.0822334,,False
b2c38,Batch 2,63.0,1.082473,,False
b2c38,Batch 2,64.0,1.0824499,,False
b2c38,Batch 2,65.0,1.0826031,,False
b2c38,Batch 2,66.0,1.0826467,,False
b2c38,Batch 2,67.0,1.0828296,,False
b2c38,Batch 2,68.0,1.0826266,,False
b2c38,Batch 2,69.0,1.0826751,,False
b2c38,Batch 2,70.0,1.0827107,,False
b2c38,Batch 2,71.0,1.0828545,,False
b2c38,Batch 2,72.0,1.0829127,,False
b2c38,Batch 2,73.0,1.082804,,False
b2c38,Batch 2,74.0,1.0828282,,False
b2c38,Batch 2,75.0,1.0829407,,False
b2c38,Batch 2,76.0,1.0828365,,False
b2c38,Batch 2,77.0,1.0832103,,False
b2c38,Batch 2,78.0,1.0830631,,False
b2c38,Batch 2,79.0,1.0829263,,False
b2c38,Batch 2,80.0,1.0829831,,False
b2c38,Batch 2,81.0,1.0829909,,False
b2c38,Batch 2,82.0,1.0830526,,False
b2c38,Batch 2,83.0,1.0828843,,False
b2c38,Batch 2,84.0,1.0828298,,False
b2c38,Batch 2,85.0,1.0828818,,False
b2c38,Batch 2,86.0,1.0827756,,False
b2c38,Batch 2,87.0,1.0827985,,False
b2c38,Batch 2,88.0,1.0826205,,False
b2c38,Batch 2,89.0,1.0826298,,False
b2c38,Batch 2,90.0,1.0825928,,False
b2c38,Batch 2,91.0,1.0824466,,False
b2c38,Batch 2,92.0,1.0824922,,False
b2c38,Batch 2,93.0,1.0822431,,False
b2c38,Batch 2,94.0,1.0822078,,False
b2c38,Batch 2,95.0,1.0821536,,False
b2c38,Batch 2,96.0,1.0823214,,False
b2c38,Batch 2,97.0,1.0823163,,False
b2c38,Batch 2,98.0,1.0820967,,False
b2c38,Batch 2,99.0,1.0820881,,False
b2c38,Batch 2,100.0,2.1622672,,False
b2c38,Batch 2,101.0,2.1653843,,False
b2c39,Batch 2,1.0,1.0710551,,False
b2c39,Batch 2,2.0,1.072063,,False
b2c39,Batch 2,4.0,1.0729375,,False
b2c39,Batch 2,6.0,1.0733504,,False
b2c39,Batch 2,8.0,1.0736821,,False
b2c39,Batch 2,10.0,1.0737677,,False
b2c39,Batch 2,12.0,1.0739639,,False
b2c39,Batch 2,14.0,1.074057,,False
b2c39,Batch 2,16.0,1.0740067,,False
b2c39,Batch 2,18.0,1.0742168,,False
b2c39,Batch 2,20.0,1.0739597,,False
b2c39,Batch 2,22.0,1.0739574,,False
b2c39,Batch 2,24.0,1.0741042,,False
b2c39,Batch 2,26.0,1.0738286,,False
b2c39,Batch 2,28.0,1.0739391,,False
b2c39,Batch 2,30.0,1.0737782,,False
b2c39,Batch 2,32.0,1.0738059,,False
b2c39,Batch 2,34.0,1.0738043,,False
b2c39,Batch 2,36.0,1.0734293,,False
b2c39,Batch 2,38.0,1.0735672,,False
b2c39,Batch 2,40.0,1.0733879,,False
b2c39,Batch 2,42.0,1.073489,,False
b2c39,Batch 2,44.0,1.073336,,False
b2c39,Batch 2,46.0,1.0731251,,False
b2c39,Batch 2,48.0,1.0731957,,False
b2c39,Batch 2,50.0,1.0731009,,False
b2c39,Batch 2,52.0,1.0656585,,False
b2c39,Batch 2,54.0,1.0678511,,False
b2c39,Batch 2,56.0,1.0685599,,False
b2c39,Batch 2,58.0,1.0691372,,False
b2c39,Batch 2,60.0,1.0693114,,False
b2c39,Batch 2,62.0,1.0694119,,False
b2c39,Batch 2,64.0,1.069417,,False
b2c39,Batch 2,66.0,1.0695089,,False
b2c39,Batch 2,68.0,1.0696505,,False
b2c39,Batch 2,70.0,1.0696331,,False
b2c39,Batch 2,72.0,1.0695293,,False
b2c39,Batch 2,74.0,1.0694363,,False
b2c39,Batch 2,76.0,1.0694873,,False
b2c39,Batch 2,78.0,1.0694135,,False
b2c39,Batch 2,80.0,1.0695173,,False
b2c39,Batch 2,82.0,1.0694511,,False
b2c39,Batch 2,84.0,1.0694069,,False
b2c39,Batch 2,86.0,1.0689853,,False
b2c39,Batch 2,87.0,1.0690397,,False
b2c39,Batch 2,89.0,1.0690645,,False
b2c39,Batch 2,91.0,1.0689136,,False
b2c39,Batch 2,93.0,1.068736,,False
b2c39,Batch 2,95.0,1.0685,,False
b2c39,Batch 2,97.0,1.0682942,,False
b2c39,Batch 2,99.0,1.0683501,,False
b2c39,Batch 2,101.0,1.0655519,,False
b2c39,Batch 2,103.0,1.0662819,,False
b2c39,Batch 2,105.0,1.0666305,,False
b2c39,Batch 2,107.0,1.0667521,,False
b2c39,Batch 2,109.0,1.0667073,,False
b2c39,Batch 2,111.0,1.0668603,,False
b2c39,Batch 2,113.0,1.0669888,,False
b2c39,Batch 2,115.0,1.0666016,,False
b2c39,Batch 2,117.0,1.0666809,,False
b2c39,Batch 2,119.0,1.066535,,False
b2c39,Batch 2,121.0,1.0663027,,False
b2c39,Batch 2,123.0,1.0661286,,False
b2c39,Batch 2,125.0,1.0660053,,False
b2c39,Batch 2,127.0,1.0660279,,False
b2c39,Batch 2,129.0,1.0656554,,False
b2c39,Batch 2,131.0,1.0654514,,False
b2c39,Batch 2,133.0,1.0652894,,False
b2c39,Batch 2,135.0,1.0651833,,False
b2c39,Batch 2,137.0,1.0648853,,False
b2c39,Batch 2,139.0,1.0644641,,False
b2c39,Batch 2,141.0,1.0642439,,False
b2c39,Batch 2,143.0,1.0640166,,False
b2c39,Batch 2,145.0,1.0636319,,False
b2c39,Batch 2,147.0,1.0635091,,False
b2c39,Batch 2,149.0,1.06311,,False
b2c39,Batch 2,151.0,1.0627167,,False
b2c39,Batch 2,153.0,1.0626152,,False
b2c39,Batch 2,155.0,1.0622231,,False
b2c39,Batch 2,157.0,1.0618861,,False
b2c39,Batch 2,159.0,1.061413,,False
b2c39,Batch 2,161.0,1.0611413,,False
b2c39,Batch 2,163.0,1.060697,,False
b2c39,Batch 2,165.0,1.0604285,,False
b2c39,Batch 2,167.0,1.0600628,,False
b2c39,Batch 2,169.0,1.0596917,,False
b2c39,Batch 2,171.0,1.0592813,,False
b2c39,Batch 2,173.0,1.0588998,,False
b2c39,Batch 2,174.0,1.0586491,,False
b2c39,Batch 2,176.0,1.0582807,,False
b2c39,Batch 2,178.0,1.0577294,,False
b2c39,Batch 2,180.0,1.0573781,,False
b2c39,Batch 2,182.0,1.0570093,,False
b2c39,Batch 2,184.0,1.0564945,,False
b2c39,Batch 2,186.0,1.0561185,,False
b2c39,Batch 2,188.0,1.055635,,False
b2c39,Batch 2,190.0,1.0553392,,False
b2c39,Batch 2,192.0,1.0548745,,False
b2c39,Batch 2,194.0,1.0543355,,False
b2c39,Batch 2,196.0,1.0539044,,False
b2c39,Batch 2,198.0,1.053391,,False
b2c39,Batch 2,200.0,1.0529104,,False
b2c39,Batch 2,202.0,1.0525732,,False
b2c39,Batch 2,204.0,1.051972,,False
b2c39,Batch 2,206.0,1.0516422,,False
b2c39,Batch 2,208.0,1.0512822,,False
b2c39,Batch 2,210.0,1.050632,,False
b2c39,Batch 2,212.0,1.049978,,False
b2c39,Batch 2,214.0,1.0494087,,False
b2c39,Batch 2,216.0,1.0489604,,False
b2c39,Batch 2,218.0,1.0483997,,False
b2c39,Batch 2,220.0,1.0477613,,False
b2c39,Batch 2,222.0,1.0473946,,False
b2c39,Batch 2,224.0,1.0467389,,False
b2c39,Batch 2,226.0,1.0463248,,False
b2c39,Batch 2,228.0,1.0457139,,False
b2c39,Batch 2,230.0,1.045298,,False
b2c39,Batch 2,232.0,1.0444198,,False
b2c39,Batch 2,234.0,1.0439183,,False
b2c39,Batch 2,236.0,1.0430479,,False
b2c39,Batch 2,238.0,1.0428491,,False
b2c39,Batch 2,240.0,1.0420341,,False
b2c39,Batch 2,242.0,1.0415689,,False
b2c39,Batch 2,244.0,1.0408787,,False
b2c39,Batch 2,246.0,1.0401686,,False
b2c39,Batch 2,248.0,1.0394427,,False
b2c39,Batch 2,250.0,1.0387667,,False
b2c39,Batch 2,252.0,1.0381676,,False
b2c39,Batch 2,254.0,1.0374407,,False
b2c39,Batch 2,256.0,1.036763,,False
b2c39,Batch 2,258.0,1.0361056,,False
b2c39,Batch 2,260.0,1.0354886,,False
b2c39,Batch 2,261.0,1.0349625,,False
b2c39,Batch 2,263.0,1.0342146,,False
b2c39,Batch 2,265.0,1.0335391,,False
b2c39,Batch 2,267.0,1.0327442,,False
b2c39,Batch 2,269.0,1.0320089,,False
b2c39,Batch 2,271.0,1.0312234,,False
b2c39,Batch 2,273.0,1.0303053,,False
b2c39,Batch 2,275.0,1.0294236,,False
b2c39,Batch 2,277.0,1.0285541,,False
b2c39,Batch 2,279.0,1.0277567,,False
b2c39,Batch 2,281.0,1.0269321,,False
b2c39,Batch 2,283.0,1.0261487,,False
b2c39,Batch 2,285.0,1.0248917,,False
b2c39,Batch 2,287.0,1.0242499,,False
b2c39,Batch 2,289.0,1.0232682,,False
b2c39,Batch 2,291.0,1.0223197,,False
b2c39,Batch 2,293.0,1.0211948,,False
b2c39,Batch 2,295.0,1.0200305,,False
b2c39,Batch 2,297.0,1.0191747,,False
b2c39,Batch 2,299.0,1.0181164,,False
b2c39,Batch 2,301.0,1.0171092,,False
b2c39,Batch 2,303.0,1.016036,,False
b2c39,Batch 2,305.0,1.0149357,,False
b2c39,Batch 2,307.0,1.0138539,,False
b2c39,Batch 2,309.0,1.0126784,,False
b2c39,Batch 2,311.0,1.0115213,,False
b2c39,Batch 2,313.0,1.0103973,,False
b2c39,Batch 2,315.0,1.009284,,False
b2c39,Batch 2,317.0,1.0080367,,False
b2c39,Batch 2,319.0,1.0067422,,False
b2c39,Batch 2,321.0,1.0053729,,False
b2c39,Batch 2,323.0,1.0042192,,False
b2c39,Batch 2,325.0,1.002986,,False
b2c39,Batch 2,327.0,1.0016701,,False
b2c39,Batch 2,329.0,1.0002006,,False
b2c39,Batch 2,331.0,0.99895751,,False
b2c39,Batch 2,333.0,0.99755639,,False
b2c39,Batch 2,335.0,0.99593157,,False
b2c39,Batch 2,337.0,0.99454218,,False
b2c39,Batch 2,339.0,0.9932096,,False
b2c39,Batch 2,341.0,0.99170691,,False
b2c39,Batch 2,343.0,0.99012566,,False
b2c39,Batch 2,345.0,0.98849106,,False
b2c39,Batch 2,347.0,0.98702759,,False
b2c39,Batch 2,348.0,0.98623431,,False
b2c39,Batch 2,350.0,0.98453552,,False
b2c39,Batch 2,352.0,0.98289788,,False
b2c39,Batch 2,354.0,0.98124373,,False
b2c39,Batch 2,356.0,0.97956032,,False
b2c39,Batch 2,358.0,0.97775811,,False
b2c39,Batch 2,360.0,0.9759692,,False
b2c39,Batch 2,362.0,0.97434968,,False
b2c39,Batch 2,364.0,0.97252214,,False
b2c39,Batch 2,366.0,0.97061157,,False
b2c39,Batch 2,368.0,0.96881652,,False
b2c39,Batch 2,370.0,0.96689248,,False
b2c39,Batch 2,372.0,0.96490204,,False
b2c39,Batch 2,374.0,0.96275085,,False
b2c39,Batch 2,376.0,0.9608289,,False
b2c39,Batch 2,378.0,0.95885193,,False
b2c39,Batch 2,380.0,0.95675421,,False
b2c39,Batch 2,382.0,0.95464385,,False
b2c39,Batch 2,384.0,0.95231515,,False
b2c39,Batch 2,386.0,0.95028865,,False
b2c39,Batch 2,388.0,0.94792384,,False
b2c39,Batch 2,390.0,0.94561744,,False
b2c39,Batch 2,392.0,0.94334984,,False
b2c39,Batch 2,394.0,0.94091535,,False
b2c39,Batch 2,396.0,0.93868893,,False
b2c39,Batch 2,398.0,0.93614447,,False
b2c39,Batch 2,400.0,0.93358213,,False
b2c39,Batch 2,402.0,0.93110359,,False
b2c39,Batch 2,404.0,0.92848235,,False
b2c39,Batch 2,406.0,0.92590016,,False
b2c39,Batch 2,408.0,0.92322963,,False
b2c39,Batch 2,410.0,0.92054158,,False
b2c39,Batch 2,412.0,0.91770077,,False
b2c39,Batch 2,414.0,0.91494173,,False
b2c39,Batch 2,416.0,0.91215754,,False
b2c39,Batch 2,418.0,0.90907478,,False
b2c39,Batch 2,420.0,0.90601152,,False
b2c39,Batch 2,422.0,0.90272814,,False
b2c39,Batch 2,424.0,0.89951682,,False
b2c39,Batch 2,426.0,0.8960706,,False
b2c39,Batch 2,428.0,0.89240819,,False
b2c39,Batch 2,430.0,0.88861936,,False
b2c39,Batch 2,432.0,0.88493532,,False
b2c39,Batch 2,434.0,0.88120419,,False
b2c40,Batch 2,1.0,1.0828723,,False
b2c40,Batch 2,3.0,1.0843401,,False
b2c40,Batch 2,5.0,1.0849941,,False
b2c40,Batch 2,7.0,1.085412,,False
b2c40,Batch 2,9.0,1.085871,,False
b2c40,Batch 2,11.0,1.0860556,,False
b2c40,Batch 2,13.0,1.0862259,,False
b2c40,Batch 2,15.0,1.0864347,,False
b2c40,Batch 2,17.0,1.0864909,,False
b2c40,Batch 2,19.0,1.0866239,,False
b2c40,Batch 2,21.0,1.0868214,,False
b2c40,Batch 2,24.0,1.0868189,,False
b2c40,Batch 2,26.0,1.0870364,,False
b2c40,Batch 2,28.0,1.0871054,,False
b2c40,Batch 2,30.0,1.0872024,,False
b2c40,Batch 2,32.0,1.0872216,,False
b2c40,Batch 2,34.0,1.0873698,,False
b2c40,Batch 2,36.0,1.0873898,,False
b2c40,Batch 2,38.0,1.0873753,,False
b2c40,Batch 2,40.0,1.0875179,,False
b2c40,Batch 2,42.0,1.0874486,,False
b2c40,Batch 2,44.0,1.0873148,,False
b2c40,Batch 2,47.0,1.0873504,,False
b2c40,Batch 2,49.0,1.0790228,,False
b2c40,Batch 2,51.0,1.0821662,,False
b2c40,Batch 2,53.0,1.0830253,,False
b2c40,Batch 2,55.0,1.0834526,,False
b2c40,Batch 2,57.0,1.0838884,,False
b2c40,Batch 2,59.0,1.0841136,,False
b2c40,Batch 2,61.0,1.0843505,,False
b2c40,Batch 2,63.0,1.084549,,False
b2c40,Batch 2,65.0,1.0846103,,False
b2c40,Batch 2,67.0,1.0846943,,False
b2c40,Batch 2,70.0,1.0849499,,False
b2c40,Batch 2,72.0,1.0851955,,False
b2c40,Batch 2,74.0,1.0850908,,False
b2c40,Batch 2,76.0,1.0850341,,False
b2c40,Batch 2,78.0,1.085207,,False
b2c40,Batch 2,80.0,1.0853351,,False
b2c40,Batch 2,82.0,1.0852617,,False
b2c40,Batch 2,84.0,1.0854452,,False
b2c40,Batch 2,86.0,1.0854067,,False
b2c40,Batch 2,88.0,1.0853679,,False
b2c40,Batch 2,90.0,1.0852506,,False
b2c40,Batch 2,93.0,1.0852773,,False
b2c40,Batch 2,95.0,1.0853361,,False
b2c40,Batch 2,97.0,1.0853851,,False
b2c40,Batch 2,99.0,1.085382,,False
b2c40,Batch 2,101.0,1.0826714,,False
b2c40,Batch 2,103.0,1.0833542,,False
b2c40,Batch 2,105.0,1.0834621,,False
b2c40,Batch 2,107.0,1.083663,,False
b2c40,Batch 2,109.0,1.0836731,,False
b2c40,Batch 2,111.0,1.0833966,,False
b2c40,Batch 2,113.0,1.08348,,False
b2c40,Batch 2,116.0,1.0831234,,False
b2c40,Batch 2,118.0,1.0830945,,False
b2c40,Batch 2,120.0,1.0830002,,False
b2c40,Batch 2,122.0,1.0828243,,False
b2c40,Batch 2,124.0,1.0826019,,False
b2c40,Batch 2,126.0,1.082372,,False
b2c40,Batch 2,128.0,1.0820649,,False
b2c40,Batch 2,130.0,1.0821339,,False
b2c40,Batch 2,132.0,1.0820171,,False
b2c40,Batch 2,134.0,1.0817785,,False
b2c40,Batch 2,136.0,1.0816157,,False
b2c40,Batch 2,139.0,1.0812908,,False
b2c40,Batch 2,141.0,1.0810391,,False
b2c40,Batch 2,143.0,1.0808047,,False
b2c40,Batch 2,145.0,1.0805758,,False
b2c40,Batch 2,147.0,1.0802156,,False
b2c40,Batch 2,149.0,1.080037,,False
b2c40,Batch 2,151.0,1.0797175,,False
b2c40,Batch 2,153.0,1.079443,,False
b2c40,Batch 2,155.0,1.0791767,,False
b2c40,Batch 2,157.0,1.0789586,,False
b2c40,Batch 2,159.0,1.0786459,,False
b2c40,Batch 2,162.0,1.0780923,,False
b2c40,Batch 2,164.0,1.0778331,,False
b2c40,Batch 2,166.0,1.0772551,,False
b2c40,Batch 2,168.0,1.0771047,,False
b2c40,Batch 2,170.0,1.0766203,,False
b2c40,Batch 2,172.0,1.0763991,,False
b2c40,Batch 2,174.0,1.0760587,,False
b2c40,Batch 2,176.0,1.0755984,,False
b2c40,Batch 2,178.0,1.075204,,False
b2c40,Batch 2,180.0,1.0748358,,False
b2c40,Batch 2,182.0,1.07469,,False
b2c40,Batch 2,185.0,1.0740111,,False
b2c40,Batch 2,187.0,1.0736599,,False
b2c40,Batch 2,189.0,1.0733846,,False
b2c40,Batch 2,191.0,1.0728995,,False
b2c40,Batch 2,193.0,1.0722668,,False
b2c40,Batch 2,195.0,1.0718657,,False
b2c40,Batch 2,197.0,1.071493,,False
b2c40,Batch 2,199.0,1.0711218,,False
b2c40,Batch 2,201.0,1.0706176,,False
b2c40,Batch 2,203.0,1.0703452,,False
b2c40,Batch 2,205.0,1.0697742,,False
b2c40,Batch 2,208.0,1.0688488,,False
b2c40,Batch 2,210.0,1.0683978,,False
b2c40,Batch 2,212.0,1.0679187,,False
b2c40,Batch 2,214.0,1.0674946,,False
b2c40,Batch 2,216.0,1.0671313,,False
b2c40,Batch 2,218.0,1.0664324,,False
b2c40,Batch 2,220.0,1.0660971,,False
b2c40,Batch 2,222.0,1.0657099,,False
b2c40,Batch 2,224.0,1.0649756,,False
b2c40,Batch 2,226.0,1.0645553,,False
b2c40,Batch 2,228.0,1.0640061,,False
b2c40,Batch 2,231.0,1.0631301,,False
b2c40,Batch 2,233.0,1.0627103,,False
b2c40,Batch 2,235.0,1.062052,,False
b2c40,Batch 2,237.0,1.0613502,,False
b2c40,Batch 2,239.0,1.0609386,,False
b2c40,Batch 2,241.0,1.0602784,,False
b2c40,Batch 2,243.0,1.059774,,False
b2c40,Batch 2,245.0,1.0591215,,False
b2c40,Batch 2,247.0,1.0586895,,False
b2c40,Batch 2,249.0,1.057914,,False
b2c40,Batch 2,251.0,1.0575234,,False
b2c40,Batch 2,254.0,1.056476,,False
b2c40,Batch 2,256.0,1.0560671,,False
b2c40,Batch 2,258.0,1.0553807,,False
b2c40,Batch 2,260.0,1.0546331,,False
b2c40,Batch 2,262.0,1.0540565,,False
b2c40,Batch 2,264.0,1.0534956,,False
b2c40,Batch 2,266.0,1.0527831,,False
b2c40,Batch 2,268.0,1.0522207,,False
b2c40,Batch 2,270.0,1.0515397,,False
b2c40,Batch 2,272.0,1.0508925,,False
b2c40,Batch 2,274.0,1.0498985,,False
b2c40,Batch 2,277.0,1.0489984,,False
b2c40,Batch 2,279.0,1.0482856,,False
b2c40,Batch 2,281.0,1.0474764,,False
b2c40,Batch 2,283.0,1.0468184,,False
b2c40,Batch 2,285.0,1.0460197,,False
b2c40,Batch 2,287.0,1.0453494,,False
b2c40,Batch 2,289.0,1.0443424,,False
b2c40,Batch 2,291.0,1.0438442,,False
b2c40,Batch 2,293.0,1.0429837,,False
b2c40,Batch 2,295.0,1.0422146,,False
b2c40,Batch 2,297.0,1.041443,,False
b2c40,Batch 2,300.0,1.0404236,,False
b2c40,Batch 2,302.0,1.0395559,,False
b2c40,Batch 2,304.0,1.0384974,,False
b2c40,Batch 2,306.0,1.0376505,,False
b2c40,Batch 2,308.0,1.0368903,,False
b2c40,Batch 2,310.0,1.0358945,,False
b2c40,Batch 2,312.0,1.0351949,,False
b2c40,Batch 2,314.0,1.034233,,False
b2c40,Batch 2,316.0,1.0332677,,False
b2c40,Batch 2,318.0,1.0323926,,False
b2c40,Batch 2,320.0,1.0312569,,False
b2c40,Batch 2,323.0,1.0297351,,False
b2c40,Batch 2,325.0,1.0287378,,False
b2c40,Batch 2,327.0,1.0278101,,False
b2c40,Batch 2,329.0,1.0267605,,False
b2c40,Batch 2,331.0,1.0256459,,False
b2c40,Batch 2,333.0,1.0243648,,False
b2c40,Batch 2,335.0,1.023436,,False
b2c40,Batch 2,337.0,1.0223093,,False
b2c40,Batch 2,339.0,1.0211926,,False
b2c40,Batch 2,341.0,1.020069,,False
b2c40,Batch 2,343.0,1.018653,,False
b2c40,Batch 2,346.0,1.0168616,,False
b2c40,Batch 2,348.0,1.0156888,,False
b2c40,Batch 2,350.0,1.0143318,,False
b2c40,Batch 2,352.0,1.0130004,,False
b2c40,Batch 2,354.0,1.0116235,,False
b2c40,Batch 2,356.0,1.0104017,,False
b2c40,Batch 2,358.0,1.0089456,,False
b2c40,Batch 2,360.0,1.0076313,,False
b2c40,Batch 2,362.0,1.0062104,,False
b2c40,Batch 2,364.0,1.004607,,False
b2c40,Batch 2,366.0,1.0032315,,False
b2c40,Batch 2,369.0,1.0007845,,False
b2c40,Batch 2,371.0,0.99922127,,False
b2c40,Batch 2,373.0,0.99763954,,False
b2c40,Batch 2,375.0,0.995933,,False
b2c40,Batch 2,377.0,0.99431032,,False
b2c40,Batch 2,379.0,0.99242538,,False
b2c40,Batch 2,381.0,0.99061126,,False
b2c40,Batch 2,383.0,0.98888665,,False
b2c40,Batch 2,385.0,0.98691386,,False
b2c40,Batch 2,387.0,0.98484063,,False
b2c40,Batch 2,389.0,0.9829309,,False
b2c40,Batch 2,392.0,0.97987187,,False
b2c40,Batch 2,394.0,0.97779691,,False
b2c40,Batch 2,396.0,0.97565305,,False
b2c40,Batch 2,398.0,0.97354138,,False
b2c40,Batch 2,400.0,0.97137201,,False
b2c40,Batch 2,402.0,0.96890152,,False
b2c40,Batch 2,404.0,0.96654636,,False
b2c40,Batch 2,406.0,0.96417475,,False
b2c40,Batch 2,408.0,0.96193057,,False
b2c40,Batch 2,410.0,0.95939249,,False
b2c40,Batch 2,412.0,0.95671523,,False
b2c40,Batch 2,415.0,0.95280951,,False
b2c40,Batch 2,417.0,0.95025939,,False
b2c40,Batch 2,419.0,0.94744426,,False
b2c40,Batch 2,421.0,0.94464386,,False
b2c40,Batch 2,423.0,0.94179708,,False
b2c40,Batch 2,425.0,0.9389649,,False
b2c40,Batch 2,427.0,0.93580794,,False
b2c40,Batch 2,429.0,0.9327752,,False
b2c40,Batch 2,431.0,0.92966437,,False
b2c40,Batch 2,433.0,0.92642415,,False
b2c40,Batch 2,435.0,0.92337781,,False
b2c40,Batch 2,438.0,0.91831243,,False
b2c40,Batch 2,440.0,0.91501421,,False
b2c40,Batch 2,442.0,0.91164619,,False
b2c40,Batch 2,444.0,0.90812689,,False
b2c40,Batch 2,446.0,0.90459937,,False
b2c40,Batch 2,448.0,0.90109575,,False
b2c40,Batch 2,450.0,0.89721572,,False
b2c40,Batch 2,452.0,0.89354253,,False
b2c40,Batch 2,454.0,0.88969815,,False
b2c40,Batch 2,456.0,0.88596904,,False
b2c40,Batch 2,459.0,0.88021344,,False
b2c41,Batch 2,1.0,1.1043886,442.0,False
b2c41,Batch 2,3.0,1.1052881,442.0,False
b2c41,Batch 2,5.0,1.1055639,442.0,False
b2c41,Batch 2,7.0,1.1050745,442.0,False
b2c41,Batch 2,9.0,1.1057193,442.0,False
b2c41,Batch 2,11.0,1.105657,442.0,False
b2c41,Batch 2,13.0,1.1051569,442.0,False
b2c41,Batch 2,15.0,1.1055152,442.0,False
b2c41,Batch 2,17.0,1.1054517,442.0,False
b2c41,Batch 2,19.0,1.105872,442.0,False
b2c41,Batch 2,22.0,1.1042128,442.0,False
b2c41,Batch 2,24.0,1.1049302,442.0,False
b2c41,Batch 2,26.0,1.1067715,442.0,False
b2c41,Batch 2,28.0,1.1054144,442.0,False
b2c41,Batch 2,30.0,1.1063628,442.0,False
b2c41,Batch 2,32.0,1.1059666,442.0,False
b2c41,Batch 2,34.0,1.1048051,442.0,False
b2c41,Batch 2,36.0,1.1068497,442.0,False
b2c41,Batch 2,38.0,1.1062871,442.0,False
b2c41,Batch 2,41.0,1.105924,442.0,False
b2c41,Batch 2,43.0,1.1063482,442.0,False
b2c41,Batch 2,45.0,1.1063017,442.0,False
b2c41,Batch 2,47.0,1.1072001,442.0,False
b2c41,Batch 2,49.0,1.1073972,442.0,False
b2c41,Batch 2,51.0,1.1007246,442.0,False
b2c41,Batch 2,53.0,1.1024756,442.0,False
b2c41,Batch 2,55.0,1.1044279,442.0,False
b2c41,Batch 2,57.0,1.1018921,442.0,False
b2c41,Batch 2,60.0,1.1030623,442.0,False
b2c41,Batch 2,62.0,1.1027219,442.0,False
b2c41,Batch 2,64.0,1.1042707,442.0,False
b2c41,Batch 2,66.0,1.1064459,442.0,False
b2c41,Batch 2,68.0,1.1047634,442.0,False
b2c41,Batch 2,70.0,1.1032826,442.0,False
b2c41,Batch 2,72.0,1.105706,442.0,False
b2c41,Batch 2,74.0,1.1060593,442.0,False
b2c41,Batch 2,76.0,1.1065912,442.0,False
b2c41,Batch 2,79.0,1.1055967,442.0,False
b2c41,Batch 2,81.0,1.1072161,442.0,False
b2c41,Batch 2,83.0,1.1074066,442.0,False
b2c41,Batch 2,85.0,1.1059489,442.0,False
b2c41,Batch 2,87.0,1.1067181,442.0,False
b2c41,Batch 2,89.0,1.1086004,442.0,False
b2c41,Batch 2,91.0,1.107967,442.0,False
b2c41,Batch 2,93.0,1.1096505,442.0,False
b2c41,Batch 2,95.0,1.1077646,442.0,False
b2c41,Batch 2,98.0,1.1069193,442.0,False
b2c41,Batch 2,100.0,1.108752,442.0,False
b2c41,Batch 2,102.0,1.1097858,442.0,False
b2c41,Batch 2,104.0,1.1084781,442.0,False
b2c41,Batch 2,106.0,1.1084971,442.0,False
b2c41,Batch 2,108.0,1.1090081,442.0,False
b2c41,Batch 2,110.0,1.1079637,442.0,False
b2c41,Batch 2,112.0,1.1083269,442.0,False
b2c41,Batch 2,114.0,1.1069368,442.0,False
b2c41,Batch 2,117.0,1.1088923,442.0,False
b2c41,Batch 2,119.0,1.1091106,442.0,False
b2c41,Batch 2,121.0,1.1082149,442.0,False
b2c41,Batch 2,123.0,1.1095924,442.0,False
b2c41,Batch 2,125.0,1.1084632,442.0,False
b2c41,Batch 2,127.0,1.1081716,442.0,False
b2c41,Batch 2,129.0,1.1083964,442.0,False
b2c41,Batch 2,131.0,1.1079001,442.0,False
b2c41,Batch 2,133.0,1.1092162,442.0,False
b2c41,Batch 2,136.0,1.1092758,442.0,False
b2c41,Batch 2,138.0,1.1091571,442.0,False
b2c41,Batch 2,140.0,1.1067039,442.0,False
b2c41,Batch 2,142.0,1.1066422,442.0,False
b2c41,Batch 2,144.0,1.1091743,442.0,False
b2c41,Batch 2,146.0,1.1069733,442.0,False
b2c41,Batch 2,148.0,1.1054343,442.0,False
b2c41,Batch 2,150.0,1.1062288,442.0,False
b2c41,Batch 2,152.0,1.1081238,442.0,False
b2c41,Batch 2,155.0,1.1071168,442.0,False
b2c41,Batch 2,157.0,1.1062592,442.0,False
b2c41,Batch 2,159.0,1.1076889,442.0,False
b2c41,Batch 2,161.0,1.1045049,442.0,False
b2c41,Batch 2,163.0,1.1057761,442.0,False
b2c41,Batch 2,165.0,1.1066923,442.0,False
b2c41,Batch 2,167.0,1.105914,442.0,False
b2c41,Batch 2,169.0,1.1043789,442.0,False
b2c41,Batch 2,171.0,1.1049477,442.0,False
b2c41,Batch 2,173.0,1.1042819,442.0,False
b2c41,Batch 2,176.0,1.1029788,442.0,False
b2c41,Batch 2,178.0,1.1043111,442.0,False
b2c41,Batch 2,180.0,1.104658,442.0,False
b2c41,Batch 2,182.0,1.1007423,442.0,False
b2c41,Batch 2,184.0,1.1023731,442.0,False
b2c41,Batch 2,186.0,1.1024736,442.0,False
b2c41,Batch 2,188.0,1.100881,442.0,False
b2c41,Batch 2,190.0,1.1016892,442.0,False
b2c41,Batch 2,192.0,1.1013846,442.0,False
b2c41,Batch 2,195.0,1.0998843,442.0,False
b2c41,Batch 2,197.0,1.1003976,442.0,False
b2c41,Batch 2,199.0,1.100651,442.0,False
b2c41,Batch 2,201.0,1.0979325,442.0,False
b2c41,Batch 2,203.0,1.1000382,442.0,False
b2c41,Batch 2,205.0,1.0988209,442.0,False
b2c41,Batch 2,207.0,1.0983871,442.0,False
b2c41,Batch 2,209.0,1.0963598,442.0,False
b2c41,Batch 2,211.0,1.0968816,442.0,False
b2c41,Batch 2,214.0,1.0949662,442.0,False
b2c41,Batch 2,216.0,1.0962534,442.0,False
b2c41,Batch 2,218.0,1.0953237,442.0,False
b2c41,Batch 2,220.0,1.0957208,442.0,False
b2c41,Batch 2,222.0,1.0931001,442.0,False
b2c41,Batch 2,224.0,1.0951756,442.0,False
b2c41,Batch 2,226.0,1.0936403,442.0,False
b2c41,Batch 2,228.0,1.0937054,442.0,False
b2c41,Batch 2,230.0,1.0917445,442.0,False
b2c41,Batch 2,233.0,1.0920392,442.0,False
b2c41,Batch 2,235.0,1.0911309,442.0,False
b2c41,Batch 2,237.0,1.0906783,442.0,False
b2c41,Batch 2,239.0,1.0895255,442.0,False
b2c41,Batch 2,241.0,1.0896146,442.0,False
b2c41,Batch 2,243.0,1.0895904,442.0,False
b2c41,Batch 2,245.0,1.0891227,442.0,False
b2c41,Batch 2,247.0,1.0883284,442.0,False
b2c41,Batch 2,249.0,1.0866641,442.0,False
b2c41,Batch 2,252.0,1.0859829,442.0,False
b2c41,Batch 2,254.0,1.0838941,442.0,False
b2c41,Batch 2,256.0,1.085456,442.0,False
b2c41,Batch 2,258.0,1.0839784,442.0,False
b2c41,Batch 2,260.0,1.0844548,442.0,False
b2c41,Batch 2,262.0,1.0805937,442.0,False
b2c41,Batch 2,264.0,1.0820262,442.0,False
b2c41,Batch 2,266.0,1.0816255,442.0,False
b2c41,Batch 2,268.0,1.0810001,442.0,False
b2c41,Batch 2,271.0,1.0784436,442.0,False
b2c41,Batch 2,273.0,1.0783862,442.0,False
b2c41,Batch 2,275.0,1.0754185,442.0,False
b2c41,Batch 2,277.0,1.0776033,442.0,False
b2c41,Batch 2,279.0,1.0765003,442.0,False
b2c41,Batch 2,281.0,1.0741582,442.0,False
b2c41,Batch 2,283.0,1.0742894,442.0,False
b2c41,Batch 2,285.0,1.0732044,442.0,False
b2c41,Batch 2,287.0,1.0723678,442.0,False
b2c41,Batch 2,290.0,1.0699984,442.0,False
b2c41,Batch 2,292.0,1.0695667,442.0,False
b2c41,Batch 2,294.0,1.0686284,442.0,False
b2c41,Batch 2,296.0,1.0670431,442.0,False
b2c41,Batch 2,298.0,1.0670698,442.0,False
b2c41,Batch 2,300.0,1.0660895,442.0,False
b2c41,Batch 2,302.0,1.0660418,442.0,False
b2c41,Batch 2,304.0,1.0630199,442.0,False
b2c41,Batch 2,306.0,1.0638061,442.0,False
b2c41,Batch 2,309.0,1.0601553,442.0,False
b2c41,Batch 2,311.0,1.0601804,442.0,False
b2c41,Batch 2,313.0,1.0578722,442.0,False
b2c41,Batch 2,315.0,1.0571895,442.0,False
b2c41,Batch 2,317.0,1.0571544,442.0,False
b2c41,Batch 2,319.0,1.0544233,442.0,False
b2c41,Batch 2,321.0,1.0531721,442.0,False
b2c41,Batch 2,323.0,1.0529209,442.0,False
b2c41,Batch 2,325.0,1.0510831,442.0,False
b2c41,Batch 2,327.0,1.049289,442.0,False
b2c41,Batch 2,330.0,1.0486194,442.0,False
b2c41,Batch 2,332.0,1.0457536,442.0,False
b2c41,Batch 2,334.0,1.0438815,442.0,False
b2c41,Batch 2,336.0,1.0447454,442.0,False
b2c41,Batch 2,338.0,1.0432491,442.0,False
b2c41,Batch 2,340.0,1.0407881,442.0,False
b2c41,Batch 2,342.0,1.0387572,442.0,False
b2c41,Batch 2,344.0,1.0370073,442.0,False
b2c41,Batch 2,346.0,1.0355242,442.0,False
b2c41,Batch 2,349.0,1.0331753,442.0,False
b2c41,Batch 2,351.0,1.0329624,442.0,False
b2c41,Batch 2,353.0,1.030647,442.0,False
b2c41,Batch 2,355.0,1.0284417,442.0,False
b2c41,Batch 2,357.0,1.02687,442.0,False
b2c41,Batch 2,359.0,1.0254431,442.0,False
b2c41,Batch 2,361.0,1.024277,442.0,False
b2c41,Batch 2,363.0,1.0205204,442.0,False
b2c41,Batch 2,365.0,1.0193442,442.0,False
b2c41,Batch 2,368.0,1.0180731,442.0,False
b2c41,Batch 2,370.0,1.0127646,442.0,False
b2c41,Batch 2,372.0,1.0120846,442.0,False
b2c41,Batch 2,374.0,1.0091681,442.0,False
b2c41,Batch 2,376.0,1.0064228,442.0,False
b2c41,Batch 2,378.0,1.0054228,442.0,False
b2c41,Batch 2,380.0,1.0020024,442.0,False
b2c41,Batch 2,382.0,1.0004882,442.0,False
b2c41,Batch 2,384.0,0.99836594,442.0,False
b2c41,Batch 2,387.0,0.99288034,442.0,False
b2c41,Batch 2,389.0,0.99109066,442.0,False
b2c41,Batch 2,391.0,0.98816836,442.0,False
b2c41,Batch 2,393.0,0.98458236,442.0,False
b2c41,Batch 2,395.0,0.98043394,442.0,False
b2c41,Batch 2,397.0,0.97474909,442.0,False
b2c41,Batch 2,399.0,0.9745279,442.0,False
b2c41,Batch 2,401.0,0.97107255,442.0,False
b2c41,Batch 2,403.0,0.96467394,442.0,False
b2c41,Batch 2,406.0,0.96180481,442.0,False
b2c41,Batch 2,408.0,0.95701408,442.0,False
b2c41,Batch 2,410.0,0.95300704,442.0,False
b2c41,Batch 2,412.0,0.94756424,442.0,False
b2c41,Batch 2,414.0,0.9415831,442.0,False
b2c41,Batch 2,416.0,0.93908471,442.0,False
b2c41,Batch 2,418.0,0.93095434,442.0,False
b2c41,Batch 2,420.0,0.92840284,442.0,False
b2c41,Batch 2,422.0,0.92368656,442.0,False
b2c41,Batch 2,425.0,0.91824788,442.0,False
b2c41,Batch 2,427.0,0.912736,442.0,False
b2c41,Batch 2,429.0,0.90874386,442.0,False
b2c41,Batch 2,431.0,0.90198159,442.0,False
b2c41,Batch 2,433.0,0.89732432,442.0,False
b2c41,Batch 2,435.0,0.89254105,442.0,False
b2c41,Batch 2,437.0,0.88857245,442.0,False
b2c41,Batch 2,439.0,0.88422281,442.0,False
b2c41,Batch 2,441.0,0.88008684,442.0,False
b2c41,Batch 2,444.0,0.87164372,442.0,False
b2c41,Batch 2,446.0,0.86746681,442.0,False
b2c41,Batch 2,448.0,0.86328489,442.0,False
b2c41,Batch 2,450.0,0.85750163,442.0,False
b2c41,Batch 2,452.0,0.85386086,442.0,False
b2c41,Batch 2,454.0,0.84745032,442.0,False
b2c41,Batch 2,456.0,0.84259546,442.0,False
b2c41,Batch 2,458.0,0.83821541,442.0,False
b2c41,Batch 2,460.0,0.83340222,442.0,False
b2c41,Batch 2,463.0,0.82606894,442.0,False
b2c42,Batch 2,1.0,1.1026245,474.0,False
b2c42,Batch 2,3.0,1.1017395,474.0,False
b2c42,Batch 2,5.0,1.1043081,474.0,False
b2c42,Batch 2,7.0,1.1043758,474.0,False
b2c42,Batch 2,10.0,1.1048694,474.0,False
b2c42,Batch 2,12.0,1.1041421,474.0,False
b2c42,Batch 2,14.0,1.1055872,474.0,False
b2c42,Batch 2,16.0,1.1041175,474.0,False
b2c42,Batch 2,19.0,1.1057533,474.0,False
b2c42,Batch 2,21.0,1.1043546,474.0,False
b2c42,Batch 2,23.0,1.1056541,474.0,False
b2c42,Batch 2,25.0,1.1064006,474.0,False
b2c42,Batch 2,28.0,1.1068239,474.0,False
b2c42,Batch 2,30.0,1.1063056,474.0,False
b2c42,Batch 2,32.0,1.1072323,474.0,False
b2c42,Batch 2,34.0,1.1078999,474.0,False
b2c42,Batch 2,37.0,1.1072409,474.0,False
b2c42,Batch 2,39.0,1.108906,474.0,False
b2c42,Batch 2,41.0,1.1092603,474.0,False
b2c42,Batch 2,44.0,1.1090882,474.0,False
b2c42,Batch 2,46.0,1.1091765,474.0,False
b2c42,Batch 2,48.0,1.0995572,474.0,False
b2c42,Batch 2,50.0,1.1012828,474.0,False
b2c42,Batch 2,53.0,1.1026279,474.0,False
b2c42,Batch 2,55.0,1.1049405,474.0,False
b2c42,Batch 2,57.0,1.1046613,474.0,False
b2c42,Batch 2,59.0,1.1048582,474.0,False
b2c42,Batch 2,62.0,1.1043696,474.0,False
b2c42,Batch 2,64.0,1.1068639,474.0,False
b2c42,Batch 2,66.0,1.1076312,474.0,False
b2c42,Batch 2,68.0,1.1089774,474.0,False
b2c42,Batch 2,71.0,1.1087868,474.0,False
b2c42,Batch 2,73.0,1.1077334,474.0,False
b2c42,Batch 2,75.0,1.1090041,474.0,False
b2c42,Batch 2,78.0,1.1094164,474.0,False
b2c42,Batch 2,80.0,1.111007,474.0,False
b2c42,Batch 2,82.0,1.1117852,474.0,False
b2c42,Batch 2,84.0,1.110351,474.0,False
b2c42,Batch 2,87.0,1.1117276,474.0,False
b2c42,Batch 2,89.0,1.1123595,474.0,False
b2c42,Batch 2,91.0,1.1124372,474.0,False
b2c42,Batch 2,93.0,1.1128763,474.0,False
b2c42,Batch 2,96.0,1.1122218,474.0,False
b2c42,Batch 2,98.0,1.1138375,474.0,False
b2c42,Batch 2,100.0,1.1133598,474.0,False
b2c42,Batch 2,102.0,1.1109972,474.0,False
b2c42,Batch 2,105.0,1.1119822,474.0,False
b2c42,Batch 2,107.0,1.1138052,474.0,False
b2c42,Batch 2,109.0,1.1135529,474.0,False
b2c42,Batch 2,111.0,1.1138628,474.0,False
b2c42,Batch 2,114.0,1.1148044,474.0,False
b2c42,Batch 2,116.0,1.1144853,474.0,False
b2c42,Batch 2,118.0,1.1137851,474.0,False
b2c42,Batch 2,121.0,1.1151224,474.0,False
b2c42,Batch 2,123.0,1.1156179,474.0,False
b2c42,Batch 2,125.0,1.116321,474.0,False
b2c42,Batch 2,127.0,1.1145303,474.0,False
b2c42,Batch 2,130.0,1.1157885,474.0,False
b2c42,Batch 2,132.0,1.1168288,474.0,False
b2c42,Batch 2,134.0,1.1162348,474.0,False
b2c42,Batch 2,136.0,1.11642,474.0,False
b2c42,Batch 2,139.0,1.11726,474.0,False
b2c42,Batch 2,141.0,1.116838,474.0,False
b2c42,Batch 2,143.0,1.1166983,474.0,False
b2c42,Batch 2,145.0,1.116619,474.0,False
b2c42,Batch 2,148.0,1.1167103,474.0,False
b2c42,Batch 2,150.0,1.1162189,474.0,False
b2c42,Batch 2,152.0,1.1188395,474.0,False
b2c42,Batch 2,155.0,1.1148459,474.0,False
b2c42,Batch 2,157.0,1.1172279,474.0,False
b2c42,Batch 2,159.0,1.1157668,474.0,False
b2c42,Batch 2,161.0,1.1152372,474.0,False
b2c42,Batch 2,164.0,1.1183324,474.0,False
b2c42,Batch 2,166.0,1.1156288,474.0,False
b2c42,Batch 2,168.0,1.1168536,474.0,False
b2c42,Batch 2,170.0,1.1172445,474.0,False
b2c42,Batch 2,173.0,1.1149652,474.0,False
b2c42,Batch 2,175.0,1.1175931,474.0,False
b2c42,Batch 2,177.0,1.117823,474.0,False
b2c42,Batch 2,179.0,1.116619,474.0,False
b2c42,Batch 2,182.0,1.1168903,474.0,False
b2c42,Batch 2,184.0,1.1164515,474.0,False
b2c42,Batch 2,186.0,1.1161362,474.0,False
b2c42,Batch 2,188.0,1.1151376,474.0,False
b2c42,Batch 2,191.0,1.1162523,474.0,False
b2c42,Batch 2,193.0,1.1171752,474.0,False
b2c42,Batch 2,195.0,1.1166972,474.0,False
b2c42,Batch 2,198.0,1.1159167,474.0,False
b2c42,Batch 2,200.0,1.115799,474.0,False
b2c42,Batch 2,202.0,1.1172132,474.0,False
b2c42,Batch 2,204.0,1.1137686,474.0,False
b2c42,Batch 2,207.0,1.115271,474.0,False
b2c42,Batch 2,209.0,1.1135737,474.0,False
b2c42,Batch 2,211.0,1.1147448,474.0,False
b2c42,Batch 2,213.0,1.1143888,474.0,False
b2c42,Batch 2,216.0,1.1138299,474.0,False
b2c42,Batch 2,218.0,1.1142664,474.0,False
b2c42,Batch 2,220.0,1.1139662,474.0,False
b2c42,Batch 2,222.0,1.1145391,474.0,False
b2c42,Batch 2,225.0,1.1143987,474.0,False
b2c42,Batch 2,227.0,1.1140435,474.0,False
b2c42,Batch 2,229.0,1.1132877,474.0,False
b2c42,Batch 2,232.0,1.1132185,474.0,False
b2c42,Batch 2,234.0,1.1130621,474.0,False
b2c42,Batch 2,236.0,1.1116893,474.0,False
b2c42,Batch 2,238.0,1.1121187,474.0,False
b2c42,Batch 2,241.0,1.1119654,474.0,False
b2c42,Batch 2,243.0,1.1109959,474.0,False
b2c42,Batch 2,245.0,1.108368,474.0,False
b2c42,Batch 2,247.0,1.1105889,474.0,False
b2c42,Batch 2,250.0,1.1088829,474.0,False
b2c42,Batch 2,252.0,1.1091856,474.0,False
b2c42,Batch 2,254.0,1.1089859,474.0,False
b2c42,Batch 2,256.0,1.1080916,474.0,False
b2c42,Batch 2,259.0,1.1078383,474.0,False
b2c42,Batch 2,261.0,1.1080884,474.0,False
b2c42,Batch 2,263.0,1.1071408,474.0,False
b2c42,Batch 2,265.0,1.1060355,474.0,False
b2c42,Batch 2,268.0,1.1053739,474.0,False
b2c42,Batch 2,270.0,1.1044763,474.0,False
b2c42,Batch 2,272.0,1.1048366,474.0,False
b2c42,Batch 2,275.0,1.1037621,474.0,False
b2c42,Batch 2,277.0,1.1039946,474.0,False
b2c42,Batch 2,279.0,1.1029241,474.0,False
b2c42,Batch 2,281.0,1.1035138,474.0,False
b2c42,Batch 2,284.0,1.1012121,474.0,False
b2c42,Batch 2,286.0,1.1016693,474.0,False
b2c42,Batch 2,288.0,1.1002033,474.0,False
b2c42,Batch 2,290.0,1.0988756,474.0,False
b2c42,Batch 2,293.0,1.0979437,474.0,False
b2c42,Batch 2,295.0,1.0966176,474.0,False
b2c42,Batch 2,297.0,1.0967128,474.0,False
b2c42,Batch 2,299.0,1.0958307,474.0,False
b2c42,Batch 2,302.0,1.0960505,474.0,False
b2c42,Batch 2,304.0,1.0953081,474.0,False
b2c42,Batch 2,306.0,1.0949277,474.0,False
b2c42,Batch 2,309.0,1.0922061,474.0,False
b2c42,Batch 2,311.0,1.0922647,474.0,False
b2c42,Batch 2,313.0,1.0928501,474.0,False
b2c42,Batch 2,315.0,1.0908294,474.0,False
b2c42,Batch 2,318.0,1.0897467,474.0,False
b2c42,Batch 2,320.0,1.087002,474.0,False
b2c42,Batch 2,322.0,1.0873473,474.0,False
b2c42,Batch 2,324.0,1.0858212,474.0,False
b2c42,Batch 2,327.0,1.0833218,474.0,False
b2c42,Batch 2,329.0,1.0851898,474.0,False
b2c42,Batch 2,331.0,1.0825065,474.0,False
b2c42,Batch 2,333.0,1.0824769,474.0,False
b2c42,Batch 2,336.0,1.081079,474.0,False
b2c42,Batch 2,338.0,1.0798976,474.0,False
b2c42,Batch 2,340.0,1.0784937,474.0,False
b2c42,Batch 2,342.0,1.0765657,474.0,False
b2c42,Batch 2,345.0,1.0735728,474.0,False
b2c42,Batch 2,347.0,1.0726222,474.0,False
b2c42,Batch 2,349.0,1.0720024,474.0,False
b2c42,Batch 2,352.0,1.0696282,474.0,False
b2c42,Batch 2,354.0,1.0677067,474.0,False
b2c42,Batch 2,356.0,1.0674292,474.0,False
b2c42,Batch 2,358.0,1.0659088,474.0,False
b2c42,Batch 2,361.0,1.0633198,474.0,False
b2c42,Batch 2,363.0,1.0602556,474.0,False
b2c42,Batch 2,365.0,1.0595683,474.0,False
b2c42,Batch 2,367.0,1.0574943,474.0,False
b2c42,Batch 2,370.0,1.0562739,474.0,False
b2c42,Batch 2,372.0,1.054791,474.0,False
b2c42,Batch 2,374.0,1.0514866,474.0,False
b2c42,Batch 2,376.0,1.0503132,474.0,False
b2c42,Batch 2,379.0,1.0465701,474.0,False
b2c42,Batch 2,381.0,1.0445313,474.0,False
b2c42,Batch 2,383.0,1.0431118,474.0,False
b2c42,Batch 2,386.0,1.0406669,474.0,False
b2c42,Batch 2,388.0,1.0377809,474.0,False
b2c42,Batch 2,390.0,1.0349137,474.0,False
b2c42,Batch 2,392.0,1.0321305,474.0,False
b2c42,Batch 2,395.0,1.0286007,474.0,False
b2c42,Batch 2,397.0,1.0279655,474.0,False
b2c42,Batch 2,399.0,1.0239928,474.0,False
b2c42,Batch 2,401.0,1.0223361,474.0,False
b2c42,Batch 2,404.0,1.0155529,474.0,False
b2c42,Batch 2,406.0,1.0134938,474.0,False
b2c42,Batch 2,408.0,1.0102102,474.0,False
b2c42,Batch 2,410.0,1.0079274,474.0,False
b2c42,Batch 2,413.0,1.004215,474.0,False
b2c42,Batch 2,415.0,0.99927056,474.0,False
b2c42,Batch 2,417.0,0.99564481,474.0,False
b2c42,Batch 2,419.0,0.99299479,474.0,False
b2c42,Batch 2,422.0,0.98657697,474.0,False
b2c42,Batch 2,424.0,0.98334736,474.0,False
b2c42,Batch 2,426.0,0.98046535,474.0,False
b2c42,Batch 2,429.0,0.97379214,474.0,False
b2c42,Batch 2,431.0,0.96927887,474.0,False
b2c42,Batch 2,433.0,0.96557873,474.0,False
b2c42,Batch 2,435.0,0.96180815,474.0,False
b2c42,Batch 2,438.0,0.95498085,474.0,False
b2c42,Batch 2,440.0,0.95222753,474.0,False
b2c42,Batch 2,442.0,0.94837064,474.0,False
b2c42,Batch 2,444.0,0.94447082,474.0,False
b2c42,Batch 2,447.0,0.93610764,474.0,False
b2c42,Batch 2,449.0,0.93270409,474.0,False
b2c42,Batch 2,451.0,0.92852587,474.0,False
b2c42,Batch 2,453.0,0.92397702,474.0,False
b2c42,Batch 2,456.0,0.91814089,474.0,False
b2c42,Batch 2,458.0,0.91394126,474.0,False
b2c42,Batch 2,460.0,0.91056395,474.0,False
b2c42,Batch 2,463.0,0.90353805,474.0,False
b2c42,Batch 2,465.0,0.89749646,474.0,False
b2c42,Batch 2,467.0,0.89366698,474.0,False
b2c42,Batch 2,469.0,0.88868165,474.0,False
b2c42,Batch 2,472.0,0.8817355,474.0,False
b2c42,Batch 2,474.0,0.87909251,474.0,False
b2c42,Batch 2,476.0,0.87483871,474.0,False
b2c42,Batch 2,478.0,0.87059295,474.0,False
b2c42,Batch 2,481.0,0.86351943,474.0,False
b2c42,Batch 2,483.0,0.85780227,474.0,False
b2c42,Batch 2,485.0,0.85308075,474.0,False
b2c42,Batch 2,487.0,0.84959924,474.0,False
b2c42,Batch 2,490.0,0.84294176,474.0,False
b2c42,Batch 2,492.0,0.83815163,474.0,False
b2c42,Batch 2,494.0,0.8338083,474.0,False
b2c42,Batch 2,497.0,0.82577723,474.0,False
b2c43,Batch 2,1.0,1.097247,1029.0,False
b2c43,Batch 2,5.0,1.1001345,1029.0,False
b2c43,Batch 2,10.0,1.0997281,1029.0,False
b2c43,Batch 2,15.0,1.100772,1029.0,False
b2c43,Batch 2,20.0,1.1006728,1029.0,False
b2c43,Batch 2,25.0,1.1011764,1029.0,False
b2c43,Batch 2,30.0,1.100807,1029.0,False
b2c43,Batch 2,34.0,1.1003639,1029.0,False
b2c43,Batch 2,39.0,1.1007791,1029.0,False
b2c43,Batch 2,44.0,1.100332,1029.0,False
b2c43,Batch 2,49.0,1.1008234,1029.0,False
b2c43,Batch 2,54.0,1.100866,1029.0,False
b2c43,Batch 2,59.0,1.1006465,1029.0,False
b2c43,Batch 2,63.0,1.1007512,1029.0,False
b2c43,Batch 2,68.0,1.1005358,1029.0,False
b2c43,Batch 2,73.0,1.0908943,1029.0,False
b2c43,Batch 2,78.0,1.0951078,1029.0,False
b2c43,Batch 2,83.0,1.0953506,1029.0,False
b2c43,Batch 2,88.0,1.095643,1029.0,False
b2c43,Batch 2,92.0,1.0961344,1029.0,False
b2c43,Batch 2,97.0,1.0956289,1029.0,False
b2c43,Batch 2,102.0,1.0966594,1029.0,False
b2c43,Batch 2,107.0,1.0970731,1029.0,False
b2c43,Batch 2,112.0,1.0976782,1029.0,False
b2c43,Batch 2,117.0,1.0980728,1029.0,False
b2c43,Batch 2,122.0,1.098616,1029.0,False
b2c43,Batch 2,126.0,1.0963137,1029.0,False
b2c43,Batch 2,131.0,1.0972267,1029.0,False
b2c43,Batch 2,136.0,1.0963593,1029.0,False
b2c43,Batch 2,141.0,1.0977964,1029.0,False
b2c43,Batch 2,146.0,1.0971972,1029.0,False
b2c43,Batch 2,151.0,1.0963409,1029.0,False
b2c43,Batch 2,155.0,1.0970274,1029.0,False
b2c43,Batch 2,160.0,1.0964081,1029.0,False
b2c43,Batch 2,165.0,1.0979626,1029.0,False
b2c43,Batch 2,170.0,1.0982945,1029.0,False
b2c43,Batch 2,175.0,1.0972137,1029.0,False
b2c43,Batch 2,180.0,1.0995494,1029.0,False
b2c43,Batch 2,184.0,1.0981485,1029.0,False
b2c43,Batch 2,189.0,1.0999937,1029.0,False
b2c43,Batch 2,194.0,1.0985043,1029.0,False
b2c43,Batch 2,199.0,1.0980836,1029.0,False
b2c43,Batch 2,204.0,1.0992032,1029.0,False
b2c43,Batch 2,209.0,1.0973412,1029.0,False
b2c43,Batch 2,213.0,1.0986624,1029.0,False
b2c43,Batch 2,218.0,1.0995179,1029.0,False
b2c43,Batch 2,223.0,1.0984943,1029.0,False
b2c43,Batch 2,228.0,1.1003839,1029.0,False
b2c43,Batch 2,233.0,1.0996215,1029.0,False
b2c43,Batch 2,238.0,1.1003755,1029.0,False
b2c43,Batch 2,243.0,1.0997101,1029.0,False
b2c43,Batch 2,247.0,1.0979216,1029.0,False
b2c43,Batch 2,252.0,1.0988748,1029.0,False
b2c43,Batch 2,257.0,1.0987352,1029.0,False
b2c43,Batch 2,262.0,1.0984968,1029.0,False
b2c43,Batch 2,267.0,1.098958,1029.0,False
b2c43,Batch 2,272.0,1.0986794,1029.0,False
b2c43,Batch 2,276.0,1.0997803,1029.0,False
b2c43,Batch 2,281.0,1.1001639,1029.0,False
b2c43,Batch 2,286.0,1.0985574,1029.0,False
b2c43,Batch 2,291.0,1.0999283,1029.0,False
b2c43,Batch 2,296.0,1.0988958,1029.0,False
b2c43,Batch 2,301.0,1.101299,1029.0,False
b2c43,Batch 2,305.0,1.0990669,1029.0,False
b2c43,Batch 2,310.0,1.0980191,1029.0,False
b2c43,Batch 2,315.0,1.0995231,1029.0,False
b2c43,Batch 2,320.0,1.0990549,1029.0,False
b2c43,Batch 2,325.0,1.0989492,1029.0,False
b2c43,Batch 2,330.0,1.0982836,1029.0,False
b2c43,Batch 2,334.0,1.0988412,1029.0,False
b2c43,Batch 2,339.0,1.0976307,1029.0,False
b2c43,Batch 2,344.0,1.098402,1029.0,False
b2c43,Batch 2,349.0,1.0966803,1029.0,False
b2c43,Batch 2,354.0,1.0985945,1029.0,False
b2c43,Batch 2,359.0,1.0978894,1029.0,False
b2c43,Batch 2,364.0,1.0965453,1029.0,False
b2c43,Batch 2,368.0,1.0988894,1029.0,False
b2c43,Batch 2,373.0,1.0995746,1029.0,False
b2c43,Batch 2,378.0,1.0984801,1029.0,False
b2c43,Batch 2,383.0,1.0986168,1029.0,False
b2c43,Batch 2,388.0,1.09786,1029.0,False
b2c43,Batch 2,393.0,1.0975766,1029.0,False
b2c43,Batch 2,397.0,1.0959356,1029.0,False
b2c43,Batch 2,402.0,1.0952433,1029.0,False
b2c43,Batch 2,407.0,1.097874,1029.0,False
b2c43,Batch 2,412.0,1.0959876,1029.0,False
b2c43,Batch 2,417.0,1.0965917,1029.0,False
b2c43,Batch 2,422.0,1.0944122,1029.0,False
b2c43,Batch 2,426.0,1.0953362,1029.0,False
b2c43,Batch 2,431.0,1.0962772,1029.0,False
b2c43,Batch 2,436.0,1.0955107,1029.0,False
b2c43,Batch 2,441.0,1.0954286,1029.0,False
b2c43,Batch 2,446.0,1.0959234,1029.0,False
b2c43,Batch 2,451.0,1.0934339,1029.0,False
b2c43,Batch 2,455.0,1.0935377,1029.0,False
b2c43,Batch 2,460.0,1.0940514,1029.0,False
b2c43,Batch 2,465.0,1.0928731,1029.0,False
b2c43,Batch 2,470.0,1.0929787,1029.0,False
b2c43,Batch 2,475.0,1.0907934,1029.0,False
b2c43,Batch 2,480.0,1.0927579,1029.0,False
b2c43,Batch 2,485.0,1.0910012,1029.0,False
b2c43,Batch 2,489.0,1.091238,1029.0,False
b2c43,Batch 2,494.0,1.0925461,1029.0,False
b2c43,Batch 2,499.0,1.0927171,1029.0,False
b2c43,Batch 2,504.0,1.0909483,1029.0,False
b2c43,Batch 2,509.0,1.0907992,1029.0,False
b2c43,Batch 2,514.0,1.0906583,1029.0,False
b2c43,Batch 2,518.0,1.0871491,1029.0,False
b2c43,Batch 2,523.0,1.0893551,1029.0,False
b2c43,Batch 2,528.0,1.0898824,1029.0,False
b2c43,Batch 2,533.0,1.0875767,1029.0,False
b2c43,Batch 2,538.0,1.0852474,1029.0,False
b2c43,Batch 2,543.0,1.0843176,1029.0,False
b2c43,Batch 2,547.0,1.0887997,1029.0,False
b2c43,Batch 2,552.0,1.0893395,1029.0,False
b2c43,Batch 2,557.0,1.0856584,1029.0,False
b2c43,Batch 2,562.0,1.0849477,1029.0,False
b2c43,Batch 2,567.0,1.0850812,1029.0,False
b2c43,Batch 2,572.0,1.0842358,1029.0,False
b2c43,Batch 2,576.0,1.0825058,1029.0,False
b2c43,Batch 2,581.0,1.0838723,1029.0,False
b2c43,Batch 2,586.0,1.0805895,1029.0,False
b2c43,Batch 2,591.0,1.0854825,1029.0,False
b2c43,Batch 2,596.0,1.081493,1029.0,False
b2c43,Batch 2,601.0,1.0843596,1029.0,False
b2c43,Batch 2,606.0,1.0800185,1029.0,False
b2c43,Batch 2,610.0,1.0816585,1029.0,False
b2c43,Batch 2,615.0,1.0800683,1029.0,False
b2c43,Batch 2,620.0,1.0785867,1029.0,False
b2c43,Batch 2,625.0,1.0792482,1029.0,False
b2c43,Batch 2,630.0,1.0801091,1029.0,False
b2c43,Batch 2,635.0,1.0805627,1029.0,False
b2c43,Batch 2,639.0,1.0790375,1029.0,False
b2c43,Batch 2,644.0,1.0798815,1029.0,False
b2c43,Batch 2,649.0,1.0810473,1029.0,False
b2c43,Batch 2,654.0,1.0793426,1029.0,False
b2c43,Batch 2,659.0,1.0809155,1029.0,False
b2c43,Batch 2,664.0,1.0792978,1029.0,False
b2c43,Batch 2,668.0,1.0790613,1029.0,False
b2c43,Batch 2,673.0,1.0770494,1029.0,False
b2c43,Batch 2,678.0,1.0751536,1029.0,False
b2c43,Batch 2,683.0,1.0751251,1029.0,False
b2c43,Batch 2,688.0,1.0751084,1029.0,False
b2c43,Batch 2,693.0,1.0758327,1029.0,False
b2c43,Batch 2,697.0,1.0727729,1029.0,False
b2c43,Batch 2,702.0,1.0739123,1029.0,False
b2c43,Batch 2,707.0,1.075111,1029.0,False
b2c43,Batch 2,712.0,1.0715998,1029.0,False
b2c43,Batch 2,717.0,1.0699495,1029.0,False
b2c43,Batch 2,722.0,1.0682642,1029.0,False
b2c43,Batch 2,727.0,1.0658255,1029.0,False
b2c43,Batch 2,731.0,1.0675153,1029.0,False
b2c43,Batch 2,736.0,1.0701544,1029.0,False
b2c43,Batch 2,741.0,1.0668238,1029.0,False
b2c43,Batch 2,746.0,1.0651302,1029.0,False
b2c43,Batch 2,751.0,1.0623795,1029.0,False
b2c43,Batch 2,756.0,1.0616843,1029.0,False
b2c43,Batch 2,760.0,1.0609764,1029.0,False
b2c43,Batch 2,765.0,1.0617207,1029.0,False
b2c43,Batch 2,770.0,1.0624685,1029.0,False
b2c43,Batch 2,775.0,1.0614126,1029.0,False
b2c43,Batch 2,780.0,1.059121,1029.0,False
b2c43,Batch 2,785.0,1.057057,1029.0,False
b2c43,Batch 2,789.0,1.0537879,1029.0,False
b2c43,Batch 2,794.0,1.053234,1029.0,False
b2c43,Batch 2,799.0,1.0526334,1029.0,False
b2c43,Batch 2,804.0,1.0508412,1029.0,False
b2c43,Batch 2,809.0,1.0494111,1029.0,False
b2c43,Batch 2,814.0,1.0490373,1029.0,False
b2c43,Batch 2,818.0,1.0433689,1029.0,False
b2c43,Batch 2,823.0,1.0404556,1029.0,False
b2c43,Batch 2,828.0,1.0453303,1029.0,False
b2c43,Batch 2,833.0,1.0416331,1029.0,False
b2c43,Batch 2,838.0,1.0366439,1029.0,False
b2c43,Batch 2,843.0,1.0391865,1029.0,False
b2c43,Batch 2,848.0,1.0367162,1029.0,False
b2c43,Batch 2,852.0,1.0321436,1029.0,False
b2c43,Batch 2,857.0,1.0329677,1029.0,False
b2c43,Batch 2,862.0,1.0285654,1029.0,False
b2c43,Batch 2,867.0,1.0314929,1029.0,False
b2c43,Batch 2,872.0,1.0273832,1029.0,False
b2c43,Batch 2,877.0,1.0228915,1029.0,False
b2c43,Batch 2,881.0,1.0206012,1029.0,False
b2c43,Batch 2,886.0,1.016129,1029.0,False
b2c43,Batch 2,891.0,1.0157417,1029.0,False
b2c43,Batch 2,896.0,1.0131915,1029.0,False
b2c43,Batch 2,901.0,1.0103204,1029.0,False
b2c43,Batch 2,906.0,1.0059409,1029.0,False
b2c43,Batch 2,910.0,1.0053283,1029.0,False
b2c43,Batch 2,915.0,0.99914306,1029.0,False
b2c43,Batch 2,920.0,0.9967621,1029.0,False
b2c43,Batch 2,925.0,0.99126875,1029.0,False
b2c43,Batch 2,930.0,0.98722261,1029.0,False
b2c43,Batch 2,935.0,0.98454887,1029.0,False
b2c43,Batch 2,939.0,0.98035347,1029.0,False
b2c43,Batch 2,944.0,0.97487003,1029.0,False
b2c43,Batch 2,949.0,0.96986806,1029.0,False
b2c43,Batch 2,954.0,0.95730728,1029.0,False
b2c43,Batch 2,959.0,0.96138221,1029.0,False
b2c43,Batch 2,964.0,0.95036358,1029.0,False
b2c43,Batch 2,969.0,0.95015079,1029.0,False
b2c43,Batch 2,973.0,0.94566888,1029.0,False
b2c43,Batch 2,978.0,0.94192415,1029.0,False
b2c43,Batch 2,983.0,0.93602937,1029.0,False
b2c43,Batch 2,988.0,0.92994606,1029.0,False
b2c43,Batch 2,993.0,0.92519718,1029.0,False
b2c43,Batch 2,998.0,0.9200139,1029.0,False
b2c43,Batch 2,1002.0,0.91510558,1029.0,False
b2c43,Batch 2,1007.0,0.91023159,1029.0,False
b2c43,Batch 2,1012.0,0.9014892,1029.0,False
b2c43,Batch 2,1017.0,0.89378464,1029.0,False
b2c43,Batch 2,1022.0,0.88924253,1029.0,False
b2c43,Batch 2,1027.0,0.88212675,1029.0,False
b2c43,Batch 2,1031.0,0.87634158,1029.0,False
b2c43,Batch 2,1036.0,0.86910272,1029.0,False
b2c43,Batch 2,1041.0,0.8623004,1029.0,False
b2c43,Batch 2,1046.0,0.85058314,1029.0,False
b2c43,Batch 2,1051.0,0.84385902,1029.0,False
b2c43,Batch 2,1056.0,0.83442706,1029.0,False
b2c43,Batch 2,1061.0,0.82532436,1029.0,False
b2c44,Batch 2,1.0,1.0977726,841.0,False
b2c44,Batch 2,4.0,1.0972656,841.0,False
b2c44,Batch 2,8.0,1.0982233,841.0,False
b2c44,Batch 2,12.0,1.0981655,841.0,False
b2c44,Batch 2,16.0,1.0986536,841.0,False
b2c44,Batch 2,20.0,1.0987855,841.0,False
b2c44,Batch 2,24.0,1.0984721,841.0,False
b2c44,Batch 2,28.0,1.098868,841.0,False
b2c44,Batch 2,32.0,1.0985267,841.0,False
b2c44,Batch 2,36.0,1.0978061,841.0,False
b2c44,Batch 2,40.0,1.0986896,841.0,False
b2c44,Batch 2,44.0,1.0978661,841.0,False
b2c44,Batch 2,48.0,1.0986375,841.0,False
b2c44,Batch 2,52.0,1.0982125,841.0,False
b2c44,Batch 2,56.0,1.0989246,841.0,False
b2c44,Batch 2,60.0,1.0989587,841.0,False
b2c44,Batch 2,64.0,1.0984191,841.0,False
b2c44,Batch 2,68.0,1.0966994,841.0,False
b2c44,Batch 2,72.0,1.0941541,841.0,False
b2c44,Batch 2,76.0,1.0956812,841.0,False
b2c44,Batch 2,80.0,1.0969622,841.0,False
b2c44,Batch 2,84.0,1.0960886,841.0,False
b2c44,Batch 2,88.0,1.0962373,841.0,False
b2c44,Batch 2,92.0,1.0979506,841.0,False
b2c44,Batch 2,96.0,1.0973326,841.0,False
b2c44,Batch 2,100.0,1.0974951,841.0,False
b2c44,Batch 2,104.0,1.0976496,841.0,False
b2c44,Batch 2,108.0,1.0971918,841.0,False
b2c44,Batch 2,112.0,1.0973938,841.0,False
b2c44,Batch 2,116.0,1.0984392,841.0,False
b2c44,Batch 2,120.0,1.0968863,841.0,False
b2c44,Batch 2,124.0,1.0976113,841.0,False
b2c44,Batch 2,128.0,1.0972476,841.0,False
b2c44,Batch 2,132.0,1.0984997,841.0,False
b2c44,Batch 2,136.0,1.0961452,841.0,False
b2c44,Batch 2,140.0,1.0977917,841.0,False
b2c44,Batch 2,144.0,1.0978541,841.0,False
b2c44,Batch 2,148.0,1.0987445,841.0,False
b2c44,Batch 2,152.0,1.0996431,841.0,False
b2c44,Batch 2,156.0,1.0976404,841.0,False
b2c44,Batch 2,160.0,1.0974374,841.0,False
b2c44,Batch 2,164.0,1.0978793,841.0,False
b2c44,Batch 2,168.0,1.0984907,841.0,False
b2c44,Batch 2,172.0,1.0990672,841.0,False
b2c44,Batch 2,176.0,1.0998119,841.0,False
b2c44,Batch 2,180.0,1.0974979,841.0,False
b2c44,Batch 2,184.0,1.0994325,841.0,False
b2c44,Batch 2,188.0,1.0989596,841.0,False
b2c44,Batch 2,192.0,1.0971408,841.0,False
b2c44,Batch 2,196.0,1.0998589,841.0,False
b2c44,Batch 2,200.0,1.0994641,841.0,False
b2c44,Batch 2,204.0,1.0988404,841.0,False
b2c44,Batch 2,208.0,1.1012082,841.0,False
b2c44,Batch 2,212.0,1.09986,841.0,False
b2c44,Batch 2,216.0,1.0976115,841.0,False
b2c44,Batch 2,220.0,1.0996709,841.0,False
b2c44,Batch 2,224.0,1.0988044,841.0,False
b2c44,Batch 2,228.0,1.1004148,841.0,False
b2c44,Batch 2,232.0,1.0988172,841.0,False
b2c44,Batch 2,236.0,1.1002281,841.0,False
b2c44,Batch 2,240.0,1.1002835,841.0,False
b2c44,Batch 2,244.0,1.0982066,841.0,False
b2c44,Batch 2,248.0,1.098857,841.0,False
b2c44,Batch 2,252.0,1.0999435,841.0,False
b2c44,Batch 2,256.0,1.1001576,841.0,False
b2c44,Batch 2,260.0,1.1015683,841.0,False
b2c44,Batch 2,264.0,1.0995216,841.0,False
b2c44,Batch 2,268.0,1.1005647,841.0,False
b2c44,Batch 2,272.0,1.1015341,841.0,False
b2c44,Batch 2,276.0,1.0996803,841.0,False
b2c44,Batch 2,280.0,1.0995233,841.0,False
b2c44,Batch 2,284.0,1.1015576,841.0,False
b2c44,Batch 2,288.0,1.0986621,841.0,False
b2c44,Batch 2,292.0,1.1016636,841.0,False
b2c44,Batch 2,295.0,1.0994822,841.0,False
b2c44,Batch 2,299.0,1.1005932,841.0,False
b2c44,Batch 2,303.0,1.1009417,841.0,False
b2c44,Batch 2,307.0,1.1012583,841.0,False
b2c44,Batch 2,311.0,1.0994245,841.0,False
b2c44,Batch 2,315.0,1.0990485,841.0,False
b2c44,Batch 2,319.0,1.1007195,841.0,False
b2c44,Batch 2,323.0,1.1000746,841.0,False
b2c44,Batch 2,327.0,1.1002709,841.0,False
b2c44,Batch 2,331.0,1.0998441,841.0,False
b2c44,Batch 2,335.0,1.099418,841.0,False
b2c44,Batch 2,339.0,1.0999134,841.0,False
b2c44,Batch 2,343.0,1.0996592,841.0,False
b2c44,Batch 2,347.0,1.099862,841.0,False
b2c44,Batch 2,351.0,1.0999671,841.0,False
b2c44,Batch 2,355.0,1.0973601,841.0,False
b2c44,Batch 2,359.0,1.0997059,841.0,False
b2c44,Batch 2,363.0,1.0965464,841.0,False
b2c44,Batch 2,367.0,1.0984288,841.0,False
b2c44,Batch 2,371.0,1.0971148,841.0,False
b2c44,Batch 2,375.0,1.0996627,841.0,False
b2c44,Batch 2,379.0,1.0995212,841.0,False
b2c44,Batch 2,383.0,1.097839,841.0,False
b2c44,Batch 2,387.0,1.096715,841.0,False
b2c44,Batch 2,391.0,1.0984279,841.0,False
b2c44,Batch 2,395.0,1.0989466,841.0,False
b2c44,Batch 2,399.0,1.097375,841.0,False
b2c44,Batch 2,403.0,1.0974113,841.0,False
b2c44,Batch 2,407.0,1.0994426,841.0,False
b2c44,Batch 2,411.0,1.0961419,841.0,False
b2c44,Batch 2,415.0,1.0965706,841.0,False
b2c44,Batch 2,419.0,1.0976387,841.0,False
b2c44,Batch 2,423.0,1.0956305,841.0,False
b2c44,Batch 2,427.0,1.0968347,841.0,False
b2c44,Batch 2,431.0,1.0962374,841.0,False
b2c44,Batch 2,435.0,1.0971655,841.0,False
b2c44,Batch 2,439.0,1.0944884,841.0,False
b2c44,Batch 2,443.0,1.0940505,841.0,False
b2c44,Batch 2,447.0,1.0932266,841.0,False
b2c44,Batch 2,451.0,1.0948681,841.0,False
b2c44,Batch 2,455.0,1.0928503,841.0,False
b2c44,Batch 2,459.0,1.0936919,841.0,False
b2c44,Batch 2,463.0,1.0943903,841.0,False
b2c44,Batch 2,467.0,1.0937009,841.0,False
b2c44,Batch 2,471.0,1.0950779,841.0,False
b2c44,Batch 2,475.0,1.0929191,841.0,False
b2c44,Batch 2,479.0,1.0941123,841.0,False
b2c44,Batch 2,483.0,1.0932671,841.0,False
b2c44,Batch 2,487.0,1.0925964,841.0,False
b2c44,Batch 2,491.0,1.091567,841.0,False
b2c44,Batch 2,495.0,1.0923353,841.0,False
b2c44,Batch 2,499.0,1.0905702,841.0,False
b2c44,Batch 2,503.0,1.0890752,841.0,False
b2c44,Batch 2,507.0,1.0905811,841.0,False
b2c44,Batch 2,511.0,1.0870239,841.0,False
b2c44,Batch 2,515.0,1.0890526,841.0,False
b2c44,Batch 2,519.0,1.0890255,841.0,False
b2c44,Batch 2,523.0,1.0889009,841.0,False
b2c44,Batch 2,527.0,1.0862589,841.0,False
b2c44,Batch 2,531.0,1.0864899,841.0,False
b2c44,Batch 2,535.0,1.0868869,841.0,False
b2c44,Batch 2,539.0,1.0847738,841.0,False
b2c44,Batch 2,543.0,1.0860996,841.0,False
b2c44,Batch 2,547.0,1.0848203,841.0,False
b2c44,Batch 2,551.0,1.0865812,841.0,False
b2c44,Batch 2,555.0,1.0846468,841.0,False
b2c44,Batch 2,559.0,1.0831743,841.0,False
b2c44,Batch 2,563.0,1.0836892,841.0,False
b2c44,Batch 2,567.0,1.0812306,841.0,False
b2c44,Batch 2,571.0,1.0839053,841.0,False
b2c44,Batch 2,575.0,1.0820498,841.0,False
b2c44,Batch 2,579.0,1.0822521,841.0,False
b2c44,Batch 2,583.0,1.0825521,841.0,False
b2c44,Batch 2,586.0,1.0801955,841.0,False
b2c44,Batch 2,590.0,1.0797555,841.0,False
b2c44,Batch 2,594.0,1.0798235,841.0,False
b2c44,Batch 2,598.0,1.0789843,841.0,False
b2c44,Batch 2,602.0,1.0776665,841.0,False
b2c44,Batch 2,606.0,1.0781204,841.0,False
b2c44,Batch 2,610.0,1.0763117,841.0,False
b2c44,Batch 2,614.0,1.0765412,841.0,False
b2c44,Batch 2,618.0,1.0772463,841.0,False
b2c44,Batch 2,622.0,1.073254,841.0,False
b2c44,Batch 2,626.0,1.0739075,841.0,False
b2c44,Batch 2,630.0,1.0732497,841.0,False
b2c44,Batch 2,634.0,1.0738705,841.0,False
b2c44,Batch 2,638.0,1.0700046,841.0,False
b2c44,Batch 2,642.0,1.0716772,841.0,False
b2c44,Batch 2,646.0,1.0681838,841.0,False
b2c44,Batch 2,650.0,1.0680978,841.0,False
b2c44,Batch 2,654.0,1.0674776,841.0,False
b2c44,Batch 2,658.0,1.0672344,841.0,False
b2c44,Batch 2,662.0,1.0668468,841.0,False
b2c44,Batch 2,666.0,1.064041,841.0,False
b2c44,Batch 2,670.0,1.0648211,841.0,False
b2c44,Batch 2,674.0,1.0622044,841.0,False
b2c44,Batch 2,678.0,1.0619513,841.0,False
b2c44,Batch 2,682.0,1.058472,841.0,False
b2c44,Batch 2,686.0,1.0560104,841.0,False
b2c44,Batch 2,690.0,1.0542418,841.0,False
b2c44,Batch 2,694.0,1.0533806,841.0,False
b2c44,Batch 2,698.0,1.0529982,841.0,False
b2c44,Batch 2,702.0,1.0502391,841.0,False
b2c44,Batch 2,706.0,1.0484889,841.0,False
b2c44,Batch 2,710.0,1.0468948,841.0,False
b2c44,Batch 2,714.0,1.044274,841.0,False
b2c44,Batch 2,718.0,1.0406114,841.0,False
b2c44,Batch 2,722.0,1.0387928,841.0,False
b2c44,Batch 2,726.0,1.0370744,841.0,False
b2c44,Batch 2,730.0,1.0328785,841.0,False
b2c44,Batch 2,734.0,1.0311761,841.0,False
b2c44,Batch 2,738.0,1.0251713,841.0,False
b2c44,Batch 2,742.0,1.023066,841.0,False
b2c44,Batch 2,746.0,1.0206264,841.0,False
b2c44,Batch 2,750.0,1.0165551,841.0,False
b2c44,Batch 2,754.0,1.0118399,841.0,False
b2c44,Batch 2,758.0,1.0077847,841.0,False
b2c44,Batch 2,762.0,1.0019798,841.0,False
b2c44,Batch 2,766.0,0.99601185,841.0,False
b2c44,Batch 2,770.0,0.99113578,841.0,False
b2c44,Batch 2,774.0,0.98389381,841.0,False
b2c44,Batch 2,778.0,0.97743148,841.0,False
b2c44,Batch 2,782.0,0.97330606,841.0,False
b2c44,Batch 2,786.0,0.96645039,841.0,False
b2c44,Batch 2,790.0,0.95953816,841.0,False
b2c44,Batch 2,794.0,0.95301276,841.0,False
b2c44,Batch 2,798.0,0.94729179,841.0,False
b2c44,Batch 2,802.0,0.94058609,841.0,False
b2c44,Batch 2,806.0,0.93390143,841.0,False
b2c44,Batch 2,810.0,0.92831504,841.0,False
b2c44,Batch 2,814.0,0.91490299,841.0,False
b2c44,Batch 2,818.0,0.91600758,841.0,False
b2c44,Batch 2,822.0,0.90832406,841.0,False
b2c44,Batch 2,826.0,0.90108222,841.0,False
b2c44,Batch 2,830.0,0.8959465,841.0,False
b2c44,Batch 2,834.0,0.89026934,841.0,False
b2c44,Batch 2,838.0,0.88308007,841.0,False
b2c44,Batch 2,842.0,0.87764931,841.0,False
b2c44,Batch 2,846.0,0.87068659,841.0,False
b2c44,Batch 2,850.0,0.86419839,841.0,False
b2c44,Batch 2,854.0,0.85793471,841.0,False
b2c44,Batch 2,858.0,0.85145438,841.0,False
b2c44,Batch 2,862.0,0.84417605,841.0,False
b2c44,Batch 2,866.0,0.83670378,841.0,False
b2c44,Batch 2,870.0,0.83193547,841.0,False
b2c44,Batch 2,874.0,0.82503617,841.0,False
b2c45,Batch 2,1.0,1.1032015,997.0,False
b2c45,Batch 2,5.0,1.1035562,997.0,False
b2c45,Batch 2,10.0,1.1031003,997.0,False
b2c45,Batch 2,15.0,1.1039211,997.0,False
b2c45,Batch 2,19.0,1.1049478,997.0,False
b2c45,Batch 2,24.0,1.1039689,997.0,False
b2c45,Batch 2,29.0,1.102854,997.0,False
b2c45,Batch 2,33.0,1.1029439,997.0,False
b2c45,Batch 2,38.0,1.1022447,997.0,False
b2c45,Batch 2,43.0,1.1035358,997.0,False
b2c45,Batch 2,47.0,1.1037413,997.0,False
b2c45,Batch 2,52.0,1.1035601,997.0,False
b2c45,Batch 2,57.0,1.102389,997.0,False
b2c45,Batch 2,61.0,1.1014613,997.0,False
b2c45,Batch 2,66.0,1.1038128,997.0,False
b2c45,Batch 2,71.0,1.0963356,997.0,False
b2c45,Batch 2,75.0,1.100067,997.0,False
b2c45,Batch 2,80.0,1.0988508,997.0,False
b2c45,Batch 2,85.0,1.0980562,997.0,False
b2c45,Batch 2,90.0,1.0990542,997.0,False
b2c45,Batch 2,94.0,1.0992068,997.0,False
b2c45,Batch 2,99.0,1.0989894,997.0,False
b2c45,Batch 2,104.0,1.1009059,997.0,False
b2c45,Batch 2,108.0,1.1004766,997.0,False
b2c45,Batch 2,113.0,1.1005508,997.0,False
b2c45,Batch 2,118.0,1.100179,997.0,False
b2c45,Batch 2,122.0,1.1023504,997.0,False
b2c45,Batch 2,127.0,1.1006907,997.0,False
b2c45,Batch 2,132.0,1.101012,997.0,False
b2c45,Batch 2,136.0,1.1000599,997.0,False
b2c45,Batch 2,141.0,1.1008562,997.0,False
b2c45,Batch 2,146.0,1.1016947,997.0,False
b2c45,Batch 2,150.0,1.1003706,997.0,False
b2c45,Batch 2,155.0,1.1000084,997.0,False
b2c45,Batch 2,160.0,1.1004398,997.0,False
b2c45,Batch 2,164.0,1.1004364,997.0,False
b2c45,Batch 2,169.0,1.1015923,997.0,False
b2c45,Batch 2,174.0,1.1013696,997.0,False
b2c45,Batch 2,179.0,1.103319,997.0,False
b2c45,Batch 2,183.0,1.1032711,997.0,False
b2c45,Batch 2,188.0,1.102633,997.0,False
b2c45,Batch 2,193.0,1.1015203,997.0,False
b2c45,Batch 2,197.0,1.1018375,997.0,False
b2c45,Batch 2,202.0,1.1040272,997.0,False
b2c45,Batch 2,207.0,1.1032182,997.0,False
b2c45,Batch 2,211.0,1.1034492,997.0,False
b2c45,Batch 2,216.0,1.102662,997.0,False
b2c45,Batch 2,221.0,1.103847,997.0,False
b2c45,Batch 2,225.0,1.1044517,997.0,False
b2c45,Batch 2,230.0,1.1049198,997.0,False
b2c45,Batch 2,235.0,1.103241,997.0,False
b2c45,Batch 2,239.0,1.1065485,997.0,False
b2c45,Batch 2,244.0,1.1046473,997.0,False
b2c45,Batch 2,249.0,1.1034222,997.0,False
b2c45,Batch 2,253.0,1.104251,997.0,False
b2c45,Batch 2,258.0,1.1034307,997.0,False
b2c45,Batch 2,263.0,1.10313,997.0,False
b2c45,Batch 2,268.0,1.1052878,997.0,False
b2c45,Batch 2,272.0,1.1029587,997.0,False
b2c45,Batch 2,277.0,1.1043996,997.0,False
b2c45,Batch 2,282.0,1.1028539,997.0,False
b2c45,Batch 2,286.0,1.1028993,997.0,False
b2c45,Batch 2,291.0,1.1055568,997.0,False
b2c45,Batch 2,296.0,1.1044235,997.0,False
b2c45,Batch 2,300.0,1.1044562,997.0,False
b2c45,Batch 2,305.0,1.1042348,997.0,False
b2c45,Batch 2,310.0,1.1050892,997.0,False
b2c45,Batch 2,314.0,1.1051251,997.0,False
b2c45,Batch 2,319.0,1.1041781,997.0,False
b2c45,Batch 2,324.0,1.1030997,997.0,False
b2c45,Batch 2,328.0,1.1061581,997.0,False
b2c45,Batch 2,333.0,1.1042447,997.0,False
b2c45,Batch 2,338.0,1.1034274,997.0,False
b2c45,Batch 2,343.0,1.1018156,997.0,False
b2c45,Batch 2,347.0,1.1056957,997.0,False
b2c45,Batch 2,352.0,1.105093,997.0,False
b2c45,Batch 2,357.0,1.1047359,997.0,False
b2c45,Batch 2,361.0,1.1052237,997.0,False
b2c45,Batch 2,366.0,1.1062505,997.0,False
b2c45,Batch 2,371.0,1.1051942,997.0,False
b2c45,Batch 2,375.0,1.1042194,997.0,False
b2c45,Batch 2,380.0,1.1051202,997.0,False
b2c45,Batch 2,385.0,1.1043081,997.0,False
b2c45,Batch 2,389.0,1.1009401,997.0,False
b2c45,Batch 2,394.0,1.1041374,997.0,False
b2c45,Batch 2,399.0,1.1021973,997.0,False
b2c45,Batch 2,403.0,1.1016206,997.0,False
b2c45,Batch 2,408.0,1.1031015,997.0,False
b2c45,Batch 2,413.0,1.1013697,997.0,False
b2c45,Batch 2,417.0,1.1008809,997.0,False
b2c45,Batch 2,422.0,1.1018409,997.0,False
b2c45,Batch 2,427.0,1.1016904,997.0,False
b2c45,Batch 2,432.0,1.10062,997.0,False
b2c45,Batch 2,436.0,1.1006496,997.0,False
b2c45,Batch 2,441.0,1.1015259,997.0,False
b2c45,Batch 2,446.0,1.1007886,997.0,False
b2c45,Batch 2,450.0,1.1006353,997.0,False
b2c45,Batch 2,455.0,1.1000081,997.0,False
b2c45,Batch 2,460.0,1.1000385,997.0,False
b2c45,Batch 2,464.0,1.1000721,997.0,False
b2c45,Batch 2,469.0,1.0988858,997.0,False
b2c45,Batch 2,474.0,1.0999138,997.0,False
b2c45,Batch 2,478.0,1.098152,997.0,False
b2c45,Batch 2,483.0,1.0984703,997.0,False
b2c45,Batch 2,488.0,1.0969495,997.0,False
b2c45,Batch 2,492.0,1.0969507,997.0,False
b2c45,Batch 2,497.0,1.0978701,997.0,False
b2c45,Batch 2,502.0,1.0983495,997.0,False
b2c45,Batch 2,506.0,1.0960964,997.0,False
b2c45,Batch 2,511.0,1.0954217,997.0,False
b2c45,Batch 2,516.0,1.0925978,997.0,False
b2c45,Batch 2,521.0,1.0944022,997.0,False
b2c45,Batch 2,525.0,1.0956161,997.0,False
b2c45,Batch 2,530.0,1.0952547,997.0,False
b2c45,Batch 2,535.0,1.0952934,997.0,False
b2c45,Batch 2,539.0,1.0933042,997.0,False
b2c45,Batch 2,544.0,1.0916241,997.0,False
b2c45,Batch 2,549.0,1.0934019,997.0,False
b2c45,Batch 2,553.0,1.0919869,997.0,False
b2c45,Batch 2,558.0,1.0917432,997.0,False
b2c45,Batch 2,563.0,1.0921253,997.0,False
b2c45,Batch 2,567.0,1.090344,997.0,False
b2c45,Batch 2,572.0,1.0895677,997.0,False
b2c45,Batch 2,577.0,1.0905807,997.0,False
b2c45,Batch 2,581.0,1.0899419,997.0,False
b2c45,Batch 2,586.0,1.0904496,997.0,False
b2c45,Batch 2,591.0,1.0897274,997.0,False
b2c45,Batch 2,595.0,1.0884292,997.0,False
b2c45,Batch 2,600.0,1.0882267,997.0,False
b2c45,Batch 2,605.0,1.0870404,997.0,False
b2c45,Batch 2,610.0,1.0873414,997.0,False
b2c45,Batch 2,614.0,1.0871269,997.0,False
b2c45,Batch 2,619.0,1.0842251,997.0,False
b2c45,Batch 2,624.0,1.0854275,997.0,False
b2c45,Batch 2,628.0,1.0854402,997.0,False
b2c45,Batch 2,633.0,1.0835716,997.0,False
b2c45,Batch 2,638.0,1.0837141,997.0,False
b2c45,Batch 2,642.0,1.0846227,997.0,False
b2c45,Batch 2,647.0,1.0822883,997.0,False
b2c45,Batch 2,652.0,1.0803726,997.0,False
b2c45,Batch 2,656.0,1.081471,997.0,False
b2c45,Batch 2,661.0,1.0788114,997.0,False
b2c45,Batch 2,666.0,1.0787747,997.0,False
b2c45,Batch 2,670.0,1.0773687,997.0,False
b2c45,Batch 2,675.0,1.0764314,997.0,False
b2c45,Batch 2,680.0,1.0753416,997.0,False
b2c45,Batch 2,685.0,1.0754949,997.0,False
b2c45,Batch 2,689.0,1.0757658,997.0,False
b2c45,Batch 2,694.0,1.0739341,997.0,False
b2c45,Batch 2,699.0,1.0727152,997.0,False
b2c45,Batch 2,703.0,1.0714827,997.0,False
b2c45,Batch 2,708.0,1.0681978,997.0,False
b2c45,Batch 2,713.0,1.0685486,997.0,False
b2c45,Batch 2,717.0,1.0673245,997.0,False
b2c45,Batch 2,722.0,1.0664283,997.0,False
b2c45,Batch 2,727.0,1.0659653,997.0,False
b2c45,Batch 2,731.0,1.0655502,997.0,False
b2c45,Batch 2,736.0,1.0623772,997.0,False
b2c45,Batch 2,741.0,1.0611886,997.0,False
b2c45,Batch 2,745.0,1.0602092,997.0,False
b2c45,Batch 2,750.0,1.0575889,997.0,False
b2c45,Batch 2,755.0,1.0579205,997.0,False
b2c45,Batch 2,759.0,1.0572931,997.0,False
b2c45,Batch 2,764.0,1.0556706,997.0,False
b2c45,Batch 2,769.0,1.0537566,997.0,False
b2c45,Batch 2,774.0,1.0513759,997.0,False
b2c45,Batch 2,778.0,1.0491753,997.0,False
b2c45,Batch 2,783.0,1.0486777,997.0,False
b2c45,Batch 2,788.0,1.0467814,997.0,False
b2c45,Batch 2,792.0,1.0432047,997.0,False
b2c45,Batch 2,797.0,1.0411369,997.0,False
b2c45,Batch 2,802.0,1.0394634,997.0,False
b2c45,Batch 2,806.0,1.0390594,997.0,False
b2c45,Batch 2,811.0,1.0390098,997.0,False
b2c45,Batch 2,816.0,1.0361254,997.0,False
b2c45,Batch 2,820.0,1.0334799,997.0,False
b2c45,Batch 2,825.0,1.0294226,997.0,False
b2c45,Batch 2,830.0,1.027886,997.0,False
b2c45,Batch 2,834.0,1.0258027,997.0,False
b2c45,Batch 2,839.0,1.0243415,997.0,False
b2c45,Batch 2,844.0,1.0220807,997.0,False
b2c45,Batch 2,848.0,1.0214286,997.0,False
b2c45,Batch 2,853.0,1.0169868,997.0,False
b2c45,Batch 2,858.0,1.0149727,997.0,False
b2c45,Batch 2,863.0,1.0123974,997.0,False
b2c45,Batch 2,867.0,1.0097202,997.0,False
b2c45,Batch 2,872.0,1.0044014,997.0,False
b2c45,Batch 2,877.0,1.0003273,997.0,False
b2c45,Batch 2,881.0,0.99680889,997.0,False
b2c45,Batch 2,886.0,0.99369538,997.0,False
b2c45,Batch 2,891.0,0.98832893,997.0,False
b2c45,Batch 2,895.0,0.98554188,997.0,False
b2c45,Batch 2,900.0,0.98210782,997.0,False
b2c45,Batch 2,905.0,0.97764206,997.0,False
b2c45,Batch 2,909.0,0.97221833,997.0,False
b2c45,Batch 2,914.0,0.96702069,997.0,False
b2c45,Batch 2,919.0,0.96428382,997.0,False
b2c45,Batch 2,923.0,0.96007198,997.0,False
b2c45,Batch 2,928.0,0.95462269,997.0,False
b2c45,Batch 2,933.0,0.95123917,997.0,False
b2c45,Batch 2,937.0,0.94604045,997.0,False
b2c45,Batch 2,942.0,0.9422493,997.0,False
b2c45,Batch 2,947.0,0.93542105,997.0,False
b2c45,Batch 2,952.0,0.93098122,997.0,False
b2c45,Batch 2,956.0,0.92705297,997.0,False
b2c45,Batch 2,961.0,0.92120624,997.0,False
b2c45,Batch 2,966.0,0.91652268,997.0,False
b2c45,Batch 2,970.0,0.91112703,997.0,False
b2c45,Batch 2,975.0,0.90655524,997.0,False
b2c45,Batch 2,980.0,0.90021956,997.0,False
b2c45,Batch 2,984.0,0.89624661,997.0,False
b2c45,Batch 2,989.0,0.8885172,997.0,False
b2c45,Batch 2,994.0,0.88348585,997.0,False
b2c45,Batch 2,998.0,0.87723571,997.0,False
b2c45,Batch 2,1003.0,0.86972016,997.0,False
b2c45,Batch 2,1008.0,0.86171478,997.0,False
b2c45,Batch 2,1012.0,0.85537249,997.0,False
b2c45,Batch 2,1017.0,0.84834504,997.0,False
b2c45,Batch 2,1022.0,0.83744526,997.0,False
b2c45,Batch 2,1027.0,0.82734823,997.0,False
b2c46,Batch 2,1.0,1.0992969,503.0,False
b2c46,Batch 2,3.0,1.0994728,503.0,False
b2c46,Batch 2,5.0,1.1029745,503.0,False
b2c46,Batch 2,8.0,1.1025497,503.0,False
b2c46,Batch 2,10.0,1.1016624,503.0,False
b2c46,Batch 2,12.0,1.1033976,503.0,False
b2c46,Batch 2,15.0,1.1020533,503.0,False
b2c46,Batch 2,17.0,1.1011131,503.0,False
b2c46,Batch 2,20.0,1.1028875,503.0,False
b2c46,Batch 2,22.0,1.1006631,503.0,False
b2c46,Batch 2,24.0,1.1021781,503.0,False
b2c46,Batch 2,27.0,1.1016495,503.0,False
b2c46,Batch 2,29.0,1.1014966,503.0,False
b2c46,Batch 2,31.0,1.1030914,503.0,False
b2c46,Batch 2,34.0,1.1019552,503.0,False
b2c46,Batch 2,36.0,1.1050013,503.0,False
b2c46,Batch 2,39.0,1.1043997,503.0,False
b2c46,Batch 2,41.0,1.1038579,503.0,False
b2c46,Batch 2,43.0,1.1050411,503.0,False
b2c46,Batch 2,46.0,1.104472,503.0,False
b2c46,Batch 2,48.0,1.0956482,503.0,False
b2c46,Batch 2,51.0,1.0996792,503.0,False
b2c46,Batch 2,53.0,1.0982611,503.0,False
b2c46,Batch 2,55.0,1.0999548,503.0,False
b2c46,Batch 2,58.0,1.0981362,503.0,False
b2c46,Batch 2,60.0,1.0994176,503.0,False
b2c46,Batch 2,62.0,1.1022739,503.0,False
b2c46,Batch 2,65.0,1.1027992,503.0,False
b2c46,Batch 2,67.0,1.1057259,503.0,False
b2c46,Batch 2,70.0,1.1042888,503.0,False
b2c46,Batch 2,72.0,1.105652,503.0,False
b2c46,Batch 2,74.0,1.1040956,503.0,False
b2c46,Batch 2,77.0,1.1043414,503.0,False
b2c46,Batch 2,79.0,1.1068381,503.0,False
b2c46,Batch 2,82.0,1.1046474,503.0,False
b2c46,Batch 2,84.0,1.1035457,503.0,False
b2c46,Batch 2,86.0,1.10613,503.0,False
b2c46,Batch 2,89.0,1.1048168,503.0,False
b2c46,Batch 2,91.0,1.1024185,503.0,False
b2c46,Batch 2,93.0,1.1032165,503.0,False
b2c46,Batch 2,96.0,1.1012063,503.0,False
b2c46,Batch 2,98.0,1.1023363,503.0,False
b2c46,Batch 2,101.0,1.1004059,503.0,False
b2c46,Batch 2,103.0,1.099607,503.0,False
b2c46,Batch 2,105.0,1.1034337,503.0,False
b2c46,Batch 2,108.0,1.0980451,503.0,False
b2c46,Batch 2,110.0,1.0987878,503.0,False
b2c46,Batch 2,113.0,1.0998455,503.0,False
b2c46,Batch 2,115.0,1.1013658,503.0,False
b2c46,Batch 2,117.0,1.0995487,503.0,False
b2c46,Batch 2,120.0,1.1009973,503.0,False
b2c46,Batch 2,122.0,1.1005177,503.0,False
b2c46,Batch 2,124.0,1.1005573,503.0,False
b2c46,Batch 2,127.0,1.1008279,503.0,False
b2c46,Batch 2,129.0,1.101872,503.0,False
b2c46,Batch 2,132.0,1.1015501,503.0,False
b2c46,Batch 2,134.0,1.1015775,503.0,False
b2c46,Batch 2,136.0,1.0993319,503.0,False
b2c46,Batch 2,139.0,1.1004555,503.0,False
b2c46,Batch 2,141.0,1.1008236,503.0,False
b2c46,Batch 2,144.0,1.1012388,503.0,False
b2c46,Batch 2,146.0,1.1022136,503.0,False
b2c46,Batch 2,148.0,1.1004145,503.0,False
b2c46,Batch 2,151.0,1.1020561,503.0,False
b2c46,Batch 2,153.0,1.1010593,503.0,False
b2c46,Batch 2,155.0,1.1023356,503.0,False
b2c46,Batch 2,158.0,1.1029538,503.0,False
b2c46,Batch 2,160.0,1.1011047,503.0,False
b2c46,Batch 2,163.0,1.1051466,503.0,False
b2c46,Batch 2,165.0,1.1000748,503.0,False
b2c46,Batch 2,167.0,1.1025641,503.0,False
b2c46,Batch 2,170.0,1.1027608,503.0,False
b2c46,Batch 2,172.0,1.1033782,503.0,False
b2c46,Batch 2,175.0,1.1017909,503.0,False
b2c46,Batch 2,177.0,1.1033463,503.0,False
b2c46,Batch 2,179.0,1.1027967,503.0,False
b2c46,Batch 2,182.0,1.1032827,503.0,False
b2c46,Batch 2,184.0,1.1024152,503.0,False
b2c46,Batch 2,186.0,1.104401,503.0,False
b2c46,Batch 2,189.0,1.1047912,503.0,False
b2c46,Batch 2,191.0,1.1039922,503.0,False
b2c46,Batch 2,194.0,1.1027181,503.0,False
b2c46,Batch 2,196.0,1.1065056,503.0,False
b2c46,Batch 2,198.0,1.1034061,503.0,False
b2c46,Batch 2,201.0,1.1007866,503.0,False
b2c46,Batch 2,203.0,1.1001756,503.0,False
b2c46,Batch 2,205.0,1.1004881,503.0,False
b2c46,Batch 2,208.0,1.0997007,503.0,False
b2c46,Batch 2,210.0,1.1005876,503.0,False
b2c46,Batch 2,213.0,1.101205,503.0,False
b2c46,Batch 2,215.0,1.1018809,503.0,False
b2c46,Batch 2,217.0,1.1001166,503.0,False
b2c46,Batch 2,220.0,1.0989996,503.0,False
b2c46,Batch 2,222.0,1.0965093,503.0,False
b2c46,Batch 2,225.0,1.0962498,503.0,False
b2c46,Batch 2,227.0,1.0964013,503.0,False
b2c46,Batch 2,229.0,1.0955794,503.0,False
b2c46,Batch 2,232.0,1.0956608,503.0,False
b2c46,Batch 2,234.0,1.0931317,503.0,False
b2c46,Batch 2,236.0,1.0948042,503.0,False
b2c46,Batch 2,239.0,1.0969838,503.0,False
b2c46,Batch 2,241.0,1.0956666,503.0,False
b2c46,Batch 2,244.0,1.1018568,503.0,False
b2c46,Batch 2,246.0,1.0985975,503.0,False
b2c46,Batch 2,248.0,1.0892332,503.0,False
b2c46,Batch 2,251.0,1.0876434,503.0,False
b2c46,Batch 2,253.0,1.085315,503.0,False
b2c46,Batch 2,256.0,1.0814664,503.0,False
b2c46,Batch 2,258.0,1.082155,503.0,False
b2c46,Batch 2,260.0,1.0804833,503.0,False
b2c46,Batch 2,263.0,1.0830339,503.0,False
b2c46,Batch 2,265.0,1.0804218,503.0,False
b2c46,Batch 2,267.0,1.0777559,503.0,False
b2c46,Batch 2,270.0,1.0776899,503.0,False
b2c46,Batch 2,272.0,1.0772822,503.0,False
b2c46,Batch 2,275.0,1.0786375,503.0,False
b2c46,Batch 2,277.0,1.0815085,503.0,False
b2c46,Batch 2,279.0,1.0764495,503.0,False
b2c46,Batch 2,282.0,1.0775025,503.0,False
b2c46,Batch 2,284.0,1.0786219,503.0,False
b2c46,Batch 2,287.0,1.0782994,503.0,False
b2c46,Batch 2,289.0,1.0760809,503.0,False
b2c46,Batch 2,291.0,1.0754175,503.0,False
b2c46,Batch 2,294.0,1.0758743,503.0,False
b2c46,Batch 2,296.0,1.0742121,503.0,False
b2c46,Batch 2,298.0,1.0762981,503.0,False
b2c46,Batch 2,301.0,1.072397,503.0,False
b2c46,Batch 2,303.0,1.0705997,503.0,False
b2c46,Batch 2,306.0,1.0672568,503.0,False
b2c46,Batch 2,308.0,1.0703973,503.0,False
b2c46,Batch 2,310.0,1.0704887,503.0,False
b2c46,Batch 2,313.0,1.0700758,503.0,False
b2c46,Batch 2,315.0,1.0697386,503.0,False
b2c46,Batch 2,318.0,1.0720133,503.0,False
b2c46,Batch 2,320.0,1.0685169,503.0,False
b2c46,Batch 2,322.0,1.0648212,503.0,False
b2c46,Batch 2,325.0,1.069052,503.0,False
b2c46,Batch 2,327.0,1.0703746,503.0,False
b2c46,Batch 2,329.0,1.0660856,503.0,False
b2c46,Batch 2,332.0,1.066993,503.0,False
b2c46,Batch 2,334.0,1.0632102,503.0,False
b2c46,Batch 2,337.0,1.062448,503.0,False
b2c46,Batch 2,339.0,1.0647615,503.0,False
b2c46,Batch 2,341.0,1.0617552,503.0,False
b2c46,Batch 2,344.0,1.0607156,503.0,False
b2c46,Batch 2,346.0,1.0567433,503.0,False
b2c46,Batch 2,349.0,1.0581398,503.0,False
b2c46,Batch 2,351.0,1.0545604,503.0,False
b2c46,Batch 2,353.0,1.0554574,503.0,False
b2c46,Batch 2,356.0,1.0533662,503.0,False
b2c46,Batch 2,358.0,1.0545814,503.0,False
b2c46,Batch 2,360.0,1.0526941,503.0,False
b2c46,Batch 2,363.0,1.0506514,503.0,False
b2c46,Batch 2,365.0,1.047851,503.0,False
b2c46,Batch 2,368.0,1.0488094,503.0,False
b2c46,Batch 2,370.0,1.047913,503.0,False
b2c46,Batch 2,372.0,1.048812,503.0,False
b2c46,Batch 2,375.0,1.0466776,503.0,False
b2c46,Batch 2,377.0,1.0463614,503.0,False
b2c46,Batch 2,379.0,1.0442021,503.0,False
b2c46,Batch 2,382.0,1.0432423,503.0,False
b2c46,Batch 2,384.0,1.0424773,503.0,False
b2c46,Batch 2,387.0,1.0426127,503.0,False
b2c46,Batch 2,389.0,1.0415155,503.0,False
b2c46,Batch 2,391.0,1.0407332,503.0,False
b2c46,Batch 2,394.0,1.0358487,503.0,False
b2c46,Batch 2,396.0,1.0360973,503.0,False
b2c46,Batch 2,399.0,1.0364805,503.0,False
b2c46,Batch 2,401.0,1.0391091,503.0,False
b2c46,Batch 2,403.0,1.0387012,503.0,False
b2c46,Batch 2,406.0,1.0332763,503.0,False
b2c46,Batch 2,408.0,1.0313622,503.0,False
b2c46,Batch 2,410.0,1.0281115,503.0,False
b2c46,Batch 2,413.0,1.0247964,503.0,False
b2c46,Batch 2,415.0,1.0218235,503.0,False
b2c46,Batch 2,418.0,1.0174603,503.0,False
b2c46,Batch 2,420.0,1.0155278,503.0,False
b2c46,Batch 2,422.0,1.0125346,503.0,False
b2c46,Batch 2,425.0,1.0110124,503.0,False
b2c46,Batch 2,427.0,1.0086312,503.0,False
b2c46,Batch 2,430.0,1.0037235,503.0,False
b2c46,Batch 2,432.0,1.0041305,503.0,False
b2c46,Batch 2,434.0,0.9982608,503.0,False
b2c46,Batch 2,437.0,0.99902964,503.0,False
b2c46,Batch 2,439.0,0.99395943,503.0,False
b2c46,Batch 2,441.0,0.99785799,503.0,False
b2c46,Batch 2,444.0,0.98610032,503.0,False
b2c46,Batch 2,446.0,0.98370868,503.0,False
b2c46,Batch 2,449.0,0.98237759,503.0,False
b2c46,Batch 2,451.0,0.97444898,503.0,False
b2c46,Batch 2,453.0,0.96922559,503.0,False
b2c46,Batch 2,456.0,0.9684208,503.0,False
b2c46,Batch 2,458.0,0.96496397,503.0,False
b2c46,Batch 2,461.0,0.95951092,503.0,False
b2c46,Batch 2,463.0,0.95079982,503.0,False
b2c46,Batch 2,465.0,0.95261216,503.0,False
b2c46,Batch 2,468.0,0.94565386,503.0,False
b2c46,Batch 2,470.0,0.94559646,503.0,False
b2c46,Batch 2,472.0,0.94024289,503.0,False
b2c46,Batch 2,475.0,0.93505156,503.0,False
b2c46,Batch 2,477.0,0.92959976,503.0,False
b2c46,Batch 2,480.0,0.92705125,503.0,False
b2c46,Batch 2,482.0,0.92117244,503.0,False
b2c46,Batch 2,484.0,0.91912615,503.0,False
b2c46,Batch 2,487.0,0.91483587,503.0,False
b2c46,Batch 2,489.0,0.90807015,503.0,False
b2c46,Batch 2,492.0,0.9028188,503.0,False
b2c46,Batch 2,494.0,0.90036327,503.0,False
b2c46,Batch 2,496.0,0.89893275,503.0,False
b2c46,Batch 2,499.0,0.88689148,503.0,False
b2c46,Batch 2,501.0,0.8845998,503.0,False
b2c46,Batch 2,503.0,0.87838608,503.0,False
b2c46,Batch 2,506.0,0.86977696,503.0,False
b2c46,Batch 2,508.0,0.86791056,503.0,False
b2c46,Batch 2,511.0,0.85299873,503.0,False
b2c46,Batch 2,513.0,0.84980398,503.0,False
b2c46,Batch 2,515.0,0.84458369,503.0,False
b2c46,Batch 2,518.0,0.83855438,503.0,False
b2c46,Batch 2,520.0,0.83298075,503.0,False
b2c46,Batch 2,523.0,0.82638663,503.0,False
